# Blender 5.0.1
# www.blender.org
mtllib chess_outer_5000_rr.mtl
o chess_outer_5000
v -0.244310 0.024508 0.230886
v -0.241548 0.024522 0.238046
v -0.241855 0.028123 0.234968
v -0.242815 0.018061 0.235475
v -0.237125 0.025721 0.240864
v -0.231220 0.021623 0.244303
v -0.239412 0.024202 0.237866
v -0.241922 0.021557 0.234905
v -0.228382 0.017184 0.245640
v -0.233162 0.042080 0.232187
v -0.231071 0.028109 0.244447
v -0.246511 0.017114 0.218460
v -0.237546 0.046356 0.230737
v -0.229321 0.087273 0.236776
v -0.237275 0.086402 0.224044
v -0.240397 0.115108 0.232142
v -0.238292 0.098016 0.233850
v -0.237458 0.099600 0.233827
v -0.239140 0.110113 0.233304
v -0.236015 0.093959 0.235639
v -0.235575 0.097579 0.236721
v -0.237341 0.104687 0.234551
v -0.238002 0.107710 0.232827
v -0.235436 0.094487 0.238318
v -0.228021 0.096450 0.241272
v -0.231551 0.094043 0.238939
v -0.230747 0.089971 0.241409
v -0.231771 0.116422 0.240688
v -0.233900 0.109123 0.230315
v -0.230191 0.109785 0.236806
v -0.225994 0.115644 0.230601
v -0.245853 0.024593 0.226413
v -0.248633 0.024697 0.220932
v -0.246411 0.021666 0.221213
v -0.246192 0.024205 0.216612
v -0.243239 0.021644 0.205729
v -0.246326 0.024585 0.210081
v -0.245216 0.024593 0.205119
v -0.243489 0.017085 0.209107
v -0.244151 0.024383 0.209281
v -0.239276 0.024847 0.200935
v -0.234394 0.021241 0.196839
v -0.231140 0.017169 0.195963
v -0.240633 0.046087 0.220118
v -0.237543 0.042081 0.223301
v -0.236891 0.041534 0.209283
v -0.236719 0.074520 0.212250
v -0.234783 0.029934 0.197225
v -0.237351 0.046752 0.208715
v -0.229961 0.065322 0.204031
v -0.242904 0.099072 0.215100
v -0.241085 0.094430 0.222390
v -0.240372 0.089908 0.227240
v -0.241506 0.097928 0.220226
v -0.242234 0.094930 0.219293
v -0.242380 0.099479 0.211128
v -0.237454 0.094661 0.206210
v -0.241848 0.116207 0.209956
v -0.239944 0.109278 0.206498
v -0.239681 0.097612 0.207229
v -0.240879 0.097548 0.226853
v -0.241373 0.089986 0.215444
v -0.233612 0.107583 0.206737
v -0.236018 0.094748 0.202145
v -0.238484 0.097899 0.204795
v -0.231698 0.094466 0.201137
v -0.235100 0.097318 0.202960
v -0.236250 0.086451 0.209719
v -0.223332 0.086038 0.201428
v -0.237503 0.116958 0.208029
v -0.232419 0.109612 0.199886
v -0.230156 0.116562 0.226148
v -0.235660 0.089712 0.203368
v -0.227148 0.096223 0.198198
v -0.241191 0.015392 0.154012
v -0.240402 0.022879 0.151665
v -0.239105 0.014411 0.166831
v -0.239934 0.024674 0.163311
v -0.235273 0.028943 0.155768
v -0.230917 0.033138 0.148315
v -0.232924 0.032428 0.155846
v -0.231821 0.070200 0.162606
v -0.229462 0.070850 0.149024
v -0.236483 0.014827 0.142046
v -0.237744 0.024420 0.144041
v -0.229994 0.025592 0.138100
v -0.227087 0.014990 0.136091
v -0.220562 0.042445 0.240933
v -0.216949 0.021792 0.247302
v -0.224253 0.025095 0.246863
v -0.218461 0.028655 0.247602
v -0.209596 0.017180 0.246980
v -0.209088 0.025223 0.246060
v -0.212145 0.017921 0.219424
v -0.203207 0.022154 0.242609
v -0.203456 0.024589 0.245273
v -0.200895 0.024298 0.240489
v -0.202817 0.042304 0.231772
v -0.192366 0.024723 0.233952
v -0.195739 0.017247 0.234916
v -0.194060 0.021578 0.231904
v -0.196257 0.024358 0.235319
v -0.197652 0.041286 0.221809
v -0.228905 0.045621 0.238942
v -0.217329 0.070602 0.238001
v -0.209929 0.045518 0.238821
v -0.212081 0.041653 0.238524
v -0.207249 0.069206 0.234453
v -0.200892 0.087449 0.226631
v -0.232171 0.106701 0.239876
v -0.225323 0.097630 0.242399
v -0.214184 0.089630 0.242121
v -0.225203 0.086694 0.237483
v -0.215103 0.099313 0.243548
v -0.218590 0.099507 0.244486
v -0.223388 0.114756 0.243623
v -0.211703 0.115223 0.230783
v -0.210775 0.094473 0.243625
v -0.206203 0.097013 0.239381
v -0.212831 0.093772 0.242436
v -0.207807 0.094089 0.239969
v -0.206947 0.114977 0.240136
v -0.209936 0.108426 0.227996
v -0.203247 0.097783 0.237927
v -0.214271 0.086119 0.237806
v -0.202138 0.089881 0.236123
v -0.205308 0.086890 0.232007
v -0.205449 0.108616 0.239309
v -0.198870 0.108997 0.232583
v -0.199961 0.097361 0.232292
v -0.196264 0.089958 0.223838
v -0.198631 0.094280 0.229702
v -0.208790 0.116765 0.236711
v -0.240260 0.017076 0.200246
v -0.230988 0.021966 0.195266
v -0.219700 0.017238 0.190498
v -0.225181 0.029329 0.192463
v -0.227581 0.025305 0.193249
v -0.227776 0.041140 0.199958
v -0.207233 0.030865 0.193171
v -0.213344 0.025107 0.192345
v -0.204936 0.021671 0.195236
v -0.204543 0.042584 0.203023
v -0.203662 0.017122 0.196464
v -0.193997 0.017879 0.207285
v -0.201793 0.022197 0.198585
v -0.197546 0.024147 0.202237
v -0.197031 0.024672 0.200469
v -0.195795 0.028168 0.204189
v -0.202009 0.024651 0.197853
v -0.195559 0.021663 0.204823
v -0.191217 0.017244 0.221434
v -0.191626 0.024667 0.224756
v -0.191160 0.021557 0.217980
v -0.191165 0.028133 0.217819
v -0.193621 0.026010 0.210164
v -0.217501 0.046578 0.196500
v -0.219866 0.068448 0.201191
v -0.213553 0.040775 0.200661
v -0.208429 0.071003 0.202864
v -0.200011 0.046408 0.230401
v -0.197366 0.045986 0.220117
v -0.200758 0.041857 0.213303
v -0.200907 0.086624 0.214247
v -0.200064 0.045823 0.209112
v -0.228688 0.108136 0.229664
v -0.228787 0.108504 0.221412
v -0.227340 0.109642 0.209823
v -0.227927 0.097850 0.198386
v -0.231562 0.115410 0.198270
v -0.225591 0.115287 0.208326
v -0.222509 0.106203 0.227095
v -0.219012 0.106385 0.210773
v -0.224885 0.089728 0.197149
v -0.223018 0.096571 0.197226
v -0.221690 0.098344 0.194634
v -0.219883 0.094487 0.196982
v -0.217552 0.108991 0.231229
v -0.215941 0.097724 0.196016
v -0.213814 0.094252 0.194769
v -0.209790 0.097182 0.198282
v -0.212687 0.116716 0.208290
v -0.210398 0.094398 0.197471
v -0.209970 0.097907 0.197216
v -0.209542 0.107183 0.219447
v -0.208011 0.116959 0.213348
v -0.210743 0.109027 0.209599
v -0.207858 0.114755 0.226262
v -0.205959 0.115589 0.198235
v -0.206047 0.109104 0.202419
v -0.199672 0.096190 0.205965
v -0.202376 0.102085 0.202456
v -0.204483 0.110002 0.200015
v -0.208583 0.086781 0.201821
v -0.207059 0.089969 0.197583
v -0.197516 0.115128 0.206731
v -0.201010 0.099293 0.204600
v -0.200995 0.099330 0.204596
v -0.200697 0.099306 0.204906
v -0.200694 0.099295 0.204884
v -0.200979 0.099293 0.204592
v -0.200700 0.099317 0.204884
v -0.201391 0.099624 0.203929
v -0.200899 0.105201 0.203800
v -0.199918 0.109031 0.206764
v -0.196115 0.097994 0.225229
v -0.196811 0.114431 0.232612
v -0.197408 0.089931 0.211703
v -0.198397 0.094164 0.208472
v -0.198789 0.099030 0.204877
v -0.199235 0.109866 0.205244
v -0.195958 0.098265 0.228102
v -0.195117 0.097641 0.219592
v -0.196203 0.094597 0.218818
v -0.195028 0.094193 0.211624
v -0.198127 0.098974 0.207698
v -0.230598 0.115953 0.213512
v -0.216162 0.116028 0.196994
v -0.195901 0.115883 0.220163
v -0.204695 0.116485 0.227787
v -0.228712 0.015452 0.176837
v -0.231072 0.023385 0.174979
v -0.231687 0.032252 0.162849
v -0.232569 0.013990 0.167464
v -0.220608 0.015042 0.178291
v -0.226640 0.032976 0.167332
v -0.227618 0.037444 0.157105
v -0.221073 0.034878 0.166689
v -0.225285 0.041521 0.163335
v -0.220216 0.032893 0.170025
v -0.220480 0.021544 0.191909
v -0.214607 0.018288 0.178798
v -0.221797 0.025383 0.176646
v -0.208960 0.028364 0.170228
v -0.210092 0.014744 0.175977
v -0.209898 0.024905 0.175297
v -0.213180 0.033369 0.168424
v -0.204072 0.014695 0.139227
v -0.200805 0.023803 0.166753
v -0.205998 0.033787 0.160287
v -0.202912 0.016897 0.171822
v -0.205763 0.031997 0.151047
v -0.196778 0.014522 0.162251
v -0.198433 0.023385 0.158448
v -0.197179 0.016084 0.151050
v -0.231046 0.052915 0.158717
v -0.228340 0.064632 0.161574
v -0.228847 0.078136 0.152963
v -0.230420 0.064761 0.156272
v -0.227261 0.050899 0.147052
v -0.227278 0.055533 0.151210
v -0.225094 0.051888 0.167492
v -0.223044 0.066267 0.167761
v -0.227868 0.063512 0.164235
v -0.231664 0.063675 0.155763
v -0.227315 0.058374 0.159779
v -0.225081 0.057319 0.156433
v -0.225432 0.055530 0.163484
v -0.221608 0.056869 0.162699
v -0.224261 0.047882 0.160475
v -0.226794 0.049839 0.153074
v -0.220682 0.052771 0.168176
v -0.221560 0.063618 0.168445
v -0.219408 0.065402 0.166985
v -0.219611 0.075662 0.169318
v -0.223835 0.064634 0.165828
v -0.213212 0.063819 0.166891
v -0.219672 0.049563 0.163988
v -0.216390 0.043120 0.161870
v -0.214374 0.054120 0.168543
v -0.212779 0.048923 0.160664
v -0.214803 0.057918 0.162166
v -0.214048 0.057689 0.157909
v -0.213714 0.056526 0.157945
v -0.213914 0.058071 0.152692
v -0.214152 0.056081 0.152171
v -0.208429 0.052675 0.159304
v -0.211077 0.054960 0.161568
v -0.209555 0.065055 0.160757
v -0.206793 0.063864 0.159043
v -0.211772 0.040061 0.157562
v -0.210639 0.058406 0.156393
v -0.209839 0.067278 0.165861
v -0.209716 0.079094 0.163976
v -0.209765 0.047717 0.158563
v -0.210970 0.065142 0.150490
v -0.206056 0.070178 0.153319
v -0.208541 0.064062 0.153395
v -0.226563 0.080562 0.161763
v -0.218795 0.084151 0.156320
v -0.219025 0.079657 0.145664
v -0.223217 0.032497 0.143108
v -0.220312 0.037960 0.148387
v -0.219995 0.023901 0.135010
v -0.215142 0.015484 0.134277
v -0.213399 0.037932 0.150379
v -0.213839 0.032583 0.142545
v -0.208003 0.024947 0.138250
v -0.200905 0.014164 0.145059
v -0.199671 0.024701 0.148756
v -0.227649 0.063935 0.149237
v -0.225552 0.058827 0.151063
v -0.224836 0.063692 0.144195
v -0.224696 0.053445 0.146576
v -0.223241 0.064825 0.145715
v -0.224685 0.040557 0.151479
v -0.220609 0.057956 0.150562
v -0.214386 0.048657 0.152437
v -0.218122 0.050518 0.149661
v -0.217216 0.057510 0.149637
v -0.216647 0.053340 0.145675
v -0.208380 0.054969 0.152041
v -0.210981 0.063748 0.146169
v -0.213995 0.064941 0.147168
v -0.222653 0.069834 0.143339
v -0.210097 0.051025 0.149234
v -0.212541 0.069656 0.145690
v -0.209089 0.078313 0.150797
v -0.181238 0.034053 0.230515
v -0.180318 0.020149 0.231122
v -0.157134 0.016761 0.223944
v -0.176463 0.023829 0.229079
v -0.168803 0.019241 0.243578
v -0.178466 0.015566 0.234288
v -0.172435 0.024662 0.235868
v -0.173291 0.035465 0.238594
v -0.171444 0.030120 0.242181
v -0.166842 0.015286 0.240659
v -0.157889 0.015081 0.245636
v -0.163379 0.023683 0.241060
v -0.164850 0.040361 0.238364
v -0.151555 0.028799 0.245667
v -0.158878 0.032919 0.248177
v -0.150087 0.024429 0.242362
v -0.177290 0.044985 0.234176
v -0.174489 0.048660 0.226466
v -0.173587 0.040216 0.229355
v -0.168272 0.040139 0.235219
v -0.170844 0.062047 0.232259
v -0.162105 0.047759 0.238279
v -0.167186 0.048671 0.230622
v -0.165963 0.046810 0.239250
v -0.160237 0.086668 0.247204
v -0.158527 0.063819 0.249164
v -0.154620 0.077614 0.249341
v -0.159249 0.046245 0.241991
v -0.154301 0.054474 0.246429
v -0.149058 0.078068 0.240907
v -0.152472 0.044992 0.243967
v -0.160342 0.096545 0.240842
v -0.160462 0.111681 0.231188
v -0.154577 0.102820 0.238322
v -0.190030 0.024655 0.221889
v -0.192088 0.024792 0.213306
v -0.182839 0.028584 0.229910
v -0.181591 0.027765 0.211713
v -0.181493 0.022825 0.220957
v -0.179074 0.016698 0.205669
v -0.182973 0.034669 0.216894
v -0.179276 0.023504 0.212536
v -0.182103 0.015103 0.220973
v -0.177698 0.024307 0.210045
v -0.177698 0.024270 0.209903
v -0.176871 0.032806 0.202033
v -0.177555 0.024289 0.209974
v -0.169483 0.015438 0.197691
v -0.165635 0.024505 0.196423
v -0.173023 0.025323 0.201962
v -0.169049 0.033932 0.196567
v -0.161900 0.028809 0.194334
v -0.147021 0.015269 0.195725
v -0.158303 0.019561 0.193246
v -0.143941 0.028766 0.195472
v -0.155858 0.035105 0.194010
v -0.144224 0.024609 0.200045
v -0.178287 0.045297 0.223972
v -0.179206 0.045603 0.213749
v -0.171676 0.045600 0.203272
v -0.171163 0.048930 0.217011
v -0.175797 0.040540 0.214397
v -0.172910 0.059498 0.218151
v -0.165346 0.084202 0.222705
v -0.168015 0.048140 0.206809
v -0.169260 0.049035 0.210253
v -0.169336 0.045451 0.199911
v -0.168620 0.048248 0.225064
v -0.169904 0.040163 0.206531
v -0.162890 0.077537 0.214307
v -0.167038 0.073158 0.214017
v -0.160209 0.073882 0.207821
v -0.166481 0.062599 0.204485
v -0.162157 0.040524 0.202578
v -0.159426 0.048230 0.199972
v -0.157590 0.084362 0.214920
v -0.150542 0.073803 0.210860
v -0.160095 0.057537 0.198549
v -0.153133 0.069190 0.202959
v -0.157836 0.040618 0.200458
v -0.155832 0.046626 0.199269
v -0.156604 0.047280 0.198060
v -0.150023 0.045423 0.198788
v -0.168282 0.086479 0.229387
v -0.169491 0.103923 0.210936
v -0.167354 0.102765 0.225377
v -0.166540 0.090489 0.211179
v -0.164059 0.108297 0.201413
v -0.166733 0.092381 0.198879
v -0.162969 0.088529 0.189066
v -0.160984 0.115300 0.218132
v -0.161541 0.087436 0.214506
v -0.163127 0.117213 0.207877
v -0.165079 0.093530 0.188954
v -0.161105 0.084075 0.194400
v -0.157190 0.094384 0.186280
v -0.154510 0.117261 0.220153
v -0.157712 0.086389 0.206143
v -0.151294 0.084373 0.188342
v -0.153377 0.084952 0.200950
v -0.164176 0.118608 0.210652
v -0.156460 0.116987 0.213416
v -0.153488 0.113783 0.205903
v -0.178247 0.016069 0.162815
v -0.179569 0.014259 0.151583
v -0.177749 0.024757 0.156919
v -0.174933 0.025237 0.166865
v -0.175233 0.014476 0.167406
v -0.171182 0.016333 0.173498
v -0.173097 0.028329 0.155241
v -0.170194 0.032855 0.160231
v -0.160398 0.014996 0.177690
v -0.165666 0.027993 0.170075
v -0.163638 0.024850 0.177285
v -0.164391 0.032912 0.167564
v -0.165141 0.037411 0.156272
v -0.151753 0.035588 0.164811
v -0.158390 0.039192 0.163237
v -0.154425 0.032993 0.171238
v -0.168209 0.063806 0.162928
v -0.168961 0.072007 0.151057
v -0.167693 0.068533 0.164490
v -0.167230 0.051780 0.155743
v -0.166486 0.055448 0.158180
v -0.167224 0.064482 0.155488
v -0.167957 0.078330 0.158202
v -0.167882 0.063366 0.150478
v -0.164023 0.051510 0.147799
v -0.165269 0.058276 0.152053
v -0.164482 0.053855 0.167298
v -0.164686 0.050385 0.156884
v -0.166323 0.065603 0.162377
v -0.162468 0.058597 0.161927
v -0.162895 0.042464 0.159285
v -0.163308 0.058539 0.159402
v -0.162771 0.057192 0.155440
v -0.161553 0.036203 0.147043
v -0.163358 0.065120 0.164936
v -0.158020 0.063497 0.169524
v -0.160885 0.075882 0.166422
v -0.159514 0.049431 0.162837
v -0.157996 0.058185 0.161672
v -0.156426 0.058594 0.164371
v -0.159707 0.040650 0.162097
v -0.159857 0.040650 0.161962
v -0.159413 0.040653 0.162366
v -0.159542 0.040650 0.162247
v -0.155424 0.064896 0.167485
v -0.148102 0.063656 0.164193
v -0.157062 0.056239 0.162247
v -0.154750 0.048918 0.162915
v -0.158569 0.082297 0.159404
v -0.175743 0.023119 0.145048
v -0.172791 0.014326 0.140676
v -0.167631 0.027694 0.140920
v -0.168419 0.033410 0.149320
v -0.160744 0.032833 0.141808
v -0.161345 0.014573 0.133497
v -0.166693 0.024424 0.137477
v -0.158070 0.041205 0.149831
v -0.156269 0.024120 0.135240
v -0.161594 0.080556 0.149726
v -0.160572 0.063690 0.144586
v -0.156133 0.058575 0.148776
v -0.165700 0.054826 0.148291
v -0.164822 0.065385 0.149603
v -0.161712 0.070125 0.144262
v -0.162556 0.043504 0.153357
v -0.160179 0.049020 0.150671
v -0.159026 0.057271 0.151312
v -0.155304 0.048892 0.149889
v -0.156499 0.053204 0.144786
v -0.153588 0.060683 0.147230
v -0.156436 0.064013 0.144865
v -0.150379 0.053059 0.145948
v -0.154038 0.081892 0.153433
v -0.155187 0.077502 0.145171
v -0.140722 0.015000 0.240111
v -0.149757 0.020269 0.245680
v -0.144224 0.035083 0.242790
v -0.147670 0.040517 0.238357
v -0.138402 0.028705 0.239147
v -0.134803 0.035396 0.231539
v -0.139588 0.024349 0.233857
v -0.136134 0.019219 0.235836
v -0.134878 0.016151 0.233300
v -0.136886 0.024345 0.228302
v -0.131642 0.029765 0.228766
v -0.154425 0.047393 0.239975
v -0.150175 0.048071 0.235826
v -0.144135 0.055516 0.231252
v -0.143970 0.048358 0.226875
v -0.143425 0.040551 0.232527
v -0.137731 0.045297 0.233415
v -0.135963 0.045595 0.224225
v -0.138631 0.048504 0.226981
v -0.150236 0.096817 0.234444
v -0.144823 0.078100 0.230616
v -0.144588 0.086961 0.226398
v -0.151158 0.024616 0.198869
v -0.140991 0.034444 0.198799
v -0.135356 0.025099 0.209548
v -0.132758 0.015546 0.209094
v -0.141111 0.019898 0.198765
v -0.129781 0.031884 0.211362
v -0.134602 0.024244 0.223145
v -0.131650 0.016233 0.216872
v -0.130273 0.017092 0.227669
v -0.133352 0.021076 0.209997
v -0.130344 0.034145 0.218437
v -0.114774 0.033641 0.231047
v -0.119843 0.015012 0.213132
v -0.120733 0.030227 0.221073
v -0.113459 0.038715 0.219847
v -0.115587 0.033634 0.207654
v -0.119703 0.019887 0.211692
v -0.114582 0.015194 0.228024
v -0.116899 0.024501 0.223136
v -0.116119 0.024694 0.209183
v -0.099949 0.015471 0.194142
v -0.149681 0.048456 0.204171
v -0.147787 0.039763 0.203357
v -0.145180 0.048691 0.208789
v -0.146635 0.055595 0.201658
v -0.144277 0.067088 0.214664
v -0.142677 0.048672 0.221119
v -0.140653 0.053936 0.215718
v -0.143275 0.040155 0.207799
v -0.140436 0.045022 0.203353
v -0.137135 0.040587 0.223784
v -0.138747 0.040577 0.212520
v -0.145129 0.048509 0.205698
v -0.134273 0.045823 0.214521
v -0.136871 0.045504 0.209764
v -0.147046 0.112846 0.213872
v -0.149571 0.086973 0.215979
v -0.146757 0.091257 0.209983
v -0.148102 0.109482 0.204558
v -0.147716 0.091705 0.188814
v -0.144339 0.095861 0.222114
v -0.146366 0.093122 0.204535
v -0.145421 0.108952 0.209713
v -0.149377 0.119078 0.208465
v -0.153473 0.024838 0.176908
v -0.150228 0.040299 0.157931
v -0.148631 0.014845 0.177478
v -0.144740 0.032149 0.164929
v -0.140916 0.023849 0.171628
v -0.135211 0.014881 0.160502
v -0.142153 0.033437 0.154839
v -0.140252 0.015672 0.171817
v -0.135615 0.023129 0.160850
v -0.137123 0.024657 0.148607
v -0.152093 0.052896 0.168856
v -0.152120 0.078481 0.164475
v -0.152621 0.070452 0.170371
v -0.152371 0.058441 0.161794
v -0.151024 0.057745 0.155595
v -0.153432 0.057113 0.150646
v -0.148733 0.065882 0.163967
v -0.152051 0.056898 0.162898
v -0.149006 0.058794 0.160069
v -0.150648 0.050099 0.160301
v -0.150811 0.041354 0.151100
v -0.150500 0.056054 0.155823
v -0.146203 0.053592 0.161481
v -0.144831 0.063594 0.156333
v -0.145743 0.064582 0.157418
v -0.142398 0.054078 0.156587
v -0.142305 0.070575 0.157488
v -0.146164 0.053572 0.151555
v -0.149761 0.080074 0.159426
v -0.150209 0.027585 0.138936
v -0.142217 0.013295 0.144014
v -0.152383 0.015319 0.134023
v -0.148845 0.034372 0.146163
v -0.142255 0.029019 0.149565
v -0.140356 0.014907 0.140522
v -0.145509 0.024959 0.138056
v -0.135624 0.016531 0.149347
v -0.150303 0.057203 0.150884
v -0.153014 0.062663 0.144569
v -0.148299 0.050125 0.151636
v -0.148640 0.063567 0.145510
v -0.149800 0.065265 0.147856
v -0.146690 0.063599 0.150885
v -0.147833 0.069814 0.146205
v -0.147608 0.077361 0.150124
v -0.106496 0.014974 0.241943
v -0.110659 0.019886 0.238008
v -0.116878 0.016336 0.229935
v -0.117880 0.020456 0.227796
v -0.107637 0.033937 0.239209
v -0.109868 0.027485 0.240008
v -0.108156 0.024366 0.238035
v -0.104863 0.042648 0.229252
v -0.089847 0.015231 0.243607
v -0.093562 0.024594 0.242977
v -0.097044 0.020679 0.245661
v -0.098039 0.032887 0.243443
v -0.100603 0.016473 0.230782
v -0.079203 0.019822 0.240552
v -0.091749 0.028404 0.244512
v -0.087726 0.038260 0.239130
v -0.082176 0.030344 0.241822
v -0.074342 0.014832 0.237045
v -0.078602 0.024184 0.235741
v -0.106859 0.050873 0.226090
v -0.099995 0.042903 0.233495
v -0.099925 0.042882 0.233355
v -0.099855 0.042861 0.233495
v -0.096294 0.055625 0.229714
v -0.097167 0.042507 0.235891
v -0.095336 0.046684 0.237195
v -0.090447 0.042517 0.233728
v -0.085394 0.046856 0.234614
v -0.083980 0.042557 0.231396
v -0.103546 0.084542 0.231918
v -0.102963 0.088923 0.232152
v -0.104233 0.088948 0.229896
v -0.102195 0.105296 0.232928
v -0.105907 0.113748 0.228881
v -0.098301 0.087852 0.233974
v -0.100655 0.091796 0.230356
v -0.096395 0.112718 0.235329
v -0.091671 0.084668 0.236319
v -0.093805 0.103603 0.233458
v -0.091924 0.092075 0.231688
v -0.094617 0.095256 0.232440
v -0.089298 0.087987 0.233919
v -0.084702 0.087561 0.231180
v -0.088238 0.098267 0.229967
v -0.084789 0.111271 0.233537
v -0.081952 0.084336 0.229145
v -0.091042 0.122519 0.226650
v -0.102498 0.036545 0.198527
v -0.110115 0.018456 0.197913
v -0.108019 0.024189 0.202960
v -0.110328 0.029064 0.199086
v -0.101528 0.023745 0.198024
v -0.099598 0.018594 0.193734
v -0.098781 0.030267 0.192976
v -0.079510 0.018103 0.195415
v -0.089239 0.021952 0.194189
v -0.087179 0.029660 0.193989
v -0.091116 0.024789 0.196516
v -0.079585 0.024196 0.200618
v -0.076297 0.014949 0.202159
v -0.075524 0.034113 0.203495
v -0.110843 0.046343 0.214295
v -0.104813 0.046004 0.232720
v -0.110266 0.045697 0.223137
v -0.105471 0.041968 0.208714
v -0.105789 0.046325 0.205318
v -0.109129 0.042623 0.221258
v -0.107449 0.053939 0.218062
v -0.101890 0.071787 0.220937
v -0.099942 0.066928 0.213213
v -0.096481 0.042414 0.204628
v -0.096867 0.046555 0.201043
v -0.101720 0.074202 0.214273
v -0.102188 0.060711 0.222139
v -0.095842 0.071590 0.226506
v -0.094711 0.066879 0.211486
v -0.098176 0.057527 0.210955
v -0.091837 0.080812 0.229734
v -0.088955 0.051073 0.206154
v -0.086946 0.045863 0.202383
v -0.089605 0.073031 0.225324
v -0.086750 0.072220 0.218688
v -0.091731 0.058816 0.208800
v -0.082958 0.042350 0.207055
v -0.087748 0.057810 0.226681
v -0.091110 0.070677 0.212547
v -0.086515 0.057495 0.212240
v -0.084232 0.057555 0.219219
v -0.087928 0.066093 0.215406
v -0.087214 0.035345 0.197951
v -0.079284 0.041367 0.223078
v -0.079885 0.047239 0.209843
v -0.077189 0.046609 0.226109
v -0.079879 0.042991 0.214308
v -0.110416 0.084138 0.221009
v -0.110014 0.110912 0.220298
v -0.109809 0.086815 0.218328
v -0.106233 0.103535 0.211158
v -0.109851 0.108728 0.216055
v -0.110408 0.089022 0.216290
v -0.109014 0.089621 0.213166
v -0.107178 0.087896 0.228307
v -0.104750 0.093369 0.224116
v -0.108922 0.104394 0.224102
v -0.108075 0.088687 0.221666
v -0.105039 0.113102 0.218515
v -0.106125 0.116465 0.216817
v -0.107134 0.115400 0.215276
v -0.106402 0.085642 0.207241
v -0.103753 0.093070 0.211721
v -0.106185 0.083455 0.208094
v -0.102134 0.087443 0.205475
v -0.104067 0.094856 0.226387
v -0.103222 0.094173 0.223640
v -0.104185 0.099120 0.226136
v -0.106845 0.094397 0.216166
v -0.103475 0.099134 0.214144
v -0.103481 0.093626 0.215607
v -0.103167 0.095500 0.210843
v -0.102072 0.085668 0.205545
v -0.104693 0.111185 0.206451
v -0.098084 0.098832 0.227615
v -0.103773 0.081696 0.215416
v -0.098996 0.113828 0.217582
v -0.099015 0.093982 0.211834
v -0.098073 0.098542 0.209977
v -0.095666 0.085315 0.202199
v -0.095884 0.093667 0.228372
v -0.094782 0.080402 0.209541
v -0.101580 0.080270 0.225088
v -0.094787 0.114886 0.217140
v -0.093790 0.093808 0.209897
v -0.096714 0.094886 0.207871
v -0.098088 0.091098 0.205905
v -0.097170 0.103906 0.205028
v -0.091051 0.093897 0.228867
v -0.093490 0.111505 0.202341
v -0.088445 0.122167 0.210229
v -0.083454 0.116842 0.214038
v -0.086742 0.079809 0.214006
v -0.089028 0.086395 0.203635
v -0.087031 0.094114 0.226319
v -0.088130 0.113235 0.218506
v -0.088776 0.094478 0.211148
v -0.090186 0.099522 0.208809
v -0.085080 0.103081 0.206426
v -0.085392 0.114584 0.207460
v -0.084564 0.093876 0.223428
v -0.084106 0.081829 0.221945
v -0.084984 0.098440 0.224089
v -0.085867 0.094543 0.213764
v -0.085292 0.094429 0.218734
v -0.083334 0.098994 0.214878
v -0.090584 0.095222 0.206891
v -0.079026 0.086245 0.224936
v -0.081571 0.092145 0.225738
v -0.079698 0.103341 0.224534
v -0.078708 0.111689 0.224353
v -0.082443 0.092008 0.211756
v -0.081651 0.095398 0.220883
v -0.082478 0.095633 0.214247
v -0.079712 0.112617 0.218449
v -0.087820 0.091940 0.207348
v -0.078709 0.086878 0.223387
v -0.078139 0.084062 0.219013
v -0.078430 0.108701 0.213348
v -0.083171 0.084031 0.206932
v -0.077842 0.110562 0.220589
v -0.078482 0.087287 0.214864
v -0.102160 0.119972 0.225696
v -0.096765 0.121271 0.210998
v -0.097989 0.121855 0.213427
v -0.100130 0.129669 0.218958
v -0.097982 0.130332 0.224289
v -0.100535 0.140455 0.222517
v -0.091775 0.130447 0.224131
v -0.100629 0.135589 0.223271
v -0.092652 0.141319 0.223573
v -0.092880 0.142218 0.213496
v -0.097219 0.115118 0.217372
v -0.096460 0.128451 0.214339
v -0.100209 0.138579 0.214584
v -0.093722 0.136921 0.226695
v -0.094472 0.133112 0.213077
v -0.094823 0.136216 0.211702
v -0.089225 0.134890 0.213800
v -0.090708 0.117323 0.209013
v -0.088295 0.123140 0.211501
v -0.089071 0.136898 0.224094
v -0.087659 0.131040 0.220466
v -0.091073 0.128192 0.215435
v -0.086760 0.136381 0.217278
v -0.087800 0.140958 0.218443
v -0.086040 0.120915 0.220390
v -0.083782 0.117642 0.215549
v -0.114898 0.024784 0.156852
v -0.115107 0.024361 0.152167
v -0.115199 0.015350 0.164178
v -0.108989 0.015540 0.172573
v -0.110327 0.024624 0.172181
v -0.107450 0.027590 0.168032
v -0.109166 0.032657 0.159452
v -0.102072 0.015212 0.176974
v -0.094648 0.024576 0.177448
v -0.115823 0.013962 0.153700
v -0.073497 0.014495 0.148534
v -0.100822 0.033559 0.166954
v -0.094187 0.040668 0.164113
v -0.103557 0.035655 0.158815
v -0.089406 0.015503 0.178470
v -0.095606 0.032678 0.169948
v -0.084027 0.033996 0.166489
v -0.084100 0.024231 0.174918
v -0.087397 0.035807 0.165717
v -0.079405 0.014764 0.173882
v -0.082965 0.034718 0.153445
v -0.079097 0.032115 0.154078
v -0.074467 0.015112 0.165804
v -0.106412 0.054063 0.161219
v -0.104882 0.052872 0.155051
v -0.105971 0.075923 0.151967
v -0.103335 0.065053 0.163165
v -0.104624 0.065731 0.157860
v -0.097109 0.050015 0.163529
v -0.100617 0.053840 0.166069
v -0.101732 0.056311 0.158091
v -0.105525 0.067453 0.163351
v -0.105396 0.063851 0.153190
v -0.104244 0.063620 0.165778
v -0.102079 0.049910 0.157131
v -0.101743 0.058175 0.153564
v -0.099650 0.050040 0.152791
v -0.096466 0.053707 0.169553
v -0.103168 0.076374 0.164345
v -0.100468 0.041111 0.158831
v -0.100553 0.057662 0.157927
v -0.099110 0.058303 0.151552
v -0.093008 0.057031 0.162451
v -0.094167 0.058021 0.166477
v -0.097026 0.056897 0.160636
v -0.098861 0.080953 0.163723
v -0.093649 0.069368 0.169437
v -0.089554 0.063485 0.168484
v -0.096420 0.065068 0.166171
v -0.086018 0.058686 0.158129
v -0.088710 0.045073 0.159274
v -0.085809 0.058830 0.155963
v -0.090899 0.065166 0.167213
v -0.086734 0.053638 0.165077
v -0.087096 0.064623 0.164729
v -0.081766 0.051980 0.158814
v -0.091071 0.049178 0.163631
v -0.087868 0.056520 0.158124
v -0.087422 0.042196 0.154497
v -0.080645 0.063685 0.158745
v -0.081651 0.069548 0.160835
v -0.083171 0.065420 0.157354
v -0.082997 0.052421 0.152655
v -0.083590 0.055468 0.156738
v -0.081732 0.065726 0.152391
v -0.081712 0.076025 0.151242
v -0.082978 0.063875 0.152368
v -0.096493 0.081399 0.151690
v -0.092096 0.083041 0.158309
v -0.084259 0.076508 0.166201
v -0.111624 0.014893 0.143273
v -0.109989 0.023398 0.141800
v -0.094716 0.014471 0.134698
v -0.105794 0.033081 0.150593
v -0.102860 0.015995 0.136311
v -0.103727 0.024432 0.137593
v -0.100397 0.034795 0.145136
v -0.089571 0.028678 0.140146
v -0.094744 0.023970 0.134888
v -0.084876 0.033773 0.146421
v -0.092051 0.033281 0.142707
v -0.086461 0.015285 0.135027
v -0.082152 0.024241 0.138255
v -0.076765 0.013806 0.142308
v -0.101162 0.063299 0.147518
v -0.103013 0.051816 0.148783
v -0.103443 0.064293 0.151559
v -0.098703 0.064420 0.146762
v -0.101050 0.055836 0.150377
v -0.102188 0.067593 0.147384
v -0.098701 0.076042 0.145397
v -0.099846 0.040198 0.152112
v -0.093479 0.050096 0.149105
v -0.094122 0.058792 0.148021
v -0.093491 0.063802 0.143716
v -0.093575 0.058185 0.149823
v -0.094301 0.053528 0.144331
v -0.091155 0.058261 0.150079
v -0.091127 0.041197 0.148392
v -0.087135 0.058731 0.150838
v -0.089878 0.064892 0.146012
v -0.091043 0.071149 0.143350
v -0.085523 0.050082 0.154512
v -0.084966 0.063541 0.147726
v -0.084467 0.052840 0.145932
v -0.088605 0.080576 0.150130
v -0.069117 0.017890 0.229071
v -0.071237 0.031438 0.232463
v -0.058813 0.029499 0.229511
v -0.056584 0.021051 0.232455
v -0.050456 0.029503 0.241929
v -0.054076 0.016707 0.236143
v -0.053614 0.024885 0.231217
v -0.048337 0.018112 0.245492
v -0.045336 0.024915 0.240614
v -0.047442 0.036332 0.244308
v -0.036982 0.029491 0.248515
v -0.033260 0.036324 0.249050
v -0.033262 0.021054 0.248088
v -0.038614 0.024888 0.243008
v -0.060162 0.036326 0.229938
v -0.048745 0.045298 0.229653
v -0.044359 0.045711 0.237695
v -0.040994 0.050829 0.239454
v -0.034246 0.053376 0.236034
v -0.042271 0.113868 0.236108
v -0.036214 0.147999 0.231521
v -0.046223 0.144720 0.229729
v -0.077429 0.029070 0.200647
v -0.069903 0.015563 0.212010
v -0.072295 0.024436 0.213922
v -0.078010 0.024286 0.203006
v -0.072705 0.024528 0.225664
v -0.070988 0.028454 0.210447
v -0.068480 0.020253 0.211571
v -0.067610 0.030138 0.224098
v -0.070896 0.035362 0.214776
v -0.061405 0.017964 0.215293
v -0.059855 0.029500 0.214555
v -0.058880 0.036736 0.210158
v -0.059422 0.021058 0.218280
v -0.056196 0.024911 0.218638
v -0.054754 0.021056 0.204526
v -0.055837 0.017218 0.207216
v -0.053342 0.029511 0.201204
v -0.052272 0.024907 0.206743
v -0.050123 0.036418 0.197961
v -0.049878 0.016436 0.198523
v -0.046363 0.024905 0.201282
v -0.038128 0.036622 0.191697
v -0.042144 0.024893 0.197632
v -0.043794 0.021051 0.194925
v -0.037351 0.027992 0.190540
v -0.076136 0.046520 0.216704
v -0.052596 0.050866 0.222692
v -0.053004 0.044894 0.221729
v -0.046147 0.055012 0.215666
v -0.047628 0.049971 0.208035
v -0.047255 0.053411 0.227779
v -0.041373 0.077028 0.222369
v -0.040339 0.074008 0.214783
v -0.040028 0.054561 0.208370
v -0.040433 0.067086 0.228348
v -0.040330 0.045801 0.202691
v -0.037114 0.051188 0.201147
v -0.043236 0.107981 0.214884
v -0.046264 0.113368 0.206919
v -0.049923 0.113702 0.223411
v -0.037736 0.108890 0.207453
v -0.038413 0.117779 0.205022
v -0.040816 0.088927 0.219883
v -0.041113 0.098323 0.225674
v -0.044121 0.108990 0.223995
v -0.047657 0.118072 0.229024
v -0.049165 0.145566 0.223106
v -0.046733 0.118681 0.212306
v -0.043813 0.119738 0.224330
v -0.043359 0.122588 0.216264
v -0.040866 0.147564 0.212656
v -0.040696 0.144843 0.205302
v -0.042293 0.122547 0.226645
v -0.035592 0.119995 0.231775
v -0.041770 0.119466 0.221313
v -0.040980 0.122725 0.218710
v -0.039965 0.118941 0.215881
v -0.047422 0.144371 0.211614
v -0.040505 0.123192 0.214904
v -0.040791 0.119409 0.209488
v -0.041696 0.118445 0.223389
v -0.039370 0.122811 0.225591
v -0.039822 0.152694 0.223213
v -0.038803 0.123199 0.213778
v -0.033284 0.144835 0.202412
v -0.040279 0.159176 0.223170
v -0.041138 0.168379 0.223050
v -0.039837 0.169228 0.217868
v -0.038491 0.170276 0.222226
v -0.039590 0.155526 0.217133
v -0.075203 0.026014 0.166419
v -0.071429 0.015309 0.160794
v -0.071945 0.024684 0.153103
v -0.075910 0.024036 0.144668
v -0.052938 0.015480 0.086580
v -0.052693 0.015160 0.100860
v -0.052335 0.026878 0.095733
v -0.041249 0.035956 0.093587
v -0.049324 0.024289 0.082012
v -0.042961 0.024931 0.111379
v -0.049679 0.015778 0.107261
v -0.049689 0.024375 0.103526
v -0.044830 0.015072 0.076182
v -0.038263 0.035932 0.103553
v -0.046110 0.032432 0.089832
v -0.038337 0.015153 0.115311
v -0.041553 0.032727 0.084481
v -0.035917 0.040072 0.088603
v -0.037689 0.028655 0.077116
v -0.043648 0.066671 0.094009
v -0.041977 0.054038 0.100142
v -0.041359 0.078201 0.090172
v -0.043933 0.053030 0.091365
v -0.038939 0.055726 0.094575
v -0.041606 0.064693 0.096015
v -0.041152 0.064520 0.088917
v -0.043518 0.068386 0.085829
v -0.040563 0.054593 0.104939
v -0.034655 0.074966 0.104292
v -0.041015 0.063710 0.100013
v -0.041965 0.071460 0.102689
v -0.037909 0.042843 0.094350
v -0.036623 0.048833 0.097239
v -0.043328 0.063749 0.091278
v -0.037361 0.054402 0.083274
v -0.041949 0.024088 0.075411
v -0.022723 0.015075 0.073245
v -0.028697 0.016647 0.247716
v -0.032750 0.024916 0.244872
v -0.032144 0.017400 0.219872
v -0.017857 0.018120 0.247403
v -0.020228 0.024895 0.242218
v -0.019130 0.036435 0.246317
v -0.022022 0.029485 0.247466
v -0.006306 0.016583 0.231871
v -0.011221 0.024896 0.234358
v -0.008110 0.021044 0.235705
v -0.009534 0.029503 0.239075
v -0.004235 0.036447 0.233726
v -0.008806 0.024889 0.228154
v -0.003011 0.029497 0.225679
v -0.030502 0.045623 0.240800
v -0.021215 0.050388 0.238333
v -0.031243 0.065133 0.231293
v -0.017295 0.045850 0.236471
v -0.023343 0.054117 0.233791
v -0.020368 0.061697 0.228305
v -0.010916 0.049637 0.225398
v -0.014008 0.053805 0.223549
v -0.036527 0.109202 0.232742
v -0.028203 0.112885 0.238780
v -0.032750 0.118152 0.236544
v -0.013626 0.113480 0.228949
v -0.027531 0.108735 0.232803
v -0.030125 0.144876 0.236987
v -0.035253 0.118384 0.228672
v -0.034841 0.122754 0.229925
v -0.033884 0.122465 0.232242
v -0.024694 0.122596 0.230435
v -0.023752 0.119608 0.231197
v -0.023194 0.135246 0.231779
v -0.019615 0.118282 0.234037
v -0.019511 0.145346 0.233096
v -0.021262 0.148187 0.225760
v -0.031189 0.024906 0.195557
v -0.018831 0.016308 0.205445
v -0.033925 0.017134 0.192496
v -0.021791 0.027327 0.196616
v -0.028669 0.021959 0.191941
v -0.015643 0.022010 0.196814
v -0.016240 0.017511 0.195480
v -0.014170 0.026743 0.202206
v -0.009172 0.025164 0.204689
v -0.014874 0.033423 0.195048
v -0.007989 0.025060 0.212754
v -0.009428 0.026503 0.205801
v -0.003422 0.021044 0.221939
v -0.003774 0.017441 0.218647
v -0.006636 0.024916 0.221744
v -0.007443 0.033867 0.200108
v -0.003941 0.030244 0.211861
v -0.002942 0.036320 0.214380
v -0.002310 0.018034 0.210049
v -0.027223 0.062491 0.208159
v -0.024953 0.075219 0.228805
v -0.029531 0.047671 0.199884
v -0.033107 0.074712 0.209777
v -0.022002 0.074411 0.220636
v -0.023179 0.074384 0.212873
v -0.018501 0.046144 0.202824
v -0.024155 0.051049 0.200161
v -0.020103 0.062942 0.216215
v -0.021925 0.053432 0.205465
v -0.013862 0.050741 0.211107
v -0.012644 0.046041 0.212190
v -0.010791 0.043610 0.223374
v -0.035045 0.077894 0.228958
v -0.036688 0.092901 0.211155
v -0.032886 0.097569 0.230603
v -0.025451 0.095306 0.211545
v -0.022083 0.108718 0.208941
v -0.030231 0.113403 0.201435
v -0.024913 0.096455 0.227565
v -0.021000 0.096220 0.220939
v -0.017954 0.108615 0.223814
v -0.014797 0.113491 0.209111
v -0.013810 0.118831 0.215909
v -0.035064 0.129700 0.231406
v -0.037414 0.144528 0.238403
v -0.035374 0.147365 0.223714
v -0.038613 0.149914 0.217819
v -0.035999 0.153760 0.214520
v -0.036619 0.119301 0.212706
v -0.023488 0.119542 0.208133
v -0.032847 0.123422 0.205576
v -0.035560 0.149496 0.224743
v -0.036043 0.152822 0.223332
v -0.030005 0.151573 0.226269
v -0.033335 0.146729 0.216054
v -0.033841 0.118577 0.210628
v -0.033673 0.123648 0.208827
v -0.033446 0.136984 0.204820
v -0.033202 0.119967 0.230028
v -0.029033 0.118445 0.228656
v -0.029496 0.147827 0.225175
v -0.025597 0.122944 0.211546
v -0.023443 0.119981 0.226415
v -0.027971 0.152716 0.223329
v -0.026974 0.152437 0.217325
v -0.029460 0.146861 0.215092
v -0.023243 0.144880 0.205202
v -0.028916 0.122651 0.229809
v -0.023883 0.118618 0.226065
v -0.024644 0.147705 0.221102
v -0.026725 0.147884 0.222914
v -0.026695 0.147965 0.222907
v -0.026666 0.147884 0.222899
v -0.028547 0.151988 0.213269
v -0.025526 0.118463 0.212041
v -0.019053 0.119961 0.221135
v -0.022072 0.122794 0.225035
v -0.022690 0.152621 0.223256
v -0.025497 0.152027 0.220796
v -0.026547 0.146762 0.217885
v -0.023247 0.148764 0.220014
v -0.024573 0.152605 0.217604
v -0.026766 0.156885 0.217296
v -0.025419 0.119488 0.211928
v -0.025224 0.117977 0.202895
v -0.018863 0.122664 0.221921
v -0.020723 0.119890 0.216103
v -0.021880 0.118929 0.217186
v -0.016201 0.147143 0.212799
v -0.021914 0.122445 0.212461
v -0.029861 0.147624 0.208535
v -0.021109 0.125914 0.224098
v -0.020683 0.122822 0.216434
v -0.016620 0.137985 0.213503
v -0.013563 0.143600 0.226384
v -0.034417 0.161301 0.217655
v -0.024031 0.170166 0.217289
v -0.035518 0.154289 0.217565
v -0.031091 0.169236 0.222784
v -0.026179 0.165376 0.217778
v -0.024731 0.155373 0.221131
v -0.023433 0.155069 0.222382
v -0.023585 0.166349 0.222170
v -0.023675 0.169202 0.222053
v -0.023320 0.166106 0.217817
v -0.023317 0.155363 0.217397
v -0.020720 0.033089 0.191097
v -0.025733 0.015362 0.115650
v -0.035648 0.039232 0.099539
v -0.030794 0.024742 0.114712
v -0.033895 0.032549 0.079104
v -0.020407 0.014423 0.112306
v -0.031734 0.032858 0.107366
v -0.029040 0.036162 0.083781
v -0.028268 0.035977 0.102190
v -0.022841 0.037136 0.097210
v -0.023400 0.038371 0.090734
v -0.019777 0.032962 0.103785
v -0.010653 0.014715 0.099186
v -0.014128 0.015009 0.078589
v -0.021385 0.024086 0.074647
v -0.018990 0.026068 0.110804
v -0.016170 0.031394 0.090216
v -0.014109 0.016222 0.108175
v -0.011788 0.024574 0.102263
v -0.011989 0.025604 0.085147
v -0.009550 0.022675 0.097058
v -0.009282 0.015409 0.088988
v -0.036103 0.063124 0.105470
v -0.037265 0.064677 0.102221
v -0.038174 0.057731 0.099141
v -0.037687 0.080040 0.099191
v -0.038005 0.057662 0.095177
v -0.036849 0.056969 0.088774
v -0.039237 0.050839 0.087892
v -0.039175 0.063831 0.085533
v -0.026995 0.080262 0.100794
v -0.033589 0.057607 0.099068
v -0.030747 0.050653 0.083437
v -0.032940 0.065295 0.082823
v -0.033504 0.072792 0.080645
v -0.030660 0.059127 0.101071
v -0.035307 0.058684 0.086882
v -0.032028 0.063453 0.081374
v -0.026706 0.078571 0.085307
v -0.028514 0.052481 0.104985
v -0.029773 0.057462 0.102610
v -0.032354 0.049714 0.102100
v -0.030589 0.054589 0.082555
v -0.020033 0.075958 0.099357
v -0.024938 0.063656 0.105042
v -0.026171 0.065075 0.104258
v -0.028133 0.070601 0.107290
v -0.027575 0.057521 0.098876
v -0.024209 0.050313 0.097126
v -0.024876 0.050285 0.089051
v -0.023898 0.070495 0.082506
v -0.024559 0.061019 0.101025
v -0.022888 0.064045 0.100934
v -0.023078 0.058732 0.094275
v -0.030693 0.041879 0.086962
v -0.029934 0.057946 0.085978
v -0.023854 0.058381 0.091318
v -0.025095 0.043680 0.095127
v -0.024061 0.064754 0.084901
v -0.017754 0.053422 0.096362
v -0.020039 0.065106 0.094075
v -0.018618 0.069838 0.093175
v -0.018436 0.063707 0.093443
v -0.021942 0.052972 0.084102
v -0.021684 0.076862 0.090159
v -0.022408 0.063701 0.084606
v -0.033356 0.083318 0.089430
v -0.028443 0.082019 0.093157
v -0.035128 0.015481 0.071511
v -0.030250 0.024414 0.072207
v -0.021660 0.032580 0.082868
v -0.240585 0.014109 -0.149664
v -0.240774 0.022579 -0.160234
v -0.239120 0.024657 -0.148462
v -0.235589 0.015212 -0.140719
v -0.231517 0.032684 -0.150028
v -0.225715 0.032471 -0.143927
v -0.224297 0.014781 -0.134298
v -0.232676 0.013547 -0.145985
v -0.228856 0.024169 -0.136948
v -0.231225 0.068364 -0.151401
v -0.242623 0.014974 -0.160777
v -0.237765 0.014808 -0.167000
v -0.238112 0.024021 -0.168006
v -0.234286 0.031168 -0.157101
v -0.232441 0.014700 -0.174018
v -0.229926 0.033356 -0.164778
v -0.232280 0.069896 -0.161373
v -0.224308 0.081338 -0.161130
v -0.246246 0.023929 -0.218385
v -0.246544 0.016204 -0.221076
v -0.246237 0.020541 -0.218376
v -0.245714 0.024454 -0.225489
v -0.245605 0.030208 -0.221537
v -0.243558 0.016982 -0.208163
v -0.244969 0.024568 -0.211920
v -0.243018 0.020545 -0.233996
v -0.243365 0.023236 -0.232226
v -0.241239 0.023102 -0.204206
v -0.240229 0.040013 -0.219605
v -0.236733 0.024539 -0.199304
v -0.242130 0.020807 -0.205199
v -0.232369 0.040459 -0.205278
v -0.230424 0.022500 -0.194951
v -0.231343 0.028737 -0.194531
v -0.244330 0.029633 -0.207859
v -0.236100 0.040796 -0.227121
v -0.239355 0.044643 -0.216261
v -0.238337 0.044754 -0.229144
v -0.236283 0.045414 -0.207292
v -0.236551 0.086399 -0.227218
v -0.229598 0.069768 -0.235251
v -0.227077 0.059294 -0.202329
v -0.230717 0.086244 -0.205502
v -0.241548 0.093665 -0.229954
v -0.242388 0.097850 -0.222083
v -0.242657 0.098209 -0.224672
v -0.240819 0.098455 -0.212592
v -0.243733 0.098641 -0.216798
v -0.242247 0.088975 -0.219826
v -0.241469 0.093837 -0.222733
v -0.241654 0.115322 -0.229640
v -0.239747 0.108332 -0.233120
v -0.238441 0.096111 -0.208456
v -0.239156 0.109971 -0.206527
v -0.237500 0.089221 -0.206809
v -0.240242 0.114155 -0.207457
v -0.239544 0.093069 -0.209920
v -0.240716 0.094646 -0.210705
v -0.238064 0.093649 -0.233081
v -0.237694 0.095458 -0.203532
v -0.237842 0.106727 -0.206766
v -0.237849 0.105400 -0.205240
v -0.227896 0.088997 -0.198712
v -0.235396 0.097386 -0.203157
v -0.233662 0.108247 -0.209317
v -0.229910 0.115654 -0.213515
v -0.236558 0.085722 -0.214287
v -0.233621 0.095744 -0.202303
v -0.231959 0.105753 -0.199737
v -0.231616 0.115547 -0.198974
v -0.228780 0.093706 -0.199769
v -0.229996 0.108856 -0.202809
v -0.241489 0.016842 -0.235485
v -0.234329 0.027355 -0.242899
v -0.241537 0.021904 -0.235086
v -0.238760 0.024552 -0.238362
v -0.243816 0.027380 -0.231867
v -0.216891 0.015946 -0.247631
v -0.231437 0.016883 -0.244515
v -0.233693 0.020691 -0.243049
v -0.234228 0.023312 -0.242378
v -0.231440 0.041710 -0.235368
v -0.233817 0.023850 -0.243437
v -0.233688 0.023850 -0.243587
v -0.233548 0.023850 -0.243750
v -0.233355 0.023856 -0.243983
v -0.229882 0.021538 -0.245729
v -0.232872 0.023852 -0.244530
v -0.231209 0.023679 -0.246051
v -0.232403 0.044645 -0.235909
v -0.236726 0.088820 -0.236517
v -0.238343 0.097352 -0.234705
v -0.237300 0.116049 -0.231588
v -0.233304 0.106692 -0.232864
v -0.232003 0.085967 -0.232541
v -0.232277 0.108587 -0.239674
v -0.229010 0.088585 -0.239848
v -0.229141 0.095406 -0.240297
v -0.213516 0.033280 -0.143887
v -0.220715 0.034349 -0.143759
v -0.218786 0.024088 -0.134875
v -0.228017 0.039963 -0.151007
v -0.211577 0.014911 -0.134872
v -0.221256 0.042719 -0.150052
v -0.209368 0.024590 -0.137536
v -0.196407 0.014240 -0.154399
v -0.201031 0.023852 -0.145706
v -0.202064 0.016200 -0.141482
v -0.209456 0.034763 -0.148751
v -0.205009 0.032802 -0.156192
v -0.198129 0.023246 -0.151537
v -0.204813 0.028401 -0.165913
v -0.195659 0.014165 -0.155845
v -0.223180 0.056642 -0.147907
v -0.230895 0.051955 -0.149871
v -0.228990 0.051090 -0.160537
v -0.230324 0.063469 -0.151814
v -0.227720 0.060842 -0.151023
v -0.230180 0.064497 -0.155926
v -0.230161 0.063596 -0.159546
v -0.228693 0.078712 -0.153991
v -0.226612 0.071699 -0.146115
v -0.227717 0.063227 -0.149191
v -0.220999 0.052242 -0.145169
v -0.224100 0.057199 -0.152163
v -0.214913 0.063349 -0.143750
v -0.222694 0.065349 -0.146220
v -0.221307 0.058603 -0.148995
v -0.224349 0.063443 -0.145737
v -0.224130 0.047929 -0.152027
v -0.217347 0.069157 -0.142324
v -0.212621 0.053956 -0.145707
v -0.217977 0.058835 -0.147102
v -0.212810 0.048566 -0.152313
v -0.218143 0.057771 -0.149635
v -0.212717 0.063815 -0.145684
v -0.215416 0.042113 -0.150640
v -0.207921 0.065117 -0.153576
v -0.207309 0.053825 -0.152467
v -0.208152 0.078120 -0.150828
v -0.211757 0.058144 -0.153923
v -0.205992 0.063375 -0.154286
v -0.207090 0.066251 -0.154451
v -0.221319 0.080581 -0.148245
v -0.217222 0.082888 -0.155916
v -0.231381 0.027510 -0.168638
v -0.222974 0.015395 -0.178218
v -0.220347 0.033282 -0.170565
v -0.229184 0.024344 -0.174972
v -0.218811 0.014772 -0.165388
v -0.220480 0.036748 -0.165092
v -0.216905 0.028941 -0.173166
v -0.213657 0.037353 -0.161611
v -0.210056 0.034345 -0.165290
v -0.211978 0.015034 -0.177491
v -0.218771 0.024138 -0.177219
v -0.207972 0.024944 -0.174418
v -0.203016 0.014936 -0.171802
v -0.199239 0.014549 -0.163917
v -0.198793 0.024114 -0.163907
v -0.229739 0.055314 -0.161696
v -0.228177 0.044070 -0.158093
v -0.227548 0.037381 -0.155808
v -0.224966 0.057602 -0.158493
v -0.227112 0.058253 -0.157565
v -0.224775 0.064919 -0.165909
v -0.223703 0.074613 -0.167061
v -0.222070 0.052846 -0.168430
v -0.226207 0.063231 -0.167514
v -0.222550 0.049074 -0.161772
v -0.224444 0.058997 -0.161527
v -0.223011 0.039583 -0.163651
v -0.220208 0.064591 -0.166570
v -0.224069 0.067507 -0.168396
v -0.221119 0.058420 -0.163654
v -0.209580 0.055076 -0.163820
v -0.217842 0.048892 -0.162534
v -0.217330 0.075860 -0.167301
v -0.214744 0.080657 -0.163871
v -0.216062 0.058046 -0.162661
v -0.212530 0.058071 -0.158380
v -0.212717 0.058423 -0.162749
v -0.210152 0.050941 -0.163919
v -0.214902 0.056124 -0.161163
v -0.216145 0.063630 -0.167491
v -0.210156 0.068289 -0.166529
v -0.212254 0.040216 -0.155523
v -0.211545 0.048713 -0.158881
v -0.212585 0.064320 -0.165225
v -0.209517 0.065028 -0.158547
v -0.209273 0.063563 -0.163253
v -0.207664 0.072902 -0.158950
v -0.221562 0.016978 -0.192414
v -0.228775 0.024100 -0.193665
v -0.234452 0.016154 -0.196976
v -0.224905 0.040540 -0.199434
v -0.217006 0.020742 -0.192399
v -0.213218 0.023283 -0.192980
v -0.209299 0.016406 -0.194700
v -0.203192 0.027264 -0.197018
v -0.216701 0.027853 -0.192416
v -0.214221 0.039405 -0.200528
v -0.207029 0.023703 -0.192589
v -0.202992 0.021311 -0.197014
v -0.203920 0.023394 -0.196387
v -0.196794 0.016994 -0.201185
v -0.197841 0.024477 -0.201627
v -0.193873 0.020640 -0.207625
v -0.195019 0.023628 -0.206032
v -0.193848 0.027517 -0.207749
v -0.190984 0.015955 -0.217207
v -0.192069 0.023556 -0.209467
v -0.193732 0.016937 -0.232223
v -0.190947 0.020730 -0.221624
v -0.192462 0.023402 -0.229073
v -0.217497 0.047064 -0.198204
v -0.216445 0.085005 -0.201291
v -0.207841 0.046602 -0.201241
v -0.198452 0.045281 -0.211608
v -0.200678 0.041851 -0.206415
v -0.205736 0.086357 -0.206817
v -0.201256 0.085617 -0.213374
v -0.199798 0.041276 -0.225615
v -0.200631 0.086386 -0.225685
v -0.199683 0.045938 -0.230739
v -0.196783 0.047035 -0.221110
v -0.223230 0.113847 -0.196010
v -0.223221 0.086258 -0.201790
v -0.228506 0.107225 -0.209948
v -0.228585 0.107606 -0.218247
v -0.230369 0.115003 -0.226196
v -0.228225 0.096374 -0.198772
v -0.226391 0.093892 -0.197461
v -0.225049 0.096889 -0.197129
v -0.225834 0.114750 -0.208999
v -0.222928 0.093592 -0.197704
v -0.217341 0.108076 -0.208386
v -0.222324 0.105299 -0.212518
v -0.218792 0.105479 -0.228843
v -0.219551 0.096639 -0.196975
v -0.214476 0.098083 -0.196150
v -0.211509 0.114343 -0.208835
v -0.211040 0.093206 -0.198617
v -0.204335 0.096211 -0.202089
v -0.207919 0.093791 -0.198710
v -0.206785 0.114076 -0.199454
v -0.206504 0.093269 -0.200925
v -0.209746 0.107530 -0.211566
v -0.207664 0.113846 -0.213331
v -0.209336 0.106287 -0.220166
v -0.210552 0.108121 -0.230035
v -0.214169 0.088507 -0.197119
v -0.205243 0.107760 -0.200308
v -0.204359 0.115593 -0.211707
v -0.203292 0.096887 -0.201417
v -0.201920 0.089101 -0.203479
v -0.198488 0.096796 -0.207855
v -0.198660 0.108121 -0.207038
v -0.199846 0.095920 -0.206570
v -0.196075 0.088994 -0.215928
v -0.198296 0.093443 -0.210150
v -0.194808 0.097871 -0.220389
v -0.197462 0.093739 -0.227692
v -0.197051 0.089057 -0.227635
v -0.196570 0.113463 -0.206902
v -0.195755 0.097360 -0.211500
v -0.195785 0.094773 -0.219115
v -0.195700 0.114983 -0.219417
v -0.195328 0.094005 -0.224133
v -0.194205 0.098118 -0.223646
v -0.196265 0.098432 -0.226009
v -0.197529 0.096177 -0.229035
v -0.197242 0.114264 -0.232863
v -0.208572 0.115866 -0.202847
v -0.207745 0.116090 -0.226284
v -0.227279 0.023735 -0.246404
v -0.220727 0.020586 -0.247422
v -0.220542 0.034066 -0.245400
v -0.214510 0.021496 -0.246916
v -0.220363 0.027196 -0.247685
v -0.212838 0.024164 -0.247156
v -0.206412 0.019847 -0.244622
v -0.201151 0.023632 -0.241394
v -0.207138 0.027648 -0.245417
v -0.205124 0.016905 -0.245284
v -0.201385 0.021577 -0.240886
v -0.195819 0.021184 -0.235928
v -0.194523 0.023797 -0.238093
v -0.196823 0.021097 -0.238808
v -0.196503 0.023512 -0.235937
v -0.196490 0.023364 -0.235807
v -0.196504 0.023404 -0.235811
v -0.196475 0.023404 -0.235802
v -0.220728 0.043167 -0.242388
v -0.223030 0.085186 -0.238224
v -0.219661 0.069417 -0.238335
v -0.208835 0.073640 -0.236649
v -0.208663 0.044758 -0.239543
v -0.205374 0.086549 -0.233285
v -0.207336 0.041160 -0.237271
v -0.227134 0.108740 -0.229792
v -0.231267 0.114568 -0.241276
v -0.225383 0.114361 -0.231277
v -0.224251 0.093207 -0.242047
v -0.221677 0.096341 -0.243957
v -0.224606 0.088654 -0.241784
v -0.220733 0.088347 -0.243436
v -0.224250 0.088650 -0.241936
v -0.223989 0.088650 -0.242050
v -0.223394 0.088654 -0.242310
v -0.224306 0.093779 -0.243527
v -0.212500 0.115821 -0.231306
v -0.214566 0.096453 -0.242872
v -0.214355 0.095281 -0.243509
v -0.221882 0.097203 -0.244812
v -0.211489 0.085223 -0.237854
v -0.209761 0.096981 -0.242383
v -0.211537 0.089069 -0.241161
v -0.204070 0.093802 -0.239595
v -0.208881 0.093503 -0.240404
v -0.203180 0.093795 -0.236716
v -0.205747 0.114662 -0.241360
v -0.216202 0.115123 -0.242618
v -0.205371 0.098626 -0.239344
v -0.203745 0.089069 -0.237471
v -0.202130 0.101220 -0.237161
v -0.205868 0.108258 -0.237207
v -0.204083 0.108312 -0.239344
v -0.198344 0.110456 -0.233676
v -0.199725 0.108128 -0.232903
v -0.200256 0.105466 -0.235445
v -0.200604 0.096064 -0.234100
v -0.197942 0.096854 -0.231766
v -0.177653 0.015556 -0.148474
v -0.177852 0.015113 -0.160355
v -0.168165 0.015015 -0.137320
v -0.170615 0.015450 -0.140199
v -0.172446 0.013768 -0.146321
v -0.166562 0.014609 -0.154064
v -0.169347 0.015476 -0.138714
v -0.171464 0.023910 -0.141134
v -0.170227 0.015458 -0.139744
v -0.176183 0.024658 -0.150922
v -0.170885 0.032479 -0.155441
v -0.162469 0.024355 -0.135880
v -0.165685 0.033498 -0.146720
v -0.157105 0.015134 -0.134596
v -0.167716 0.029552 -0.144447
v -0.163900 0.038187 -0.157829
v -0.160470 0.033605 -0.143573
v -0.135762 0.014483 -0.164031
v -0.154679 0.035173 -0.146762
v -0.151002 0.017922 -0.134300
v -0.153395 0.025534 -0.136429
v -0.169751 0.070324 -0.155817
v -0.165953 0.064679 -0.152797
v -0.166857 0.069087 -0.148266
v -0.161089 0.072047 -0.144801
v -0.162159 0.065370 -0.147725
v -0.167242 0.063383 -0.151739
v -0.162437 0.052420 -0.146315
v -0.163107 0.080276 -0.150303
v -0.162712 0.049358 -0.151919
v -0.161516 0.057499 -0.150706
v -0.157110 0.064791 -0.144474
v -0.153615 0.054307 -0.144224
v -0.160053 0.063970 -0.143326
v -0.152451 0.079326 -0.147414
v -0.155771 0.050547 -0.149449
v -0.162246 0.057058 -0.150504
v -0.155798 0.044283 -0.149128
v -0.152487 0.058135 -0.147796
v -0.147342 0.063649 -0.147693
v -0.147775 0.065036 -0.149613
v -0.151206 0.058047 -0.151601
v -0.177568 0.022953 -0.161269
v -0.173064 0.028055 -0.156955
v -0.173499 0.014771 -0.170345
v -0.174134 0.025019 -0.169648
v -0.167343 0.033735 -0.164558
v -0.165079 0.014307 -0.176774
v -0.160185 0.032866 -0.169490
v -0.166367 0.024345 -0.175103
v -0.157488 0.024014 -0.177748
v -0.155806 0.041702 -0.163308
v -0.168592 0.027611 -0.168724
v -0.152282 0.033175 -0.169616
v -0.154120 0.028825 -0.173264
v -0.165534 0.051154 -0.161847
v -0.169316 0.053559 -0.154038
v -0.167291 0.064565 -0.157582
v -0.168195 0.063768 -0.160360
v -0.161691 0.063656 -0.167336
v -0.164055 0.066613 -0.166394
v -0.165673 0.054291 -0.163015
v -0.159775 0.049119 -0.161889
v -0.164712 0.045078 -0.159980
v -0.161730 0.042279 -0.153243
v -0.164692 0.057975 -0.160246
v -0.164402 0.064326 -0.164085
v -0.162645 0.057083 -0.156279
v -0.159479 0.057796 -0.162345
v -0.161467 0.039158 -0.161618
v -0.159538 0.052823 -0.168163
v -0.159946 0.064815 -0.166891
v -0.155138 0.064376 -0.168144
v -0.154437 0.076208 -0.167377
v -0.155532 0.056928 -0.163292
v -0.150300 0.058412 -0.160361
v -0.151907 0.063628 -0.167635
v -0.148814 0.069853 -0.166791
v -0.166282 0.079126 -0.160744
v -0.163645 0.102099 -0.196640
v -0.162802 0.077043 -0.166736
v -0.166845 0.092292 -0.188930
v -0.154371 0.081574 -0.194736
v -0.161944 0.084097 -0.188266
v -0.154813 0.083627 -0.157712
v -0.156761 0.094527 -0.186451
v -0.191165 0.023320 -0.217400
v -0.189846 0.023341 -0.215824
v -0.188648 0.023548 -0.220885
v -0.191963 0.023678 -0.230623
v -0.182750 0.033020 -0.220996
v -0.181327 0.034071 -0.209779
v -0.183083 0.028688 -0.210556
v -0.178791 0.024246 -0.222739
v -0.184228 0.016354 -0.224040
v -0.179292 0.036465 -0.228698
v -0.179893 0.016391 -0.210507
v -0.180064 0.021039 -0.210106
v -0.177115 0.024990 -0.208565
v -0.176783 0.024362 -0.227757
v -0.176126 0.016440 -0.198897
v -0.171241 0.029975 -0.197784
v -0.170362 0.036403 -0.198496
v -0.168100 0.015975 -0.197112
v -0.167790 0.040225 -0.203521
v -0.168672 0.024569 -0.202070
v -0.156745 0.032563 -0.192031
v -0.161998 0.024249 -0.196994
v -0.157250 0.015322 -0.194611
v -0.177809 0.015508 -0.218940
v -0.140248 0.015332 -0.200017
v -0.150343 0.024396 -0.197469
v -0.150204 0.020040 -0.194058
v -0.178958 0.045240 -0.219227
v -0.174880 0.048547 -0.226961
v -0.175132 0.040975 -0.217254
v -0.172948 0.041108 -0.230215
v -0.171543 0.040594 -0.210318
v -0.176394 0.045361 -0.209010
v -0.172180 0.045313 -0.204362
v -0.168703 0.070858 -0.214998
v -0.172406 0.057423 -0.210433
v -0.170347 0.048574 -0.221804
v -0.169967 0.070931 -0.228908
v -0.170865 0.056660 -0.229106
v -0.168154 0.048673 -0.206083
v -0.168506 0.048873 -0.209512
v -0.169964 0.048235 -0.226054
v -0.166850 0.045199 -0.198542
v -0.166770 0.055572 -0.201740
v -0.165304 0.048852 -0.205533
v -0.166612 0.049127 -0.231333
v -0.167400 0.048900 -0.230100
v -0.167400 0.048902 -0.230099
v -0.167400 0.048902 -0.230101
v -0.157211 0.046555 -0.198996
v -0.162015 0.070551 -0.205565
v -0.161081 0.040468 -0.201847
v -0.155243 0.040646 -0.200551
v -0.156804 0.047300 -0.198130
v -0.153297 0.059668 -0.198159
v -0.168140 0.094319 -0.225587
v -0.167936 0.109139 -0.209719
v -0.167058 0.093122 -0.204289
v -0.159504 0.086932 -0.203709
v -0.166488 0.111641 -0.214698
v -0.164787 0.085090 -0.219844
v -0.158890 0.117318 -0.220181
v -0.158835 0.102820 -0.238403
v -0.160086 0.113100 -0.205314
v -0.163678 0.104453 -0.201533
v -0.166429 0.089946 -0.213934
v -0.154165 0.085807 -0.211279
v -0.158882 0.081688 -0.215519
v -0.154248 0.083299 -0.201493
v -0.163741 0.119676 -0.208400
v -0.156977 0.116991 -0.213463
v -0.181779 0.030154 -0.228770
v -0.173733 0.015697 -0.238852
v -0.176659 0.021081 -0.237023
v -0.174441 0.029076 -0.239905
v -0.171624 0.024515 -0.239090
v -0.175198 0.035457 -0.236667
v -0.163730 0.017309 -0.245798
v -0.165313 0.031661 -0.246765
v -0.154029 0.015734 -0.245227
v -0.155985 0.023536 -0.243969
v -0.160737 0.034905 -0.246762
v -0.148097 0.030171 -0.245300
v -0.177486 0.045154 -0.232768
v -0.172014 0.045104 -0.236289
v -0.166658 0.041110 -0.234318
v -0.163342 0.066977 -0.242019
v -0.164376 0.045065 -0.241675
v -0.152488 0.045004 -0.242876
v -0.161390 0.047605 -0.238221
v -0.157413 0.041269 -0.240025
v -0.155682 0.047122 -0.241797
v -0.158632 0.054046 -0.246254
v -0.158776 0.077091 -0.249632
v -0.143534 0.036745 -0.242014
v -0.155032 0.048089 -0.243209
v -0.154785 0.063516 -0.249207
v -0.165660 0.088083 -0.236875
v -0.158803 0.089333 -0.244309
v -0.149723 0.032748 -0.143987
v -0.144708 0.032928 -0.149865
v -0.150804 0.040313 -0.152644
v -0.142337 0.027673 -0.145873
v -0.141966 0.014419 -0.138717
v -0.142022 0.031925 -0.156467
v -0.141150 0.022913 -0.140327
v -0.138277 0.014748 -0.144626
v -0.135231 0.026623 -0.152087
v -0.134115 0.015105 -0.151557
v -0.144628 0.069632 -0.149682
v -0.151281 0.072252 -0.145438
v -0.147671 0.052044 -0.148776
v -0.150232 0.056022 -0.151515
v -0.151708 0.048561 -0.152427
v -0.149712 0.057271 -0.157999
v -0.145050 0.063636 -0.155509
v -0.144620 0.054266 -0.152764
v -0.152297 0.015412 -0.178524
v -0.146202 0.024686 -0.174854
v -0.144061 0.032901 -0.162905
v -0.142522 0.027476 -0.168690
v -0.141676 0.015531 -0.173713
v -0.135835 0.024789 -0.164977
v -0.115857 0.014000 -0.158861
v -0.148423 0.038554 -0.158901
v -0.152285 0.048085 -0.163206
v -0.150780 0.052933 -0.167656
v -0.146539 0.051477 -0.159800
v -0.147436 0.064840 -0.162001
v -0.146209 0.054706 -0.161072
v -0.143566 0.063538 -0.161258
v -0.145545 0.065097 -0.158589
v -0.142962 0.069121 -0.161401
v -0.150469 0.088468 -0.189141
v -0.145926 0.079391 -0.158538
v -0.148342 0.093548 -0.189052
v -0.141223 0.034363 -0.198660
v -0.157448 0.016843 -0.214540
v -0.140565 0.024447 -0.205381
v -0.140412 0.029732 -0.198174
v -0.132813 0.019815 -0.206777
v -0.133566 0.035494 -0.210606
v -0.130244 0.015646 -0.222168
v -0.134072 0.024410 -0.210663
v -0.138196 0.040331 -0.213819
v -0.139386 0.040758 -0.230015
v -0.135920 0.024400 -0.228024
v -0.131346 0.017511 -0.215485
v -0.131493 0.029980 -0.211318
v -0.130223 0.034023 -0.221796
v -0.131471 0.020471 -0.227808
v -0.130982 0.028749 -0.225038
v -0.134107 0.031227 -0.238084
v -0.119978 0.020097 -0.229585
v -0.118866 0.015487 -0.220393
v -0.116303 0.024702 -0.230453
v -0.103205 0.015331 -0.242971
v -0.116161 0.015630 -0.231212
v -0.115694 0.033640 -0.232113
v -0.112923 0.015836 -0.203891
v -0.115707 0.024468 -0.226580
v -0.146945 0.062597 -0.204541
v -0.151525 0.073902 -0.209116
v -0.147354 0.085300 -0.221229
v -0.153992 0.048179 -0.200107
v -0.145409 0.048171 -0.206866
v -0.143478 0.040182 -0.206646
v -0.144238 0.073305 -0.220962
v -0.144080 0.045467 -0.199999
v -0.144178 0.049098 -0.210454
v -0.141184 0.058291 -0.216970
v -0.147152 0.049153 -0.232802
v -0.138321 0.045533 -0.208107
v -0.142376 0.048803 -0.217288
v -0.145065 0.048326 -0.226230
v -0.145012 0.085704 -0.229664
v -0.138877 0.048650 -0.226491
v -0.134174 0.045582 -0.213939
v -0.135174 0.045288 -0.224505
v -0.145511 0.091096 -0.200772
v -0.149394 0.108987 -0.201989
v -0.150259 0.117258 -0.207965
v -0.143909 0.104035 -0.211034
v -0.146036 0.102694 -0.225477
v -0.149211 0.118625 -0.210694
v -0.152424 0.115285 -0.218262
v -0.149970 0.023913 -0.241018
v -0.142976 0.024444 -0.237506
v -0.138196 0.016083 -0.237548
v -0.139121 0.024405 -0.232493
v -0.143189 0.019578 -0.244016
v -0.148927 0.041025 -0.235391
v -0.152135 0.049679 -0.240302
v -0.147307 0.049195 -0.233099
v -0.147307 0.049218 -0.233106
v -0.147281 0.049206 -0.233103
v -0.143894 0.058055 -0.233345
v -0.144473 0.044945 -0.238476
v -0.136044 0.045012 -0.233758
v -0.152942 0.111591 -0.231349
v -0.153213 0.086588 -0.247262
v -0.114369 0.015234 -0.145226
v -0.115566 0.024997 -0.159168
v -0.111795 0.024754 -0.145262
v -0.107830 0.032414 -0.156849
v -0.102536 0.015192 -0.135931
v -0.102798 0.027940 -0.142293
v -0.104849 0.032589 -0.145550
v -0.097634 0.023526 -0.134636
v -0.107507 0.025207 -0.138752
v -0.096379 0.014674 -0.158394
v -0.099310 0.035932 -0.148251
v -0.102438 0.037556 -0.155587
v -0.091997 0.032335 -0.141713
v -0.089718 0.014454 -0.134058
v -0.094058 0.040959 -0.148990
v -0.086184 0.024579 -0.136287
v -0.088284 0.037467 -0.149357
v -0.086723 0.028967 -0.142425
v -0.086353 0.038587 -0.154831
v -0.079486 0.016370 -0.139425
v -0.080515 0.032008 -0.148289
v -0.073027 0.015034 -0.148026
v -0.105521 0.063631 -0.156285
v -0.105762 0.076281 -0.151987
v -0.105589 0.052613 -0.157652
v -0.104909 0.064168 -0.158526
v -0.101834 0.064530 -0.146471
v -0.102056 0.063639 -0.144440
v -0.102688 0.066012 -0.146100
v -0.102252 0.052742 -0.147710
v -0.103578 0.055365 -0.152632
v -0.094613 0.072492 -0.144054
v -0.096077 0.079059 -0.146953
v -0.099741 0.049617 -0.152667
v -0.100010 0.056468 -0.154089
v -0.091371 0.052990 -0.144972
v -0.090892 0.064028 -0.145510
v -0.097049 0.055255 -0.146501
v -0.097110 0.057893 -0.149058
v -0.095570 0.058004 -0.147886
v -0.095120 0.050051 -0.148708
v -0.092972 0.056878 -0.149608
v -0.086625 0.063711 -0.145556
v -0.087417 0.057001 -0.155281
v -0.087417 0.058205 -0.155468
v -0.086696 0.054504 -0.148552
v -0.087775 0.065227 -0.146622
v -0.088803 0.049597 -0.150880
v -0.087147 0.058498 -0.151231
v -0.086067 0.070708 -0.145936
v -0.084302 0.052149 -0.149976
v -0.083661 0.064792 -0.153943
v -0.082588 0.054357 -0.158818
v -0.081610 0.063565 -0.154494
v -0.087567 0.079361 -0.149895
v -0.111763 0.014525 -0.168691
v -0.110607 0.024083 -0.170143
v -0.105913 0.026637 -0.169108
v -0.104345 0.014087 -0.176087
v -0.099947 0.032864 -0.169776
v -0.103653 0.024603 -0.174954
v -0.094558 0.023810 -0.177750
v -0.097205 0.027883 -0.171723
v -0.105202 0.033556 -0.161865
v -0.090100 0.015383 -0.178262
v -0.082129 0.034974 -0.157564
v -0.091760 0.035126 -0.168613
v -0.082133 0.024284 -0.174275
v -0.091062 0.042574 -0.163750
v -0.081635 0.032285 -0.164769
v -0.086322 0.027020 -0.173594
v -0.075750 0.024092 -0.167279
v -0.078197 0.014687 -0.172709
v -0.105596 0.065687 -0.159747
v -0.103774 0.071875 -0.163604
v -0.101285 0.079117 -0.161750
v -0.099565 0.041290 -0.160543
v -0.100920 0.063513 -0.167940
v -0.100062 0.052677 -0.166801
v -0.100647 0.050371 -0.161076
v -0.100046 0.057637 -0.157547
v -0.098885 0.057335 -0.160685
v -0.097777 0.055608 -0.165583
v -0.101683 0.064726 -0.162634
v -0.094301 0.073054 -0.168921
v -0.095890 0.058568 -0.163398
v -0.098151 0.065065 -0.166925
v -0.090200 0.063814 -0.166811
v -0.088953 0.058112 -0.159848
v -0.086395 0.058538 -0.159640
v -0.091083 0.049380 -0.163773
v -0.086654 0.050645 -0.156249
v -0.088126 0.042003 -0.158537
v -0.089579 0.056354 -0.161078
v -0.088880 0.053574 -0.167195
v -0.092042 0.058867 -0.164715
v -0.082856 0.051851 -0.159874
v -0.084321 0.065238 -0.161116
v -0.084453 0.063802 -0.163410
v -0.079832 0.070310 -0.155100
v -0.094185 0.084455 -0.156294
v -0.084386 0.078493 -0.157008
v -0.091817 0.079699 -0.165040
v -0.084003 0.072253 -0.164601
v -0.117458 0.015180 -0.213052
v -0.113575 0.038736 -0.219837
v -0.118012 0.020444 -0.211916
v -0.115698 0.024596 -0.211602
v -0.120874 0.030250 -0.218622
v -0.109905 0.027358 -0.199545
v -0.114720 0.033683 -0.208346
v -0.110592 0.024513 -0.206361
v -0.109814 0.042870 -0.215896
v -0.106452 0.015422 -0.199081
v -0.107702 0.033975 -0.200444
v -0.107727 0.019735 -0.197399
v -0.103480 0.024360 -0.199338
v -0.098254 0.032880 -0.196293
v -0.093732 0.015402 -0.195575
v -0.085769 0.016492 -0.212332
v -0.088813 0.020849 -0.195101
v -0.091865 0.028411 -0.195195
v -0.090605 0.024432 -0.198154
v -0.092767 0.042317 -0.205224
v -0.083953 0.030855 -0.196224
v -0.080816 0.015270 -0.199467
v -0.083184 0.024298 -0.201756
v -0.084041 0.042391 -0.208342
v -0.073381 0.015046 -0.206983
v -0.078543 0.024158 -0.204195
v -0.077550 0.019955 -0.201784
v -0.074122 0.033478 -0.205956
v -0.112076 0.046336 -0.223532
v -0.105589 0.041963 -0.231028
v -0.110301 0.046445 -0.213506
v -0.101509 0.056557 -0.214534
v -0.104815 0.056093 -0.223662
v -0.107852 0.042441 -0.223156
v -0.103620 0.046948 -0.206029
v -0.100906 0.041798 -0.207182
v -0.100112 0.067348 -0.226279
v -0.102126 0.067915 -0.221994
v -0.093723 0.080849 -0.230228
v -0.096577 0.045390 -0.203621
v -0.094808 0.056910 -0.210026
v -0.098957 0.066052 -0.214172
v -0.093771 0.067257 -0.213254
v -0.090390 0.051063 -0.207015
v -0.087915 0.069949 -0.215571
v -0.093429 0.068097 -0.227877
v -0.084256 0.045966 -0.205402
v -0.085647 0.058292 -0.213554
v -0.084999 0.080645 -0.220828
v -0.086533 0.081407 -0.226003
v -0.079932 0.052344 -0.225264
v -0.085533 0.058633 -0.223058
v -0.080701 0.049901 -0.214138
v -0.078019 0.045704 -0.216473
v -0.085927 0.046130 -0.237120
v -0.079433 0.041369 -0.216595
v -0.080016 0.043010 -0.225477
v -0.078083 0.045722 -0.227245
v -0.110844 0.085028 -0.217847
v -0.110484 0.086193 -0.217749
v -0.110023 0.110690 -0.218801
v -0.108227 0.083701 -0.223801
v -0.107374 0.088203 -0.229819
v -0.109450 0.104043 -0.222719
v -0.110366 0.109954 -0.225019
v -0.108062 0.086597 -0.230287
v -0.103263 0.084452 -0.207550
v -0.106152 0.095750 -0.217779
v -0.107407 0.092859 -0.218001
v -0.105879 0.116626 -0.225449
v -0.098519 0.093876 -0.212186
v -0.106294 0.104804 -0.211587
v -0.099843 0.116657 -0.208463
v -0.103376 0.093895 -0.216036
v -0.102994 0.080759 -0.218616
v -0.104428 0.099305 -0.225098
v -0.107658 0.113076 -0.220425
v -0.103074 0.112840 -0.221156
v -0.103138 0.095250 -0.229031
v -0.104064 0.093998 -0.226836
v -0.106604 0.088381 -0.209662
v -0.107103 0.111811 -0.212118
v -0.096575 0.095312 -0.207924
v -0.103741 0.098966 -0.215090
v -0.102383 0.094603 -0.225948
v -0.101993 0.081385 -0.227014
v -0.103514 0.105475 -0.233419
v -0.099502 0.085091 -0.236452
v -0.098335 0.087644 -0.205574
v -0.098426 0.081172 -0.210767
v -0.095655 0.093727 -0.229103
v -0.093800 0.092913 -0.207722
v -0.097773 0.105383 -0.204500
v -0.092899 0.112311 -0.205531
v -0.098410 0.098541 -0.229639
v -0.091730 0.084609 -0.203485
v -0.094030 0.094372 -0.210024
v -0.092445 0.098353 -0.208718
v -0.095515 0.114970 -0.222806
v -0.095886 0.114667 -0.223065
v -0.090161 0.081067 -0.211751
v -0.084084 0.113201 -0.209589
v -0.089766 0.105857 -0.205563
v -0.089202 0.086463 -0.205467
v -0.083202 0.092904 -0.213649
v -0.086153 0.081346 -0.215831
v -0.089744 0.120563 -0.226597
v -0.086032 0.114497 -0.232671
v -0.088625 0.094524 -0.228082
v -0.082868 0.106605 -0.209198
v -0.082316 0.086475 -0.210747
v -0.083760 0.089205 -0.208320
v -0.083546 0.089203 -0.210612
v -0.084344 0.094910 -0.211140
v -0.085789 0.094097 -0.214191
v -0.081701 0.098886 -0.218097
v -0.087633 0.112891 -0.221159
v -0.085513 0.095567 -0.228675
v -0.085138 0.094275 -0.223613
v -0.080036 0.112621 -0.221332
v -0.083644 0.116838 -0.225775
v -0.081988 0.084339 -0.210684
v -0.080469 0.113612 -0.215975
v -0.081835 0.095154 -0.221796
v -0.078478 0.083461 -0.220602
v -0.078587 0.086190 -0.214267
v -0.079940 0.103561 -0.216290
v -0.078738 0.086649 -0.216782
v -0.080998 0.091891 -0.223198
v -0.079485 0.088843 -0.226314
v -0.077956 0.110442 -0.218990
v -0.080953 0.114201 -0.221326
v -0.081342 0.086232 -0.231191
v -0.078561 0.108529 -0.226487
v -0.078923 0.086867 -0.227427
v -0.102843 0.119367 -0.224642
v -0.101209 0.118901 -0.227148
v -0.090174 0.125917 -0.216436
v -0.097430 0.128327 -0.217240
v -0.101002 0.123644 -0.219182
v -0.099986 0.141406 -0.217039
v -0.101243 0.135877 -0.218180
v -0.096800 0.130200 -0.225134
v -0.100350 0.132388 -0.221602
v -0.099947 0.137709 -0.226679
v -0.093773 0.126553 -0.215298
v -0.093594 0.140013 -0.228370
v -0.094399 0.137762 -0.212431
v -0.093321 0.122999 -0.227792
v -0.096420 0.121191 -0.228762
v -0.091892 0.142638 -0.218968
v -0.092157 0.116355 -0.232889
v -0.093053 0.128280 -0.225336
v -0.087103 0.137613 -0.216658
v -0.089402 0.127980 -0.223029
v -0.084771 0.119609 -0.224671
v -0.086439 0.138834 -0.224755
v -0.110373 0.029027 -0.240691
v -0.110197 0.018580 -0.241956
v -0.109917 0.024274 -0.235428
v -0.101970 0.023714 -0.241565
v -0.098797 0.030246 -0.246774
v -0.100007 0.018609 -0.245900
v -0.102631 0.036525 -0.241217
v -0.072834 0.015036 -0.233244
v -0.091440 0.024830 -0.243257
v -0.094187 0.014810 -0.244778
v -0.087266 0.029656 -0.245715
v -0.087346 0.035344 -0.241764
v -0.089384 0.022022 -0.245484
v -0.079526 0.024248 -0.238923
v -0.068597 0.020368 -0.228939
v -0.079570 0.018164 -0.244194
v -0.105728 0.046364 -0.234575
v -0.096671 0.042418 -0.235079
v -0.096019 0.058223 -0.230800
v -0.097990 0.046650 -0.238261
v -0.083187 0.042301 -0.232594
v -0.088562 0.059309 -0.227516
v -0.103767 0.085931 -0.233833
v -0.100996 0.112560 -0.233882
v -0.098377 0.091322 -0.233625
v -0.093304 0.088171 -0.235866
v -0.093014 0.084729 -0.236083
v -0.088322 0.092497 -0.232003
v -0.090061 0.097707 -0.231369
v -0.092314 0.107012 -0.237833
v -0.095930 0.094769 -0.232243
v -0.084259 0.084058 -0.233456
v -0.088507 0.087797 -0.235486
v -0.082922 0.104605 -0.231283
v -0.076141 0.024673 -0.144977
v -0.076171 0.027441 -0.159522
v -0.078008 0.013596 -0.168890
v -0.071940 0.016265 -0.160787
v -0.053067 0.014605 -0.149670
v -0.052393 0.025080 -0.156633
v -0.045481 0.015576 -0.138924
v -0.041017 0.023908 -0.137392
v -0.049205 0.024670 -0.145527
v -0.045705 0.032923 -0.153750
v -0.044884 0.027301 -0.144097
v -0.044156 0.063923 -0.156650
v -0.041578 0.052921 -0.160741
v -0.042649 0.068693 -0.151680
v -0.039776 0.063630 -0.147652
v -0.036579 0.064757 -0.147553
v -0.041078 0.064992 -0.151937
v -0.072525 0.024361 -0.155412
v -0.053255 0.015600 -0.161380
v -0.048458 0.014630 -0.169304
v -0.049729 0.024719 -0.166452
v -0.045459 0.027759 -0.166377
v -0.040127 0.036121 -0.155145
v -0.042605 0.033085 -0.164523
v -0.042389 0.024365 -0.174747
v -0.040831 0.014954 -0.176947
v -0.038133 0.036905 -0.162036
v -0.032477 0.024044 -0.178005
v -0.042839 0.068837 -0.164020
v -0.038598 0.057868 -0.158633
v -0.040594 0.064284 -0.162797
v -0.039026 0.063482 -0.166839
v -0.039395 0.050394 -0.157277
v -0.039894 0.056547 -0.157604
v -0.069247 0.017944 -0.210739
v -0.071108 0.035459 -0.225010
v -0.072831 0.024545 -0.214106
v -0.072460 0.024431 -0.225950
v -0.075740 0.024351 -0.231990
v -0.070604 0.030084 -0.208596
v -0.070254 0.015890 -0.224348
v -0.068073 0.030085 -0.226390
v -0.077569 0.029088 -0.239075
v -0.059152 0.029503 -0.210870
v -0.060740 0.036330 -0.221993
v -0.060191 0.029502 -0.225831
v -0.056946 0.016630 -0.231999
v -0.059743 0.021061 -0.222186
v -0.056959 0.036475 -0.203462
v -0.059364 0.017143 -0.217850
v -0.056558 0.024882 -0.221819
v -0.056908 0.021046 -0.207856
v -0.052546 0.024912 -0.233760
v -0.050796 0.029548 -0.198430
v -0.054016 0.024910 -0.209268
v -0.054834 0.017818 -0.204765
v -0.045647 0.024928 -0.199713
v -0.042399 0.015746 -0.194594
v -0.047355 0.021037 -0.196956
v -0.037220 0.029501 -0.191871
v -0.040237 0.037189 -0.192264
v -0.033647 0.024917 -0.195503
v -0.052440 0.045045 -0.217153
v -0.046993 0.042982 -0.205193
v -0.050175 0.045232 -0.230077
v -0.051820 0.050026 -0.222547
v -0.048063 0.051066 -0.207149
v -0.044372 0.053440 -0.210512
v -0.047394 0.054200 -0.219447
v -0.044289 0.066633 -0.218512
v -0.043735 0.054352 -0.231689
v -0.037126 0.049973 -0.200830
v -0.040439 0.068761 -0.212484
v -0.041872 0.076401 -0.217793
v -0.038367 0.044813 -0.197385
v -0.049726 0.118355 -0.217264
v -0.050675 0.113386 -0.213920
v -0.042789 0.108995 -0.228914
v -0.049011 0.113410 -0.222094
v -0.037971 0.113553 -0.202698
v -0.046641 0.113481 -0.233417
v -0.044695 0.108963 -0.214632
v -0.041159 0.088801 -0.220427
v -0.040825 0.072880 -0.225643
v -0.040717 0.099030 -0.226017
v -0.041383 0.098914 -0.215756
v -0.037247 0.093736 -0.229285
v -0.050255 0.145176 -0.217403
v -0.043243 0.118598 -0.234220
v -0.042419 0.118722 -0.217214
v -0.046701 0.122759 -0.222193
v -0.046612 0.144957 -0.228787
v -0.045228 0.135313 -0.225477
v -0.043363 0.119825 -0.224704
v -0.036285 0.119720 -0.233147
v -0.045412 0.139189 -0.212540
v -0.042475 0.119694 -0.212853
v -0.042662 0.119553 -0.217730
v -0.042678 0.122774 -0.218268
v -0.038581 0.119897 -0.228030
v -0.038642 0.122763 -0.228184
v -0.043089 0.129197 -0.218939
v -0.039134 0.126632 -0.228363
v -0.036331 0.122412 -0.233085
v -0.039806 0.145017 -0.204230
v -0.041062 0.147419 -0.211154
v -0.039121 0.152459 -0.217452
v -0.038457 0.118844 -0.227392
v -0.037933 0.152056 -0.221941
v -0.039446 0.153050 -0.222987
v -0.039473 0.149800 -0.222559
v -0.039524 0.139843 -0.234096
v -0.040103 0.156053 -0.223393
v -0.041303 0.166993 -0.218220
v -0.038422 0.166360 -0.217211
v -0.038901 0.170364 -0.218296
v -0.038715 0.169385 -0.222757
v -0.039534 0.166049 -0.222535
v -0.075670 0.034126 -0.236240
v -0.054992 0.021064 -0.235964
v -0.046931 0.017391 -0.244013
v -0.048303 0.024893 -0.237683
v -0.044061 0.021036 -0.245488
v -0.053574 0.029499 -0.239323
v -0.042901 0.024868 -0.242456
v -0.044681 0.036356 -0.246264
v -0.031365 0.018357 -0.250259
v -0.041170 0.029503 -0.247665
v -0.055965 0.036609 -0.236330
v -0.042965 0.045569 -0.236304
v -0.043675 0.050944 -0.238595
v -0.037650 0.045781 -0.240872
v -0.038192 0.013546 -0.138655
v -0.031019 0.036175 -0.146920
v -0.031819 0.015053 -0.134048
v -0.037665 0.033713 -0.144938
v -0.021789 0.024319 -0.136179
v -0.024487 0.039850 -0.150221
v -0.033070 0.025097 -0.135116
v -0.026442 0.033448 -0.143284
v -0.019111 0.033273 -0.149942
v -0.018422 0.015164 -0.138075
v -0.016828 0.029074 -0.146650
v -0.014062 0.023767 -0.142396
v -0.009073 0.014624 -0.150330
v -0.009538 0.022670 -0.152715
v -0.041519 0.053106 -0.150300
v -0.043580 0.075421 -0.154219
v -0.037491 0.058396 -0.151760
v -0.039990 0.050730 -0.153169
v -0.037143 0.057653 -0.154225
v -0.031801 0.064653 -0.144868
v -0.035643 0.072901 -0.143160
v -0.034705 0.040575 -0.151115
v -0.030599 0.047995 -0.148240
v -0.033380 0.053548 -0.142122
v -0.024731 0.056847 -0.150844
v -0.031754 0.058046 -0.149040
v -0.027484 0.052764 -0.145631
v -0.027786 0.071259 -0.144211
v -0.029954 0.063904 -0.143060
v -0.023355 0.064297 -0.148537
v -0.024846 0.058101 -0.152133
v -0.020605 0.063660 -0.150378
v -0.025684 0.040772 -0.161398
v -0.025622 0.056853 -0.159355
v -0.022069 0.052034 -0.149030
v -0.023322 0.080820 -0.151054
v -0.018628 0.053371 -0.157985
v -0.018313 0.070205 -0.151171
v -0.035967 0.082155 -0.151183
v -0.037108 0.079926 -0.165039
v -0.031618 0.038493 -0.164119
v -0.036069 0.032879 -0.169739
v -0.033734 0.018612 -0.190226
v -0.026180 0.036323 -0.191737
v -0.028124 0.032686 -0.170573
v -0.025267 0.017640 -0.193665
v -0.024357 0.035336 -0.163969
v -0.026466 0.028274 -0.172728
v -0.025775 0.019944 -0.192924
v -0.026059 0.014778 -0.178887
v -0.022876 0.023291 -0.175953
v -0.019495 0.032917 -0.163144
v -0.018589 0.033899 -0.156133
v -0.017501 0.015574 -0.174033
v -0.011161 0.024353 -0.162777
v -0.015497 0.024516 -0.170617
v -0.010188 0.015314 -0.164205
v -0.036090 0.053451 -0.168742
v -0.031861 0.069037 -0.169327
v -0.033559 0.047003 -0.163015
v -0.030630 0.058934 -0.164616
v -0.028956 0.063596 -0.167949
v -0.036160 0.064944 -0.165627
v -0.030437 0.053459 -0.167801
v -0.030883 0.057693 -0.162418
v -0.026793 0.049564 -0.162546
v -0.024262 0.057460 -0.160134
v -0.028910 0.064423 -0.166786
v -0.029430 0.079124 -0.165361
v -0.023514 0.047906 -0.155284
v -0.022472 0.063870 -0.165743
v -0.021335 0.064727 -0.160615
v -0.023060 0.053574 -0.166498
v -0.022201 0.076577 -0.162014
v -0.019594 0.063214 -0.159093
v -0.018963 0.069671 -0.160039
v -0.024506 0.070846 -0.167471
v -0.026957 0.082603 -0.158812
v -0.026750 0.043031 -0.200273
v -0.026502 0.024919 -0.196838
v -0.020364 0.024853 -0.198278
v -0.015124 0.016563 -0.197859
v -0.019248 0.021047 -0.195160
v -0.022343 0.029507 -0.192883
v -0.026089 0.017404 -0.219537
v -0.009959 0.029486 -0.201245
v -0.012645 0.036606 -0.198463
v -0.011165 0.024915 -0.206411
v -0.006525 0.018343 -0.203436
v -0.001962 0.036350 -0.214328
v -0.009202 0.016582 -0.236268
v -0.008683 0.026509 -0.233828
v -0.004111 0.017113 -0.222583
v -0.006964 0.024902 -0.218584
v -0.001521 0.029498 -0.218475
v -0.006808 0.021968 -0.233645
v -0.003763 0.021016 -0.218262
v -0.004950 0.036522 -0.229410
v -0.033002 0.053386 -0.203676
v -0.037823 0.084529 -0.211270
v -0.031603 0.065130 -0.209070
v -0.033472 0.073991 -0.230649
v -0.022953 0.050442 -0.201785
v -0.025574 0.080652 -0.211476
v -0.023756 0.072578 -0.227683
v -0.017242 0.044580 -0.205921
v -0.018678 0.057433 -0.217266
v -0.020452 0.062952 -0.224174
v -0.023838 0.057989 -0.209863
v -0.016495 0.053338 -0.228415
v -0.011827 0.046044 -0.216689
v -0.013609 0.046659 -0.230736
v -0.013141 0.050453 -0.227157
v -0.011594 0.051306 -0.213384
v -0.038152 0.118869 -0.203559
v -0.020362 0.113716 -0.203262
v -0.025656 0.099344 -0.229562
v -0.033872 0.107950 -0.207403
v -0.023176 0.098301 -0.213388
v -0.025577 0.109592 -0.209401
v -0.019408 0.108604 -0.215943
v -0.021974 0.100266 -0.222592
v -0.021958 0.080042 -0.220870
v -0.016047 0.113211 -0.212506
v -0.014821 0.117901 -0.215656
v -0.012630 0.112827 -0.219989
v -0.019414 0.115355 -0.236314
v -0.035910 0.118906 -0.211758
v -0.035834 0.119929 -0.211669
v -0.038396 0.122804 -0.212107
v -0.037891 0.128013 -0.210745
v -0.029387 0.147130 -0.215307
v -0.036348 0.119116 -0.212093
v -0.036289 0.119094 -0.212098
v -0.036289 0.119139 -0.212088
v -0.035474 0.147139 -0.216970
v -0.036945 0.151299 -0.217598
v -0.034419 0.153512 -0.223240
v -0.033799 0.146889 -0.225069
v -0.033771 0.149837 -0.226076
v -0.032321 0.118950 -0.229980
v -0.031919 0.129936 -0.231341
v -0.039079 0.122458 -0.210648
v -0.032480 0.122981 -0.210487
v -0.032484 0.154248 -0.217776
v -0.033747 0.119714 -0.208188
v -0.028465 0.119922 -0.209543
v -0.032291 0.153524 -0.215468
v -0.032458 0.150066 -0.214159
v -0.030184 0.119836 -0.229613
v -0.031591 0.122771 -0.230866
v -0.032944 0.148204 -0.232304
v -0.022918 0.117604 -0.203852
v -0.027956 0.118540 -0.210262
v -0.031538 0.138176 -0.204356
v -0.028978 0.124043 -0.208757
v -0.026583 0.151150 -0.216237
v -0.026745 0.151847 -0.218129
v -0.024527 0.146778 -0.202318
v -0.029059 0.122481 -0.206921
v -0.025954 0.123111 -0.213459
v -0.022715 0.118363 -0.216400
v -0.025595 0.149326 -0.222192
v -0.027294 0.152865 -0.222927
v -0.028736 0.146547 -0.224026
v -0.026356 0.147640 -0.219296
v -0.023752 0.120097 -0.210381
v -0.022579 0.119957 -0.216774
v -0.024228 0.152211 -0.218127
v -0.024887 0.152578 -0.222633
v -0.028714 0.153897 -0.226757
v -0.023293 0.119681 -0.224857
v -0.020031 0.147513 -0.217933
v -0.019395 0.119941 -0.219605
v -0.022230 0.122928 -0.218303
v -0.022413 0.118478 -0.223164
v -0.022116 0.122519 -0.230019
v -0.023166 0.122795 -0.226469
v -0.019200 0.122485 -0.216147
v -0.018298 0.139133 -0.228659
v -0.014223 0.144880 -0.221628
v -0.016434 0.144176 -0.209944
v -0.016278 0.147173 -0.227509
v -0.017507 0.117729 -0.230871
v -0.025032 0.169012 -0.217622
v -0.035678 0.164112 -0.222799
v -0.027943 0.157308 -0.217619
v -0.031645 0.157610 -0.223430
v -0.027408 0.165030 -0.217800
v -0.028200 0.163283 -0.223375
v -0.028685 0.169918 -0.222623
v -0.023442 0.168334 -0.217047
v -0.026970 0.156866 -0.223277
v -0.026194 0.156228 -0.217069
v -0.023538 0.155161 -0.218736
v -0.025063 0.166764 -0.219518
v -0.025208 0.169088 -0.222391
v -0.022787 0.166806 -0.222028
v -0.023775 0.154243 -0.223695
v -0.032260 0.024858 -0.244693
v -0.033703 0.036308 -0.248509
v -0.022510 0.027220 -0.243863
v -0.016379 0.022014 -0.243818
v -0.025675 0.031662 -0.250170
v -0.019198 0.036264 -0.245684
v -0.018715 0.016480 -0.245043
v -0.008668 0.030930 -0.238791
v -0.014711 0.026883 -0.238331
v -0.009931 0.036876 -0.239500
v -0.030909 0.053539 -0.237341
v -0.028069 0.062842 -0.232594
v -0.027033 0.041812 -0.243328
v -0.022398 0.050864 -0.240263
v -0.032321 0.113359 -0.238310
v -0.030959 0.108438 -0.234525
v -0.029635 0.118872 -0.236401
v -0.018855 0.110558 -0.227818
v -0.034257 0.145293 -0.238754
v -0.029365 0.129711 -0.232735
v -0.026126 0.138875 -0.235250
v -0.022575 0.119831 -0.230255
v -0.022405 0.145236 -0.233658
v 0.009704 0.032956 0.237566
v 0.009627 0.016857 0.238920
v 0.003903 0.032812 0.228570
v 0.017240 0.017376 0.243500
v 0.010628 0.026400 0.231059
v 0.014667 0.026356 0.235130
v 0.005852 0.021150 0.232134
v 0.021656 0.026234 0.241946
v 0.026269 0.034371 0.248513
v 0.027778 0.018048 0.249862
v 0.012551 0.033056 0.241974
v 0.015857 0.021882 0.243366
v 0.037422 0.017439 0.246057
v 0.041918 0.021664 0.245397
v 0.039057 0.032911 0.247154
v 0.038943 0.045726 0.237935
v 0.039666 0.026368 0.242195
v 0.014065 0.050344 0.230441
v 0.021911 0.045524 0.236927
v 0.024586 0.050458 0.241215
v 0.033974 0.055837 0.232349
v 0.018673 0.056202 0.221828
v 0.024689 0.055568 0.230593
v 0.033440 0.047407 0.238982
v 0.034211 0.047599 0.238005
v 0.031029 0.050438 0.239692
v 0.034062 0.066200 0.229443
v 0.019596 0.111499 0.231890
v 0.028478 0.111523 0.231890
v 0.040126 0.111497 0.226496
v 0.015451 0.142035 0.232653
v 0.012785 0.146034 0.225267
v 0.017390 0.135108 0.231763
v 0.019312 0.140556 0.235638
v 0.026427 0.117505 0.237797
v 0.019624 0.136450 0.234516
v 0.017598 0.146128 0.230403
v 0.025237 0.146362 0.238582
v 0.023907 0.145754 0.242307
v 0.026320 0.136525 0.237896
v 0.017143 0.122221 0.226623
v 0.029287 0.111491 0.236349
v 0.018257 0.140026 0.223273
v 0.026141 0.140401 0.232394
v 0.037229 0.111534 0.235735
v 0.029130 0.143084 0.240592
v 0.034355 0.122309 0.236007
v 0.036417 0.139091 0.237894
v 0.039239 0.140098 0.228981
v 0.029506 0.136844 0.232575
v 0.032071 0.136724 0.230806
v 0.036784 0.139590 0.229461
v 0.035009 0.140109 0.238621
v 0.036579 0.141419 0.234903
v 0.040920 0.142556 0.237982
v 0.041660 0.117109 0.232221
v 0.001723 0.016879 0.218849
v 0.002908 0.032929 0.214180
v 0.006987 0.026333 0.216437
v 0.003033 0.021156 0.218028
v 0.008806 0.016964 0.204339
v 0.008276 0.021153 0.202610
v 0.008754 0.026443 0.223724
v 0.010318 0.026325 0.210691
v 0.009509 0.032744 0.201461
v 0.019621 0.019307 0.192304
v 0.014246 0.033017 0.197084
v 0.014719 0.026358 0.203376
v 0.020259 0.026396 0.200221
v 0.019169 0.033292 0.192840
v 0.027717 0.026355 0.196031
v 0.034263 0.021159 0.192734
v 0.029390 0.017787 0.192635
v 0.036633 0.032773 0.192234
v 0.010097 0.050513 0.214744
v 0.011009 0.039572 0.207037
v 0.018891 0.050163 0.203005
v 0.011848 0.046528 0.226540
v 0.010645 0.045404 0.217678
v 0.023116 0.068228 0.212875
v 0.021102 0.055318 0.212834
v 0.021329 0.089380 0.216990
v 0.027976 0.076919 0.210827
v 0.021230 0.045313 0.204026
v 0.021588 0.072880 0.222730
v 0.029581 0.046791 0.200691
v 0.028584 0.076814 0.229023
v 0.028475 0.055622 0.207005
v 0.036740 0.050494 0.198278
v 0.034454 0.068129 0.209364
v 0.039115 0.045964 0.202843
v 0.040932 0.055569 0.226081
v 0.037697 0.072338 0.227320
v 0.037258 0.055847 0.209917
v 0.013964 0.117158 0.214254
v 0.014321 0.111523 0.223420
v 0.016067 0.111510 0.213112
v 0.020163 0.111496 0.219263
v 0.021069 0.111545 0.206585
v 0.021562 0.111535 0.225757
v 0.024145 0.087284 0.227115
v 0.025693 0.090621 0.211542
v 0.023619 0.111568 0.211215
v 0.031868 0.087729 0.209970
v 0.034114 0.095216 0.228705
v 0.034842 0.111359 0.208596
v 0.032083 0.111499 0.203303
v 0.038250 0.094340 0.223599
v 0.039668 0.094419 0.216824
v 0.007893 0.145517 0.227013
v 0.012224 0.140379 0.213790
v 0.012169 0.135692 0.221804
v 0.013580 0.136598 0.214911
v 0.014526 0.122370 0.217770
v 0.015220 0.145896 0.213488
v 0.018898 0.122187 0.207544
v 0.014238 0.135921 0.210111
v 0.012752 0.143208 0.207459
v 0.013246 0.145559 0.202388
v 0.012859 0.137247 0.226240
v 0.016966 0.135806 0.205331
v 0.015963 0.117204 0.226669
v 0.022196 0.117700 0.223824
v 0.022616 0.118358 0.223764
v 0.021189 0.138401 0.214215
v 0.022636 0.118995 0.214935
v 0.025555 0.117193 0.203662
v 0.016784 0.145894 0.206114
v 0.022011 0.140097 0.210795
v 0.020170 0.142675 0.201720
v 0.026994 0.117908 0.226893
v 0.023624 0.121744 0.233869
v 0.019132 0.137667 0.224500
v 0.024912 0.141425 0.204761
v 0.025247 0.137264 0.229591
v 0.023521 0.151054 0.215430
v 0.023072 0.117613 0.215040
v 0.028429 0.117681 0.211577
v 0.023639 0.137985 0.209564
v 0.021657 0.136561 0.203660
v 0.024686 0.145562 0.227249
v 0.022109 0.148026 0.219667
v 0.025235 0.150145 0.225142
v 0.024837 0.139461 0.214957
v 0.028293 0.147155 0.211831
v 0.030752 0.117874 0.228700
v 0.023505 0.138504 0.222929
v 0.030133 0.118427 0.211594
v 0.027856 0.138011 0.208459
v 0.033344 0.144947 0.202202
v 0.029973 0.154824 0.215984
v 0.026324 0.140114 0.201092
v 0.032604 0.143225 0.199002
v 0.031986 0.141352 0.226888
v 0.032479 0.149144 0.228397
v 0.028868 0.154695 0.222956
v 0.035170 0.138085 0.207648
v 0.032754 0.146851 0.209893
v 0.035322 0.140310 0.207363
v 0.040896 0.117441 0.223981
v 0.036082 0.140089 0.225724
v 0.033457 0.139654 0.213239
v 0.036564 0.117693 0.211978
v 0.035574 0.122172 0.203003
v 0.033502 0.135576 0.201368
v 0.042589 0.138229 0.205115
v 0.040153 0.138850 0.227853
v 0.043055 0.138516 0.216271
v 0.037241 0.147744 0.225229
v 0.035951 0.155030 0.219557
v 0.038393 0.140560 0.217958
v 0.015080 0.026549 0.171942
v 0.009571 0.015423 0.162923
v 0.010191 0.025242 0.156578
v 0.018698 0.034095 0.149976
v 0.015421 0.014925 0.172923
v 0.016913 0.031143 0.165728
v 0.018503 0.014381 0.175067
v 0.022810 0.037973 0.157348
v 0.026793 0.022570 0.177856
v 0.032615 0.014869 0.178548
v 0.029898 0.027416 0.173108
v 0.026665 0.034771 0.167581
v 0.036130 0.034954 0.165655
v 0.028780 0.042236 0.163190
v 0.032599 0.033310 0.170389
v 0.040741 0.015504 0.177400
v 0.039341 0.024916 0.175941
v 0.018105 0.063009 0.158543
v 0.021069 0.063480 0.162317
v 0.020528 0.064654 0.158034
v 0.018669 0.065481 0.152892
v 0.020241 0.052126 0.154633
v 0.023313 0.070993 0.166503
v 0.022909 0.053469 0.166203
v 0.021436 0.055249 0.160710
v 0.022118 0.064338 0.162429
v 0.020000 0.073008 0.159898
v 0.024258 0.049412 0.159381
v 0.025819 0.043150 0.153099
v 0.023962 0.057642 0.155787
v 0.030958 0.049328 0.148768
v 0.036924 0.052670 0.168681
v 0.024633 0.063887 0.166374
v 0.024881 0.056402 0.159166
v 0.026967 0.057348 0.161126
v 0.031120 0.064780 0.167102
v 0.028891 0.076077 0.167520
v 0.036428 0.063722 0.168997
v 0.037088 0.073040 0.168039
v 0.029302 0.050796 0.164215
v 0.036651 0.050187 0.162218
v 0.032275 0.057998 0.163871
v 0.031908 0.067390 0.168038
v 0.036601 0.057893 0.161007
v 0.036625 0.065614 0.164924
v 0.035086 0.079792 0.162738
v 0.042204 0.077842 0.157194
v 0.039434 0.050564 0.152491
v 0.038297 0.058331 0.156595
v 0.022433 0.080172 0.158725
v 0.026931 0.080032 0.150905
v 0.031232 0.083844 0.157079
v 0.008984 0.015511 0.151596
v 0.013807 0.014448 0.141371
v 0.013245 0.025088 0.145710
v 0.017957 0.028749 0.148126
v 0.023968 0.026696 0.140129
v 0.025058 0.014424 0.135225
v 0.021609 0.024618 0.137355
v 0.023624 0.032460 0.144914
v 0.030489 0.024094 0.135113
v 0.034850 0.015444 0.134293
v 0.032626 0.036169 0.148209
v 0.031618 0.032991 0.141983
v 0.037569 0.034764 0.148347
v 0.020332 0.063747 0.152806
v 0.026689 0.068681 0.144778
v 0.020659 0.074067 0.150178
v 0.022631 0.052554 0.145549
v 0.022440 0.063898 0.147639
v 0.024430 0.065793 0.148077
v 0.026540 0.058464 0.149839
v 0.030427 0.039863 0.147673
v 0.030030 0.075536 0.144913
v 0.032061 0.058228 0.148848
v 0.028489 0.065101 0.145630
v 0.037361 0.078676 0.145703
v 0.034973 0.063635 0.143014
v 0.037213 0.057652 0.152994
v 0.035819 0.053391 0.145233
v 0.043364 0.026422 0.238623
v 0.046506 0.016810 0.242334
v 0.052878 0.021791 0.235879
v 0.051692 0.032821 0.238735
v 0.060507 0.018137 0.225596
v 0.055400 0.033040 0.231780
v 0.075575 0.015233 0.240619
v 0.065569 0.029889 0.230650
v 0.068946 0.033716 0.231781
v 0.063650 0.015484 0.226553
v 0.073226 0.024532 0.233825
v 0.065653 0.020436 0.228252
v 0.075931 0.019728 0.242771
v 0.076911 0.014991 0.202354
v 0.041215 0.045969 0.235665
v 0.046238 0.050411 0.235794
v 0.041120 0.050409 0.237151
v 0.047049 0.050356 0.232823
v 0.038986 0.135500 0.236187
v 0.044478 0.135655 0.234168
v 0.048299 0.145647 0.237251
v 0.045237 0.135630 0.231798
v 0.047828 0.137518 0.226259
v 0.044709 0.145880 0.233417
v 0.045580 0.026339 0.200968
v 0.035094 0.026394 0.197974
v 0.041926 0.016751 0.194766
v 0.046232 0.021147 0.196837
v 0.048533 0.026335 0.206175
v 0.053167 0.016459 0.203860
v 0.049561 0.032958 0.198630
v 0.052710 0.026340 0.229177
v 0.053038 0.026394 0.214194
v 0.058176 0.021398 0.231304
v 0.059896 0.033329 0.223357
v 0.056909 0.017327 0.214694
v 0.058943 0.019457 0.218330
v 0.057609 0.032745 0.211264
v 0.056892 0.021139 0.209011
v 0.063707 0.020059 0.210642
v 0.068244 0.024605 0.228768
v 0.063808 0.030269 0.215961
v 0.067455 0.015609 0.209134
v 0.069284 0.030202 0.203155
v 0.069776 0.038317 0.220252
v 0.067752 0.024541 0.214535
v 0.072689 0.024211 0.205799
v 0.068929 0.019097 0.204040
v 0.074580 0.018114 0.196958
v 0.074081 0.038251 0.205338
v 0.080720 0.029102 0.194335
v 0.041164 0.046037 0.204859
v 0.043290 0.056199 0.217832
v 0.040652 0.067948 0.216712
v 0.042499 0.045900 0.203960
v 0.041938 0.050462 0.203560
v 0.045260 0.045613 0.210408
v 0.051688 0.039563 0.209166
v 0.050027 0.050445 0.223069
v 0.049210 0.045220 0.219245
v 0.047701 0.048308 0.209959
v 0.047810 0.046874 0.228520
v 0.052560 0.050466 0.214556
v 0.074433 0.042575 0.221638
v 0.078001 0.042442 0.208759
v 0.070919 0.045761 0.219375
v 0.076980 0.052933 0.215699
v 0.042288 0.111514 0.218753
v 0.040518 0.111578 0.206176
v 0.046276 0.111539 0.225775
v 0.047172 0.117164 0.223126
v 0.047075 0.111472 0.216455
v 0.073105 0.084141 0.221446
v 0.071665 0.106959 0.218749
v 0.078797 0.111192 0.206935
v 0.074281 0.089261 0.225243
v 0.074310 0.086332 0.222077
v 0.075159 0.088747 0.219571
v 0.076614 0.092551 0.215477
v 0.073670 0.111276 0.221001
v 0.085483 0.127780 0.216031
v 0.077319 0.103534 0.211608
v 0.077325 0.116100 0.215137
v 0.074991 0.087772 0.214304
v 0.076738 0.085974 0.208760
v 0.038939 0.117838 0.218489
v 0.040047 0.149323 0.217300
v 0.044692 0.117093 0.210586
v 0.039202 0.138597 0.211859
v 0.037897 0.145699 0.197585
v 0.041561 0.118752 0.223815
v 0.043078 0.140063 0.216129
v 0.041307 0.139451 0.222886
v 0.040784 0.143475 0.206404
v 0.036093 0.117097 0.204708
v 0.043336 0.142376 0.203118
v 0.044067 0.121410 0.213279
v 0.046894 0.145123 0.223918
v 0.047079 0.122131 0.226136
v 0.048172 0.136673 0.210434
v 0.053377 0.145175 0.212615
v 0.046196 0.137029 0.207691
v 0.049092 0.140401 0.226503
v 0.049685 0.136772 0.222239
v 0.048410 0.144631 0.217592
v 0.049631 0.137478 0.218465
v 0.047445 0.140071 0.207236
v 0.051723 0.143240 0.218117
v 0.053335 0.145195 0.212706
v 0.053411 0.145199 0.212726
v 0.053411 0.145190 0.212687
v 0.038870 0.028153 0.171307
v 0.043849 0.033634 0.155124
v 0.049779 0.022332 0.168766
v 0.044282 0.032245 0.163976
v 0.036878 0.042568 0.161165
v 0.046372 0.027012 0.165513
v 0.054570 0.014689 0.162596
v 0.052231 0.026064 0.157500
v 0.043810 0.014775 0.138179
v 0.052525 0.014926 0.148930
v 0.072416 0.015448 0.163918
v 0.071342 0.014641 0.150963
v 0.072988 0.024947 0.156677
v 0.041133 0.052524 0.161316
v 0.042046 0.063901 0.161102
v 0.040419 0.061348 0.160166
v 0.038220 0.041774 0.153286
v 0.042781 0.069743 0.162439
v 0.045838 0.063539 0.155343
v 0.044374 0.052397 0.155088
v 0.043613 0.070225 0.154637
v 0.040502 0.065189 0.151426
v 0.042623 0.032497 0.147453
v 0.038852 0.028404 0.140122
v 0.042399 0.024513 0.138464
v 0.047951 0.027511 0.151765
v 0.049335 0.024003 0.144839
v 0.075691 0.025032 0.145582
v 0.077214 0.014371 0.140204
v 0.037080 0.064712 0.146330
v 0.040424 0.063601 0.149025
v 0.041760 0.055031 0.153370
v 0.039593 0.066862 0.145798
v 0.082289 0.016287 0.231716
v 0.080300 0.024340 0.240880
v 0.085465 0.041082 0.234236
v 0.078742 0.042674 0.229727
v 0.075215 0.031689 0.242287
v 0.090032 0.015604 0.244665
v 0.094865 0.020848 0.245076
v 0.091783 0.028393 0.244975
v 0.089467 0.033272 0.245525
v 0.091556 0.042706 0.234380
v 0.092973 0.024411 0.242036
v 0.103591 0.015173 0.240476
v 0.104277 0.024223 0.236529
v 0.103959 0.030812 0.241631
v 0.106207 0.019940 0.238333
v 0.099343 0.042541 0.232024
v 0.108086 0.030587 0.236490
v 0.110205 0.015185 0.233276
v 0.113343 0.030305 0.229929
v 0.114541 0.017981 0.229220
v 0.080789 0.045569 0.236994
v 0.075755 0.051474 0.225231
v 0.087663 0.052572 0.233228
v 0.097076 0.047071 0.235314
v 0.104671 0.041078 0.227821
v 0.102750 0.050705 0.225980
v 0.076195 0.107313 0.228563
v 0.082661 0.115312 0.231620
v 0.081400 0.105386 0.233504
v 0.087418 0.107131 0.236549
v 0.080429 0.084500 0.232656
v 0.089752 0.088205 0.235397
v 0.089794 0.098543 0.229161
v 0.085260 0.088002 0.234395
v 0.091867 0.091971 0.232078
v 0.090368 0.094657 0.229061
v 0.089520 0.095744 0.232841
v 0.092126 0.084661 0.236789
v 0.099147 0.087851 0.231288
v 0.091374 0.119731 0.229405
v 0.081945 0.023500 0.198700
v 0.081262 0.016058 0.195876
v 0.100004 0.016665 0.218058
v 0.094696 0.015758 0.194722
v 0.086121 0.033214 0.195079
v 0.090562 0.021055 0.192830
v 0.093502 0.027049 0.195572
v 0.098815 0.015263 0.199302
v 0.097753 0.032061 0.194721
v 0.106103 0.029073 0.201100
v 0.108561 0.015688 0.204478
v 0.100204 0.041224 0.208097
v 0.107670 0.024317 0.207783
v 0.103763 0.024254 0.200509
v 0.107988 0.034089 0.203923
v 0.110641 0.024548 0.226491
v 0.112571 0.035457 0.215162
v 0.113706 0.015767 0.212536
v 0.111209 0.024426 0.214228
v 0.108057 0.018562 0.199190
v 0.115540 0.030029 0.213717
v 0.114933 0.020088 0.214025
v 0.081507 0.057586 0.211908
v 0.078168 0.047101 0.206950
v 0.081568 0.061740 0.222403
v 0.084684 0.046900 0.202281
v 0.083318 0.081026 0.226349
v 0.083642 0.067016 0.213788
v 0.092631 0.056062 0.209664
v 0.078989 0.042301 0.206641
v 0.081722 0.071906 0.221224
v 0.085581 0.062628 0.226652
v 0.091700 0.059130 0.228426
v 0.091366 0.072117 0.226725
v 0.089430 0.064463 0.212304
v 0.089744 0.042275 0.203482
v 0.092309 0.079824 0.229175
v 0.093460 0.081632 0.211803
v 0.096772 0.057345 0.224672
v 0.096543 0.046361 0.203387
v 0.098041 0.059114 0.220048
v 0.097110 0.071635 0.221841
v 0.095300 0.067142 0.213264
v 0.096776 0.080086 0.215006
v 0.097390 0.057736 0.214935
v 0.105909 0.045484 0.225854
v 0.103661 0.042982 0.214789
v 0.103339 0.047521 0.209464
v 0.107286 0.046325 0.217175
v 0.076487 0.088334 0.228727
v 0.079257 0.092802 0.229127
v 0.077862 0.115229 0.225205
v 0.077022 0.095420 0.215780
v 0.082236 0.113151 0.218885
v 0.077479 0.083424 0.207983
v 0.079359 0.085707 0.206594
v 0.079308 0.095173 0.227149
v 0.080055 0.099145 0.214650
v 0.081996 0.094871 0.218957
v 0.079827 0.080437 0.217853
v 0.081221 0.094244 0.214681
v 0.086810 0.080701 0.210375
v 0.085751 0.092117 0.206969
v 0.083477 0.094571 0.208642
v 0.085323 0.098529 0.210468
v 0.081510 0.088096 0.205156
v 0.085370 0.121529 0.211132
v 0.084308 0.094641 0.227793
v 0.079462 0.099039 0.226721
v 0.087583 0.114252 0.217491
v 0.085381 0.093582 0.210103
v 0.086376 0.103904 0.205490
v 0.093233 0.094924 0.207390
v 0.092903 0.120644 0.212802
v 0.089418 0.093662 0.209389
v 0.090053 0.111518 0.202797
v 0.098881 0.117082 0.215477
v 0.093252 0.091936 0.205466
v 0.094319 0.094047 0.212350
v 0.093335 0.099561 0.209199
v 0.093457 0.084186 0.203773
v 0.094716 0.086197 0.204155
v 0.095847 0.094022 0.227425
v 0.098142 0.114629 0.207964
v 0.101481 0.084323 0.229648
v 0.098520 0.098386 0.224713
v 0.099414 0.081253 0.221920
v 0.100173 0.098812 0.215481
v 0.098394 0.103122 0.206867
v 0.102485 0.093018 0.225308
v 0.099771 0.094134 0.222973
v 0.103986 0.103972 0.223566
v 0.101789 0.095406 0.221495
v 0.098112 0.094087 0.217103
v 0.099783 0.094995 0.213117
v 0.100015 0.113263 0.219045
v 0.101964 0.090999 0.213498
v 0.100965 0.084900 0.206530
v 0.105079 0.108572 0.213673
v 0.101128 0.088661 0.228943
v 0.095215 0.098263 0.230362
v 0.097446 0.108786 0.233511
v 0.100265 0.116587 0.217066
v 0.100150 0.116810 0.214549
v 0.105279 0.086083 0.225610
v 0.105026 0.086439 0.223297
v 0.105497 0.084035 0.219309
v 0.105510 0.110513 0.221264
v 0.104069 0.088204 0.214856
v 0.104710 0.086100 0.213824
v 0.085351 0.128439 0.220573
v 0.081781 0.137998 0.216818
v 0.084869 0.123439 0.212830
v 0.086138 0.138150 0.212423
v 0.087416 0.127348 0.224522
v 0.084523 0.140807 0.224945
v 0.083236 0.133488 0.222346
v 0.090301 0.139504 0.227570
v 0.090661 0.128364 0.224164
v 0.094645 0.137284 0.224441
v 0.093151 0.129138 0.215012
v 0.090794 0.132136 0.213530
v 0.094493 0.123413 0.223114
v 0.097166 0.120261 0.214429
v 0.088761 0.142558 0.218249
v 0.096839 0.139969 0.218196
v 0.093084 0.139669 0.213455
v 0.092238 0.117800 0.209388
v 0.097820 0.115806 0.230832
v 0.096046 0.125403 0.219904
v 0.103946 0.108256 0.228004
v 0.078613 0.015300 0.173085
v 0.081177 0.033930 0.156077
v 0.080912 0.032925 0.161755
v 0.086707 0.024732 0.177177
v 0.075834 0.024748 0.167130
v 0.090124 0.015414 0.178104
v 0.082112 0.028347 0.168166
v 0.090035 0.035269 0.165104
v 0.079296 0.013351 0.166406
v 0.089870 0.033805 0.169097
v 0.092534 0.027400 0.172868
v 0.087072 0.041379 0.157862
v 0.100159 0.028435 0.170977
v 0.096884 0.033922 0.168941
v 0.095938 0.038529 0.163150
v 0.101648 0.015075 0.177443
v 0.103604 0.033183 0.165251
v 0.103242 0.035911 0.152986
v 0.108846 0.014833 0.172649
v 0.101438 0.024511 0.176068
v 0.111176 0.025561 0.167667
v 0.110061 0.032623 0.153105
v 0.114968 0.024445 0.156841
v 0.110957 0.027448 0.149032
v 0.115907 0.015120 0.162083
v 0.079490 0.063678 0.156133
v 0.085944 0.063706 0.164134
v 0.081875 0.073391 0.159736
v 0.082429 0.052044 0.153685
v 0.082753 0.065120 0.154784
v 0.083764 0.071325 0.148815
v 0.085190 0.066618 0.167150
v 0.084010 0.055251 0.159592
v 0.085473 0.052848 0.164849
v 0.084364 0.064985 0.160469
v 0.087069 0.057639 0.152608
v 0.087202 0.057761 0.160125
v 0.093277 0.076997 0.169143
v 0.087812 0.049628 0.159588
v 0.086950 0.050324 0.150981
v 0.088943 0.064806 0.166585
v 0.089107 0.063731 0.167858
v 0.099632 0.064175 0.166333
v 0.094731 0.055028 0.168139
v 0.092456 0.058056 0.164103
v 0.096168 0.053026 0.167430
v 0.091484 0.048394 0.162785
v 0.096736 0.057757 0.161987
v 0.099970 0.063339 0.166637
v 0.099892 0.041289 0.159180
v 0.096356 0.049192 0.162348
v 0.101355 0.050849 0.158391
v 0.100591 0.057929 0.153563
v 0.104753 0.053373 0.162346
v 0.099177 0.058857 0.162236
v 0.099506 0.048828 0.152533
v 0.104973 0.071427 0.165768
v 0.105155 0.063205 0.160225
v 0.103261 0.064740 0.160000
v 0.103655 0.080627 0.152846
v 0.106707 0.053459 0.154272
v 0.106587 0.070128 0.151377
v 0.085685 0.080219 0.153869
v 0.089252 0.081388 0.161286
v 0.096018 0.082364 0.155546
v 0.100650 0.079099 0.162513
v 0.082171 0.033392 0.150038
v 0.083120 0.013976 0.136323
v 0.083849 0.024522 0.137415
v 0.083093 0.014585 0.152785
v 0.087982 0.041126 0.151843
v 0.086154 0.027698 0.140590
v 0.093050 0.023810 0.134591
v 0.088030 0.033202 0.142748
v 0.098356 0.032715 0.142381
v 0.097674 0.015387 0.134041
v 0.106834 0.014385 0.138044
v 0.105059 0.024475 0.138165
v 0.115477 0.013895 0.149141
v 0.111740 0.024037 0.144525
v 0.086136 0.055347 0.150012
v 0.085842 0.063750 0.148213
v 0.087748 0.059715 0.149292
v 0.091533 0.068388 0.143590
v 0.093766 0.058424 0.147447
v 0.087191 0.059872 0.147862
v 0.087316 0.052430 0.147199
v 0.089313 0.063454 0.145580
v 0.092675 0.057668 0.150088
v 0.095771 0.041528 0.148287
v 0.094657 0.055063 0.145450
v 0.095486 0.052301 0.144906
v 0.094345 0.065191 0.145736
v 0.100505 0.056463 0.153538
v 0.095723 0.049888 0.149053
v 0.097167 0.063662 0.144231
v 0.100605 0.060951 0.149814
v 0.102828 0.053283 0.149328
v 0.100181 0.064527 0.147337
v 0.098448 0.072225 0.143184
v 0.105697 0.063832 0.150338
v 0.103851 0.065165 0.150518
v 0.090218 0.079313 0.146686
v 0.137963 0.016529 0.235644
v 0.133223 0.033864 0.229160
v 0.136524 0.025051 0.230481
v 0.140084 0.029418 0.238646
v 0.145329 0.015124 0.243390
v 0.141709 0.040160 0.229108
v 0.146926 0.020912 0.241921
v 0.141834 0.034038 0.240502
v 0.157277 0.016364 0.238633
v 0.149925 0.024363 0.242226
v 0.152495 0.015269 0.244140
v 0.159700 0.020325 0.244595
v 0.150482 0.029371 0.245067
v 0.163455 0.029470 0.246210
v 0.140765 0.048673 0.226174
v 0.143443 0.045730 0.236947
v 0.150059 0.040313 0.237995
v 0.148458 0.048668 0.230947
v 0.155613 0.047411 0.243739
v 0.130859 0.027919 0.217650
v 0.132028 0.033839 0.216141
v 0.136114 0.020285 0.208604
v 0.131623 0.016534 0.217033
v 0.135310 0.024372 0.214303
v 0.145205 0.035399 0.198802
v 0.135286 0.031640 0.204554
v 0.135898 0.015991 0.208069
v 0.176694 0.016106 0.203862
v 0.142004 0.024373 0.205994
v 0.143575 0.015494 0.199248
v 0.161182 0.015182 0.193964
v 0.146241 0.029118 0.196009
v 0.147417 0.024407 0.199395
v 0.147909 0.020162 0.195219
v 0.155484 0.034107 0.194210
v 0.136053 0.045657 0.213425
v 0.145690 0.048994 0.210090
v 0.137958 0.044960 0.233843
v 0.137028 0.045271 0.224508
v 0.139527 0.040486 0.214096
v 0.145950 0.045419 0.199653
v 0.144222 0.048719 0.216649
v 0.144408 0.062064 0.232012
v 0.145226 0.070829 0.228781
v 0.150260 0.082267 0.218195
v 0.142680 0.059011 0.215192
v 0.146718 0.048298 0.225259
v 0.145205 0.040209 0.206412
v 0.152236 0.040475 0.202704
v 0.146990 0.048059 0.206467
v 0.155125 0.057536 0.198306
v 0.149303 0.062982 0.204072
v 0.147378 0.089501 0.228308
v 0.145740 0.103942 0.210724
v 0.147807 0.089703 0.198676
v 0.154243 0.115283 0.217863
v 0.147676 0.093329 0.215403
v 0.150131 0.093631 0.188701
v 0.151218 0.109122 0.201773
v 0.151064 0.118600 0.210386
v 0.134780 0.024678 0.148871
v 0.136232 0.024644 0.164091
v 0.146513 0.024220 0.175493
v 0.146015 0.013925 0.136494
v 0.134891 0.014109 0.162956
v 0.143835 0.032667 0.162538
v 0.140116 0.016329 0.172073
v 0.145267 0.033255 0.147791
v 0.146708 0.038690 0.161707
v 0.147833 0.037441 0.156726
v 0.154709 0.034130 0.168977
v 0.149642 0.032492 0.168606
v 0.151150 0.047982 0.160463
v 0.152776 0.049076 0.150794
v 0.146064 0.014893 0.176060
v 0.156686 0.024117 0.177675
v 0.143891 0.076397 0.152530
v 0.149744 0.052153 0.165197
v 0.144675 0.052104 0.162485
v 0.143405 0.070349 0.162428
v 0.145477 0.063544 0.153236
v 0.144892 0.063879 0.156839
v 0.145053 0.063606 0.159893
v 0.147391 0.064755 0.161951
v 0.145143 0.055343 0.151918
v 0.148809 0.057928 0.160128
v 0.146185 0.061151 0.154137
v 0.147451 0.044881 0.153285
v 0.147027 0.050787 0.150553
v 0.152018 0.056702 0.164438
v 0.151457 0.057208 0.160770
v 0.154789 0.073050 0.168752
v 0.148487 0.063395 0.166226
v 0.152975 0.064890 0.166625
v 0.152688 0.058519 0.163133
v 0.148454 0.079440 0.164068
v 0.134032 0.014791 0.152542
v 0.139496 0.014890 0.140532
v 0.141030 0.031142 0.155406
v 0.146158 0.024347 0.137567
v 0.154198 0.014170 0.134791
v 0.151710 0.038757 0.149200
v 0.143994 0.027490 0.143751
v 0.153061 0.034358 0.145969
v 0.158784 0.028971 0.139559
v 0.148835 0.064410 0.147732
v 0.149653 0.063553 0.146140
v 0.151830 0.074604 0.145542
v 0.149595 0.057406 0.151291
v 0.153690 0.063773 0.145026
v 0.153371 0.052794 0.144180
v 0.149188 0.066221 0.146095
v 0.154599 0.058277 0.149375
v 0.152069 0.081501 0.151917
v 0.156416 0.036782 0.244701
v 0.163310 0.015481 0.245103
v 0.161659 0.024398 0.241047
v 0.171007 0.015626 0.239726
v 0.173696 0.032977 0.242352
v 0.170543 0.024481 0.239948
v 0.173267 0.020022 0.241988
v 0.180898 0.024378 0.227292
v 0.176439 0.024377 0.232803
v 0.182592 0.034364 0.230631
v 0.182649 0.015865 0.231564
v 0.183424 0.029889 0.232535
v 0.154996 0.086681 0.246920
v 0.156320 0.047747 0.242776
v 0.156711 0.063888 0.248912
v 0.160463 0.053973 0.245898
v 0.167649 0.040789 0.237738
v 0.163134 0.047750 0.238172
v 0.160632 0.077165 0.249268
v 0.166772 0.048668 0.233050
v 0.169635 0.045030 0.241257
v 0.170283 0.078857 0.230512
v 0.169613 0.064198 0.235687
v 0.176583 0.048507 0.226694
v 0.174689 0.045304 0.234425
v 0.179512 0.045549 0.227853
v 0.147880 0.102772 0.225067
v 0.154863 0.098457 0.239322
v 0.154779 0.111678 0.230912
v 0.160650 0.102726 0.238114
v 0.160683 0.117236 0.220018
v 0.167502 0.088087 0.236509
v 0.168323 0.111583 0.214440
v 0.163828 0.028701 0.193066
v 0.162233 0.024409 0.197866
v 0.171829 0.018887 0.197877
v 0.165272 0.019184 0.194628
v 0.172526 0.024423 0.202608
v 0.175684 0.040688 0.227748
v 0.173320 0.035477 0.197284
v 0.179175 0.024417 0.211806
v 0.178475 0.029901 0.202095
v 0.176033 0.019258 0.200151
v 0.183565 0.015616 0.215081
v 0.184855 0.019287 0.213570
v 0.184603 0.029876 0.214553
v 0.157399 0.040608 0.200180
v 0.155693 0.048201 0.199818
v 0.158639 0.047309 0.197866
v 0.158135 0.074765 0.207021
v 0.159148 0.046577 0.198939
v 0.168502 0.055396 0.201434
v 0.165421 0.045399 0.198561
v 0.164209 0.066485 0.203223
v 0.165168 0.048376 0.203588
v 0.167134 0.039823 0.202983
v 0.171704 0.048273 0.225612
v 0.168687 0.074806 0.216641
v 0.173567 0.062703 0.223321
v 0.174495 0.057426 0.211729
v 0.172256 0.048642 0.221107
v 0.170143 0.048727 0.208644
v 0.170081 0.048539 0.205458
v 0.174367 0.040117 0.209099
v 0.183328 0.035649 0.214140
v 0.178701 0.040162 0.213087
v 0.180021 0.045957 0.217294
v 0.174898 0.044983 0.203208
v 0.156962 0.084025 0.213603
v 0.154154 0.084096 0.194108
v 0.152343 0.088446 0.188797
v 0.156739 0.085968 0.205710
v 0.158627 0.094508 0.186102
v 0.161861 0.084907 0.200523
v 0.161942 0.113120 0.204977
v 0.168903 0.093227 0.204010
v 0.165515 0.104427 0.201163
v 0.164882 0.103933 0.197739
v 0.168667 0.092294 0.188608
v 0.165630 0.087010 0.215972
v 0.168471 0.091233 0.209704
v 0.169687 0.109483 0.209339
v 0.170920 0.095730 0.221922
v 0.158782 0.116991 0.213144
v 0.152096 0.117195 0.207584
v 0.165585 0.119607 0.207972
v 0.153291 0.039345 0.165719
v 0.158278 0.015968 0.178640
v 0.165904 0.024507 0.175204
v 0.161838 0.033146 0.168724
v 0.163521 0.034683 0.164131
v 0.174571 0.025483 0.165911
v 0.168593 0.032708 0.162276
v 0.166591 0.014110 0.175199
v 0.170882 0.014926 0.138786
v 0.173254 0.016379 0.171030
v 0.176900 0.014200 0.161818
v 0.178003 0.023479 0.159516
v 0.178129 0.014351 0.151049
v 0.158229 0.063510 0.168198
v 0.152489 0.066308 0.167722
v 0.154073 0.042734 0.162507
v 0.156267 0.057200 0.162745
v 0.161871 0.053842 0.167050
v 0.154418 0.052242 0.167388
v 0.160669 0.041982 0.161864
v 0.161696 0.064123 0.167330
v 0.161353 0.057906 0.158738
v 0.161425 0.056664 0.158606
v 0.163162 0.079169 0.163828
v 0.169818 0.072328 0.160354
v 0.162296 0.048585 0.160605
v 0.163794 0.048578 0.154121
v 0.161072 0.057058 0.152173
v 0.162064 0.058487 0.147928
v 0.165454 0.063655 0.164017
v 0.167258 0.065327 0.158583
v 0.163926 0.058299 0.160990
v 0.165344 0.036930 0.153263
v 0.167697 0.053572 0.160005
v 0.169096 0.063676 0.152513
v 0.165180 0.050959 0.148548
v 0.166280 0.064890 0.152916
v 0.156110 0.082796 0.157906
v 0.164244 0.079023 0.154599
v 0.163949 0.084288 0.188241
v 0.153824 0.032581 0.142239
v 0.165162 0.033138 0.144393
v 0.155241 0.023807 0.134765
v 0.158220 0.037982 0.147938
v 0.169503 0.032918 0.151485
v 0.161467 0.014928 0.134522
v 0.166280 0.024709 0.137792
v 0.175997 0.024925 0.146657
v 0.158733 0.065527 0.146329
v 0.159949 0.063698 0.143995
v 0.160113 0.057906 0.150059
v 0.157631 0.048857 0.150083
v 0.165240 0.055565 0.148618
v 0.160378 0.072790 0.144587
v 0.163087 0.064593 0.148222
v 0.166942 0.069131 0.148152
v 0.160723 0.080581 0.148922
v 0.196178 0.018060 0.235686
v 0.192227 0.017110 0.218552
v 0.193791 0.025000 0.228759
v 0.201725 0.024814 0.240557
v 0.207891 0.017430 0.243797
v 0.196940 0.021516 0.234999
v 0.194844 0.029602 0.232598
v 0.205407 0.024585 0.245755
v 0.214127 0.017088 0.248131
v 0.211780 0.024605 0.247190
v 0.213123 0.024498 0.246506
v 0.221589 0.021638 0.247266
v 0.216348 0.042273 0.239077
v 0.208000 0.021722 0.244604
v 0.221342 0.024580 0.249441
v 0.225278 0.024410 0.246734
v 0.216189 0.017897 0.216378
v 0.226323 0.024613 0.247773
v 0.232779 0.017581 0.244114
v 0.235460 0.022421 0.242789
v 0.225973 0.042307 0.238460
v 0.201454 0.045865 0.230503
v 0.210376 0.045470 0.239103
v 0.206954 0.042082 0.234664
v 0.203297 0.075017 0.229252
v 0.218645 0.045649 0.240652
v 0.212880 0.086061 0.237476
v 0.221753 0.070593 0.238077
v 0.229362 0.045586 0.238479
v 0.237131 0.041985 0.230802
v 0.231763 0.069215 0.234373
v 0.198425 0.114985 0.232206
v 0.201286 0.104537 0.234765
v 0.198437 0.089959 0.227181
v 0.201586 0.096627 0.233555
v 0.203238 0.098464 0.236980
v 0.208718 0.116570 0.226097
v 0.205942 0.098358 0.238497
v 0.204992 0.105508 0.238545
v 0.206188 0.110892 0.239628
v 0.205175 0.089986 0.237090
v 0.205588 0.105612 0.237979
v 0.200617 0.109777 0.232683
v 0.206921 0.116085 0.240472
v 0.207471 0.109889 0.238775
v 0.215098 0.094439 0.244256
v 0.211306 0.109321 0.228700
v 0.213339 0.115588 0.230699
v 0.220349 0.116943 0.242538
v 0.213981 0.090037 0.241780
v 0.206285 0.087224 0.232321
v 0.212077 0.093969 0.241204
v 0.215414 0.096954 0.243628
v 0.210246 0.074517 0.236249
v 0.221655 0.094453 0.242191
v 0.223145 0.099284 0.243734
v 0.235529 0.097432 0.237149
v 0.227933 0.096625 0.241122
v 0.226069 0.089717 0.242063
v 0.227087 0.095639 0.242365
v 0.235039 0.097883 0.238559
v 0.224604 0.086001 0.237754
v 0.192352 0.021631 0.221133
v 0.194081 0.024364 0.210150
v 0.192712 0.024515 0.215976
v 0.195379 0.021539 0.207069
v 0.192054 0.024587 0.208112
v 0.198182 0.024597 0.201178
v 0.194855 0.017091 0.210670
v 0.205198 0.043210 0.204444
v 0.191700 0.027722 0.218434
v 0.198242 0.017021 0.200634
v 0.204392 0.022133 0.196679
v 0.197866 0.024334 0.203108
v 0.203633 0.024737 0.195207
v 0.209988 0.017490 0.194831
v 0.207584 0.024260 0.195056
v 0.206700 0.024298 0.195899
v 0.206700 0.024300 0.195900
v 0.206699 0.024300 0.195898
v 0.212193 0.024450 0.192766
v 0.218358 0.021657 0.191909
v 0.222960 0.024219 0.192215
v 0.232337 0.021497 0.194862
v 0.231469 0.028367 0.194041
v 0.231892 0.023892 0.194605
v 0.200647 0.061530 0.220905
v 0.198547 0.042318 0.218153
v 0.200515 0.046239 0.210697
v 0.202105 0.074571 0.212285
v 0.202598 0.042173 0.226185
v 0.209342 0.045944 0.200716
v 0.217494 0.042411 0.198648
v 0.210043 0.074045 0.204649
v 0.218865 0.071085 0.200997
v 0.224655 0.042315 0.198712
v 0.230620 0.087291 0.202567
v 0.195923 0.099126 0.215100
v 0.198677 0.094947 0.229943
v 0.197518 0.097957 0.225983
v 0.197451 0.090004 0.215460
v 0.197934 0.094591 0.215183
v 0.198109 0.098277 0.210072
v 0.197253 0.094658 0.209881
v 0.202629 0.096707 0.204249
v 0.199430 0.098734 0.205812
v 0.197408 0.095923 0.220169
v 0.200820 0.094502 0.206966
v 0.198931 0.109269 0.206429
v 0.201346 0.116958 0.208055
v 0.202564 0.096029 0.202828
v 0.201839 0.087924 0.225414
v 0.202259 0.086434 0.209957
v 0.215446 0.086057 0.201476
v 0.205369 0.107614 0.206780
v 0.203123 0.089712 0.203421
v 0.206473 0.097413 0.201169
v 0.210509 0.094793 0.198868
v 0.207612 0.115698 0.199123
v 0.210064 0.108426 0.220519
v 0.211334 0.109580 0.209920
v 0.206419 0.109372 0.199532
v 0.219223 0.106435 0.210738
v 0.213715 0.116307 0.208303
v 0.213935 0.089731 0.197178
v 0.212545 0.097813 0.197334
v 0.215299 0.095549 0.197322
v 0.215545 0.098080 0.195023
v 0.212650 0.098554 0.196696
v 0.213505 0.098550 0.196138
v 0.218656 0.106615 0.228966
v 0.227041 0.115571 0.230829
v 0.213735 0.098550 0.195988
v 0.213885 0.098550 0.195890
v 0.214050 0.098550 0.195782
v 0.211149 0.105159 0.196823
v 0.219004 0.115930 0.197336
v 0.226635 0.115522 0.208110
v 0.226250 0.086684 0.201715
v 0.229149 0.107621 0.221007
v 0.232379 0.115709 0.198632
v 0.229336 0.109162 0.209909
v 0.231712 0.089986 0.197530
v 0.229027 0.108198 0.228318
v 0.232264 0.109040 0.203275
v 0.228022 0.097570 0.197249
v 0.228407 0.097994 0.196462
v 0.196958 0.116215 0.209952
v 0.208220 0.115949 0.213480
v 0.197396 0.022696 0.151177
v 0.196200 0.015447 0.159170
v 0.199090 0.015265 0.164955
v 0.202689 0.015404 0.172076
v 0.206536 0.032798 0.162526
v 0.203609 0.031057 0.155510
v 0.206609 0.027490 0.143797
v 0.208974 0.024154 0.175496
v 0.198883 0.024653 0.164135
v 0.211140 0.014424 0.176521
v 0.205265 0.013967 0.143300
v 0.210476 0.037422 0.156701
v 0.218091 0.024312 0.177077
v 0.212286 0.032493 0.168638
v 0.214405 0.038819 0.149241
v 0.219015 0.016626 0.178419
v 0.217390 0.034131 0.169015
v 0.218276 0.017798 0.190806
v 0.220741 0.024344 0.189829
v 0.215863 0.039357 0.165699
v 0.213807 0.034205 0.195402
v 0.224447 0.033194 0.168736
v 0.228146 0.023942 0.176632
v 0.226147 0.034699 0.164161
v 0.228927 0.024229 0.191974
v 0.216734 0.042732 0.162537
v 0.228181 0.014476 0.175840
v 0.208783 0.068252 0.146629
v 0.210061 0.079453 0.150627
v 0.206265 0.063663 0.160623
v 0.208498 0.065289 0.159930
v 0.205357 0.071409 0.160504
v 0.210683 0.058487 0.159254
v 0.208102 0.055496 0.151861
v 0.207965 0.064571 0.155040
v 0.214655 0.056193 0.164686
v 0.211194 0.063593 0.164839
v 0.207312 0.051996 0.162797
v 0.210132 0.043599 0.153924
v 0.209636 0.050834 0.150490
v 0.215989 0.064783 0.167079
v 0.208997 0.070416 0.164073
v 0.212741 0.057205 0.155022
v 0.215426 0.049088 0.150821
v 0.214562 0.056628 0.151505
v 0.215171 0.066431 0.167727
v 0.213914 0.077924 0.165861
v 0.215541 0.058536 0.162632
v 0.213798 0.047976 0.160501
v 0.217811 0.063450 0.170003
v 0.216963 0.052272 0.167393
v 0.220576 0.058674 0.165751
v 0.224928 0.048604 0.160660
v 0.224047 0.058664 0.161742
v 0.224727 0.053735 0.166767
v 0.223531 0.064540 0.165970
v 0.222674 0.081062 0.160835
v 0.222872 0.073248 0.169076
v 0.227139 0.057004 0.156387
v 0.223317 0.042145 0.161895
v 0.224822 0.058307 0.153994
v 0.228229 0.065740 0.161709
v 0.227801 0.063579 0.164287
v 0.232610 0.070949 0.158727
v 0.226394 0.048513 0.154160
v 0.230390 0.053608 0.160019
v 0.226357 0.058067 0.158109
v 0.227961 0.036887 0.153265
v 0.232068 0.062834 0.154676
v 0.229706 0.065267 0.157096
v 0.228515 0.064676 0.152573
v 0.213985 0.082167 0.158432
v 0.226894 0.079048 0.154687
v 0.199703 0.014781 0.144541
v 0.200945 0.024724 0.142674
v 0.207979 0.033327 0.147881
v 0.216399 0.032569 0.142281
v 0.208788 0.024367 0.137625
v 0.211121 0.014759 0.135091
v 0.215714 0.034354 0.145994
v 0.221417 0.028994 0.139603
v 0.220853 0.038038 0.147985
v 0.227784 0.033153 0.144433
v 0.239802 0.014641 0.149393
v 0.223371 0.016407 0.134841
v 0.217422 0.024015 0.134910
v 0.221685 0.013547 0.138974
v 0.209139 0.064237 0.149947
v 0.208366 0.063475 0.150136
v 0.216209 0.064344 0.144993
v 0.216073 0.052770 0.144240
v 0.214468 0.074594 0.145566
v 0.216169 0.063591 0.144151
v 0.219293 0.057029 0.149861
v 0.227834 0.055415 0.148445
v 0.223689 0.082755 0.150374
v 0.226635 0.063936 0.145487
v 0.223042 0.072769 0.144632
v 0.220285 0.048873 0.150097
v 0.222299 0.058240 0.148744
v 0.227833 0.050914 0.148621
v 0.225701 0.065259 0.147888
v 0.236815 0.024641 0.244344
v 0.232771 0.024432 0.244022
v 0.234287 0.024247 0.242710
v 0.234287 0.024306 0.242701
v 0.234358 0.024277 0.242706
v 0.236897 0.024270 0.241214
v 0.241567 0.024649 0.238986
v 0.244782 0.021572 0.232026
v 0.243205 0.024394 0.234233
v 0.245545 0.017906 0.232596
v 0.246619 0.024805 0.233236
v 0.247647 0.021478 0.217881
v 0.237462 0.086465 0.229473
v 0.238726 0.045692 0.230303
v 0.237921 0.074482 0.226948
v 0.232027 0.116040 0.240054
v 0.234209 0.094391 0.236974
v 0.236709 0.094702 0.237207
v 0.233337 0.108712 0.239350
v 0.239958 0.109146 0.232593
v 0.238592 0.094751 0.233046
v 0.243009 0.098097 0.228073
v 0.241007 0.097536 0.229143
v 0.236824 0.089704 0.235854
v 0.234235 0.116490 0.227890
v 0.240969 0.017892 0.201575
v 0.238427 0.025346 0.199130
v 0.231644 0.017178 0.195132
v 0.242676 0.028176 0.203099
v 0.241566 0.024560 0.202791
v 0.247292 0.024595 0.224392
v 0.247709 0.028115 0.217649
v 0.247483 0.017016 0.215104
v 0.246247 0.025172 0.209653
v 0.242956 0.021732 0.204118
v 0.245730 0.024633 0.206333
v 0.230117 0.042597 0.203117
v 0.235935 0.061773 0.208590
v 0.230384 0.045843 0.200449
v 0.239459 0.061154 0.218675
v 0.239389 0.042931 0.210500
v 0.241358 0.043318 0.221153
v 0.231068 0.114832 0.226275
v 0.227709 0.094881 0.197114
v 0.241341 0.115154 0.206669
v 0.239286 0.097597 0.206633
v 0.236584 0.098282 0.201714
v 0.232494 0.106281 0.199309
v 0.237925 0.102323 0.203373
v 0.242586 0.089983 0.223743
v 0.238474 0.086433 0.215097
v 0.238966 0.108797 0.206681
v 0.239116 0.106603 0.204371
v 0.242702 0.095156 0.222822
v 0.243602 0.098506 0.223793
v 0.241545 0.089912 0.211928
v 0.240485 0.093924 0.208593
v 0.241063 0.096767 0.209609
v 0.241413 0.094801 0.208345
v 0.238526 0.095189 0.205121
v 0.241916 0.114378 0.232623
v 0.243790 0.098392 0.219716
v 0.230837 0.117000 0.213467
v 0.242928 0.115880 0.220314
v 0.235963 0.016694 0.170959
v 0.237203 0.025484 0.165927
v 0.240640 0.023473 0.159376
v 0.240116 0.015030 0.160363
v 0.231408 0.032591 0.162597
v 0.238646 0.024929 0.147151
v 0.228622 0.075111 0.162613
v 0.229602 0.069146 0.148199
v 0.234321 0.014615 0.139388
v 0.228898 0.024744 0.137798
v 0.232168 0.032891 0.151495
v 0.009054 0.015265 -0.026396
v 0.013328 0.025756 -0.042782
v 0.009541 0.015137 -0.038232
v 0.015114 0.014348 -0.014459
v 0.021208 0.024779 -0.012710
v 0.013253 0.024754 -0.020242
v 0.024607 0.032650 -0.019415
v 0.010254 0.025981 -0.029780
v 0.018405 0.033060 -0.025637
v 0.032069 0.033296 -0.017919
v 0.023068 0.036470 -0.034224
v 0.031272 0.015453 -0.008430
v 0.023380 0.039989 -0.031306
v 0.024084 0.049395 -0.033275
v 0.025459 0.036575 -0.037465
v 0.026433 0.035460 -0.022831
v 0.028316 0.024776 -0.009131
v 0.041711 0.024317 -0.011772
v 0.046616 0.015087 -0.014316
v 0.038322 0.029135 -0.015877
v 0.039486 0.033296 -0.020190
v 0.021003 0.066069 -0.037950
v 0.019135 0.052036 -0.034679
v 0.018468 0.063611 -0.030308
v 0.021668 0.064298 -0.036990
v 0.022496 0.063304 -0.039189
v 0.023195 0.052656 -0.022696
v 0.023997 0.065501 -0.023368
v 0.018338 0.070955 -0.030290
v 0.021546 0.055047 -0.027774
v 0.020048 0.064377 -0.028255
v 0.028116 0.053619 -0.044116
v 0.024911 0.063770 -0.019616
v 0.026090 0.070911 -0.017422
v 0.024958 0.079653 -0.022913
v 0.029077 0.055508 -0.022059
v 0.024419 0.058305 -0.025795
v 0.025530 0.049926 -0.026870
v 0.028854 0.048738 -0.037736
v 0.022082 0.055691 -0.035420
v 0.025164 0.057833 -0.037130
v 0.032958 0.053125 -0.019910
v 0.029134 0.064340 -0.019940
v 0.025883 0.057099 -0.030568
v 0.027849 0.058008 -0.025447
v 0.024543 0.057868 -0.035552
v 0.033755 0.064298 -0.020658
v 0.031398 0.049976 -0.023124
v 0.034693 0.057922 -0.024533
v 0.031087 0.060358 -0.021614
v 0.031330 0.042789 -0.023722
v 0.037209 0.063802 -0.020610
v 0.034870 0.049772 -0.038070
v 0.032814 0.056693 -0.037528
v 0.037112 0.050070 -0.027328
v 0.034746 0.058799 -0.038866
v 0.037853 0.065600 -0.022860
v 0.035490 0.068103 -0.019585
v 0.041817 0.071809 -0.025349
v 0.036218 0.057222 -0.026368
v 0.039076 0.058467 -0.031058
v 0.037180 0.036703 -0.036969
v 0.020674 0.077610 -0.034414
v 0.028728 0.083102 -0.033173
v 0.037046 0.080964 -0.026715
v 0.035897 0.077384 -0.021569
v 0.014108 0.015678 -0.046106
v 0.017853 0.032578 -0.036956
v 0.029688 0.014369 -0.052948
v 0.023781 0.016233 -0.052563
v 0.024337 0.025042 -0.053455
v 0.025581 0.029255 -0.048470
v 0.039005 0.032670 -0.042787
v 0.031527 0.033499 -0.044176
v 0.041314 0.024758 -0.049793
v 0.026623 0.073052 -0.043132
v 0.029613 0.065464 -0.042037
v 0.026117 0.077982 -0.039330
v 0.038763 0.070052 -0.042466
v 0.029657 0.063869 -0.043191
v 0.034561 0.078631 -0.039575
v 0.032467 0.041098 -0.038172
v 0.041374 0.053471 -0.039362
v 0.037152 0.065374 -0.040849
v 0.003278 0.020409 -0.231677
v 0.003415 0.017434 -0.218250
v 0.005474 0.032083 -0.232933
v 0.006568 0.033033 -0.204439
v 0.004772 0.020397 -0.209426
v 0.001562 0.033337 -0.218942
v 0.008615 0.025599 -0.214699
v 0.003382 0.031880 -0.226662
v 0.008877 0.025562 -0.229547
v 0.008262 0.017190 -0.204695
v 0.013323 0.045225 -0.215995
v 0.015499 0.020382 -0.197190
v 0.015995 0.025593 -0.201471
v 0.012242 0.025569 -0.208059
v 0.024843 0.032092 -0.193674
v 0.017908 0.031991 -0.195216
v 0.022898 0.016823 -0.212704
v 0.019155 0.015557 -0.195333
v 0.023417 0.025600 -0.199296
v 0.029096 0.020391 -0.192583
v 0.036694 0.017696 -0.192154
v 0.032745 0.032267 -0.191995
v 0.033180 0.044246 -0.200861
v 0.030660 0.025577 -0.197331
v 0.042178 0.025595 -0.200273
v 0.010957 0.049321 -0.220417
v 0.014138 0.044886 -0.229106
v 0.014181 0.048385 -0.231147
v 0.017755 0.051441 -0.232936
v 0.015471 0.043923 -0.209668
v 0.013615 0.049800 -0.209091
v 0.023443 0.048869 -0.201792
v 0.018455 0.042178 -0.201031
v 0.019141 0.054906 -0.215427
v 0.020928 0.065653 -0.217321
v 0.019537 0.053243 -0.224833
v 0.026478 0.056301 -0.230161
v 0.028394 0.055249 -0.207584
v 0.024798 0.074307 -0.213326
v 0.021077 0.072366 -0.223767
v 0.028287 0.073362 -0.229535
v 0.038588 0.067467 -0.213341
v 0.033666 0.076184 -0.211271
v 0.035751 0.049703 -0.199674
v 0.037311 0.054705 -0.229340
v 0.036042 0.055563 -0.210115
v 0.047930 0.048927 -0.232184
v 0.013258 0.110502 -0.218984
v 0.015173 0.116418 -0.217121
v 0.019162 0.110795 -0.231644
v 0.015816 0.116300 -0.227413
v 0.019118 0.116303 -0.207943
v 0.021611 0.110740 -0.206445
v 0.027445 0.116419 -0.205094
v 0.020518 0.089864 -0.222117
v 0.020009 0.105825 -0.220594
v 0.026480 0.100441 -0.229637
v 0.021237 0.110488 -0.227135
v 0.020225 0.110483 -0.223847
v 0.022960 0.110757 -0.213206
v 0.021431 0.088250 -0.217371
v 0.029981 0.110776 -0.229874
v 0.029146 0.084061 -0.210957
v 0.025357 0.105983 -0.211116
v 0.032234 0.110680 -0.209844
v 0.036351 0.110584 -0.203319
v 0.036148 0.105655 -0.210457
v 0.041206 0.110636 -0.215170
v 0.038097 0.093071 -0.213785
v 0.037813 0.080175 -0.227010
v 0.009247 0.143144 -0.216680
v 0.010124 0.143631 -0.210808
v 0.014953 0.135044 -0.211519
v 0.012821 0.135113 -0.220374
v 0.012476 0.136896 -0.223821
v 0.012328 0.139645 -0.226087
v 0.013080 0.143130 -0.234067
v 0.016941 0.145150 -0.234013
v 0.016436 0.134902 -0.207309
v 0.012824 0.145584 -0.214167
v 0.015398 0.121274 -0.220432
v 0.013177 0.135458 -0.214310
v 0.015534 0.145223 -0.227214
v 0.016273 0.134787 -0.231644
v 0.018846 0.121054 -0.207935
v 0.019591 0.121486 -0.232707
v 0.018432 0.139244 -0.205824
v 0.023057 0.134709 -0.203940
v 0.019219 0.138137 -0.220684
v 0.020227 0.139328 -0.222439
v 0.020512 0.136883 -0.227683
v 0.023002 0.145242 -0.196815
v 0.027214 0.134004 -0.202023
v 0.017940 0.145555 -0.208962
v 0.018469 0.139398 -0.216501
v 0.026334 0.139550 -0.207801
v 0.019961 0.138221 -0.214949
v 0.026740 0.117442 -0.210841
v 0.022798 0.147449 -0.223469
v 0.023100 0.147817 -0.214303
v 0.025466 0.151739 -0.218730
v 0.022047 0.116844 -0.221063
v 0.024668 0.137297 -0.225067
v 0.022995 0.139584 -0.217226
v 0.022340 0.139289 -0.229333
v 0.026614 0.137101 -0.207917
v 0.026170 0.116857 -0.227374
v 0.030898 0.136489 -0.232476
v 0.029053 0.147402 -0.229060
v 0.029475 0.142132 -0.199259
v 0.034293 0.121482 -0.203923
v 0.026821 0.116717 -0.210711
v 0.037191 0.118024 -0.212865
v 0.029151 0.139794 -0.213599
v 0.030006 0.154328 -0.225715
v 0.033314 0.143914 -0.228095
v 0.035213 0.117035 -0.229135
v 0.030862 0.152861 -0.214901
v 0.035256 0.137221 -0.209142
v 0.036838 0.116751 -0.213137
v 0.034702 0.137650 -0.213784
v 0.031476 0.148242 -0.211820
v 0.033062 0.137036 -0.232846
v 0.035355 0.139338 -0.201581
v 0.034630 0.116486 -0.202672
v 0.025336 0.145628 -0.201470
v 0.039621 0.139320 -0.211222
v 0.041120 0.137451 -0.216908
v 0.032711 0.140061 -0.227218
v 0.038787 0.139394 -0.222038
v 0.034860 0.136988 -0.202299
v 0.039492 0.135523 -0.204219
v 0.036740 0.140671 -0.205235
v 0.038639 0.136703 -0.210142
v 0.038569 0.147742 -0.215339
v 0.035286 0.153887 -0.221144
v 0.036474 0.145640 -0.238986
v 0.006588 0.016090 -0.232981
v 0.013572 0.020387 -0.240734
v 0.006971 0.032144 -0.237276
v 0.014153 0.025547 -0.234903
v 0.015161 0.016523 -0.242751
v 0.015552 0.032154 -0.242963
v 0.021597 0.020385 -0.247771
v 0.021898 0.025580 -0.242596
v 0.022363 0.032123 -0.247498
v 0.033702 0.015370 -0.249108
v 0.023494 0.048996 -0.239903
v 0.024286 0.045019 -0.239447
v 0.034510 0.033309 -0.248556
v 0.031393 0.054995 -0.232085
v 0.037580 0.049058 -0.239149
v 0.029897 0.110644 -0.237942
v 0.025417 0.116368 -0.236171
v 0.044722 0.110596 -0.230743
v 0.013392 0.144845 -0.237735
v 0.019607 0.142242 -0.238331
v 0.017154 0.134871 -0.234616
v 0.024368 0.135130 -0.237923
v 0.025103 0.140655 -0.235378
v 0.026723 0.139374 -0.239088
v 0.035464 0.139555 -0.232760
v 0.029252 0.142399 -0.234113
v 0.034465 0.135208 -0.238649
v 0.031220 0.121238 -0.235576
v 0.043188 0.135082 -0.234325
v 0.041275 0.036830 -0.027849
v 0.049401 0.023775 -0.020530
v 0.044671 0.032860 -0.034894
v 0.052936 0.015040 -0.023975
v 0.050720 0.024976 -0.039388
v 0.053273 0.015453 -0.035908
v 0.052067 0.023367 -0.029117
v 0.040038 0.053115 -0.022313
v 0.039585 0.048106 -0.032351
v 0.038146 0.041508 -0.029062
v 0.038244 0.058605 -0.034077
v 0.040193 0.064205 -0.041960
v 0.041756 0.054391 -0.028892
v 0.043657 0.068878 -0.033185
v 0.042960 0.063312 -0.028546
v 0.041912 0.063731 -0.034893
v 0.039798 0.065827 -0.036961
v 0.040868 0.080896 -0.035481
v 0.037317 0.015305 -0.053265
v 0.047564 0.015477 -0.046971
v 0.076181 0.015426 -0.080348
v 0.072470 0.015053 -0.086828
v 0.072509 0.025971 -0.092528
v 0.071567 0.015639 -0.099800
v 0.075695 0.024442 -0.105636
v 0.075045 0.015047 -0.107337
v 0.075205 0.024116 -0.084129
v 0.082312 0.033812 -0.088473
v 0.079821 0.032465 -0.095896
v 0.076491 0.027102 -0.102233
v 0.043589 0.033582 -0.194598
v 0.052917 0.016141 -0.202767
v 0.043243 0.020396 -0.195422
v 0.047779 0.045198 -0.211074
v 0.050622 0.025582 -0.208529
v 0.054581 0.016094 -0.203777
v 0.053993 0.020396 -0.204876
v 0.054492 0.032927 -0.203758
v 0.053939 0.025679 -0.219822
v 0.051988 0.025609 -0.227408
v 0.058224 0.015743 -0.224320
v 0.058303 0.031796 -0.213209
v 0.058067 0.032372 -0.231569
v 0.060020 0.021081 -0.222929
v 0.067527 0.016344 -0.206654
v 0.065053 0.030272 -0.217866
v 0.065595 0.015060 -0.215019
v 0.064611 0.019920 -0.225377
v 0.066525 0.030297 -0.227972
v 0.067755 0.035012 -0.210710
v 0.068083 0.024526 -0.216361
v 0.068140 0.029701 -0.204047
v 0.070872 0.024615 -0.229645
v 0.066458 0.020464 -0.208915
v 0.071876 0.024490 -0.204859
v 0.042103 0.054775 -0.215131
v 0.041258 0.044494 -0.205383
v 0.041258 0.049557 -0.203642
v 0.043762 0.054243 -0.223081
v 0.040099 0.070299 -0.223570
v 0.046594 0.049382 -0.207475
v 0.050970 0.049328 -0.219947
v 0.051533 0.043960 -0.219731
v 0.072788 0.045961 -0.215794
v 0.079210 0.054917 -0.218593
v 0.074086 0.041900 -0.223747
v 0.074263 0.046170 -0.227169
v 0.075284 0.042239 -0.217672
v 0.075856 0.043843 -0.222295
v 0.083306 0.049975 -0.231116
v 0.043870 0.116299 -0.210226
v 0.046108 0.110737 -0.213905
v 0.040049 0.082729 -0.218024
v 0.035695 0.110634 -0.230642
v 0.042265 0.110730 -0.221474
v 0.047266 0.110825 -0.223576
v 0.048412 0.116455 -0.223739
v 0.074472 0.086556 -0.215730
v 0.077681 0.092580 -0.221569
v 0.074987 0.105343 -0.212881
v 0.074455 0.082970 -0.216980
v 0.075701 0.087353 -0.222861
v 0.078549 0.116945 -0.219889
v 0.073625 0.111646 -0.216780
v 0.078337 0.116354 -0.222168
v 0.044852 0.145159 -0.206501
v 0.043210 0.121435 -0.210813
v 0.039211 0.147255 -0.224780
v 0.036812 0.116804 -0.227397
v 0.039738 0.137774 -0.227899
v 0.044748 0.135080 -0.205835
v 0.043121 0.138978 -0.223600
v 0.041015 0.116853 -0.222693
v 0.043071 0.137872 -0.223718
v 0.045662 0.135144 -0.208244
v 0.047279 0.145161 -0.218172
v 0.046141 0.116431 -0.217025
v 0.046560 0.120331 -0.219505
v 0.043685 0.116776 -0.219320
v 0.048929 0.142338 -0.208211
v 0.049450 0.139591 -0.214569
v 0.050037 0.136117 -0.220298
v 0.049073 0.136245 -0.224983
v 0.048422 0.144856 -0.202884
v 0.051364 0.141966 -0.220227
v 0.048842 0.145248 -0.225705
v 0.053753 0.144720 -0.227319
v 0.041136 0.032848 -0.245639
v 0.037487 0.025627 -0.242289
v 0.045664 0.016809 -0.243553
v 0.040254 0.021237 -0.246462
v 0.049280 0.032263 -0.242064
v 0.049880 0.025535 -0.234808
v 0.052993 0.017710 -0.240101
v 0.054821 0.032374 -0.235451
v 0.074317 0.029570 -0.238041
v 0.074119 0.018321 -0.238897
v 0.067945 0.015380 -0.228029
v 0.082796 0.023731 -0.238695
v 0.039316 0.045822 -0.237005
v 0.046869 0.044511 -0.230001
v 0.038343 0.116327 -0.235303
v 0.035661 0.135794 -0.238261
v 0.037726 0.145014 -0.242808
v 0.043498 0.121453 -0.231903
v 0.042460 0.139741 -0.235925
v 0.044678 0.135492 -0.232381
v 0.048941 0.142577 -0.231011
v 0.082280 0.024556 -0.076216
v 0.094014 0.024878 -0.073034
v 0.101361 0.015425 -0.072819
v 0.104522 0.024674 -0.076140
v 0.110447 0.024020 -0.079994
v 0.112413 0.015215 -0.082131
v 0.097404 0.014556 -0.116161
v 0.086955 0.015424 -0.072260
v 0.084823 0.033134 -0.105129
v 0.086842 0.015374 -0.115497
v 0.083591 0.028712 -0.081235
v 0.087587 0.040658 -0.090557
v 0.081684 0.024022 -0.111984
v 0.085737 0.033189 -0.082998
v 0.089971 0.037550 -0.101520
v 0.092605 0.035013 -0.082904
v 0.096274 0.031753 -0.109675
v 0.096665 0.032505 -0.079110
v 0.097192 0.036808 -0.102233
v 0.106542 0.033281 -0.095942
v 0.102750 0.036645 -0.089853
v 0.100347 0.042162 -0.096669
v 0.103663 0.024781 -0.112659
v 0.106005 0.027344 -0.080214
v 0.105241 0.033263 -0.086918
v 0.104817 0.031468 -0.105739
v 0.109796 0.028446 -0.092583
v 0.116382 0.014686 -0.097616
v 0.115572 0.024112 -0.090733
v 0.107407 0.013887 -0.081240
v 0.111789 0.025130 -0.104379
v 0.110332 0.015007 -0.109805
v 0.082773 0.065467 -0.094584
v 0.081225 0.063551 -0.090846
v 0.081888 0.053578 -0.092538
v 0.083010 0.053206 -0.101061
v 0.084752 0.074857 -0.103574
v 0.088353 0.073421 -0.080968
v 0.085738 0.052194 -0.085223
v 0.085634 0.064064 -0.085959
v 0.082179 0.066943 -0.095819
v 0.086127 0.058208 -0.094514
v 0.083483 0.063568 -0.101129
v 0.088549 0.063596 -0.083518
v 0.084928 0.065769 -0.085124
v 0.093930 0.053613 -0.082892
v 0.088167 0.058709 -0.088437
v 0.085341 0.036812 -0.097946
v 0.086463 0.049973 -0.092000
v 0.088409 0.048053 -0.098392
v 0.087987 0.058644 -0.098778
v 0.084368 0.063836 -0.102029
v 0.096303 0.081277 -0.085041
v 0.093172 0.043839 -0.087076
v 0.098063 0.051428 -0.084210
v 0.089675 0.057673 -0.089057
v 0.093802 0.058384 -0.086086
v 0.095826 0.050008 -0.087794
v 0.097393 0.057910 -0.088600
v 0.092376 0.053199 -0.105890
v 0.092990 0.065419 -0.105154
v 0.087232 0.054947 -0.086048
v 0.092624 0.058581 -0.101392
v 0.092851 0.063601 -0.107181
v 0.092380 0.079555 -0.102443
v 0.091240 0.064492 -0.083412
v 0.101192 0.070182 -0.083477
v 0.099386 0.065143 -0.085317
v 0.094398 0.049010 -0.100796
v 0.101309 0.052583 -0.104619
v 0.095669 0.057666 -0.101584
v 0.101769 0.064477 -0.101619
v 0.102458 0.076078 -0.102097
v 0.097752 0.063757 -0.082696
v 0.098658 0.055555 -0.088357
v 0.099874 0.058283 -0.098641
v 0.092915 0.071218 -0.108047
v 0.100810 0.047963 -0.090652
v 0.100420 0.054473 -0.085458
v 0.099906 0.050950 -0.098057
v 0.100704 0.058464 -0.096244
v 0.103984 0.065155 -0.089608
v 0.101135 0.058272 -0.091233
v 0.101614 0.063448 -0.103153
v 0.102968 0.066638 -0.102238
v 0.107352 0.063587 -0.091107
v 0.108332 0.069416 -0.090796
v 0.107098 0.053458 -0.093201
v 0.103784 0.052964 -0.099863
v 0.104558 0.064870 -0.094483
v 0.104706 0.063573 -0.096810
v 0.081275 0.076403 -0.090472
v 0.088472 0.082402 -0.095744
v 0.095728 0.082286 -0.095150
v 0.102677 0.079558 -0.094767
v 0.096698 0.024877 -0.116215
v 0.076752 0.019728 -0.194404
v 0.076526 0.015336 -0.196496
v 0.081114 0.024356 -0.196301
v 0.076627 0.031492 -0.194481
v 0.086726 0.041057 -0.202726
v 0.077044 0.042975 -0.208812
v 0.108062 0.015008 -0.234548
v 0.092542 0.028403 -0.192205
v 0.094960 0.016709 -0.210436
v 0.090640 0.015618 -0.192540
v 0.095658 0.020846 -0.192112
v 0.088896 0.033630 -0.192260
v 0.093991 0.024450 -0.195198
v 0.103718 0.015124 -0.196524
v 0.091304 0.016790 -0.224325
v 0.105674 0.024179 -0.200939
v 0.104260 0.031028 -0.195257
v 0.103157 0.041963 -0.208659
v 0.106990 0.019940 -0.198850
v 0.111163 0.015194 -0.204127
v 0.112371 0.031542 -0.204187
v 0.111650 0.024556 -0.211062
v 0.104728 0.024246 -0.235820
v 0.115223 0.017976 -0.207783
v 0.114421 0.015714 -0.224825
v 0.111938 0.024488 -0.223260
v 0.113930 0.035636 -0.220502
v 0.113329 0.028450 -0.226295
v 0.078669 0.046609 -0.205108
v 0.078890 0.042085 -0.228010
v 0.082364 0.064633 -0.218828
v 0.087155 0.045204 -0.234609
v 0.086146 0.046581 -0.200204
v 0.086180 0.067524 -0.223726
v 0.083469 0.055854 -0.225300
v 0.078732 0.051891 -0.210151
v 0.088804 0.056051 -0.207281
v 0.084345 0.065270 -0.213436
v 0.088128 0.070846 -0.210749
v 0.088097 0.081342 -0.208306
v 0.090398 0.081564 -0.227003
v 0.092207 0.070690 -0.210809
v 0.089926 0.055694 -0.228048
v 0.090065 0.072148 -0.225521
v 0.095575 0.042835 -0.201903
v 0.094467 0.056344 -0.209376
v 0.099839 0.055899 -0.212885
v 0.096290 0.047332 -0.202072
v 0.097521 0.071483 -0.213257
v 0.093963 0.080275 -0.209217
v 0.097120 0.070351 -0.221803
v 0.097648 0.080653 -0.222942
v 0.100480 0.082018 -0.214598
v 0.100450 0.055347 -0.221837
v 0.096159 0.057276 -0.225575
v 0.103389 0.046694 -0.206564
v 0.104731 0.043053 -0.215016
v 0.105938 0.045590 -0.228874
v 0.104015 0.042639 -0.221245
v 0.107392 0.046772 -0.213572
v 0.077847 0.087178 -0.207457
v 0.078693 0.091609 -0.211949
v 0.078192 0.095341 -0.219172
v 0.081030 0.113782 -0.218453
v 0.078888 0.085502 -0.230494
v 0.078255 0.088518 -0.226485
v 0.079296 0.115583 -0.211291
v 0.080915 0.098893 -0.210133
v 0.079358 0.094675 -0.211511
v 0.086557 0.096049 -0.206200
v 0.080016 0.099337 -0.222144
v 0.080229 0.081369 -0.216364
v 0.080752 0.094217 -0.217725
v 0.084107 0.081009 -0.223901
v 0.082967 0.093790 -0.223555
v 0.081724 0.094335 -0.226475
v 0.084338 0.091003 -0.230310
v 0.082142 0.084986 -0.231220
v 0.082471 0.084770 -0.201961
v 0.083812 0.104220 -0.202615
v 0.080877 0.113326 -0.205519
v 0.084724 0.093625 -0.209816
v 0.089525 0.098067 -0.229188
v 0.091745 0.084249 -0.201857
v 0.082783 0.089389 -0.204892
v 0.093651 0.091630 -0.204041
v 0.087672 0.114866 -0.219487
v 0.086433 0.093609 -0.227170
v 0.097213 0.103019 -0.204066
v 0.091240 0.112467 -0.201578
v 0.095840 0.098222 -0.206821
v 0.089950 0.094276 -0.228281
v 0.077583 0.104568 -0.227079
v 0.089097 0.093509 -0.207903
v 0.095537 0.088946 -0.203537
v 0.096629 0.095912 -0.227701
v 0.099816 0.084591 -0.204913
v 0.100765 0.111281 -0.205634
v 0.096090 0.092402 -0.229213
v 0.101126 0.089506 -0.203542
v 0.098547 0.094210 -0.209493
v 0.099235 0.098386 -0.212231
v 0.100408 0.112042 -0.218075
v 0.095980 0.112638 -0.217936
v 0.093931 0.120015 -0.224725
v 0.095997 0.094024 -0.224055
v 0.101523 0.084287 -0.229350
v 0.100823 0.089069 -0.207023
v 0.093878 0.124676 -0.212460
v 0.104702 0.103914 -0.213695
v 0.100296 0.094097 -0.211092
v 0.098935 0.094405 -0.218865
v 0.098653 0.086185 -0.230783
v 0.103775 0.088083 -0.210239
v 0.103150 0.114918 -0.212095
v 0.106206 0.083715 -0.217328
v 0.106121 0.109727 -0.215312
v 0.103133 0.092416 -0.215093
v 0.103137 0.095557 -0.220866
v 0.101093 0.098622 -0.221531
v 0.104678 0.111795 -0.216853
v 0.101762 0.116422 -0.219668
v 0.104597 0.088818 -0.222112
v 0.105679 0.086948 -0.214268
v 0.105873 0.108554 -0.223515
v 0.100893 0.116837 -0.222720
v 0.102833 0.090915 -0.224039
v 0.107744 0.086101 -0.219456
v 0.105772 0.086006 -0.222529
v 0.083375 0.118955 -0.224188
v 0.088462 0.124155 -0.212084
v 0.084169 0.140519 -0.213328
v 0.084992 0.126868 -0.216379
v 0.082066 0.139634 -0.219610
v 0.089898 0.123892 -0.225541
v 0.085630 0.129906 -0.221418
v 0.081009 0.112789 -0.230412
v 0.089158 0.136429 -0.209609
v 0.088115 0.121155 -0.225833
v 0.087479 0.139001 -0.224346
v 0.088280 0.132122 -0.211078
v 0.092753 0.143057 -0.218751
v 0.090338 0.114781 -0.219392
v 0.091195 0.128955 -0.222939
v 0.091169 0.133741 -0.223307
v 0.092275 0.116327 -0.229985
v 0.092440 0.138670 -0.225191
v 0.094713 0.127232 -0.216742
v 0.096785 0.133057 -0.214484
v 0.094244 0.139581 -0.210280
v 0.097954 0.138961 -0.219632
v 0.099578 0.119789 -0.221816
v 0.094007 0.127032 -0.221047
v 0.085161 0.030177 -0.243597
v 0.084861 0.015400 -0.242351
v 0.081351 0.037630 -0.237138
v 0.088140 0.020509 -0.243102
v 0.096149 0.027705 -0.241982
v 0.098983 0.032794 -0.241466
v 0.097954 0.023433 -0.239625
v 0.106892 0.029079 -0.236080
v 0.108795 0.034123 -0.233235
v 0.104987 0.018156 -0.241023
v 0.087636 0.042284 -0.232282
v 0.094224 0.046631 -0.234431
v 0.102670 0.041857 -0.229972
v 0.089358 0.084554 -0.234114
v 0.086676 0.087972 -0.232225
v 0.088464 0.107658 -0.234959
v 0.098611 0.114468 -0.229531
v 0.093787 0.089869 -0.233976
v 0.094506 0.089661 -0.232405
v 0.092830 0.086097 -0.233147
v 0.096231 0.086129 -0.233541
v 0.099327 0.103668 -0.230552
v 0.135063 0.015388 -0.148363
v 0.136365 0.024483 -0.148316
v 0.135115 0.024497 -0.163893
v 0.143812 0.032183 -0.149576
v 0.140329 0.015493 -0.140168
v 0.140262 0.028915 -0.156670
v 0.142644 0.032433 -0.156638
v 0.137313 0.013717 -0.154613
v 0.149851 0.032466 -0.143713
v 0.154825 0.033163 -0.142888
v 0.146193 0.015281 -0.137258
v 0.146726 0.024148 -0.136712
v 0.148802 0.034927 -0.149550
v 0.153279 0.015026 -0.133716
v 0.162306 0.033526 -0.143835
v 0.149611 0.075387 -0.146164
v 0.150405 0.056494 -0.150755
v 0.143617 0.067046 -0.150582
v 0.143684 0.063633 -0.151391
v 0.144171 0.053128 -0.153415
v 0.144932 0.077552 -0.156535
v 0.154398 0.069520 -0.143266
v 0.149070 0.053416 -0.147698
v 0.145721 0.064604 -0.150864
v 0.153936 0.065412 -0.145862
v 0.153545 0.083017 -0.154000
v 0.149930 0.057372 -0.155641
v 0.154742 0.063523 -0.142821
v 0.154640 0.052444 -0.144654
v 0.156438 0.078742 -0.147004
v 0.154396 0.048932 -0.149498
v 0.150365 0.047671 -0.151636
v 0.133925 0.015886 -0.159792
v 0.139915 0.014892 -0.172094
v 0.145652 0.025575 -0.174457
v 0.144993 0.014820 -0.175218
v 0.144649 0.033138 -0.164161
v 0.147740 0.037156 -0.155060
v 0.150846 0.040546 -0.160976
v 0.155378 0.038136 -0.164001
v 0.153074 0.014780 -0.157284
v 0.150432 0.014757 -0.178363
v 0.156136 0.024090 -0.177189
v 0.147987 0.051116 -0.164060
v 0.146061 0.065318 -0.160694
v 0.147595 0.054501 -0.163078
v 0.145886 0.063776 -0.165488
v 0.145396 0.066474 -0.161096
v 0.149606 0.065106 -0.164112
v 0.149383 0.049908 -0.159648
v 0.150223 0.058001 -0.159763
v 0.154853 0.058117 -0.163584
v 0.148740 0.070566 -0.167496
v 0.152743 0.056603 -0.161654
v 0.157104 0.063913 -0.167738
v 0.147901 0.092290 -0.189826
v 0.150990 0.078574 -0.163865
v 0.152774 0.084129 -0.189191
v 0.116782 0.030194 -0.212669
v 0.115998 0.020634 -0.225523
v 0.129923 0.030939 -0.217654
v 0.132776 0.030062 -0.229153
v 0.132040 0.015266 -0.217382
v 0.133171 0.017756 -0.226798
v 0.135451 0.036443 -0.229620
v 0.137131 0.024443 -0.215282
v 0.139628 0.040977 -0.218186
v 0.136195 0.024377 -0.224552
v 0.137939 0.015519 -0.205623
v 0.138225 0.029121 -0.203224
v 0.132934 0.020526 -0.213221
v 0.133298 0.033953 -0.211222
v 0.135470 0.015359 -0.226295
v 0.144515 0.019704 -0.197210
v 0.138157 0.024404 -0.206397
v 0.156947 0.024318 -0.197946
v 0.148678 0.024406 -0.201700
v 0.160157 0.015665 -0.246519
v 0.144514 0.036558 -0.199531
v 0.156476 0.015329 -0.195318
v 0.164097 0.024366 -0.198060
v 0.150043 0.030207 -0.195431
v 0.135790 0.045239 -0.219987
v 0.137281 0.045117 -0.233608
v 0.139862 0.048536 -0.227887
v 0.138356 0.045362 -0.209938
v 0.141779 0.041145 -0.231023
v 0.142901 0.045293 -0.204881
v 0.143113 0.040620 -0.211448
v 0.147442 0.049509 -0.207966
v 0.144782 0.070948 -0.229803
v 0.143883 0.056648 -0.230000
v 0.147882 0.045201 -0.199444
v 0.146388 0.048890 -0.209949
v 0.146400 0.048953 -0.209949
v 0.146394 0.048922 -0.210023
v 0.145999 0.048852 -0.211496
v 0.142357 0.057448 -0.211330
v 0.144632 0.048261 -0.226431
v 0.148117 0.049116 -0.232247
v 0.146892 0.040214 -0.204462
v 0.152364 0.048119 -0.204020
v 0.147995 0.055561 -0.202631
v 0.152714 0.070725 -0.206610
v 0.170671 0.045464 -0.200872
v 0.157211 0.046721 -0.200238
v 0.153543 0.040476 -0.202790
v 0.161445 0.059668 -0.199058
v 0.155829 0.081701 -0.216436
v 0.146629 0.094710 -0.226368
v 0.150629 0.100649 -0.196406
v 0.147690 0.093124 -0.205230
v 0.148261 0.111590 -0.215669
v 0.151055 0.104317 -0.202380
v 0.146824 0.109199 -0.210618
v 0.148330 0.089957 -0.214821
v 0.149955 0.085100 -0.220757
v 0.154648 0.113034 -0.206142
v 0.150994 0.119631 -0.209268
v 0.155824 0.117331 -0.221014
v 0.139523 0.035458 -0.237541
v 0.134175 0.019782 -0.234350
v 0.141425 0.030241 -0.244380
v 0.151454 0.020222 -0.246926
v 0.143375 0.024513 -0.240836
v 0.141216 0.015486 -0.240904
v 0.150380 0.024361 -0.241759
v 0.153090 0.028763 -0.246656
v 0.154075 0.034931 -0.247670
v 0.143884 0.045095 -0.237980
v 0.146754 0.041095 -0.234342
v 0.151338 0.066858 -0.242799
v 0.149088 0.088081 -0.237782
v 0.153118 0.047738 -0.238788
v 0.157442 0.041243 -0.240963
v 0.150833 0.045060 -0.242853
v 0.162250 0.044999 -0.243779
v 0.155907 0.102800 -0.239313
v 0.156780 0.024094 -0.134670
v 0.153001 0.040671 -0.149287
v 0.159704 0.036277 -0.148426
v 0.164310 0.014463 -0.134652
v 0.167863 0.033281 -0.149538
v 0.166204 0.024582 -0.137328
v 0.173535 0.016643 -0.141349
v 0.170182 0.033165 -0.156253
v 0.174498 0.026414 -0.153681
v 0.178262 0.015000 -0.150691
v 0.173850 0.025352 -0.144474
v 0.177930 0.023217 -0.157103
v 0.166177 0.051639 -0.148286
v 0.159347 0.049000 -0.150246
v 0.158950 0.055529 -0.146872
v 0.160171 0.063834 -0.145352
v 0.154187 0.058284 -0.149034
v 0.164253 0.071245 -0.145385
v 0.160601 0.057186 -0.150150
v 0.163064 0.048849 -0.155110
v 0.162332 0.056680 -0.155224
v 0.164923 0.078908 -0.150638
v 0.162452 0.064715 -0.146771
v 0.163748 0.063562 -0.147187
v 0.165846 0.054514 -0.150577
v 0.168450 0.064035 -0.155368
v 0.165627 0.037881 -0.153507
v 0.168736 0.063356 -0.154332
v 0.167331 0.054486 -0.159095
v 0.155158 0.033517 -0.170179
v 0.163364 0.015414 -0.177587
v 0.158743 0.028819 -0.172939
v 0.174322 0.024342 -0.167506
v 0.168058 0.023904 -0.175010
v 0.177662 0.014345 -0.166432
v 0.159263 0.050203 -0.163968
v 0.159210 0.057365 -0.161604
v 0.159147 0.063569 -0.167723
v 0.161250 0.048655 -0.159892
v 0.159635 0.053287 -0.168988
v 0.162423 0.037746 -0.164315
v 0.165702 0.051684 -0.160269
v 0.160710 0.077465 -0.167217
v 0.165601 0.057836 -0.159363
v 0.166419 0.063578 -0.162413
v 0.164238 0.064948 -0.162574
v 0.164159 0.070206 -0.166588
v 0.167649 0.076845 -0.159035
v 0.169554 0.065837 -0.155594
v 0.157985 0.094537 -0.187362
v 0.157713 0.082581 -0.159133
v 0.165366 0.108821 -0.202761
v 0.164263 0.088446 -0.190044
v 0.166417 0.093496 -0.189928
v 0.160408 0.033041 -0.193974
v 0.159338 0.040604 -0.201441
v 0.174388 0.015743 -0.200640
v 0.173541 0.034366 -0.199571
v 0.165947 0.019997 -0.195895
v 0.174348 0.029725 -0.199086
v 0.175487 0.024478 -0.207303
v 0.183164 0.029944 -0.212033
v 0.181220 0.035477 -0.211559
v 0.182965 0.015562 -0.219569
v 0.182900 0.020384 -0.208368
v 0.180243 0.024290 -0.217817
v 0.183818 0.028305 -0.226454
v 0.184151 0.016550 -0.229471
v 0.184514 0.033989 -0.222823
v 0.192298 0.023404 -0.211786
v 0.189760 0.023429 -0.219328
v 0.157909 0.047286 -0.199043
v 0.160953 0.048197 -0.201145
v 0.163256 0.073768 -0.209885
v 0.165127 0.040395 -0.204361
v 0.167821 0.062608 -0.205464
v 0.169357 0.048161 -0.207778
v 0.170499 0.073248 -0.221778
v 0.170385 0.049048 -0.210750
v 0.171405 0.040216 -0.207675
v 0.173556 0.058380 -0.217906
v 0.169660 0.048282 -0.227290
v 0.174638 0.045500 -0.206504
v 0.176558 0.040314 -0.214764
v 0.172449 0.048861 -0.217950
v 0.175384 0.040758 -0.230855
v 0.175855 0.048642 -0.227445
v 0.180577 0.045597 -0.214818
v 0.178743 0.045014 -0.234217
v 0.155245 0.086931 -0.204600
v 0.164466 0.117240 -0.208844
v 0.160537 0.081611 -0.196001
v 0.160542 0.084386 -0.206592
v 0.160651 0.085781 -0.212256
v 0.161804 0.111684 -0.232099
v 0.167431 0.085334 -0.222198
v 0.169240 0.091095 -0.201690
v 0.165534 0.118621 -0.211600
v 0.170840 0.104004 -0.211959
v 0.169723 0.085736 -0.230576
v 0.157805 0.116981 -0.214342
v 0.162327 0.115308 -0.219091
v 0.166752 0.024501 -0.243581
v 0.166712 0.030050 -0.246170
v 0.171197 0.036747 -0.242923
v 0.169786 0.016505 -0.243774
v 0.178391 0.024936 -0.235096
v 0.177448 0.020409 -0.238138
v 0.180544 0.031378 -0.238858
v 0.178029 0.016519 -0.235676
v 0.156889 0.047597 -0.241830
v 0.156108 0.053844 -0.247083
v 0.155956 0.077182 -0.250536
v 0.160479 0.046401 -0.243121
v 0.159936 0.063632 -0.250159
v 0.162536 0.049685 -0.241263
v 0.167385 0.041070 -0.235501
v 0.165006 0.049494 -0.237601
v 0.164994 0.049543 -0.237605
v 0.165018 0.049543 -0.237598
v 0.167900 0.049342 -0.233815
v 0.170858 0.058061 -0.234236
v 0.170972 0.045020 -0.238963
v 0.161520 0.086539 -0.248209
v 0.161705 0.101660 -0.238569
v 0.168712 0.102667 -0.226400
v 0.198137 0.025180 -0.147191
v 0.196886 0.014665 -0.152837
v 0.199218 0.014549 -0.144005
v 0.212829 0.014947 -0.133466
v 0.209514 0.027992 -0.142085
v 0.206243 0.032232 -0.148870
v 0.206444 0.024430 -0.137441
v 0.210794 0.032910 -0.144620
v 0.213274 0.036943 -0.148946
v 0.214865 0.022550 -0.134411
v 0.211331 0.041506 -0.156098
v 0.225387 0.014827 -0.149017
v 0.214891 0.044865 -0.150376
v 0.221673 0.024824 -0.135224
v 0.219437 0.040383 -0.148521
v 0.221305 0.032931 -0.141259
v 0.230128 0.032254 -0.147172
v 0.226581 0.015066 -0.134645
v 0.222303 0.034838 -0.145178
v 0.233504 0.013134 -0.139531
v 0.232701 0.032876 -0.155352
v 0.207370 0.075216 -0.150155
v 0.204867 0.068842 -0.159080
v 0.205470 0.063711 -0.153569
v 0.209202 0.064128 -0.146573
v 0.208870 0.053811 -0.148896
v 0.211017 0.063547 -0.146964
v 0.208084 0.064690 -0.151057
v 0.215541 0.053399 -0.144505
v 0.211819 0.065161 -0.145532
v 0.214743 0.056235 -0.149628
v 0.208377 0.055301 -0.156218
v 0.211666 0.057915 -0.151262
v 0.209207 0.049838 -0.156797
v 0.212019 0.057596 -0.154443
v 0.216100 0.063627 -0.141257
v 0.216561 0.050098 -0.146376
v 0.219614 0.057110 -0.149114
v 0.215289 0.058209 -0.149989
v 0.220254 0.065113 -0.145127
v 0.219439 0.069835 -0.141681
v 0.219791 0.058087 -0.149426
v 0.217717 0.077130 -0.145669
v 0.225431 0.039156 -0.152985
v 0.225461 0.053249 -0.145569
v 0.229471 0.064560 -0.149691
v 0.224812 0.058045 -0.151566
v 0.224864 0.049774 -0.155464
v 0.222057 0.048557 -0.150812
v 0.227499 0.050988 -0.154935
v 0.224926 0.057242 -0.155611
v 0.228337 0.063647 -0.148729
v 0.227340 0.079043 -0.148677
v 0.231296 0.063207 -0.158138
v 0.230225 0.053844 -0.153278
v 0.231551 0.070877 -0.161849
v 0.227168 0.079832 -0.157015
v 0.196423 0.015216 -0.162168
v 0.197643 0.024947 -0.155468
v 0.210748 0.013798 -0.171914
v 0.205775 0.034128 -0.156465
v 0.199918 0.024754 -0.166114
v 0.202052 0.016406 -0.171381
v 0.207359 0.033096 -0.163138
v 0.212421 0.015248 -0.177125
v 0.208887 0.025144 -0.174889
v 0.212134 0.032487 -0.168327
v 0.217635 0.024071 -0.177237
v 0.222004 0.031475 -0.170765
v 0.218695 0.028274 -0.191473
v 0.227331 0.020707 -0.191015
v 0.239859 0.015201 -0.162185
v 0.232573 0.028354 -0.165988
v 0.232235 0.020734 -0.195336
v 0.207846 0.064364 -0.159305
v 0.207014 0.052590 -0.159026
v 0.211393 0.057874 -0.158403
v 0.214578 0.056335 -0.160537
v 0.213855 0.054945 -0.166594
v 0.210238 0.063761 -0.166954
v 0.214241 0.069822 -0.168160
v 0.212926 0.040248 -0.161264
v 0.213897 0.065439 -0.165788
v 0.210416 0.078143 -0.164286
v 0.214731 0.050169 -0.162328
v 0.221968 0.055113 -0.165884
v 0.219514 0.057558 -0.162589
v 0.216719 0.058083 -0.164146
v 0.217019 0.051760 -0.168136
v 0.224087 0.045705 -0.159802
v 0.220268 0.041223 -0.163142
v 0.222176 0.058910 -0.163059
v 0.222577 0.050646 -0.161768
v 0.224674 0.056500 -0.160090
v 0.224138 0.063619 -0.166853
v 0.228370 0.033534 -0.165465
v 0.227969 0.052979 -0.163137
v 0.220982 0.064452 -0.167277
v 0.229200 0.064975 -0.157256
v 0.228473 0.063586 -0.161637
v 0.212512 0.082615 -0.152527
v 0.218374 0.082464 -0.158525
v 0.223899 0.077956 -0.167143
v 0.192782 0.015411 -0.218036
v 0.192121 0.020404 -0.217805
v 0.192399 0.023430 -0.224817
v 0.193621 0.016713 -0.229011
v 0.194833 0.020308 -0.231807
v 0.200044 0.023382 -0.198908
v 0.195388 0.023392 -0.202353
v 0.196559 0.020455 -0.204535
v 0.194617 0.016031 -0.207735
v 0.193957 0.023244 -0.209510
v 0.199775 0.040292 -0.223760
v 0.200777 0.040251 -0.212556
v 0.204005 0.016641 -0.196941
v 0.195273 0.027527 -0.233335
v 0.198025 0.023230 -0.202467
v 0.209201 0.023375 -0.192311
v 0.203762 0.023202 -0.197276
v 0.207154 0.020518 -0.195012
v 0.204371 0.027087 -0.195817
v 0.217048 0.016669 -0.192276
v 0.214046 0.023434 -0.192494
v 0.211246 0.041057 -0.201673
v 0.222082 0.020735 -0.191958
v 0.218804 0.016744 -0.212672
v 0.234769 0.023414 -0.193918
v 0.226229 0.040868 -0.200876
v 0.198145 0.044682 -0.220579
v 0.200633 0.075556 -0.217522
v 0.200558 0.044606 -0.230079
v 0.201783 0.073317 -0.227042
v 0.209918 0.073435 -0.203087
v 0.200848 0.044981 -0.208676
v 0.205499 0.040639 -0.207622
v 0.210069 0.044355 -0.200226
v 0.218354 0.044449 -0.198665
v 0.221518 0.069669 -0.201266
v 0.238393 0.044470 -0.208998
v 0.231457 0.067910 -0.204943
v 0.198081 0.113927 -0.207179
v 0.197925 0.093733 -0.211280
v 0.197130 0.088795 -0.223870
v 0.197563 0.096400 -0.212526
v 0.196640 0.115024 -0.229351
v 0.195599 0.097811 -0.224199
v 0.196881 0.096861 -0.220956
v 0.197528 0.093203 -0.224175
v 0.200361 0.096483 -0.232979
v 0.200458 0.106540 -0.206525
v 0.199043 0.109877 -0.206406
v 0.198127 0.088712 -0.212105
v 0.198275 0.093220 -0.212450
v 0.201335 0.085400 -0.216673
v 0.202243 0.085282 -0.229589
v 0.203028 0.088661 -0.236261
v 0.199561 0.096782 -0.208196
v 0.200673 0.104076 -0.204895
v 0.205564 0.095168 -0.201728
v 0.203149 0.097596 -0.202149
v 0.204626 0.107964 -0.208999
v 0.206345 0.088809 -0.199935
v 0.212996 0.096600 -0.196929
v 0.206361 0.105488 -0.199416
v 0.206696 0.115272 -0.198676
v 0.208914 0.085831 -0.202033
v 0.208134 0.096494 -0.199672
v 0.208307 0.108559 -0.202495
v 0.209802 0.106933 -0.209635
v 0.208404 0.115381 -0.213195
v 0.207911 0.114770 -0.225851
v 0.209432 0.093300 -0.199250
v 0.212503 0.114454 -0.208690
v 0.209720 0.107347 -0.218033
v 0.211142 0.108410 -0.229469
v 0.218921 0.096288 -0.196442
v 0.212903 0.114075 -0.230964
v 0.215163 0.113570 -0.195678
v 0.220972 0.107803 -0.208069
v 0.215993 0.105020 -0.212194
v 0.219470 0.105214 -0.228540
v 0.223828 0.097980 -0.194944
v 0.220066 0.088635 -0.196985
v 0.221051 0.093269 -0.197243
v 0.228319 0.093445 -0.198835
v 0.227751 0.107860 -0.229726
v 0.228314 0.093270 -0.196175
v 0.224203 0.084906 -0.201520
v 0.224615 0.098916 -0.196103
v 0.230509 0.089244 -0.198886
v 0.233077 0.095923 -0.200844
v 0.232502 0.092841 -0.201091
v 0.229751 0.115582 -0.202532
v 0.228963 0.106003 -0.219841
v 0.230557 0.115808 -0.225984
v 0.201034 0.115778 -0.231266
v 0.226762 0.114070 -0.208509
v 0.198711 0.023776 -0.237916
v 0.204448 0.020965 -0.242960
v 0.201603 0.016754 -0.240614
v 0.205440 0.027649 -0.243735
v 0.210590 0.023700 -0.245931
v 0.218141 0.016227 -0.248509
v 0.217959 0.020342 -0.247370
v 0.223708 0.023442 -0.246985
v 0.219716 0.026924 -0.247986
v 0.229047 0.023061 -0.247163
v 0.231926 0.022685 -0.244451
v 0.221504 0.041251 -0.241042
v 0.231999 0.026919 -0.244551
v 0.207914 0.068065 -0.234434
v 0.206927 0.040904 -0.233788
v 0.210061 0.042479 -0.238757
v 0.223992 0.085880 -0.238058
v 0.227454 0.041121 -0.236878
v 0.217752 0.070189 -0.238133
v 0.198574 0.108090 -0.232807
v 0.200029 0.096719 -0.234497
v 0.206025 0.108309 -0.239366
v 0.204910 0.106394 -0.232553
v 0.201161 0.093846 -0.233056
v 0.203596 0.093796 -0.236956
v 0.207041 0.093311 -0.238315
v 0.209425 0.096057 -0.240502
v 0.215178 0.084915 -0.237941
v 0.207134 0.114261 -0.240972
v 0.212306 0.095059 -0.242302
v 0.214994 0.088461 -0.242246
v 0.218022 0.092953 -0.242407
v 0.216099 0.097156 -0.244476
v 0.222081 0.114846 -0.242306
v 0.225810 0.115535 -0.231005
v 0.226377 0.096511 -0.241373
v 0.228391 0.088770 -0.241688
v 0.228438 0.096662 -0.242101
v 0.229718 0.093371 -0.240057
v 0.232532 0.113815 -0.241052
v 0.234181 0.023890 -0.140727
v 0.232083 0.026804 -0.145039
v 0.240205 0.015051 -0.149235
v 0.239992 0.023020 -0.151586
v 0.223630 0.014494 -0.178144
v 0.229624 0.024966 -0.174149
v 0.238553 0.026348 -0.162162
v 0.234996 0.015475 -0.171728
v 0.232252 0.016059 -0.195032
v 0.228688 0.023459 -0.193400
v 0.229103 0.040962 -0.200404
v 0.235166 0.019972 -0.197393
v 0.239603 0.023267 -0.200448
v 0.240931 0.023387 -0.200050
v 0.245151 0.016845 -0.206329
v 0.244060 0.020796 -0.205984
v 0.246263 0.023439 -0.205391
v 0.240879 0.040920 -0.218421
v 0.247442 0.027354 -0.222546
v 0.244005 0.015828 -0.231079
v 0.247271 0.015930 -0.223771
v 0.247310 0.020246 -0.221546
v 0.246989 0.023519 -0.214085
v 0.245702 0.023355 -0.229480
v 0.242662 0.020566 -0.235133
v 0.234992 0.040928 -0.209374
v 0.241491 0.045107 -0.220239
v 0.233984 0.040907 -0.232275
v 0.238443 0.045171 -0.230820
v 0.242300 0.026994 -0.236361
v 0.237868 0.086392 -0.225261
v 0.235082 0.096640 -0.201165
v 0.233042 0.107464 -0.199989
v 0.231553 0.113788 -0.199159
v 0.228570 0.107240 -0.211288
v 0.230643 0.113586 -0.213026
v 0.238010 0.094456 -0.205372
v 0.240154 0.088153 -0.208512
v 0.239598 0.107801 -0.206721
v 0.237234 0.086040 -0.209947
v 0.233922 0.115321 -0.211414
v 0.239588 0.096605 -0.207608
v 0.241724 0.113158 -0.206586
v 0.240394 0.093133 -0.210358
v 0.244599 0.093161 -0.214770
v 0.242549 0.097150 -0.211163
v 0.242804 0.096767 -0.215060
v 0.242726 0.093192 -0.220044
v 0.241943 0.114572 -0.217071
v 0.242043 0.114590 -0.217350
v 0.242097 0.114600 -0.217504
v 0.242219 0.114622 -0.217846
v 0.240325 0.097257 -0.231620
v 0.241000 0.113982 -0.232610
v 0.243527 0.098181 -0.219254
v 0.242543 0.114667 -0.219674
v 0.242566 0.088763 -0.221189
v 0.240594 0.095956 -0.228156
v 0.231557 0.015913 -0.243774
v 0.239256 0.015693 -0.241108
v 0.232176 0.020465 -0.244428
v 0.240700 0.024055 -0.237101
v 0.238225 0.024211 -0.240321
v 0.239672 0.015962 -0.240615
v 0.245381 0.023454 -0.233080
v 0.229695 0.044368 -0.239084
v 0.229465 0.073421 -0.236337
v 0.238629 0.107912 -0.232470
v 0.232595 0.086419 -0.233640
v 0.234701 0.093583 -0.236644
v 0.231961 0.097985 -0.239748
v 0.232514 0.114406 -0.241065
v 0.232418 0.108001 -0.236897
v 0.234754 0.106147 -0.238458
v 0.238750 0.088758 -0.232362
v 0.239066 0.093977 -0.233174
v 0.236984 0.098090 -0.235198
v 0.237004 0.098192 -0.235204
v 0.237303 0.098093 -0.234905
v 0.237308 0.098142 -0.234890
v 0.237023 0.098090 -0.235209
v 0.237298 0.098142 -0.234920
v 0.237253 0.103830 -0.235197
v 0.236471 0.093421 -0.238762
v 0.237403 0.098179 -0.235056
v 0.236244 0.100779 -0.236732
v 0.239300 0.108732 -0.234037
v 0.237584 0.097997 -0.238257
vn -0.9098 0.2221 0.3505
vn -0.9032 0.1669 0.3954
vn -0.8094 0.1261 0.5735
vn -0.1168 -0.9899 0.0805
vn -0.5764 -0.1253 0.8075
vn -0.6442 -0.2116 0.7350
vn -0.4191 -0.2480 0.8734
vn -0.4104 0.1618 0.8974
vn -0.5785 0.4809 0.6588
vn -0.5787 0.4806 0.6589
vn -0.5755 0.4891 0.6555
vn -0.8859 -0.3798 0.2663
vn -0.8168 -0.2239 0.5317
vn 0.8441 0.3136 0.4350
vn 0.4509 0.2259 0.8635
vn -0.7398 0.2039 0.6412
vn -0.6827 0.3109 0.6613
vn -0.1925 -0.5227 0.8305
vn -0.8711 0.0764 -0.4851
vn 0.1597 0.9687 -0.1901
vn -0.8619 0.4709 -0.1881
vn -0.8614 0.4705 -0.1914
vn -0.8613 0.4706 -0.1916
vn 0.0002 -0.9998 -0.0191
vn -0.9111 0.2818 0.3009
vn -0.4296 -0.8919 -0.1411
vn -0.9632 0.0267 -0.2675
vn -0.8613 0.4704 -0.1919
vn 0.0061 -0.9986 -0.0520
vn -0.8240 0.3267 -0.4629
vn -0.7027 -0.1662 -0.6918
vn -0.6494 0.3723 -0.6630
vn 0.0231 -0.9997 0.0107
vn 0.0233 -0.9997 0.0101
vn 0.0186 -0.9997 0.0167
vn -0.5709 -0.0909 -0.8160
vn -0.6728 0.4709 -0.5706
vn 0.0156 -0.9997 0.0194
vn -0.3951 -0.1198 -0.9108
vn -0.4382 0.0866 -0.8947
vn -0.5412 -0.1281 -0.8311
vn -0.8534 -0.4520 0.2595
vn -0.8378 0.5427 -0.0601
vn -0.9593 0.0529 0.2775
vn -0.9603 0.0566 -0.2731
vn -0.7531 0.5431 0.3714
vn -0.6511 0.0685 -0.7559
vn -0.9382 -0.3091 -0.1555
vn -0.9857 -0.0232 0.1668
vn -0.8778 -0.1159 0.4647
vn -0.9469 0.1399 0.2895
vn -0.9200 -0.0596 -0.3873
vn 0.7100 0.6848 0.1638
vn -0.9274 -0.0442 -0.3715
vn -0.7220 -0.6895 0.0567
vn -0.8061 -0.4980 -0.3196
vn 0.0825 0.1696 -0.9821
vn -0.9972 0.0241 -0.0713
vn -0.7643 -0.5420 -0.3493
vn -0.0763 -0.9959 -0.0483
vn -0.6605 0.0275 -0.7503
vn -0.6454 0.1908 -0.7396
vn -0.2112 -0.6598 -0.7211
vn -0.8624 0.2501 0.4401
vn 0.1855 0.9812 -0.0538
vn -0.9935 0.1118 0.0227
vn -0.9870 -0.0253 0.1587
vn -0.0827 -0.9789 0.1867
vn -0.0816 -0.9791 0.1863
vn -0.0811 -0.9792 0.1861
vn -0.8161 0.5538 -0.1653
vn -0.9835 -0.0515 -0.1733
vn -0.9307 -0.0165 -0.3654
vn -0.9395 -0.0532 -0.3383
vn -0.6141 0.0825 -0.7849
vn -0.8833 0.3353 -0.3275
vn -0.0038 -0.9995 -0.0325
vn -0.0032 -0.9995 -0.0324
vn -0.1926 -0.3019 0.9337
vn -0.2048 0.1599 0.9657
vn -0.2459 0.2034 0.9477
vn -0.0004 -1.0000 0.0029
vn 0.0531 -0.2850 0.9570
vn 0.1271 -0.0965 0.9872
vn 0.2575 0.4651 0.8470
vn 0.2872 0.3971 0.8717
vn 0.5668 0.1830 0.8032
vn 0.7839 0.5099 0.3543
vn 0.7376 -0.1427 0.6600
vn 0.1597 -0.9765 0.1449
vn 0.1292 -0.9861 0.1045
vn 0.7386 -0.2051 0.6422
vn -0.4936 0.5307 0.6890
vn -0.0302 0.0516 0.9982
vn -0.1859 0.1229 0.9749
vn 0.1711 0.0826 0.9818
vn 0.2825 0.4522 0.8460
vn 0.2488 -0.2112 0.9453
vn 0.3251 -0.0522 0.9442
vn 0.6450 -0.1940 0.7392
vn -0.4805 -0.1211 0.8686
vn -0.3735 -0.0241 0.9273
vn -0.1764 -0.0547 0.9828
vn -0.2867 -0.0360 0.9573
vn -0.1643 -0.4087 0.8978
vn 0.2644 0.2513 0.9311
vn 0.4716 0.4339 0.7677
vn 0.4181 -0.0201 0.9082
vn 0.4193 -0.0216 0.9076
vn 0.4190 -0.0212 0.9077
vn 0.4178 -0.0197 0.9083
vn 0.3121 -0.7400 0.5958
vn -0.0533 0.9986 0.0044
vn 0.7726 0.0030 0.6349
vn 0.4462 -0.0234 0.8946
vn 0.3216 -0.8664 0.3819
vn 0.8035 -0.0303 0.5946
vn 0.7122 0.0555 0.6998
vn 0.7182 -0.3226 0.6165
vn 0.8790 -0.0203 0.4764
vn 0.8819 -0.0154 0.4712
vn 0.8815 -0.0153 0.4719
vn 0.5243 -0.2031 0.8270
vn 0.0515 0.9245 0.3776
vn 0.0318 0.9634 -0.2662
vn 0.0786 0.9005 0.4278
vn -0.5443 0.1909 -0.8169
vn -0.3870 -0.1543 -0.9091
vn 0.1944 0.3371 -0.9212
vn -0.0177 -0.9994 0.0282
vn 0.2025 -0.2912 -0.9350
vn 0.3435 -0.1539 -0.9265
vn 0.0755 0.6314 -0.7717
vn 0.6887 0.3674 -0.6251
vn 0.1622 -0.9838 -0.0760
vn 0.6837 -0.1527 -0.7136
vn 0.6878 -0.1816 -0.7029
vn 0.6880 -0.1799 -0.7031
vn 0.6889 -0.1737 -0.7037
vn 0.9040 0.3998 0.1518
vn 0.9328 0.1831 -0.3104
vn 0.9439 -0.0155 -0.3299
vn 0.9147 0.2028 -0.3497
vn 0.9468 0.0075 -0.3216
vn 0.8917 0.2167 0.3973
vn -0.2696 -0.9518 -0.1460
vn 0.9381 -0.1448 0.3147
vn 0.9380 -0.2860 0.1958
vn 0.9087 0.0946 -0.4067
vn -0.7112 -0.1377 -0.6894
vn -0.2596 -0.0382 -0.9649
vn -0.3145 0.1665 -0.9346
vn 0.3073 -0.4076 -0.8599
vn 0.6711 0.0821 0.7368
vn 0.9680 0.0435 0.2472
vn 0.8056 -0.4911 -0.3313
vn 0.8080 -0.4890 -0.3287
vn 0.8062 -0.4907 -0.3305
vn 0.8871 0.1076 0.4489
vn 0.8253 0.4911 -0.2786
vn 0.8328 0.4825 -0.2714
vn 0.8325 0.4828 -0.2719
vn 0.9618 -0.1426 -0.2337
vn 0.9698 0.0501 -0.2385
vn 0.9854 0.1699 -0.0042
vn 0.9116 0.3821 0.1514
vn -0.5302 -0.0950 -0.8425
vn -0.7958 0.3731 0.4771
vn 0.3476 0.9280 0.1345
vn -0.4995 -0.0343 -0.8656
vn -0.5087 -0.0850 -0.8568
vn -0.2083 -0.2013 -0.9571
vn 0.0553 -0.7461 -0.6635
vn -0.1903 0.1497 -0.9703
vn 0.2850 0.9558 0.0718
vn 0.0253 -0.8032 -0.5951
vn 0.0251 -0.0614 -0.9978
vn -0.1992 0.2209 -0.9547
vn 0.2328 -0.0093 -0.9725
vn 0.1967 0.0119 -0.9804
vn 0.1399 -0.8080 -0.5723
vn 0.3382 0.4952 -0.8002
vn -0.3587 0.2728 -0.8927
vn 0.0197 0.1726 0.9848
vn 0.0516 0.0137 -0.9986
vn -0.0130 -0.9974 0.0703
vn -0.9540 0.2514 0.1634
vn 0.7991 0.2915 0.5258
vn 0.5460 -0.6470 -0.5322
vn 0.5416 -0.7537 -0.3722
vn -0.4797 0.1772 0.8593
vn 0.9361 0.3038 0.1773
vn 0.9963 0.0858 -0.0069
vn 0.5128 -0.7939 -0.3268
vn 0.8062 -0.2141 -0.5516
vn -0.9565 -0.2919 -0.0000
vn -0.9564 -0.2919 -0.0002
vn -0.9031 0.3826 -0.1951
vn 0.7755 -0.0829 -0.6259
vn -0.7139 0.5338 -0.4532
vn 0.8987 -0.0901 0.4292
vn 0.8788 -0.0213 0.4766
vn 0.6619 -0.7471 -0.0607
vn 0.9754 0.0678 -0.2097
vn 0.6013 -0.4424 -0.6654
vn 0.6024 -0.4422 -0.6645
vn 0.6029 -0.4421 -0.6642
vn 0.7627 -0.0674 -0.6433
vn 0.9668 -0.0516 -0.2504
vn 0.9024 -0.3895 0.1842
vn 0.9966 0.0312 0.0765
vn 0.9498 0.2239 0.2184
vn 0.9946 0.0398 0.0954
vn 0.9137 -0.3692 0.1700
vn 0.8857 0.4296 -0.1760
vn 0.8890 0.4117 -0.2005
vn -0.0878 0.1587 -0.9834
vn -0.9827 0.1804 0.0424
vn 0.0522 0.9957 -0.0767
vn 0.8050 0.3139 0.5035
vn 0.0806 0.9966 0.0142
vn 0.1767 0.9761 0.1268
vn -0.2781 0.6741 0.6843
vn -0.0423 0.4288 0.9024
vn -0.2686 0.6682 0.6938
vn 0.0553 0.8642 0.5000
vn -0.1625 0.1319 0.9779
vn 0.1778 -0.4642 0.8677
vn -0.0056 -0.9947 0.1028
vn 0.0977 0.8136 0.5732
vn 0.0311 -0.9995 0.0064
vn 0.2338 0.6148 0.7532
vn 0.5211 0.6948 0.4956
vn 0.5177 0.0821 0.8516
vn 0.8491 0.1187 0.5147
vn 0.0038 -0.9998 0.0199
vn -0.8361 -0.4081 0.3668
vn -0.6820 0.5117 0.5225
vn -0.6935 0.6603 0.2881
vn -0.9724 0.1690 -0.1608
vn -0.5942 -0.4897 0.6380
vn -0.4939 0.0365 0.8688
vn -0.6158 -0.7135 0.3342
vn -0.4294 -0.6176 0.6589
vn -0.6913 -0.7007 -0.1763
vn -0.4285 0.6520 0.6256
vn -0.0630 0.4177 0.9064
vn -0.4892 -0.5634 0.6658
vn -0.9501 0.2418 0.1972
vn -0.9500 0.2422 0.1973
vn -0.9501 0.2420 0.1971
vn 0.1447 0.5163 0.8441
vn -0.6405 0.1976 0.7421
vn 0.6446 0.0784 0.7605
vn -0.1619 0.8006 0.5770
vn 0.1289 -0.7720 0.6224
vn 0.1554 -0.6410 0.7516
vn 0.1581 -0.6423 0.7500
vn 0.1579 -0.6424 0.7499
vn 0.1961 0.9583 0.2081
vn 0.1578 -0.6428 0.7496
vn 0.6083 0.7870 -0.1026
vn 0.9485 0.2772 0.1533
vn 0.9597 0.2774 0.0449
vn 0.7399 0.5257 0.4198
vn 0.2453 -0.9647 0.0954
vn 0.6414 -0.6499 0.4077
vn 0.7837 -0.1207 -0.6093
vn 0.7836 -0.1201 -0.6095
vn 0.7831 -0.1253 -0.6091
vn 0.1766 -0.9820 -0.0674
vn 0.4332 0.1376 0.8907
vn 0.9513 -0.2597 0.1661
vn 0.7351 0.6451 0.2087
vn 0.3900 0.9141 0.1113
vn 0.6806 -0.2849 -0.6750
vn -0.4817 0.8688 -0.1145
vn 0.0016 0.8397 0.5431
vn 0.0019 0.8398 0.5429
vn 0.0003 0.8348 0.5506
vn 0.5038 0.8634 -0.0272
vn 0.9343 0.3556 0.0234
vn -0.7579 0.6514 -0.0347
vn -0.5354 0.0132 -0.8445
vn -0.2774 0.1049 -0.9550
vn -0.1034 0.6928 -0.7137
vn -0.2428 0.5459 -0.8019
vn -0.1501 -0.0005 -0.9887
vn 0.1658 0.5767 -0.8000
vn 0.6154 0.7766 -0.1348
vn 0.5619 0.6681 -0.4877
vn 0.5498 0.6872 -0.4748
vn 0.0126 -0.9827 -0.1848
vn 0.6033 0.6492 -0.4632
vn 0.7641 0.2358 -0.6005
vn 0.8604 -0.1649 -0.4822
vn -0.7413 -0.4741 -0.4750
vn -0.5515 0.7752 -0.3081
vn -0.9107 -0.2489 -0.3295
vn -0.6245 0.5203 -0.5824
vn -0.3339 0.7757 -0.5355
vn -0.2229 -0.7844 -0.5789
vn -0.5573 -0.3016 -0.7736
vn -0.3703 0.0750 -0.9259
vn -0.4980 0.1731 -0.8497
vn -0.1925 -0.9494 -0.2481
vn 0.2265 0.1443 -0.9633
vn 0.2718 0.2054 -0.9402
vn -0.0726 0.6818 -0.7280
vn 0.9565 0.1374 -0.2574
vn 0.9926 -0.1007 -0.0675
vn 0.0210 -0.8172 -0.5760
vn 0.0446 -0.9543 -0.2955
vn 0.1608 0.8857 -0.4355
vn 0.2063 -0.3500 -0.9137
vn 0.1865 0.9784 -0.0895
vn 0.5149 -0.7477 -0.4192
vn 0.6891 -0.4016 -0.6032
vn 0.5373 0.3212 -0.7799
vn 0.9364 -0.3365 -0.1000
vn 0.7567 0.0810 -0.6488
vn -0.5815 0.4243 -0.6941
vn 0.3118 0.8731 -0.3749
vn -0.5377 0.7427 0.3991
vn -0.7181 0.1347 0.6828
vn -0.7163 0.1769 0.6750
vn -0.5580 -0.5824 0.5911
vn -0.3735 -0.6636 0.6482
vn -0.3745 -0.6642 0.6470
vn -0.3718 -0.6635 0.6492
vn -0.1198 0.5963 0.7938
vn -0.1174 0.1757 0.9774
vn -0.0451 -0.5959 0.8018
vn 0.0190 -0.9969 -0.0769
vn 0.0197 -0.9969 -0.0765
vn -0.4514 0.7876 0.4195
vn -0.4454 0.7869 0.4271
vn -0.4508 0.7878 0.4197
vn -0.4446 0.7867 0.4283
vn -0.4391 -0.7842 0.4385
vn -0.1709 0.9526 0.2518
vn -0.9027 0.1424 0.4061
vn -0.9016 0.1504 0.4056
vn -0.9025 0.1427 0.4064
vn -0.8299 -0.1743 0.5300
vn -0.8077 -0.0099 0.5895
vn -0.1068 0.8892 0.4448
vn -0.8141 -0.1905 0.5486
vn -0.2650 0.0627 0.9622
vn 0.4243 -0.6140 0.6655
vn -0.3145 -0.2628 0.9121
vn -0.2112 0.5250 0.8245
vn -0.2146 0.5273 0.8222
vn -0.2137 0.5266 0.8228
vn -0.2103 0.5245 0.8250
vn 0.2841 0.3836 0.8787
vn 0.3889 0.7205 0.5741
vn 0.9682 0.1485 0.2014
vn -0.0253 -0.9996 -0.0099
vn 0.8645 0.4749 0.1647
vn -0.9550 0.2648 0.1336
vn -0.5867 0.7639 0.2689
vn -0.5915 0.7639 0.2581
vn -0.5861 0.7646 0.2680
vn -0.9865 -0.1518 -0.0608
vn -0.9437 -0.1985 0.2647
vn 0.0641 -0.9978 0.0175
vn 0.0642 -0.9978 0.0172
vn 0.0640 -0.9978 0.0187
vn -0.5105 -0.7561 0.4096
vn -0.5106 -0.7565 0.4087
vn -0.5139 -0.7592 0.3995
vn -0.9500 0.2073 -0.2334
vn -0.5144 -0.7594 0.3984
vn 0.0638 -0.9978 0.0202
vn -0.0000 -0.9670 0.2549
vn -0.6196 0.1554 -0.7694
vn -0.5268 -0.2633 -0.8082
vn -0.4553 0.7368 -0.4998
vn -0.4737 -0.3002 -0.8279
vn -0.3793 0.0317 -0.9247
vn -0.2006 0.1426 -0.9692
vn -0.1937 0.7155 -0.6712
vn 0.1221 0.6560 -0.7449
vn 0.1258 0.6529 -0.7469
vn 0.1207 0.6571 -0.7441
vn -0.8271 -0.5586 0.0624
vn -0.8303 -0.5542 0.0594
vn -0.8315 -0.5524 0.0582
vn -0.6910 0.7179 0.0846
vn -0.6908 0.7182 0.0836
vn -0.6922 0.7162 0.0888
vn -0.8256 -0.5606 0.0636
vn -0.3519 0.9321 -0.0853
vn -0.3524 0.9319 -0.0854
vn -0.3514 0.9324 -0.0845
vn -0.4014 0.8692 -0.2888
vn -0.6914 -0.5285 -0.4926
vn -0.6921 -0.5239 -0.4965
vn -0.6916 -0.5275 -0.4934
vn -0.9854 0.1178 0.1230
vn -0.8145 0.3365 -0.4726
vn -0.8924 0.2755 -0.3573
vn -0.5154 0.7460 -0.4218
vn 0.0487 0.9949 -0.0883
vn -0.9226 -0.2845 0.2606
vn -0.9229 -0.2837 0.2602
vn -0.9201 -0.2871 0.2662
vn -0.9541 -0.1285 -0.2707
vn -0.9439 -0.0892 -0.3180
vn -0.7133 -0.5165 -0.4737
vn -0.2619 0.9388 -0.2239
vn -0.6051 0.5157 -0.6066
vn -0.5780 0.5852 -0.5687
vn -0.3061 0.4224 -0.8532
vn 0.2643 0.4947 -0.8279
vn -0.6135 -0.1623 -0.7728
vn -0.0689 0.2669 -0.9613
vn -0.4318 -0.8794 -0.2004
vn -0.9838 0.0938 0.1531
vn -0.8876 0.2141 -0.4079
vn -0.8367 -0.5126 -0.1929
vn -0.9265 0.3385 0.1643
vn -0.8799 0.3115 -0.3588
vn -0.9765 -0.2148 -0.0177
vn -0.8314 0.5260 0.1790
vn -0.8996 0.3285 -0.2879
vn -0.9247 0.3602 -0.1232
vn -0.2294 -0.8642 -0.4478
vn -0.9021 -0.3850 -0.1949
vn -0.9725 0.1858 -0.1406
vn 0.0568 0.0123 -0.9983
vn 0.0416 0.5836 -0.8110
vn -0.2791 -0.9236 0.2627
vn -0.0771 0.7163 -0.6935
vn -0.3540 0.8975 0.2629
vn 0.1082 0.0052 -0.9941
vn -0.5934 -0.7860 -0.1733
vn 0.0652 -0.9963 0.0565
vn 0.3358 0.6374 -0.6935
vn 0.0562 0.9218 0.3837
vn 0.2687 0.9198 -0.2859
vn -0.6730 -0.7137 0.1942
vn -0.9399 0.2270 0.2551
vn -0.5758 0.8081 0.1240
vn -0.8342 0.0108 0.5514
vn -0.6503 0.2583 0.7145
vn -0.8458 0.5334 0.0083
vn -0.2784 -0.8513 0.4446
vn -0.3955 0.7960 0.4582
vn -0.4569 0.8155 0.3553
vn -0.9342 0.3056 0.1838
vn -0.4404 0.8521 -0.2828
vn 0.0186 0.0472 0.9987
vn -0.3042 0.4945 0.8142
vn -0.1630 0.6607 0.7328
vn 0.0370 0.0748 0.9965
vn -0.1275 0.9370 0.3253
vn -0.9938 0.0401 0.1042
vn -0.3900 -0.7243 0.5685
vn -0.5587 -0.6409 0.5264
vn -0.6284 0.4081 0.6622
vn -0.9736 0.0496 0.2226
vn -0.9917 0.0101 0.1280
vn -0.4263 -0.8934 -0.1417
vn -0.4081 0.6307 0.6600
vn -0.6546 -0.0165 0.7558
vn -0.9638 -0.2478 -0.0986
vn -0.7522 0.0294 0.6583
vn -0.5897 0.7369 -0.3305
vn -0.9035 0.2026 -0.3778
vn -0.4785 0.8732 -0.0930
vn -0.6748 -0.0303 0.7374
vn -0.6721 -0.0244 0.7401
vn -0.6689 -0.0219 0.7430
vn -0.6772 -0.0359 0.7349
vn -0.6763 -0.0346 0.7359
vn -0.6855 -0.0469 0.7265
vn -0.6236 -0.3768 0.6850
vn -0.0887 -0.9947 0.0523
vn 0.4168 -0.5907 0.6909
vn 0.3777 -0.6239 0.6841
vn 0.0036 0.5917 0.8061
vn -0.0790 -0.9778 0.1941
vn -0.0331 0.2686 0.9627
vn -0.3111 -0.3097 0.8985
vn -0.1786 0.8173 0.5478
vn -0.1779 0.0993 0.9790
vn -0.3029 -0.1489 -0.9413
vn -0.3114 -0.7801 -0.5426
vn -0.1616 -0.2895 -0.9435
vn -0.3838 0.9223 -0.0459
vn -0.0755 0.7483 0.6591
vn 0.0203 -0.9998 0.0076
vn 0.0185 -0.9998 0.0075
vn 0.0222 -0.9997 0.0076
vn -0.5695 0.7824 -0.2521
vn -0.6470 0.1541 -0.7468
vn -0.0254 -0.9969 -0.0749
vn -0.5314 0.0531 -0.8454
vn -0.1940 0.2751 -0.9416
vn 0.1499 0.3997 -0.9043
vn 0.0849 0.8437 -0.5300
vn -0.1300 0.7010 -0.7012
vn 0.0449 0.1563 -0.9867
vn -0.0660 0.7797 -0.6227
vn 0.1621 0.7039 -0.6916
vn -0.9621 0.2567 -0.0926
vn -0.5689 0.8154 -0.1072
vn -0.8601 -0.3854 -0.3341
vn -0.5763 0.3843 -0.7212
vn -0.1771 -0.9678 -0.1791
vn -0.4612 -0.8759 -0.1421
vn -0.1959 -0.7634 -0.6155
vn -0.1564 0.0637 -0.9856
vn -0.1116 -0.8199 -0.5615
vn -0.0488 0.9330 -0.3566
vn 0.1730 -0.0548 -0.9834
vn -0.0405 0.8409 -0.5397
vn 0.0325 -0.6163 -0.7868
vn 0.0798 0.0521 -0.9954
vn 0.2738 -0.4364 0.8571
vn -0.0801 -0.6185 0.7817
vn 0.1610 0.6832 0.7123
vn 0.3406 0.0329 0.9396
vn 0.5133 0.5597 0.6506
vn 0.5124 0.5868 0.6270
vn 0.5284 0.7122 0.4622
vn 0.6739 -0.6373 0.3737
vn 0.7112 0.6122 0.3455
vn 0.7110 0.6122 0.3459
vn 0.7759 -0.1817 0.6041
vn -0.3206 -0.9316 0.1715
vn 0.2543 0.8787 0.4041
vn 0.9240 0.0389 0.3804
vn 0.7862 -0.3091 0.5351
vn 0.2725 0.8749 0.4003
vn 0.2731 0.8717 0.4068
vn 0.2729 0.8726 0.4051
vn -0.0276 0.9995 0.0129
vn 0.5076 0.7784 0.3694
vn 0.5071 0.7766 0.3738
vn 0.5072 0.7770 0.3728
vn 0.8020 0.5718 0.1728
vn 0.8451 0.3502 0.4039
vn 0.9084 0.1861 0.3744
vn 0.1275 0.6516 -0.7478
vn 0.2929 0.2347 -0.9269
vn 0.3004 0.3612 -0.8828
vn -0.0225 -0.9987 0.0447
vn 0.5927 -0.6139 -0.5214
vn 0.6384 -0.3728 -0.6734
vn 0.7464 0.0022 -0.6655
vn 0.7120 -0.4384 -0.5485
vn 0.2439 -0.9687 0.0456
vn -0.0716 -0.9968 -0.0359
vn 0.6734 0.7180 -0.1759
vn 0.7168 0.6269 0.3052
vn 0.8654 0.4997 -0.0381
vn 0.2555 -0.9657 0.0454
vn 0.2623 -0.9639 0.0467
vn 0.2651 -0.9630 0.0473
vn 0.9799 0.1299 -0.1511
vn 0.9792 0.1499 -0.1368
vn 0.7807 -0.6195 -0.0822
vn -0.9729 -0.1417 0.1828
vn -0.7270 0.6535 0.2107
vn -0.7620 0.6341 -0.1312
vn 0.0260 -0.9997 0.0030
vn -0.9332 -0.0059 -0.3594
vn -0.8207 -0.5689 -0.0537
vn 0.1761 0.8239 -0.5388
vn 0.7569 0.4250 -0.4964
vn 0.2356 0.7732 -0.5888
vn 0.1371 0.8592 -0.4928
vn 0.6706 0.2253 -0.7068
vn 0.1552 0.8564 -0.4924
vn 0.9572 0.2524 -0.1415
vn 0.9530 0.2636 -0.1493
vn 0.0080 0.9982 -0.0586
vn 0.3558 -0.4979 -0.7909
vn 0.9759 0.0358 0.2151
vn -0.0283 0.9984 0.0481
vn 0.9713 -0.1074 0.2123
vn 0.8469 -0.5028 -0.1727
vn 0.1801 0.9821 -0.0548
vn 0.3560 0.8273 -0.4346
vn 0.5327 -0.7188 -0.4467
vn 0.5078 0.7787 0.3685
vn 0.9639 -0.1349 0.2298
vn 0.7677 -0.5096 -0.3886
vn 0.7692 -0.5092 -0.3861
vn 0.7686 -0.5093 -0.3873
vn 0.3110 0.9457 -0.0947
vn 0.4583 0.8302 -0.3173
vn 0.6457 0.7579 -0.0931
vn 0.7766 -0.6202 -0.1106
vn 0.4801 -0.8046 -0.3496
vn 0.7169 -0.6809 0.1497
vn 0.0776 0.3848 -0.9197
vn 0.8529 -0.5213 0.0278
vn 0.9900 0.1052 -0.0945
vn 0.3617 0.6225 -0.6940
vn 0.8934 0.1738 0.4142
vn 0.8935 0.1740 0.4141
vn 0.8934 0.1736 0.4145
vn 0.8626 0.3254 0.3873
vn 0.9348 -0.3511 -0.0531
vn 0.9600 0.2303 0.1594
vn 0.9936 -0.0230 -0.1110
vn 0.7155 0.6272 -0.3076
vn -0.2598 0.9650 0.0359
vn -0.5484 0.6687 -0.5021
vn 0.4264 0.8771 0.2213
vn 0.6603 0.5434 0.5184
vn 0.0113 -0.9999 0.0067
vn 0.0113 -0.9999 0.0068
vn 0.3290 0.6802 0.6550
vn 0.5352 0.7780 -0.3290
vn -0.9965 0.0734 0.0401
vn -0.9963 0.0706 0.0500
vn -0.9963 0.0706 0.0491
vn 0.4561 -0.8202 0.3452
vn 0.9345 0.3139 0.1678
vn 0.9350 0.3125 0.1677
vn 0.9346 0.3135 0.1678
vn 0.4303 0.2111 0.8776
vn 0.2420 0.9683 -0.0624
vn 0.5176 0.7128 0.4732
vn 0.5174 0.7122 0.4745
vn 0.5169 0.7097 0.4787
vn 0.4044 -0.6342 0.6590
vn 0.8245 -0.4473 0.3466
vn 0.8849 0.2880 0.3660
vn 0.7569 -0.6535 0.0063
vn 0.8061 -0.4580 -0.3747
vn 0.7650 -0.2048 0.6106
vn 0.7753 -0.4499 0.4433
vn 0.7868 0.6172 0.0021
vn 0.7286 -0.4632 -0.5046
vn 0.7308 -0.4644 -0.5002
vn 0.7305 -0.4643 -0.5008
vn 0.4766 -0.8700 0.1266
vn 0.2247 0.8942 0.3871
vn 0.2427 0.9628 0.1189
vn 0.8990 -0.4363 -0.0379
vn 0.2431 -0.0563 -0.9684
vn 0.0276 0.5823 -0.8125
vn 0.0963 -0.9519 -0.2908
vn 0.1666 0.5682 -0.8058
vn 0.1547 -0.9258 -0.3449
vn 0.2293 0.2320 -0.9453
vn 0.8730 0.3654 -0.3230
vn 0.6492 0.7605 0.0150
vn 0.7626 0.2439 -0.5991
vn 0.5133 -0.8500 -0.1188
vn 0.8664 0.1156 -0.4858
vn 0.4391 0.8014 -0.4062
vn 0.1069 -0.7470 -0.6562
vn 0.2107 0.0704 -0.9750
vn 0.9266 -0.2807 0.2503
vn 0.7551 0.2797 -0.5930
vn 0.1142 -0.6582 -0.7441
vn 0.1816 -0.7146 -0.6756
vn -0.0369 0.8008 -0.5978
vn 0.7862 -0.4808 -0.3881
vn 0.7283 -0.4630 -0.5052
vn 0.6246 0.7460 -0.2311
vn 0.8014 -0.4773 -0.3604
vn 0.8738 0.2034 -0.4418
vn -0.7348 0.4073 0.5423
vn -0.6718 0.6236 0.3999
vn -0.2454 -0.6109 0.7528
vn -0.4844 0.2590 0.8356
vn -0.4840 0.2649 0.8340
vn -0.4841 0.2655 0.8338
vn -0.2353 -0.0996 0.9668
vn -0.3699 0.2391 0.8978
vn 0.2723 0.3675 0.8893
vn 0.2754 0.0013 0.9613
vn -0.0491 -0.9973 -0.0554
vn 0.3265 -0.4830 0.8125
vn 0.3527 -0.5457 0.7601
vn 0.1657 0.4197 0.8924
vn 0.3356 0.6766 0.6554
vn 0.4997 0.5716 0.6508
vn -0.2628 0.6104 0.7472
vn -0.3844 0.5678 0.7279
vn 0.1767 0.8144 0.5528
vn 0.2383 -0.3831 0.8924
vn 0.1908 0.6023 0.7751
vn 0.5007 0.6307 0.5929
vn 0.2949 -0.5086 0.8090
vn 0.6876 -0.2764 0.6714
vn -0.8675 0.0893 0.4893
vn -0.4045 0.5977 0.6922
vn -0.5425 0.1569 0.8253
vn -0.1073 -0.2291 0.9675
vn 0.2750 0.9506 -0.1443
vn -0.2045 -0.6952 0.6891
vn -0.2008 -0.6949 0.6905
vn -0.2044 -0.6959 0.6885
vn -0.1797 -0.6630 0.7268
vn -0.3470 -0.0323 0.9373
vn -0.1373 0.6238 0.7694
vn -0.0039 0.5878 0.8090
vn 0.4394 0.6311 0.6392
vn 0.1306 -0.1636 0.9778
vn 0.3208 -0.8208 0.4726
vn 0.2640 -0.3198 0.9099
vn 0.5938 -0.0013 0.8046
vn -0.8188 -0.3998 0.4119
vn -0.8195 -0.1406 -0.5556
vn -0.5121 0.6872 -0.5153
vn -0.3989 -0.8060 -0.4374
vn -0.7739 0.2807 -0.5677
vn -0.4758 -0.6742 -0.5648
vn -0.4759 -0.6742 -0.5648
vn 0.0854 -0.9959 0.0288
vn -0.3672 -0.0798 -0.9267
vn 0.0883 -0.1388 -0.9864
vn -0.0562 -0.5962 -0.8009
vn 0.0502 -0.4916 -0.8694
vn 0.0771 -0.1203 -0.9897
vn -0.1735 0.5534 -0.8146
vn 0.1414 -0.8692 -0.4739
vn 0.2679 0.7108 -0.6504
vn 0.3333 0.6146 -0.7150
vn 0.4095 0.5233 -0.7473
vn -0.0131 -0.9995 0.0271
vn 0.3844 0.6361 -0.6691
vn 0.7891 -0.3461 -0.5074
vn -0.6047 0.7292 0.3204
vn -0.8680 0.4393 0.2315
vn -0.9306 -0.3644 0.0341
vn -0.7963 -0.4069 -0.4475
vn -0.8371 0.2845 0.4672
vn -0.8318 0.4955 0.2504
vn -0.8249 0.5396 0.1682
vn -0.7676 -0.4550 0.4514
vn -0.4758 0.5129 0.7146
vn -0.6237 0.0698 -0.7785
vn -0.6724 0.0977 0.7337
vn -0.6483 -0.3154 0.6930
vn -0.9697 -0.0004 -0.2443
vn -0.6060 0.6457 -0.4647
vn -0.3154 0.0586 -0.9471
vn -0.3124 0.0618 -0.9479
vn -0.3132 0.0610 -0.9477
vn -0.3077 0.1672 -0.9367
vn -0.3508 0.1821 -0.9186
vn 0.3043 0.1214 0.9448
vn 0.1399 0.1913 0.9715
vn 0.9152 0.1452 0.3760
vn 0.5507 -0.1317 -0.8242
vn 0.8405 0.3034 -0.4489
vn 0.1184 0.7594 -0.6397
vn 0.6106 0.5464 0.5732
vn 0.6252 0.7403 0.2471
vn 0.6924 -0.5481 0.4693
vn 0.8125 0.5766 0.0855
vn 0.5714 0.5181 -0.6364
vn 0.7310 -0.0725 -0.6785
vn 0.6413 0.7611 0.0974
vn 0.7230 0.6060 -0.3316
vn -0.8859 0.4312 0.1710
vn -0.3812 -0.9232 -0.0497
vn -0.9073 0.1245 0.4015
vn -0.8720 -0.4659 -0.1502
vn -0.1437 0.9819 0.1237
vn -0.8703 -0.4402 -0.2209
vn -0.8436 0.5078 0.1744
vn -0.7606 0.6303 0.1557
vn -0.5678 0.8210 -0.0599
vn -0.4060 -0.9099 -0.0849
vn -0.5313 0.2837 0.7983
vn -0.2002 -0.6950 0.6906
vn -0.7048 -0.4097 0.5791
vn -0.7347 -0.6770 -0.0443
vn -0.4760 0.8783 -0.0445
vn -0.2108 -0.9748 0.0730
vn -0.2654 -0.8911 -0.3680
vn -0.2375 -0.9594 -0.1522
vn -0.5373 0.5526 -0.6371
vn -0.3368 -0.3710 -0.8654
vn -0.5089 -0.3745 -0.7751
vn -0.8589 -0.1316 -0.4950
vn -0.3640 -0.0494 -0.9301
vn -0.2716 0.8171 0.5085
vn -0.0078 0.8132 0.5820
vn -0.4462 -0.5651 -0.6939
vn -0.4666 0.5936 -0.6557
vn -0.4644 -0.1435 -0.8739
vn -0.1827 -0.8563 0.4830
vn -0.1847 -0.9656 0.1832
vn -0.1592 0.0589 -0.9855
vn -0.1582 0.8780 -0.4518
vn -0.1377 0.8821 -0.4506
vn -0.3616 0.3612 -0.8595
vn 0.1362 -0.0343 -0.9901
vn -0.0959 0.8289 0.5511
vn -0.2287 -0.8805 0.4152
vn -0.5401 0.0346 0.8409
vn -0.0975 -0.0276 -0.9949
vn -0.4161 0.3607 -0.8347
vn -0.3355 -0.1655 -0.9274
vn 0.4024 -0.1283 -0.9065
vn -0.1651 0.4455 -0.8799
vn -0.0252 -0.6756 -0.7368
vn -0.1059 0.8499 0.5162
vn 0.0259 0.8343 -0.5507
vn -0.0220 -0.8954 -0.4447
vn -0.1835 0.4146 -0.8913
vn 0.0729 0.5439 -0.8360
vn 0.7097 -0.1822 0.6806
vn 0.2602 -0.5040 -0.8236
vn 0.4065 0.5700 0.7140
vn 0.3820 0.8100 -0.4449
vn 0.6517 0.2579 -0.7133
vn 0.5647 0.3707 -0.7374
vn 0.5072 0.0908 -0.8570
vn 0.7120 -0.3043 0.6328
vn 0.7075 -0.3391 0.6201
vn 0.7982 0.3965 0.4535
vn 0.8371 -0.3676 0.4051
vn 0.9475 -0.1686 -0.2717
vn 0.7943 0.4633 -0.3930
vn 0.3496 -0.8131 -0.4654
vn -0.1196 0.2938 -0.9484
vn -0.1240 0.2956 -0.9472
vn -0.1243 0.2958 -0.9471
vn 0.7430 0.2392 0.6250
vn 0.6277 -0.7066 0.3267
vn 0.3420 -0.9256 -0.1621
vn 0.3131 -0.9479 -0.0580
vn 0.3518 0.8252 -0.4419
vn 0.5834 0.3806 -0.7175
vn 0.6838 0.0837 -0.7249
vn 0.0850 -0.9283 -0.3620
vn 0.6744 -0.7344 0.0766
vn 0.8780 -0.4628 -0.1222
vn 0.7862 0.6169 -0.0361
vn 0.7849 0.6186 -0.0342
vn 0.7869 0.6160 -0.0370
vn 0.8258 0.5292 -0.1951
vn 0.8204 0.5342 -0.2039
vn 0.8211 0.5335 -0.2028
vn 0.8740 -0.3486 0.3384
vn -0.8952 0.3650 0.2556
vn -0.8693 0.3915 0.3016
vn -0.4617 0.1445 0.8752
vn -0.8515 -0.3538 0.3871
vn -0.9990 -0.0263 -0.0349
vn -0.0929 0.6752 0.7318
vn -0.0230 -0.5071 -0.8616
vn -0.4599 0.8597 -0.2222
vn 0.0304 -0.3601 0.9324
vn -0.7865 -0.2778 -0.5516
vn -0.3107 0.3631 -0.8784
vn -0.2148 0.1825 -0.9595
vn 0.4383 0.4469 0.7798
vn -0.1035 -0.5043 -0.8573
vn 0.1615 0.9833 0.0843
vn -0.1193 0.2938 -0.9484
vn 0.4779 -0.1954 0.8564
vn 0.6538 0.0989 0.7502
vn 0.2262 -0.2895 -0.9301
vn 0.7020 0.3213 -0.6356
vn 0.7021 0.3212 -0.6356
vn 0.7002 0.3228 -0.6368
vn 0.3784 0.1510 -0.9132
vn 0.8449 0.5285 -0.0821
vn 0.0255 -0.5745 -0.8181
vn 0.0257 -0.5749 -0.8178
vn 0.0255 -0.5742 -0.8183
vn 0.7844 0.6194 -0.0333
vn -0.9280 0.2465 0.2793
vn -0.4172 0.8510 0.3191
vn -0.4791 0.8664 -0.1409
vn -0.5296 0.6797 0.5074
vn -0.4093 0.8409 0.3541
vn -0.3115 0.1999 0.9290
vn -0.5945 0.7075 0.3820
vn -0.1182 0.0435 0.9920
vn 0.1922 0.6788 0.7087
vn 0.2338 0.2412 0.9419
vn 0.0031 -0.9861 0.1662
vn 0.1503 0.6454 0.7490
vn 0.6449 0.2404 0.7255
vn 0.5458 0.8330 0.0905
vn 0.8541 0.0282 0.5194
vn 0.8523 0.0281 0.5222
vn 0.8533 0.0282 0.5206
vn 0.1363 -0.9897 0.0429
vn 0.1404 -0.9891 0.0432
vn 0.1402 -0.9892 0.0429
vn -0.4469 -0.7419 0.4999
vn -0.4472 -0.7410 0.5010
vn -0.4458 -0.7411 0.5020
vn -0.7849 0.5425 -0.2994
vn -0.1854 0.8874 0.4221
vn -0.7559 -0.6415 0.1309
vn -0.4825 0.8706 -0.0963
vn -0.2313 0.9197 0.3174
vn -0.2367 0.9182 0.3176
vn -0.2356 0.9186 0.3173
vn -0.3655 -0.4017 0.8397
vn -0.3650 -0.3982 0.8415
vn -0.3651 -0.3991 0.8411
vn -0.9793 -0.1918 -0.0646
vn -0.2340 0.9193 0.3164
vn -0.4588 0.0222 0.8883
vn -0.4671 -0.7973 0.3822
vn -0.4663 -0.7980 0.3818
vn -0.1473 -0.5363 0.8311
vn -0.0086 0.0597 0.9982
vn -0.1253 -0.8399 0.5281
vn -0.1792 -0.2023 0.9628
vn -0.1449 0.5618 0.8145
vn -0.1687 0.5050 0.8465
vn 0.3394 -0.5721 0.7467
vn 0.4042 -0.8544 0.3265
vn 0.2282 0.5774 0.7839
vn 0.7432 -0.2367 0.6258
vn 0.2035 -0.9780 -0.0454
vn 0.2378 0.8301 0.5043
vn 0.6461 0.1280 0.7524
vn 0.5102 -0.2246 0.8302
vn 0.5600 -0.6621 0.4981
vn 0.5638 -0.6589 0.4979
vn 0.5631 -0.6595 0.4979
vn 0.3403 -0.9333 0.1145
vn 0.8554 -0.0546 0.5150
vn 0.6902 0.3042 -0.6565
vn 0.6061 0.5588 0.5660
vn 0.6969 0.5991 0.3942
vn 0.7529 -0.5637 0.3398
vn 0.6800 -0.7330 0.0169
vn 0.8440 -0.4916 0.2144
vn 0.7833 -0.5433 -0.3022
vn 0.7839 -0.5451 -0.2974
vn 0.7833 -0.5430 -0.3027
vn 0.8114 -0.5487 0.2014
vn -0.3142 0.9490 -0.0267
vn 0.1644 0.8338 0.5270
vn -0.6207 -0.0165 -0.7839
vn -0.7682 0.6402 0.0086
vn -0.6420 0.6299 -0.4371
vn -0.6681 0.5661 -0.4829
vn -0.2809 0.1159 -0.9527
vn -0.1892 0.3976 -0.8978
vn -0.1347 0.8004 -0.5841
vn -0.1908 0.0191 -0.9814
vn 0.0378 0.0201 -0.9991
vn 0.3388 0.5902 -0.7327
vn 0.6970 0.6608 -0.2785
vn 0.1057 -0.9376 -0.3312
vn 0.2475 0.2209 -0.9434
vn 0.7143 0.5617 -0.4174
vn 0.6004 -0.0006 -0.7997
vn 0.0244 -0.9950 0.0973
vn -0.7188 -0.4948 -0.4884
vn -0.7934 0.5157 -0.3235
vn -0.8938 -0.1799 -0.4108
vn -0.7563 0.6455 -0.1066
vn -0.7561 0.6457 -0.1065
vn -0.7557 0.6463 -0.1062
vn -0.0339 -0.9936 -0.1076
vn -0.5940 -0.5346 -0.6011
vn -0.4290 0.3923 -0.8137
vn -0.6679 0.1023 -0.7372
vn -0.2355 0.5626 -0.7924
vn -0.3838 -0.6704 -0.6350
vn -0.1102 -0.9514 -0.2875
vn -0.1281 -0.8156 -0.5643
vn -0.3124 -0.0934 -0.9454
vn -0.3983 0.0710 -0.9145
vn -0.5112 -0.0665 -0.8569
vn 0.2807 -0.6456 -0.7102
vn -0.0565 -0.3991 -0.9151
vn 0.5498 0.2101 -0.8084
vn 0.3211 -0.6123 -0.7225
vn 0.1182 -0.9929 -0.0114
vn 0.1883 -0.9415 -0.2795
vn 0.5161 0.8217 -0.2417
vn 0.8984 0.4043 -0.1712
vn 0.3256 0.9228 -0.2059
vn 0.5922 -0.3899 -0.7052
vn 0.6687 -0.0837 -0.7388
vn 0.5526 0.8333 -0.0153
vn 0.6951 0.4873 0.5286
vn -0.7451 0.0991 0.6595
vn -0.5863 0.6262 0.5139
vn -0.5892 0.6236 0.5137
vn -0.5856 0.6268 0.5139
vn -0.8486 -0.0428 0.5273
vn -0.4361 -0.1183 0.8921
vn -0.0959 -0.9740 0.2052
vn 0.0106 -0.9995 -0.0283
vn -0.3155 0.0980 0.9438
vn -0.7092 0.5049 0.4920
vn -0.1942 0.9307 0.3100
vn -0.2506 0.6115 0.7505
vn -0.1560 0.6810 0.7155
vn -0.0225 0.9991 0.0373
vn -0.0241 0.9990 0.0371
vn -0.0241 0.9989 0.0402
vn -0.3485 0.8599 0.3729
vn 0.7710 -0.3545 -0.5290
vn -0.0550 -0.9937 0.0977
vn 0.6800 0.7130 0.1713
vn 0.7304 -0.5515 0.4029
vn 0.7266 -0.5541 0.4063
vn 0.7287 -0.5527 0.4044
vn 0.6234 0.7070 -0.3340
vn 0.6216 0.7118 -0.3270
vn 0.6218 0.7114 -0.3276
vn 0.9558 0.1468 -0.2546
vn 0.8865 -0.4320 -0.1661
vn 0.7445 0.6673 0.0208
vn 0.8102 -0.2933 -0.5076
vn 0.6009 0.7305 -0.3246
vn 0.6882 0.4899 -0.5351
vn 0.6630 0.7281 0.1743
vn 0.9568 -0.2907 -0.0044
vn -0.8043 -0.5915 0.0560
vn -0.9934 0.0959 -0.0624
vn -0.6824 -0.7177 0.1386
vn -0.9137 -0.2686 0.3050
vn -0.6978 0.6760 -0.2369
vn -0.8212 -0.1536 -0.5495
vn -0.8200 -0.1548 -0.5510
vn -0.8203 -0.1546 -0.5507
vn -0.8067 0.1028 -0.5819
vn -0.6597 -0.7194 -0.2174
vn -0.4703 -0.7212 -0.5086
vn -0.6341 0.2715 -0.7240
vn -0.5144 0.6521 -0.5569
vn -0.5587 -0.1246 -0.8200
vn -0.5077 0.6303 -0.5874
vn -0.5060 0.6316 -0.5874
vn -0.5135 0.6254 -0.5875
vn -0.4611 -0.6555 -0.5981
vn -0.4623 -0.7094 -0.5320
vn -0.3299 -0.2703 -0.9045
vn 0.0136 -0.9967 -0.0794
vn -0.4626 0.0768 -0.8833
vn 0.6216 0.7119 -0.3268
vn -0.7845 0.6190 -0.0380
vn -0.9384 0.1166 -0.3252
vn -0.7170 0.6375 -0.2820
vn -0.2129 0.6078 -0.7650
vn -0.8942 0.4470 -0.0227
vn -0.9404 0.1055 0.3233
vn -0.7449 0.1982 -0.6370
vn -0.4532 0.7817 -0.4284
vn -0.5531 0.0929 -0.8279
vn -0.5215 0.2259 0.8228
vn -0.7477 -0.6462 -0.1528
vn -0.6069 -0.7008 0.3749
vn -0.6317 -0.7748 0.0244
vn -0.9580 -0.2799 -0.0621
vn -0.4061 -0.8212 -0.4010
vn -0.7494 -0.1085 0.6532
vn -0.9951 0.0268 -0.0949
vn -0.4300 -0.8128 0.3930
vn -0.9898 0.0168 -0.1416
vn -0.8320 -0.2372 -0.5015
vn -0.7780 -0.1897 -0.5990
vn -0.8751 -0.3390 0.3454
vn -0.3429 0.9005 0.2673
vn -0.9668 0.1349 -0.2172
vn -0.3705 0.8683 -0.3298
vn -0.9051 -0.3660 0.2164
vn -0.9422 -0.3165 -0.1100
vn -0.6650 -0.3342 0.6679
vn -0.6465 -0.2455 0.7223
vn -0.0311 -0.9971 0.0688
vn -0.9061 0.4123 0.0947
vn -0.0688 0.9976 0.0110
vn -0.8262 -0.5166 -0.2246
vn -0.9160 -0.3594 -0.1785
vn -0.0244 0.9989 0.0409
vn -0.0156 -0.9998 -0.0158
vn 0.0011 -0.9999 0.0172
vn 0.0176 -0.9990 0.0401
vn -0.4581 0.7914 0.4049
vn -0.2745 0.9441 -0.1823
vn -0.5156 -0.3512 -0.7816
vn -0.5749 0.6351 -0.5159
vn -0.0094 0.9910 -0.1334
vn -0.9697 -0.0044 -0.2442
vn -0.5854 0.8106 -0.0141
vn 0.1350 -0.9899 0.0429
vn 0.9839 -0.0778 -0.1608
vn 0.6493 0.6717 -0.3568
vn -0.9991 0.0384 0.0180
vn -0.6016 0.7777 0.1821
vn -0.0349 -0.9988 0.0342
vn -0.6229 0.7786 0.0757
vn -0.7725 0.5712 -0.2773
vn -0.7411 0.2668 0.6161
vn -0.5758 0.0557 0.8157
vn -0.4015 0.8673 -0.2941
vn -0.1599 0.6166 0.7708
vn -0.8093 -0.4337 0.3962
vn -0.9738 0.2164 0.0694
vn -0.4778 0.8784 0.0056
vn -0.3783 0.9245 -0.0467
vn -0.6823 -0.7306 -0.0258
vn -0.7060 -0.4836 -0.5173
vn -0.9787 0.2033 0.0271
vn -0.2986 0.1955 0.9342
vn -0.4111 0.5124 0.7540
vn -0.8663 -0.4448 0.2274
vn -0.8548 0.4764 -0.2059
vn -0.7325 -0.6782 -0.0588
vn -0.5351 0.8435 0.0459
vn -0.4350 0.5806 -0.6883
vn -0.2381 0.5268 -0.8160
vn -0.4351 0.0622 -0.8982
vn -0.2355 0.6402 0.7313
vn -0.2073 -0.7195 0.6628
vn 0.0694 -0.1154 0.9909
vn 0.5553 -0.0945 0.8263
vn 0.1376 -0.9704 0.1984
vn 0.4510 -0.5897 0.6700
vn 0.5146 0.6232 0.5889
vn 0.5139 0.6271 0.5854
vn 0.5148 0.6221 0.5900
vn 0.4621 -0.7114 0.5295
vn 0.7096 -0.6139 0.3458
vn 0.6666 -0.6985 0.2603
vn 0.6426 0.0953 0.7603
vn 0.7000 0.6604 0.2718
vn 0.7375 0.6267 0.2517
vn 0.7380 0.6258 0.2524
vn 0.7376 0.6268 0.2512
vn -0.2159 -0.1874 0.9583
vn 0.0608 0.3629 0.9298
vn 0.0542 0.7466 0.6630
vn 0.0725 0.7872 0.6124
vn 0.2162 0.6852 0.6955
vn 0.5353 0.5584 0.6337
vn -0.1789 -0.7109 0.6802
vn -0.1622 0.2637 0.9509
vn -0.0466 -0.8230 0.5662
vn 0.1588 -0.4006 0.9024
vn 0.0462 0.8886 0.4563
vn -0.0286 -0.9968 -0.0746
vn 0.1802 0.2960 0.9380
vn 0.0407 -0.2127 0.9763
vn 0.5558 -0.1692 0.8139
vn 0.3433 -0.2435 0.9071
vn -0.1480 0.6113 -0.7774
vn 0.2495 -0.6575 -0.7109
vn 0.3406 0.2255 -0.9128
vn 0.0397 -0.9932 -0.1096
vn 0.4610 -0.6257 -0.6293
vn -0.0467 -0.9984 0.0325
vn 0.5140 0.5701 -0.6409
vn 0.5138 0.5703 -0.6409
vn 0.5141 0.5701 -0.6408
vn 0.4480 -0.6312 -0.6331
vn 0.7094 0.1683 -0.6844
vn 0.5143 0.5700 -0.6407
vn 0.4701 0.6153 -0.6327
vn 0.7539 0.6489 -0.1027
vn 0.7539 0.6489 -0.1026
vn 0.7540 0.6488 -0.1022
vn 0.7713 -0.5062 -0.3859
vn 0.6631 -0.7150 0.2215
vn 0.7717 -0.6239 -0.1238
vn 0.7717 -0.6239 -0.1237
vn 0.7712 -0.6239 -0.1261
vn 0.8158 -0.5719 -0.0858
vn 0.9622 -0.2287 0.1480
vn -0.7048 0.3155 0.6354
vn -0.2867 0.0891 0.9539
vn -0.5674 0.2497 -0.7846
vn -0.4556 0.7219 -0.5209
vn -0.2261 -0.1413 -0.9638
vn -0.0723 0.1953 -0.9781
vn 0.0676 0.1990 0.9777
vn -0.0753 0.0952 -0.9926
vn -0.0208 0.9152 -0.4024
vn -0.0068 -0.0826 0.9966
vn 0.2951 0.2637 -0.9184
vn 0.9072 0.2966 0.2984
vn 0.7491 0.0079 -0.6625
vn 0.9881 0.1493 0.0370
vn 0.6188 0.5334 -0.5767
vn 0.8792 0.2730 -0.3905
vn 0.4386 0.8738 -0.2100
vn 0.5761 0.6273 -0.5240
vn 0.6629 0.4323 -0.6112
vn 0.7284 0.1904 0.6581
vn 0.8443 0.0974 -0.5269
vn 0.8227 0.5541 -0.1268
vn 0.9612 0.2071 -0.1821
vn 0.6387 0.6620 -0.3921
vn 0.7030 0.7102 0.0379
vn 0.7031 0.7101 0.0383
vn 0.7043 0.7088 0.0402
vn 0.9865 0.0702 -0.1482
vn 0.7056 0.7073 0.0425
vn -0.5096 -0.3073 0.8036
vn -0.5149 -0.0152 0.8571
vn 0.3621 0.0537 0.9306
vn 0.2967 -0.0284 -0.9545
vn 0.0814 -0.2194 -0.9722
vn 0.0901 -0.2119 -0.9731
vn 0.0808 -0.2198 -0.9722
vn 0.9409 0.0180 0.3381
vn 0.8594 -0.0466 0.5092
vn 0.9878 -0.0433 -0.1496
vn 0.8988 0.0701 -0.4327
vn 0.8744 -0.2945 -0.3857
vn 0.8127 -0.3136 0.4911
vn 0.3963 -0.8096 0.4330
vn 0.3754 -0.5464 -0.7486
vn 0.7699 -0.6366 -0.0458
vn 0.9923 -0.1088 -0.0586
vn -0.5391 0.2191 0.8132
vn -0.6255 0.1554 0.7646
vn -0.6821 -0.1734 0.7105
vn 0.3165 0.8037 -0.5039
vn -0.0552 -0.6388 -0.7674
vn -0.1703 0.9668 0.1907
vn -0.1838 -0.4404 0.8788
vn -0.2214 -0.2909 -0.9308
vn -0.2211 -0.2908 -0.9309
vn -0.2248 -0.2883 -0.9308
vn -0.6158 -0.3774 -0.6917
vn -0.1968 0.9734 -0.1173
vn -0.1900 0.9758 -0.1084
vn -0.1920 0.9751 -0.1111
vn -0.6699 -0.2037 -0.7140
vn -0.6682 -0.2050 -0.7151
vn -0.6674 -0.2058 -0.7157
vn -0.1486 -0.2958 0.9436
vn 0.1952 0.9606 -0.1977
vn -0.1969 0.9733 -0.1177
vn 0.1012 0.9939 -0.0434
vn 0.2578 -0.2885 -0.9221
vn 0.2581 -0.2889 -0.9219
vn 0.2576 -0.2882 -0.9223
vn 0.0168 0.9995 -0.0265
vn 0.1170 0.9352 0.3342
vn -0.0382 0.9965 -0.0740
vn -0.0388 0.9969 -0.0680
vn -0.0386 0.9969 -0.0690
vn -0.2211 -0.2915 -0.9307
vn 0.1264 0.8742 -0.4688
vn -0.1491 0.4451 -0.8830
vn 0.4301 -0.3517 0.8314
vn 0.0071 0.9992 0.0401
vn -0.0108 0.9989 0.0449
vn -0.0088 0.9989 0.0470
vn -0.0097 0.9988 0.0473
vn 0.7109 0.3430 0.6140
vn 0.5575 -0.8256 -0.0878
vn 0.0867 -0.9844 -0.1532
vn 0.6480 -0.3494 -0.6768
vn 0.6484 -0.3494 -0.6764
vn 0.6415 -0.3550 -0.6800
vn -0.0051 0.9932 0.1159
vn -0.0033 0.9933 0.1158
vn -0.0045 0.9933 0.1157
vn 0.2619 -0.2940 -0.9192
vn 0.0143 0.9993 0.0349
vn 0.0174 0.9991 0.0382
vn 0.0139 0.9993 0.0347
vn 0.7635 0.3748 0.5259
vn 0.5697 0.0701 0.8188
vn 0.7048 -0.6965 0.1347
vn 0.1680 0.9751 -0.1446
vn 0.4373 -0.1988 -0.8771
vn 0.0091 -0.9999 0.0114
vn 0.0517 0.9986 0.0116
vn 0.9490 0.0244 -0.3143
vn 0.9488 0.0230 -0.3151
vn 0.9488 0.0226 -0.3152
vn 0.9448 -0.0252 -0.3267
vn 0.9544 0.0206 -0.2977
vn 0.6667 -0.3097 -0.6780
vn 0.6776 -0.3712 0.6349
vn 0.9209 -0.3865 -0.0501
vn 0.9623 -0.2296 0.1461
vn 0.6625 -0.3293 0.6728
vn 0.4875 0.8471 0.2117
vn 0.5002 0.8567 0.1263
vn -0.0150 0.9985 -0.0535
vn -0.0225 0.9983 -0.0537
vn -0.0137 0.9985 -0.0535
vn -0.0316 0.0044 0.9995
vn 0.0061 0.0296 0.9995
vn -0.0109 0.4112 0.9115
vn 0.0722 -0.1086 -0.9915
vn 0.1044 -0.0036 -0.9945
vn -0.0657 0.9746 -0.2141
vn 0.0123 0.9441 -0.3295
vn -0.0000 0.0130 0.9999
vn 0.3370 0.4056 0.8496
vn 0.1056 0.1254 -0.9865
vn 0.0526 0.0530 -0.9972
vn -0.0136 0.0576 -0.9982
vn 0.6872 -0.0500 -0.7248
vn 0.8604 0.0062 -0.5096
vn 0.2538 -0.8463 -0.4684
vn 0.0239 0.9802 0.1966
vn 0.0830 -0.1380 -0.9870
vn 0.9997 -0.0006 0.0232
vn -0.4014 -0.9137 -0.0632
vn 0.4046 -0.6707 -0.6217
vn 0.0024 -0.9999 -0.0170
vn 0.0071 -0.9998 -0.0178
vn -0.0021 -0.9999 -0.0166
vn 0.0875 0.7408 0.6660
vn -0.0216 -0.9998 -0.0033
vn 0.0083 -0.9592 0.2826
vn -0.0282 0.0844 0.9960
vn -0.2067 0.5946 -0.7770
vn -0.2631 0.8762 -0.4037
vn 0.2078 0.6695 0.7131
vn -0.3904 0.3588 -0.8478
vn 0.2240 0.8667 0.4458
vn 0.2800 0.2439 0.9285
vn 0.6788 0.5605 0.4744
vn 0.7297 0.6739 0.1161
vn 0.6952 0.7148 0.0763
vn 0.4352 0.7501 -0.4979
vn 0.7646 0.2170 0.6068
vn 0.8206 0.5709 0.0247
vn 0.9023 0.0800 -0.4236
vn 0.9211 0.0194 0.3890
vn 0.9867 -0.1031 0.1256
vn -0.7462 -0.6655 -0.0202
vn -0.5575 0.4354 -0.7068
vn -0.2427 0.9677 0.0678
vn -0.2513 0.2013 0.9467
vn -0.4588 -0.1987 -0.8660
vn -0.3594 -0.6626 -0.6572
vn -0.0968 0.6681 -0.7378
vn -0.7158 -0.2085 0.6664
vn -0.1600 -0.3688 -0.9156
vn -0.4428 0.4086 -0.7981
vn -0.1145 -0.6364 0.7628
vn 0.0745 0.4445 0.8927
vn -0.1371 -0.5135 0.8471
vn -0.0074 0.5586 0.8294
vn 0.1884 -0.3827 -0.9045
vn 0.0100 0.4902 0.8715
vn 0.0606 -0.7003 0.7113
vn 0.1044 -0.7270 0.6787
vn 0.6546 -0.2783 -0.7028
vn 0.2636 -0.9046 -0.3349
vn 0.6790 -0.1529 0.7180
vn 0.7248 -0.0832 0.6839
vn 0.6401 0.1953 0.7430
vn 0.5771 -0.7266 0.3728
vn 0.9908 -0.1078 -0.0815
vn 0.5762 0.5183 -0.6320
vn 0.9695 0.1477 0.1955
vn 0.4754 -0.7364 -0.4813
vn 0.6971 0.4390 -0.5669
vn 0.2422 0.5949 -0.7665
vn 0.1209 -0.2685 -0.9556
vn 0.2652 0.3970 -0.8787
vn 0.4340 0.6713 0.6009
vn 0.4306 -0.9020 -0.0324
vn 0.7180 -0.6878 -0.1068
vn 0.5214 -0.8405 -0.1473
vn 0.9187 -0.1732 0.3548
vn 0.5372 0.8385 0.0911
vn 0.7113 -0.6034 0.3605
vn 0.8970 -0.1938 0.3972
vn 0.7327 0.6234 -0.2732
vn 0.7311 0.6277 -0.2673
vn 0.7312 0.6274 -0.2677
vn 0.9280 0.3483 -0.1323
vn 0.8688 -0.3309 -0.3682
vn 0.8825 0.2031 -0.4242
vn 0.5751 0.7760 -0.2590
vn -0.1241 0.6656 0.7359
vn -0.0636 0.9542 0.2922
vn 0.1022 0.9735 0.2046
vn 0.5167 0.8201 -0.2459
vn -0.0159 -0.9926 -0.1201
vn -0.2635 0.2171 -0.9399
vn 0.2166 0.6860 -0.6946
vn 0.2165 0.6857 -0.6949
vn 0.2167 0.6856 -0.6950
vn 0.1385 0.0015 -0.9904
vn 0.2132 0.6830 -0.6986
vn 0.2675 0.1092 -0.9573
vn 0.7375 0.4819 -0.4732
vn -0.9855 0.1236 0.1166
vn -0.1661 -0.9630 0.2122
vn -0.1600 -0.9633 0.2155
vn -0.1597 -0.9632 0.2162
vn -0.5544 0.6484 0.5217
vn -0.9816 -0.1741 -0.0779
vn -0.0380 -0.9968 -0.0706
vn -0.0240 -0.9965 -0.0800
vn -0.7934 -0.0930 -0.6015
vn -0.7858 -0.0963 -0.6109
vn -0.7863 -0.0947 -0.6106
vn -0.9301 0.2456 -0.2730
vn -0.7990 0.6013 0.0061
vn -0.4546 0.8097 -0.3712
vn -0.8303 0.4360 -0.3473
vn -0.4314 0.7382 -0.5186
vn -0.6526 0.4673 -0.5965
vn -0.9706 -0.0738 0.2289
vn -0.9972 -0.0028 -0.0749
vn -0.9790 -0.0023 -0.2037
vn -0.9532 -0.2298 -0.1965
vn -0.9382 -0.1792 0.2960
vn -0.8806 0.4628 0.1015
vn -0.9328 0.1063 -0.3444
vn -0.2232 -0.9686 0.1100
vn -0.6053 -0.2934 0.7399
vn -0.5253 -0.1340 0.8403
vn -0.7493 0.5574 -0.3576
vn -0.7509 0.5573 -0.3545
vn -0.7511 0.5567 -0.3548
vn -0.9428 -0.0589 0.3280
vn -0.9687 0.2367 -0.0745
vn -0.6650 -0.6025 -0.4413
vn -0.6725 -0.6009 -0.4320
vn -0.6715 -0.6016 -0.4326
vn -0.9959 0.0463 -0.0783
vn -0.6864 0.0629 -0.7245
vn -0.5480 0.0653 0.8339
vn 0.1996 0.9752 -0.0952
vn -0.8736 -0.1220 0.4712
vn -0.8738 -0.1216 0.4708
vn -0.8759 -0.1195 0.4675
vn -0.9558 0.2477 0.1584
vn -0.8944 -0.4467 0.0204
vn -0.9936 0.0340 0.1079
vn -0.8470 -0.1249 0.5168
vn -0.9165 -0.2134 0.3383
vn -0.9164 -0.2132 0.3388
vn -0.9157 -0.2095 0.3429
vn 0.8839 0.3509 0.3092
vn -0.9462 0.0491 0.3199
vn -0.9977 0.0678 0.0030
vn -0.5997 -0.3867 0.7006
vn -0.2958 0.2410 0.9244
vn -0.7625 0.0496 0.6451
vn -0.1745 0.9449 0.2770
vn -0.4280 -0.7616 0.4866
vn -0.4190 0.1233 0.8996
vn -0.4869 -0.0741 0.8703
vn 0.1691 0.9679 -0.1858
vn -0.1314 0.9885 0.0753
vn 0.1924 0.9796 -0.0573
vn -0.9118 -0.2435 -0.3307
vn -0.7580 -0.0260 -0.6518
vn -0.6790 0.4435 -0.5850
vn -0.8062 0.1320 -0.5767
vn -0.7644 0.4286 -0.4817
vn -0.0851 -0.9914 -0.0993
vn -0.6682 0.0232 -0.7437
vn -0.6862 0.1833 -0.7039
vn -0.6528 0.0601 -0.7552
vn -0.6892 -0.1342 -0.7121
vn -0.6212 -0.5743 -0.5332
vn -0.6223 -0.5731 -0.5332
vn -0.6255 -0.5699 -0.5328
vn -0.6215 -0.5739 -0.5332
vn -0.6232 -0.5720 -0.5333
vn -0.6068 -0.5915 -0.5310
vn -0.6511 -0.5081 -0.5638
vn -0.6697 0.0659 -0.7397
vn -0.5717 -0.0229 -0.8202
vn -0.4882 0.3302 -0.8079
vn -0.5334 -0.6777 -0.5062
vn -0.7472 0.1006 -0.6570
vn -0.6649 -0.6019 -0.4424
vn -0.7477 0.5576 -0.3607
vn -0.7081 -0.3458 -0.6156
vn -0.5995 -0.7772 -0.1911
vn 0.0166 -0.9996 0.0236
vn -0.9191 -0.0607 -0.3894
vn -0.9188 -0.0612 -0.3899
vn -0.9200 -0.0588 -0.3875
vn -0.9490 -0.0362 -0.3133
vn -0.9492 -0.0399 -0.3121
vn -0.9493 -0.0413 -0.3116
vn 0.0820 0.1690 -0.9822
vn -0.9489 -0.0352 -0.3137
vn -0.3972 -0.0679 -0.9152
vn -0.5382 -0.3722 -0.7562
vn -0.2754 -0.7635 -0.5841
vn -0.2753 -0.7635 -0.5843
vn -0.2754 -0.7636 -0.5841
vn -0.5307 -0.0864 -0.8432
vn 0.0900 0.5031 0.8595
vn -0.3393 0.8719 0.3531
vn -0.5104 0.3502 0.7854
vn -0.5099 0.3508 0.7854
vn -0.5103 0.3503 0.7854
vn 0.2563 0.2017 0.9453
vn 0.1786 0.6347 0.7518
vn 0.1418 0.9076 0.3951
vn 0.7291 0.6479 0.2204
vn 0.0122 -0.9990 0.0438
vn 0.4689 0.6560 0.5914
vn 0.6846 0.2793 0.6733
vn 0.0286 -0.9974 0.0665
vn -0.8046 0.3218 0.4991
vn -0.6059 0.5079 0.6123
vn -0.1860 0.3900 0.9018
vn -0.5107 0.3498 0.7854
vn -0.6124 -0.4811 0.6273
vn -0.4582 -0.6463 0.6102
vn 0.5128 0.5368 0.6699
vn -0.6351 0.7362 0.2336
vn -0.2629 0.3703 0.8909
vn 0.0421 -0.4568 0.8886
vn 0.5811 -0.6372 0.5063
vn 0.1293 0.3439 0.9301
vn 0.6407 -0.0603 0.7654
vn 0.3939 0.8714 0.2926
vn 0.2899 -0.8890 0.3544
vn 0.4037 0.6371 0.6566
vn 0.8490 -0.0833 0.5218
vn 0.8444 -0.2553 0.4710
vn -0.2989 0.9461 0.1249
vn 0.2432 0.8854 0.3962
vn -0.6129 0.1299 -0.7794
vn -0.6453 0.7462 -0.1638
vn -0.6489 0.7435 -0.1616
vn -0.6488 0.7436 -0.1616
vn -0.4080 0.0476 -0.9117
vn -0.0186 -0.9788 -0.2040
vn -0.1518 0.3368 -0.9293
vn -0.4215 0.5704 -0.7050
vn 0.1170 -0.9929 0.0209
vn -0.3048 0.8013 -0.5148
vn -0.3117 0.2939 -0.9036
vn -0.2025 0.2067 -0.9572
vn 0.2918 0.6512 -0.7006
vn 0.1766 0.8396 -0.5137
vn 0.1586 0.6000 -0.7841
vn 0.0021 -0.9998 -0.0205
vn 0.0040 -0.9998 -0.0196
vn 0.0128 -0.9998 -0.0147
vn 0.7043 0.6661 0.2454
vn 0.6195 0.6457 -0.4464
vn 0.5347 0.8306 -0.1557
vn 0.3099 0.8351 -0.4545
vn -0.0080 -0.9989 -0.0452
vn -0.0081 -0.9989 -0.0451
vn -0.0081 -0.9990 -0.0438
vn 0.6091 0.6297 -0.4822
vn 0.9003 -0.0415 -0.4333
vn -0.0245 -0.9997 -0.0040
vn 0.8884 0.0242 0.4583
vn -0.5438 0.8198 0.1797
vn -0.8640 -0.5028 -0.0265
vn -0.9980 0.0595 -0.0201
vn -0.4655 0.8584 -0.2157
vn -0.8548 0.0940 0.5105
vn -0.2898 -0.3337 -0.8970
vn -0.6552 -0.7213 0.2246
vn -0.4259 -0.7929 -0.4359
vn -0.4228 -0.7938 -0.4372
vn -0.4284 -0.7919 -0.4352
vn -0.5561 0.7873 0.2663
vn -0.6572 -0.4213 -0.6250
vn -0.6096 0.1766 -0.7728
vn -0.3446 -0.8059 -0.4814
vn -0.3818 0.6381 -0.6687
vn 0.1952 0.6187 -0.7610
vn -0.0506 0.7104 -0.7020
vn 0.0260 -0.6088 -0.7929
vn 0.1612 0.6437 -0.7481
vn -0.0235 0.6381 -0.7696
vn 0.1099 0.8895 -0.4435
vn 0.1317 0.0237 -0.9910
vn 0.5514 -0.3334 -0.7647
vn 0.4521 0.3445 -0.8227
vn 0.7955 -0.1705 0.5814
vn 0.5941 0.7960 -0.1161
vn 0.9770 -0.1438 -0.1575
vn 0.4239 0.7019 0.5723
vn 0.9695 -0.1291 -0.2082
vn 0.8244 -0.5603 -0.0804
vn 0.7749 0.3937 -0.4944
vn 0.3502 -0.0260 -0.9363
vn 0.3597 0.8961 -0.2600
vn 0.6419 -0.7248 -0.2501
vn 0.6090 0.7657 -0.2068
vn 0.6110 0.7634 -0.2094
vn 0.6094 0.7653 -0.2074
vn -0.3400 0.9309 0.1336
vn -0.0097 0.9620 -0.2728
vn -0.3269 -0.0926 0.9405
vn -0.0286 0.2632 0.9643
vn 0.3118 -0.2555 0.9152
vn 0.3107 0.0484 0.9493
vn 0.3426 -0.1276 0.9308
vn -0.0514 -0.1605 0.9857
vn -0.0519 -0.1611 0.9856
vn -0.0514 -0.1608 0.9857
vn 0.2778 0.6167 0.7365
vn 0.4595 -0.1805 0.8696
vn 0.7715 -0.0416 0.6349
vn -0.5353 0.6969 -0.4771
vn 0.7198 0.2840 0.6334
vn 0.7349 -0.0278 0.6776
vn 0.7266 -0.2494 0.6402
vn 0.7520 0.0627 0.6562
vn 0.7571 0.0588 0.6506
vn 0.7549 0.0610 0.6530
vn 0.7579 0.0586 0.6497
vn 0.9288 -0.1339 0.3455
vn 0.7568 -0.0569 0.6512
vn 0.8435 0.5366 0.0226
vn 0.9651 -0.1818 -0.1885
vn 0.9318 0.1862 -0.3115
vn 0.1426 0.5481 0.8242
vn -0.2625 0.1175 0.9578
vn 0.0707 -0.2618 0.9625
vn -0.3597 0.0328 0.9325
vn 0.2889 -0.1627 0.9434
vn 0.4252 -0.2920 0.8567
vn 0.7435 0.0541 0.6665
vn 0.7183 -0.5226 -0.4593
vn 0.8272 0.0818 0.5559
vn 0.8664 -0.4963 0.0546
vn 0.9930 0.1037 0.0569
vn -0.4467 -0.0862 0.8905
vn -0.5315 -0.1972 0.8237
vn -0.2178 -0.8696 0.4431
vn 0.1903 0.4093 0.8923
vn 0.9110 0.3832 0.1521
vn -0.3265 0.1482 0.9335
vn -0.0742 -0.9848 0.1570
vn -0.2008 0.3374 0.9197
vn -0.3762 -0.0208 0.9263
vn -0.0959 -0.8115 0.5765
vn -0.3126 0.2273 -0.9223
vn 0.3125 0.9490 0.0406
vn -0.0277 0.2634 0.9643
vn -0.1233 -0.0983 0.9875
vn -0.1180 -0.0894 0.9890
vn -0.1207 -0.0942 0.9882
vn 0.0433 -0.2776 0.9597
vn -0.0527 -0.9194 0.3898
vn 0.0207 0.1679 0.9856
vn -0.0857 -0.0564 0.9947
vn -0.0431 -0.3772 0.9251
vn -0.1236 -0.0993 0.9874
vn 0.2859 0.9555 0.0724
vn 0.2431 0.1439 0.9593
vn -0.1806 -0.7026 0.6883
vn 0.2025 0.1038 0.9738
vn 0.0265 0.3412 0.9396
vn 0.0781 0.8982 0.4327
vn -0.2712 0.9398 0.2081
vn 0.1726 -0.8159 0.5518
vn 0.4248 -0.0165 0.9051
vn 0.4263 -0.0182 0.9044
vn 0.4259 -0.0178 0.9046
vn -0.3558 0.2669 -0.8956
vn 0.8621 0.3643 -0.3523
vn -0.1618 0.9756 -0.1487
vn 0.1832 -0.9243 0.3349
vn 0.9037 0.2660 -0.3356
vn 0.3504 -0.8027 0.4826
vn -0.9520 0.2576 0.1652
vn 0.2596 -0.8703 0.4187
vn 0.4535 -0.0466 0.8900
vn 0.3783 -0.8775 0.2947
vn -0.4995 0.1520 0.8529
vn -0.0537 0.9986 0.0011
vn 0.5371 -0.8432 -0.0254
vn 0.7368 0.1008 -0.6685
vn 0.7528 -0.3419 0.5625
vn 0.8009 -0.0310 0.5980
vn 0.8014 -0.0309 0.5973
vn 0.8018 -0.0310 0.5968
vn 0.8020 -0.0309 0.5965
vn 0.6199 -0.7262 0.2973
vn 0.9019 -0.0820 0.4241
vn 0.6871 -0.4236 0.5903
vn 0.9544 -0.1295 0.2691
vn 0.5786 -0.8139 -0.0526
vn 0.9761 0.0832 -0.2009
vn 0.9899 0.0882 0.1108
vn 0.1494 -0.9879 -0.0409
vn 0.9969 0.0296 0.0729
vn 0.9931 0.0456 0.1084
vn -0.1115 -0.9838 0.1404
vn 0.9527 -0.2754 0.1289
vn 0.0537 0.9949 0.0854
vn 0.7229 0.3743 -0.5808
vn 0.8649 -0.1807 -0.4684
vn 0.9856 -0.0498 -0.1614
vn 0.0304 0.9650 -0.2604
vn -0.9824 0.1831 0.0379
vn 0.0832 0.9964 0.0146
vn -0.1922 -0.1150 -0.9746
vn -0.1890 -0.0768 -0.9790
vn -0.2801 0.4767 -0.8332
vn -0.2777 0.4895 -0.8266
vn -0.0851 -0.1918 -0.9777
vn -0.0568 0.1981 -0.9785
vn 0.3775 0.3005 -0.8759
vn 0.3773 0.3011 -0.8758
vn 0.3789 0.2982 -0.8761
vn -0.0420 -0.2715 -0.9615
vn 0.1280 0.5134 -0.8485
vn 0.1023 -0.1526 -0.9830
vn 0.4430 0.1396 -0.8856
vn 0.0973 -0.9918 -0.0825
vn 0.0973 -0.9918 -0.0824
vn 0.0974 -0.9918 -0.0827
vn 0.6317 -0.2531 -0.7328
vn 0.6326 -0.2530 -0.7320
vn 0.4240 -0.2607 -0.8673
vn 0.6802 -0.4320 -0.5922
vn 0.6337 -0.2527 -0.7311
vn 0.7456 0.2166 -0.6303
vn -0.3088 -0.0000 0.9511
vn 0.9290 0.1695 -0.3290
vn 0.0917 -0.9947 -0.0473
vn -0.4910 -0.3111 -0.8137
vn 0.2607 -0.4449 -0.8568
vn -0.1120 0.9900 0.0859
vn -0.4333 -0.0606 -0.8992
vn -0.3966 -0.0793 -0.9146
vn -0.2752 -0.7634 -0.5843
vn -0.3632 -0.0681 -0.9292
vn -0.3680 -0.3777 -0.8497
vn -0.3916 -0.0206 -0.9199
vn -0.3976 -0.0221 -0.9173
vn -0.3937 -0.0216 -0.9190
vn -0.7643 -0.5365 -0.3577
vn -0.5490 -0.1285 -0.8259
vn -0.0932 0.1501 -0.9843
vn -0.2978 -0.0569 -0.9529
vn 0.1482 -0.3097 -0.9392
vn 0.0192 -0.8586 -0.5123
vn 0.0320 0.0139 -0.9994
vn 0.1461 -0.6032 -0.7841
vn 0.1770 -0.0616 -0.9823
vn 0.5790 -0.5274 -0.6218
vn 0.2071 -0.3615 -0.9091
vn 0.1760 -0.4097 -0.8951
vn 0.3265 0.1367 -0.9352
vn 0.5393 0.0696 -0.8392
vn 0.8049 0.3121 0.5047
vn 0.0534 0.9955 -0.0789
vn 0.8442 -0.0885 -0.5287
vn 0.7738 0.2392 -0.5865
vn 0.7670 -0.5957 -0.2386
vn 0.5534 0.2888 -0.7812
vn 0.6000 -0.0798 -0.7960
vn -0.7968 0.4929 -0.3496
vn 0.7653 -0.0675 -0.6401
vn 0.7584 -0.0729 -0.6477
vn 0.7596 -0.0718 -0.6464
vn 0.4897 -0.8261 -0.2788
vn -0.5861 0.0799 -0.8063
vn 0.7660 -0.0671 -0.6394
vn 0.7409 -0.0719 -0.6677
vn -0.8628 0.2565 0.4356
vn -0.7616 -0.0052 0.6481
vn -0.7620 -0.0053 0.6476
vn -0.7630 -0.0059 0.6463
vn -0.7611 0.0044 0.6486
vn -0.7593 0.0082 0.6506
vn -0.7606 0.0102 0.6492
vn -0.4230 -0.8482 0.3187
vn -0.5790 0.8011 0.1517
vn -0.7255 0.5838 0.3645
vn -0.0262 -0.9884 0.1494
vn -0.5030 0.1763 0.8461
vn -0.0748 0.8316 0.5503
vn -0.3438 0.4352 0.8321
vn -0.4204 0.6060 0.6753
vn -0.3999 0.6558 0.6403
vn 0.0832 0.7004 0.7089
vn 0.0223 0.2758 0.9610
vn -0.6254 0.6056 0.4921
vn -0.5431 0.7845 0.2993
vn -0.5752 0.5612 0.5951
vn -0.5088 0.8600 0.0389
vn -0.7198 -0.6661 0.1955
vn -0.5004 -0.5332 0.6822
vn -0.4293 -0.1957 0.8817
vn 0.4052 0.2761 0.8715
vn -0.3424 0.0496 0.9383
vn 0.1037 0.2682 0.9578
vn -0.1644 -0.7253 0.6685
vn 0.0567 -0.9975 0.0417
vn 0.3032 -0.2998 0.9045
vn 0.3248 0.1433 0.9349
vn 0.6028 0.0382 0.7970
vn 0.6023 0.0386 0.7973
vn 0.5980 0.0437 0.8003
vn -0.3395 -0.9397 0.0407
vn -0.9776 0.1849 0.1004
vn -0.7454 0.6665 -0.0101
vn -0.0504 -0.9987 0.0116
vn -0.0476 -0.9988 0.0104
vn -0.0512 -0.9986 0.0119
vn -0.9167 -0.0297 -0.3984
vn -0.9243 -0.0110 -0.3815
vn -0.8846 0.3193 0.3400
vn -0.8798 0.3767 -0.2899
vn -0.0473 -0.9988 0.0102
vn -0.6062 0.0165 -0.7951
vn -0.6562 0.7389 -0.1531
vn -0.4193 0.5675 -0.7086
vn -0.2914 0.8064 -0.5145
vn -0.5699 0.0633 -0.8193
vn -0.1362 0.0071 -0.9906
vn -0.2791 0.1227 -0.9524
vn -0.3065 0.3621 -0.8803
vn -0.0358 0.5847 -0.8104
vn 0.0664 -0.9881 -0.1391
vn -0.8600 -0.4441 0.2513
vn -0.8602 -0.4438 0.2512
vn -0.8603 -0.4437 0.2511
vn -0.8857 -0.2572 -0.3865
vn -0.8857 -0.2598 -0.3847
vn -0.8858 -0.2607 -0.3839
vn -0.4575 0.8885 0.0355
vn -0.8630 0.4587 0.2119
vn -0.8857 -0.2564 -0.3870
vn -0.9058 -0.1825 -0.3825
vn -0.6684 -0.4163 -0.6165
vn -0.1148 -0.3063 -0.9450
vn -0.1134 -0.3080 -0.9446
vn -0.1130 -0.3082 -0.9446
vn -0.9143 0.0008 0.4050
vn -0.9546 -0.1772 0.2393
vn -0.1150 -0.3060 -0.9451
vn -0.4752 0.8677 -0.1460
vn -0.1014 -0.9805 -0.1682
vn -0.2933 -0.6816 -0.6703
vn -0.3605 -0.6351 -0.6832
vn -0.3090 -0.6816 -0.6633
vn -0.2659 -0.3606 -0.8940
vn -0.1947 -0.0088 -0.9808
vn 0.0112 0.7600 -0.6498
vn 0.4281 -0.2222 -0.8760
vn -0.1584 0.1031 -0.9820
vn 0.3115 0.4990 -0.8087
vn 0.5789 0.6259 -0.5227
vn 0.0286 0.7526 -0.6578
vn -0.8561 0.0495 -0.5144
vn -0.2269 0.8716 -0.4345
vn -0.3674 0.9300 0.0093
vn -0.2265 -0.0567 0.9724
vn 0.0326 0.7934 -0.6078
vn -0.0173 -0.9995 0.0278
vn 0.8442 0.4560 -0.2817
vn 0.8442 0.4560 -0.2816
vn 0.8443 0.4560 -0.2813
vn -0.9898 -0.1180 -0.0803
vn -0.9499 -0.0614 0.3064
vn -0.9499 -0.0614 0.3065
vn -0.9505 -0.0612 0.3046
vn -0.8266 0.5598 0.0588
vn -0.7793 0.5771 -0.2442
vn -0.9012 0.3579 -0.2445
vn -0.8117 0.5803 0.0655
vn -0.1766 -0.9825 0.0592
vn -0.1736 -0.9830 0.0600
vn -0.1757 -0.9826 0.0595
vn -0.6976 -0.6532 -0.2943
vn 0.0563 -0.9975 0.0423
vn -0.4434 0.6483 0.6190
vn -0.4437 0.6483 0.6187
vn -0.4417 0.6475 0.6210
vn -0.4415 0.6474 0.6213
vn -0.1136 0.7307 0.6732
vn -0.2087 0.1994 0.9574
vn -0.0235 -0.9968 -0.0758
vn 0.0243 0.6168 0.7867
vn 0.0412 -0.5312 0.8463
vn -0.7736 -0.6009 0.2013
vn -0.6434 -0.7627 -0.0651
vn -0.7086 -0.6942 -0.1265
vn -0.4639 0.7753 0.4286
vn -0.4595 0.7741 0.4354
vn -0.4633 0.7753 0.4292
vn -0.7454 0.3893 0.5411
vn 0.0765 0.9944 -0.0724
vn -0.9880 -0.1337 -0.0779
vn -0.9879 -0.1340 -0.0783
vn -0.9879 -0.1338 -0.0780
vn -0.9883 -0.1321 -0.0762
vn -0.4595 0.7738 0.4359
vn -0.6242 -0.7190 0.3056
vn -0.9523 0.2922 0.0881
vn -0.9523 0.2920 0.0881
vn -0.7881 -0.2835 -0.5464
vn -0.7874 -0.2826 -0.5478
vn -0.7920 -0.2881 -0.5383
vn -0.6002 -0.5919 0.5380
vn -0.6567 -0.4680 0.5915
vn -0.1397 0.8900 0.4341
vn -0.0752 0.9950 0.0658
vn -0.6915 -0.4636 0.5540
vn -0.9452 -0.0000 0.3264
vn -0.0141 -0.9800 0.1987
vn -0.1045 0.8907 0.4423
vn 0.0437 0.6589 0.7510
vn 0.5193 -0.7531 0.4038
vn 0.6095 -0.1685 0.7747
vn 0.6032 -0.1687 0.7795
vn 0.6017 -0.1688 0.7807
vn -0.8659 -0.0034 0.5001
vn -0.8595 0.4584 0.2263
vn -0.8606 0.4566 0.2255
vn -0.8600 0.4576 0.2260
vn -0.8480 0.1279 0.5143
vn -0.9228 0.3772 -0.0788
vn -0.9628 0.2035 -0.1777
vn -0.9571 -0.2880 0.0324
vn -0.8764 0.3135 -0.3657
vn -0.8576 -0.5141 -0.0159
vn -0.1347 0.6811 0.7197
vn -0.8456 0.3498 -0.4032
vn -0.3141 0.6481 0.6938
vn -0.3136 0.6484 0.6937
vn -0.3045 -0.9496 -0.0737
vn -0.3340 -0.4628 0.8211
vn -0.4901 -0.8434 -0.2203
vn -0.4899 -0.8433 -0.2208
vn -0.4896 -0.8429 -0.2230
vn 0.6211 0.5882 0.5179
vn 0.3360 0.9405 -0.0499
vn -0.2956 0.9010 0.3174
vn -0.3056 0.8931 0.3300
vn 0.3111 0.9494 -0.0424
vn -0.6883 -0.6500 -0.3221
vn -0.7962 -0.2447 -0.5533
vn -0.7314 -0.5287 -0.4308
vn -0.6158 0.7401 -0.2703
vn -0.4637 -0.4253 -0.7773
vn -0.1250 -0.9116 -0.3915
vn -0.2755 -0.5801 -0.7666
vn -0.4997 0.2300 -0.8351
vn -0.3513 0.7597 -0.5473
vn -0.3515 0.7592 -0.5478
vn -0.3516 0.7609 -0.5453
vn 0.0591 -0.2635 -0.9629
vn 0.0753 -0.1053 -0.9916
vn -0.6020 0.6929 -0.3969
vn -0.3386 -0.7874 -0.5151
vn -0.7926 -0.2887 -0.5371
vn -0.3599 -0.7521 -0.5521
vn -0.3546 -0.7216 -0.5946
vn -0.8832 0.0620 -0.4650
vn -0.7708 -0.1965 -0.6060
vn -0.3346 -0.8175 -0.4686
vn -0.2759 0.8728 -0.4026
vn -0.2766 0.8726 -0.4025
vn -0.2803 0.8695 -0.4066
vn -0.2819 0.8690 -0.4067
vn -0.2112 0.8656 -0.4540
vn -0.0929 0.3372 -0.9369
vn 0.2361 0.8924 -0.3846
vn 0.2358 0.8924 -0.3847
vn 0.2399 0.8926 -0.3818
vn 0.2781 -0.7870 -0.5507
vn -0.4515 -0.6255 -0.6363
vn 0.8095 -0.2001 -0.5519
vn 0.8379 0.1861 0.5131
vn -0.8909 0.0128 -0.4540
vn 0.2097 0.5234 -0.8259
vn -0.2769 0.3845 -0.8806
vn -0.2781 0.3826 -0.8811
vn -0.2777 0.3831 -0.8810
vn -0.2762 0.3850 -0.8806
vn -0.0513 -0.9986 -0.0151
vn 0.2002 -0.5260 0.8266
vn 0.5129 0.4827 0.7099
vn 0.5722 0.6440 0.5079
vn 0.3584 0.5731 0.7369
vn 0.3413 0.7481 0.5691
vn 0.5275 0.6972 0.4855
vn 0.5985 0.0446 0.7998
vn 0.3513 0.8618 0.3659
vn 0.7909 0.5666 0.2310
vn 0.8102 -0.5518 0.1975
vn 0.1627 0.6094 -0.7760
vn 0.4626 0.7048 -0.5379
vn 0.0820 -0.9843 -0.1566
vn 0.2295 0.2240 -0.9472
vn 0.4525 0.7209 -0.5249
vn 0.7369 0.6628 -0.1329
vn 0.8506 -0.0421 -0.5241
vn 0.4379 0.8870 -0.1467
vn 0.9938 0.0935 -0.0599
vn 0.9914 -0.0050 -0.1307
vn 0.6374 -0.6190 -0.4588
vn 0.5045 -0.6450 -0.5740
vn 0.2661 0.8771 -0.3998
vn 0.5625 -0.4846 -0.6700
vn 0.5630 -0.4848 -0.6693
vn 0.5579 -0.4877 -0.6715
vn 0.2973 0.9548 -0.0063
vn 0.7508 -0.6249 0.2141
vn 0.6775 0.7141 0.1763
vn 0.3526 0.8980 -0.2631
vn 0.3092 0.7601 -0.5715
vn 0.1677 -0.2493 0.9538
vn 0.4351 0.8620 0.2602
vn 0.7462 0.4991 0.4406
vn 0.2671 -0.3802 0.8855
vn 0.4308 -0.7321 0.5277
vn 0.4301 -0.7323 0.5279
vn 0.4270 -0.7335 0.5288
vn 0.3718 0.1611 0.9142
vn 0.5217 0.7532 0.4008
vn 0.5138 0.7578 0.4022
vn 0.5138 0.7583 0.4012
vn 0.4262 -0.7338 0.5291
vn 0.8162 0.1998 0.5421
vn 0.6759 -0.6751 0.2957
vn 0.7910 -0.3038 0.5310
vn 0.9083 -0.4122 0.0708
vn -0.0147 -0.9997 -0.0208
vn 0.9834 -0.1736 0.0522
vn 0.9726 0.0029 -0.2324
vn -0.6984 -0.7128 0.0644
vn -0.9937 -0.0185 0.1109
vn -0.7608 0.6354 -0.1324
vn -0.7797 -0.5924 -0.2028
vn -0.7577 0.6340 0.1546
vn -0.8729 0.4799 0.0877
vn -0.7133 0.7008 -0.0056
vn -0.0453 -0.9987 -0.0245
vn 0.2946 0.8100 0.5070
vn 0.0544 -0.2371 0.9700
vn 0.7165 -0.0360 0.6966
vn 0.2323 0.9194 0.3173
vn 0.8344 0.2279 0.5018
vn 0.2879 -0.7367 0.6118
vn 0.9488 -0.0956 0.3010
vn 0.9575 -0.1289 0.2580
vn -0.0538 0.9979 -0.0370
vn 0.6932 -0.5195 0.4996
vn -0.2218 0.9699 -0.1004
vn 0.7919 -0.6079 -0.0572
vn 0.7523 -0.6548 -0.0725
vn 0.4071 0.8639 0.2965
vn 0.4070 0.8639 0.2966
vn 0.4071 0.8640 0.2964
vn 0.3587 0.9288 0.0926
vn 0.7767 -0.5986 0.1959
vn 0.6635 -0.7276 -0.1744
vn 0.6637 -0.7276 -0.1737
vn 0.6629 -0.7267 -0.1802
vn 0.8000 0.2744 0.5336
vn 0.3602 0.8940 -0.2666
vn 0.2790 -0.9302 0.2384
vn 0.9577 0.2204 0.1852
vn 0.9253 0.3402 -0.1678
vn 0.9304 0.2477 0.2702
vn 0.8786 0.3108 0.3626
vn 0.1229 0.6905 -0.7129
vn 0.2377 0.7758 -0.5845
vn 0.2379 0.7761 -0.5841
vn 0.2362 0.7748 -0.5864
vn 0.3832 -0.5970 -0.7048
vn 0.6287 0.6129 -0.4787
vn 0.5349 -0.7349 -0.4170
vn 0.4465 0.1325 -0.8849
vn -0.0676 -0.9974 -0.0237
vn 0.5533 -0.7322 -0.3972
vn 0.5829 0.6884 -0.4317
vn 0.5976 0.6510 -0.4680
vn 0.7255 -0.6232 -0.2921
vn 0.0228 0.4809 -0.8765
vn 0.4428 0.4091 -0.7979
vn 0.4421 0.4076 -0.7990
vn 0.4418 0.4073 -0.7993
vn 0.0153 0.9981 0.0598
vn 0.8821 -0.3426 -0.3232
vn 0.2963 -0.7755 -0.5576
vn 0.2939 -0.7746 -0.5600
vn 0.2964 -0.7755 -0.5575
vn 0.2399 0.8927 -0.3815
vn 0.3746 0.8793 -0.2941
vn 0.8139 0.3057 -0.4941
vn 0.8230 -0.0082 -0.5679
vn -0.9326 0.2531 0.2573
vn -0.8210 0.2240 0.5252
vn -0.4109 0.3945 0.8219
vn -0.7323 0.6559 0.1830
vn -0.0817 0.8386 0.5386
vn -0.9064 0.1036 0.4094
vn -0.1480 -0.0663 0.9868
vn -0.2417 0.4830 0.8416
vn 0.1251 0.1715 0.9772
vn 0.3833 0.6699 0.6359
vn 0.5086 0.7905 0.3412
vn 0.6345 0.2364 0.7359
vn 0.4264 0.7531 0.5010
vn 0.8336 0.5430 0.1016
vn -0.5069 0.3095 0.8045
vn -0.9423 0.1143 0.3148
vn -0.8038 -0.5462 0.2355
vn -0.2447 0.0406 0.9688
vn 0.1010 -0.4319 0.8963
vn -0.0346 -0.2614 0.9646
vn -0.6421 -0.0986 0.7603
vn -0.0951 -0.2092 0.9732
vn 0.2575 0.6756 0.6908
vn 0.1982 -0.0809 0.9768
vn 0.1235 -0.8364 0.5340
vn 0.6203 0.3951 0.6775
vn 0.1406 0.1293 0.9816
vn 0.0835 -0.9945 0.0634
vn 0.0529 0.6009 0.7976
vn 0.4060 -0.2370 0.8826
vn 0.8192 -0.3152 0.4791
vn 0.7466 -0.4078 0.5257
vn 0.9750 -0.1664 0.1474
vn 0.2796 0.4392 0.8538
vn 0.2797 0.4392 0.8537
vn -0.9940 0.0293 0.1058
vn -0.0810 -0.9918 0.0986
vn -0.5993 0.7287 -0.3315
vn -0.3576 0.8304 -0.4272
vn -0.6571 0.7326 -0.1775
vn -0.0179 -0.9990 0.0412
vn -0.7006 0.6920 0.1741
vn -0.8062 0.5913 -0.0218
vn -0.2279 0.9451 -0.2341
vn -0.2820 0.1211 -0.9517
vn -0.4307 0.5214 -0.7367
vn -0.1492 -0.0189 -0.9886
vn 0.0221 -0.9996 -0.0151
vn 0.7124 0.3357 -0.6163
vn 0.4211 0.6629 -0.6191
vn 0.3626 0.8810 -0.3039
vn 0.0578 -0.9591 -0.2772
vn 0.4239 0.0261 -0.9053
vn 0.0525 -0.9707 -0.2343
vn 0.7358 0.5792 -0.3510
vn 0.7903 0.6101 0.0576
vn 0.7790 0.2616 -0.5698
vn 0.4330 0.8359 -0.3374
vn 0.7277 0.1910 -0.6587
vn -0.9643 0.1465 -0.2206
vn -0.7561 -0.5590 -0.3404
vn -0.5432 -0.6617 -0.5168
vn -0.7621 -0.5826 -0.2824
vn -0.1592 0.9347 0.3177
vn -0.7433 -0.6339 -0.2140
vn -0.7433 -0.6359 -0.2076
vn -0.7430 -0.6344 -0.2136
vn -0.8175 0.4597 -0.3469
vn -0.5325 -0.6882 -0.4927
vn -0.3985 0.8800 -0.2585
vn -0.2016 -0.9012 -0.3836
vn -0.0660 0.4263 -0.9022
vn 0.1067 -0.4213 -0.9006
vn 0.3839 -0.0403 -0.9225
vn 0.3851 0.3539 -0.8523
vn 0.4374 0.4058 -0.8025
vn 0.8714 0.0010 -0.4906
vn 0.4680 -0.6931 -0.5482
vn 0.9216 0.0679 0.3821
vn 0.8901 -0.0312 -0.4546
vn 0.9361 -0.0972 -0.3382
vn 0.5054 -0.6179 -0.6024
vn 0.3346 0.9146 -0.2269
vn 0.6651 -0.7395 0.1039
vn 0.8212 -0.5000 -0.2751
vn 0.3604 0.8640 -0.3515
vn 0.3079 0.7984 -0.5175
vn 0.8035 0.5163 0.2963
vn 0.5146 0.8574 0.0060
vn 0.7802 0.1697 -0.6020
vn 0.8655 -0.2538 -0.4319
vn 0.8626 0.4114 -0.2945
vn 0.7759 0.3687 0.5119
vn -0.8785 0.3770 -0.2933
vn -0.4893 0.3703 -0.7896
vn 0.5223 0.8427 0.1307
vn -0.2288 0.8279 -0.5121
vn 0.6193 0.6216 -0.4796
vn -0.7476 0.3752 0.5480
vn -0.8633 0.0425 0.5028
vn -0.7137 0.3221 0.6220
vn -0.1803 -0.9707 0.1589
vn -0.5278 0.6678 0.5248
vn -0.5577 0.6841 0.4700
vn 0.0245 -0.9994 0.0239
vn -0.5049 0.6842 0.5262
vn 0.0362 -0.9991 -0.0241
vn -0.1220 0.0238 0.9923
vn 0.0894 0.6567 0.7488
vn -0.1333 0.4854 0.8641
vn 0.0360 0.2866 0.9574
vn -0.0347 -0.9961 -0.0813
vn 0.5130 0.0656 0.8559
vn 0.3627 0.6659 0.6519
vn 0.4378 0.6528 0.6182
vn 0.6847 0.7058 0.1817
vn -0.9543 -0.2447 0.1716
vn -0.7941 0.5928 0.1341
vn -0.6075 0.7653 -0.2128
vn -0.6443 -0.4739 0.6003
vn -0.9300 0.1652 0.3284
vn -0.8594 -0.0834 0.5045
vn -0.3660 -0.0975 -0.9255
vn -0.3737 -0.3858 0.8435
vn -0.5585 0.1188 0.8209
vn -0.6407 0.0904 -0.7625
vn 0.0395 0.4809 0.8759
vn -0.2545 0.3353 -0.9071
vn -0.2093 -0.1820 -0.9608
vn 0.2182 0.5720 0.7907
vn 0.3761 0.1709 -0.9107
vn 0.2721 0.2152 0.9379
vn 0.9808 0.1941 0.0187
vn 0.7134 -0.0945 0.6944
vn 0.9206 -0.0614 0.3857
vn 0.1671 0.0521 -0.9846
vn 0.2734 -0.6011 0.7509
vn 0.7520 0.6583 0.0326
vn 0.9590 0.0055 -0.2835
vn 0.4643 0.7214 0.5139
vn 0.8544 0.4920 0.1671
vn 0.7051 -0.6643 -0.2480
vn 0.9627 0.2704 -0.0053
vn 0.8125 -0.5829 -0.0058
vn 0.6147 0.7144 -0.3345
vn 0.6177 0.7068 -0.3447
vn 0.6171 0.7077 -0.3441
vn -0.8981 0.2469 0.3641
vn -0.9336 0.3039 -0.1899
vn -0.8981 0.4084 -0.1634
vn -0.8239 -0.5093 -0.2485
vn -0.8932 0.4252 -0.1461
vn -0.8302 0.5570 -0.0201
vn -0.4842 -0.7943 -0.3670
vn -0.5394 0.1894 0.8205
vn -0.6414 0.6091 0.4664
vn -0.7174 -0.0435 0.6953
vn -0.3976 -0.9103 -0.1152
vn -0.4788 -0.8778 -0.0148
vn -0.8272 0.5569 0.0756
vn -0.2678 0.9626 0.0419
vn -0.3360 0.9419 -0.0057
vn -0.6806 -0.7324 0.0219
vn -0.7912 0.5683 -0.2261
vn -0.7139 -0.5227 -0.4660
vn -0.6647 -0.4047 0.6280
vn -0.4640 0.5363 -0.7051
vn -0.5003 -0.6683 -0.5505
vn -0.0861 0.9002 -0.4269
vn -0.4336 -0.8507 0.2971
vn -0.3331 0.8150 -0.4741
vn -0.1837 -0.8129 0.5526
vn -0.3189 0.5800 0.7496
vn -0.3525 0.7658 0.5379
vn 0.3824 -0.0371 0.9233
vn -0.3400 0.7786 0.5274
vn -0.3307 -0.0720 0.9410
vn 0.1281 0.0573 0.9901
vn -0.3908 -0.6730 0.6280
vn 0.3951 0.1873 0.8993
vn 0.4042 0.5450 0.7346
vn 0.2506 -0.0886 0.9640
vn 0.1062 -0.8532 0.5106
vn 0.5096 -0.1446 -0.8482
vn 0.4495 -0.4778 0.7547
vn 0.5441 -0.5972 0.5893
vn 0.0665 -0.4520 -0.8895
vn -0.0336 0.8868 -0.4610
vn -0.0310 0.8897 -0.4555
vn -0.0331 0.8873 -0.4600
vn 0.2134 -0.8790 -0.4264
vn 0.3248 -0.3928 -0.8603
vn 0.5686 -0.3578 0.7407
vn 0.2770 0.8243 0.4938
vn 0.2771 0.8241 0.4940
vn 0.2769 0.8246 0.4933
vn 0.0795 -0.9721 0.2209
vn 0.3770 -0.9238 0.0676
vn 0.4269 -0.8211 -0.3789
vn 0.5182 0.7754 -0.3609
vn 0.6458 -0.2873 0.7074
vn 0.8490 0.1871 0.4941
vn 0.8499 0.1859 0.4931
vn 0.8449 0.1931 0.4989
vn 0.8061 0.3288 0.4920
vn 0.8375 0.5290 0.1372
vn 0.9441 -0.2486 0.2166
vn 0.3811 -0.8993 0.2144
vn 0.3814 -0.8992 0.2142
vn 0.3810 -0.8994 0.2144
vn 0.2574 -0.9663 -0.0005
vn 0.3914 -0.8866 -0.2466
vn 0.4972 0.8673 0.0227
vn 0.9168 -0.3284 -0.2273
vn 0.8236 0.3841 -0.4173
vn 0.5645 0.7102 -0.4206
vn 0.3707 -0.9050 -0.2088
vn 0.8442 0.1941 0.4996
vn 0.9044 -0.0978 0.4154
vn 0.9059 0.4228 0.0263
vn 0.9399 -0.3393 -0.0382
vn 0.8280 0.4816 -0.2872
vn 0.8088 0.5509 -0.2058
vn 0.7081 -0.6123 -0.3517
vn 0.9602 0.2793 -0.0110
vn 0.6863 0.1150 -0.7182
vn 0.8780 -0.3364 0.3405
vn -0.7907 0.5580 0.2519
vn -0.8298 0.5394 -0.1428
vn -0.6411 -0.0126 0.7674
vn -0.8845 -0.4219 0.1993
vn -0.9820 -0.0862 -0.1683
vn -0.0585 0.6549 0.7535
vn -0.0505 0.6607 0.7490
vn -0.0585 0.6539 0.7543
vn -0.1997 0.9525 -0.2298
vn 0.1614 0.4094 -0.8980
vn -0.1814 -0.2540 -0.9500
vn -0.1499 0.5620 -0.8134
vn 0.3857 0.6629 0.6417
vn 0.4892 -0.1904 0.8511
vn 0.2993 0.5595 0.7729
vn 0.3036 0.9020 -0.3068
vn 0.0895 -0.5430 -0.8350
vn 0.4510 0.4055 -0.7951
vn 0.5225 0.3376 -0.7830
vn 0.2512 0.7573 -0.6028
vn 0.9665 -0.2533 0.0404
vn 0.9657 -0.2576 0.0335
vn 0.9666 -0.2530 0.0411
vn 0.4350 0.8025 0.4084
vn 0.9655 -0.2584 0.0322
vn 0.4131 -0.2101 -0.8861
vn 0.0622 -0.4929 -0.8679
vn 0.7496 0.6016 0.2760
vn -0.7318 -0.4340 -0.5254
vn -0.4289 -0.7817 -0.4527
vn -0.5111 0.6878 -0.5155
vn -0.3746 -0.4600 -0.8050
vn -0.4569 0.4166 -0.7859
vn 0.0293 0.7067 -0.7069
vn -0.0638 -0.6031 -0.7951
vn 0.0253 0.6712 -0.7409
vn 0.0727 -0.1450 -0.9868
vn 0.2705 0.7120 -0.6480
vn 0.3357 0.6154 -0.7131
vn 0.5617 0.7640 -0.3176
vn 0.5617 0.7637 -0.3181
vn 0.5614 0.7650 -0.3155
vn 0.6789 0.4780 -0.5574
vn 0.5583 0.2370 -0.7951
vn -0.7961 -0.3948 -0.4586
vn -0.7311 0.5385 -0.4189
vn -0.2748 0.8128 -0.5136
vn -0.5738 0.6346 -0.5177
vn 0.1025 0.5266 -0.8439
vn 0.1236 0.7628 -0.6347
vn -0.2983 -0.9363 -0.1854
vn -0.3600 0.3580 -0.8615
vn -0.0150 -0.8327 -0.5536
vn 0.0604 0.0679 -0.9959
vn -0.0306 0.8900 -0.4549
vn -0.2198 -0.5919 -0.7755
vn -0.2195 -0.5902 -0.7768
vn -0.2195 -0.5908 -0.7764
vn 0.2278 -0.9373 -0.2639
vn 0.1103 0.6878 -0.7175
vn 0.0842 0.0698 -0.9940
vn 0.2664 -0.2083 -0.9411
vn 0.5826 0.0695 -0.8098
vn 0.1702 0.4587 -0.8722
vn 0.3495 -0.3509 -0.8688
vn 0.7534 0.4977 -0.4298
vn -0.0169 -0.9972 0.0728
vn 0.4542 -0.8896 -0.0471
vn -0.5556 0.8096 0.1894
vn -0.2675 -0.9243 0.2723
vn -0.8177 0.0791 0.5701
vn -0.6745 0.2325 0.7007
vn -0.7944 0.1151 0.5964
vn -0.7353 -0.5869 0.3388
vn -0.3186 0.8711 0.3737
vn -0.6676 -0.3297 0.6675
vn -0.6609 -0.2961 0.6896
vn 0.5274 0.8349 0.1578
vn 0.7627 0.6079 -0.2210
vn 0.9354 0.2400 -0.2596
vn 0.9962 0.0147 0.0863
vn -0.6724 0.6805 -0.2914
vn 0.0030 -1.0000 -0.0068
vn 0.0005 -1.0000 -0.0016
vn 0.0004 -1.0000 -0.0012
vn -0.8226 0.5205 -0.2289
vn -0.5462 0.6872 -0.4790
vn -0.7436 0.0935 -0.6620
vn -0.5182 0.8443 -0.1364
vn -0.6175 0.7814 -0.0898
vn -0.2285 0.6140 -0.7555
vn -0.9912 -0.1320 0.0137
vn -0.6988 -0.6958 0.1660
vn -0.7444 -0.5686 -0.3502
vn -0.5896 -0.7925 0.1559
vn -0.7226 -0.6896 -0.0480
vn -0.6453 0.7608 -0.0692
vn -0.8484 0.4074 -0.3379
vn 0.7136 -0.1242 0.6895
vn 0.6963 0.4738 0.5392
vn 0.0289 -0.9958 0.0872
vn 0.6784 -0.6370 0.3661
vn 0.7506 0.6344 0.1847
vn 0.6160 -0.7844 0.0728
vn 0.8718 -0.4739 0.1240
vn 0.8773 0.4634 0.1248
vn 0.7306 0.6826 0.0163
vn 0.7908 -0.6112 0.0307
vn 0.9328 -0.3602 -0.0147
vn 0.8525 0.5133 0.0988
vn -0.9906 -0.1183 0.0688
vn -0.7663 0.6241 0.1523
vn -0.7657 0.6249 0.1526
vn -0.7641 0.6267 0.1531
vn -0.9528 -0.2619 -0.1533
vn -0.9446 0.0998 -0.3127
vn -0.9059 -0.2685 0.3275
vn -0.7635 0.6274 0.1532
vn -0.6840 -0.7159 0.1401
vn -0.7331 0.6346 -0.2447
vn -0.7872 -0.3154 0.5299
vn -0.3928 0.7450 0.5391
vn -0.3519 -0.5932 0.7241
vn -0.5258 -0.7143 0.4619
vn -0.1064 -0.9942 0.0179
vn 0.0410 -0.9984 -0.0395
vn -0.2507 0.6305 0.7346
vn -0.2521 0.6290 0.7354
vn -0.2574 0.6234 0.7383
vn -0.7561 0.6372 0.1493
vn -0.9112 -0.0211 0.4114
vn -0.9208 0.3335 0.2021
vn -0.3883 0.8978 0.2077
vn -0.8566 0.1775 0.4845
vn -0.8565 0.1774 0.4846
vn -0.8565 0.1763 0.4851
vn -0.6092 0.7741 -0.1725
vn -0.4841 0.1447 0.8630
vn -0.9036 0.2743 0.3290
vn -0.2264 0.8953 0.3836
vn -0.4999 0.2356 0.8334
vn -0.9290 0.2504 -0.2724
vn -0.9282 0.2519 -0.2738
vn -0.9293 0.2500 -0.2720
vn -0.6267 0.5346 0.5670
vn -0.6273 0.5312 0.5695
vn -0.6275 0.5311 0.5693
vn -0.2521 0.7810 0.5714
vn -0.6596 0.0982 0.7452
vn -0.4613 -0.7095 0.5328
vn -0.9893 0.0263 -0.1438
vn -0.9627 -0.2377 -0.1290
vn -0.9087 0.1361 0.3945
vn -0.7534 0.0186 0.6573
vn -0.8555 -0.3005 -0.4217
vn -0.4533 0.8765 -0.1619
vn -0.8148 0.4933 -0.3045
vn -0.7799 -0.4559 0.4288
vn -0.0019 1.0000 -0.0019
vn 0.0012 1.0000 -0.0053
vn -0.0011 1.0000 -0.0030
vn -0.6448 -0.7636 0.0350
vn 0.0304 -0.9992 0.0277
vn -0.1819 0.9725 0.1455
vn -0.8443 0.0020 0.5359
vn -0.9218 -0.0977 -0.3751
vn -0.8317 -0.5144 -0.2090
vn -0.7242 0.0035 -0.6896
vn -0.0457 0.9989 -0.0045
vn -0.0504 0.9987 0.0041
vn -0.0502 0.9987 0.0049
vn -0.8190 -0.0695 0.5696
vn 0.2902 0.9279 0.2341
vn -0.8399 -0.2222 0.4951
vn -0.0820 0.9906 -0.1096
vn -0.7183 -0.2947 -0.6302
vn -0.9866 -0.1441 0.0759
vn -0.3305 0.0003 0.9438
vn -0.9772 -0.2094 0.0349
vn -0.9923 -0.1226 -0.0145
vn 0.7160 -0.5840 -0.3823
vn 0.7161 -0.5841 -0.3821
vn 0.7160 -0.5849 -0.3812
vn 0.8093 -0.1959 -0.5538
vn -0.9381 0.1242 -0.3234
vn -0.0355 -0.9951 -0.0926
vn -0.4722 -0.7210 -0.5072
vn -0.6567 0.0942 -0.7483
vn -0.6424 0.2072 -0.7379
vn -0.4638 -0.7164 -0.5212
vn -0.4778 0.6768 -0.5600
vn -0.1572 0.6416 -0.7507
vn -0.3664 -0.0864 -0.9264
vn -0.0404 -0.9674 -0.2502
vn -0.5543 -0.1155 -0.8243
vn -0.1445 -0.7149 -0.6841
vn -0.1611 0.5779 -0.8001
vn -0.5941 -0.3805 -0.7087
vn -0.5942 -0.3805 -0.7086
vn -0.4818 0.7003 -0.5267
vn -0.4832 0.7023 -0.5227
vn -0.4814 0.6999 -0.5276
vn -0.5940 -0.3806 -0.7088
vn -0.3221 0.0657 -0.9444
vn -0.2839 0.0664 0.9566
vn -0.7318 0.6025 0.3186
vn -0.3359 0.0073 0.9419
vn -0.0828 0.7296 0.6788
vn -0.0797 0.7467 0.6603
vn -0.0309 0.6760 0.7362
vn -0.0010 -0.9955 -0.0944
vn 0.4610 0.4060 0.7891
vn 0.2873 -0.0918 0.9534
vn 0.1037 0.8862 0.4516
vn 0.4848 0.6868 0.5416
vn 0.6284 0.0707 0.7747
vn 0.4979 0.6863 0.5302
vn 0.7514 0.6042 0.2652
vn 0.9096 0.1656 0.3812
vn 0.6677 0.7442 0.0168
vn -0.2885 0.7683 0.5713
vn -0.6569 0.4807 0.5809
vn -0.8762 -0.4738 -0.0882
vn -0.3004 -0.6666 0.6822
vn -0.1813 -0.9484 0.2603
vn 0.3422 -0.6131 0.7120
vn -0.6902 0.1045 0.7160
vn -0.3709 -0.6051 0.7044
vn 0.2166 0.4993 0.8389
vn 0.1474 0.9579 0.2463
vn 0.2875 0.6992 0.6546
vn 0.3571 -0.6169 0.7014
vn 0.4100 0.0868 0.9079
vn 0.4925 -0.5804 0.6485
vn 0.5001 0.5336 0.6820
vn 0.7471 0.5525 0.3696
vn 0.5811 -0.1057 0.8069
vn 0.9349 -0.3398 -0.1021
vn 0.1015 0.9789 0.1774
vn -0.3797 0.7742 -0.5064
vn -0.0201 -0.9979 -0.0623
vn -0.3028 0.1691 -0.9379
vn 0.2639 0.5699 -0.7782
vn -0.3535 0.7868 -0.5059
vn -0.1302 0.0042 -0.9915
vn 0.2209 0.2429 -0.9445
vn 0.4465 0.7129 -0.5407
vn 0.5555 0.1852 -0.8107
vn 0.6761 0.6425 -0.3606
vn 0.8267 0.5484 0.1255
vn 0.8265 0.5487 0.1257
vn 0.8272 0.5478 0.1251
vn 0.9823 0.1274 -0.1371
vn 0.0857 -0.9947 -0.0564
vn -0.6637 0.1437 0.7341
vn -0.5744 -0.5151 0.6362
vn -0.4307 -0.2532 -0.8663
vn -0.6161 -0.7686 -0.1724
vn -0.4329 0.1419 -0.8902
vn -0.6080 -0.6471 -0.4599
vn -0.6215 0.2083 -0.7552
vn -0.0846 -0.5592 -0.8247
vn 0.0963 0.7853 -0.6115
vn 0.1004 0.7861 -0.6099
vn 0.1000 0.7857 -0.6105
vn -0.3154 0.0510 -0.9476
vn -0.1700 -0.5566 -0.8132
vn 0.3448 0.1977 -0.9176
vn 0.1335 -0.8695 -0.4756
vn 0.0956 0.7862 -0.6105
vn 0.6657 0.3378 0.6654
vn 0.2179 0.4602 -0.8606
vn 0.9149 0.0634 -0.3986
vn 0.1258 -0.7533 -0.6455
vn 0.2755 -0.6226 -0.7325
vn 0.5022 0.4818 -0.7181
vn 0.9105 0.4083 -0.0650
vn 0.7511 -0.5409 -0.3784
vn 0.1143 0.9754 -0.1884
vn 0.5707 -0.4636 -0.6777
vn 0.6381 0.7692 0.0347
vn 0.5348 -0.7909 -0.2973
vn 0.4692 0.8543 -0.2239
vn 0.7454 -0.2876 -0.6014
vn 0.9027 -0.4284 -0.0404
vn -0.1695 0.9751 -0.1429
vn 0.4918 0.6783 -0.5460
vn 0.0549 -0.5935 0.8030
vn 0.0674 -0.1284 0.9894
vn 0.0773 -0.9046 0.4192
vn 0.1454 0.6100 0.7790
vn 0.1523 0.6340 0.7582
vn 0.1513 0.6332 0.7590
vn 0.1516 0.6333 0.7589
vn 0.1524 0.6343 0.7579
vn 0.1511 -0.7204 0.6769
vn 0.4526 -0.5863 0.6718
vn 0.3496 -0.2181 0.9112
vn 0.3502 -0.2218 0.9100
vn 0.3521 -0.2232 0.9089
vn 0.2737 0.7650 0.5829
vn -0.0579 -0.9983 -0.0094
vn 0.5559 -0.1121 0.8236
vn 0.5447 -0.0038 0.8386
vn 0.5133 0.6287 0.5842
vn 0.5132 0.6279 0.5851
vn 0.5134 0.6289 0.5839
vn 0.0745 -0.9972 0.0110
vn 0.7243 -0.5915 0.3543
vn 0.7714 0.6260 -0.1140
vn 0.6395 -0.7537 -0.1516
vn 0.9118 -0.2447 -0.3297
vn 0.9754 0.1187 -0.1857
vn 0.8793 -0.2039 0.4305
vn 0.2803 0.4854 0.8281
vn 0.2808 0.4855 0.8279
vn 0.2803 0.4862 0.8277
vn 0.0581 0.1309 0.9897
vn 0.4016 0.3423 0.8495
vn 0.3186 0.3106 -0.8956
vn 0.0607 0.1696 0.9836
vn 0.8196 0.1029 0.5636
vn 0.5197 -0.0930 0.8493
vn 0.9206 0.1881 0.3422
vn 0.9804 0.1170 -0.1583
vn 0.5223 0.7966 0.3042
vn 0.5159 0.6534 0.5539
vn 0.8705 -0.2888 0.3985
vn 0.6879 0.7145 -0.1277
vn 0.6730 0.7297 -0.1208
vn 0.7107 0.6908 -0.1329
vn -0.5521 -0.2702 0.7888
vn -0.8329 -0.2373 -0.5000
vn -0.9293 0.0972 -0.3563
vn 0.0301 0.1608 0.9865
vn 0.0305 0.1626 0.9862
vn 0.0324 0.1687 0.9851
vn -0.0523 0.0589 -0.9969
vn 0.2651 -0.8894 0.3725
vn 0.2656 -0.8895 0.3719
vn 0.2589 -0.8890 0.3777
vn 0.5051 0.0248 0.8627
vn 0.9278 -0.0868 0.3628
vn 0.7176 -0.0912 0.6905
vn 0.8859 -0.0387 -0.4623
vn 0.2583 -0.8891 0.3779
vn 0.6316 -0.7039 0.3251
vn 0.6273 -0.7048 0.3313
vn 0.6274 -0.7051 0.3306
vn 0.9420 -0.3316 0.0522
vn 0.8176 -0.4377 -0.3740
vn 0.9092 0.0409 0.4143
vn 0.9067 0.0450 0.4193
vn 0.9062 0.0455 0.4205
vn 0.4715 -0.8734 -0.1218
vn 0.7021 -0.5993 -0.3846
vn 0.6322 -0.7035 0.3248
vn -0.1502 0.9253 0.3482
vn -0.0261 0.9997 -0.0026
vn -0.4675 -0.1238 0.8753
vn -0.6420 -0.0185 0.7665
vn 0.0549 -0.0227 0.9982
vn 0.0289 -0.7034 -0.7102
vn -0.1062 -0.1465 0.9835
vn -0.6228 -0.1031 0.7756
vn -0.5175 0.3247 0.7917
vn -0.5187 0.8024 0.2951
vn -0.4728 0.4846 -0.7359
vn -0.4829 0.4800 -0.7324
vn -0.4742 0.4840 -0.7355
vn -0.1372 0.6437 -0.7528
vn -0.3473 -0.0859 -0.9338
vn -0.3547 -0.0793 -0.9316
vn -0.3457 -0.0872 -0.9343
vn -0.3544 -0.0780 -0.9318
vn 0.0429 0.9989 0.0162
vn 0.0203 -0.9971 -0.0738
vn 0.0116 0.9992 -0.0370
vn -0.2213 -0.5472 0.8072
vn -0.3449 -0.3355 0.8766
vn 0.2681 -0.4235 0.8653
vn 0.8394 -0.0171 0.5432
vn -0.3398 -0.3201 0.8844
vn 0.3363 -0.0163 0.9416
vn 0.3869 0.8886 0.2464
vn 0.0289 0.9829 0.1821
vn 0.1322 -0.3219 -0.9375
vn -0.4837 0.4797 -0.7321
vn 0.0303 0.9994 0.0157
vn 0.7524 -0.4045 0.5200
vn 0.4006 0.8704 0.2863
vn 0.7127 -0.6713 -0.2035
vn 0.0049 0.9809 0.1943
vn -0.0883 0.9943 0.0600
vn 0.6204 0.4186 0.6632
vn 0.0424 -0.9987 0.0296
vn 0.0188 -0.9995 0.0266
vn 0.0173 -0.9995 0.0251
vn 0.0224 -0.9993 0.0307
vn 0.9752 -0.1063 0.1944
vn 0.9730 -0.1765 -0.1487
vn 0.1425 -0.9846 -0.1010
vn -0.0986 0.9793 -0.1767
vn 0.9001 0.4354 0.0160
vn -0.0924 -0.9761 -0.1965
vn 0.8846 0.4572 -0.0921
vn -0.0030 -0.9996 -0.0282
vn 0.0326 0.9972 -0.0679
vn 0.4181 -0.3749 -0.8274
vn 0.0566 0.9982 0.0195
vn 0.8615 0.4991 -0.0931
vn 0.1677 0.9853 -0.0328
vn 0.0880 -0.9960 -0.0160
vn 0.7503 -0.5520 0.3638
vn 0.0235 -0.9992 0.0320
vn 0.9036 -0.3638 -0.2263
vn 0.6231 -0.2834 -0.7290
vn 0.1021 0.9944 -0.0263
vn 0.1018 0.9945 -0.0261
vn 0.1074 0.9938 -0.0302
vn 0.9069 -0.1729 -0.3843
vn -0.8460 -0.4855 -0.2201
vn -0.0489 0.9752 -0.2160
vn 0.0510 -0.0199 0.9985
vn 0.0447 -0.0712 0.9965
vn -0.0491 -0.0131 -0.9987
vn 0.0196 -0.1298 -0.9914
vn 0.0049 0.0231 0.9997
vn 0.0910 0.9894 0.1128
vn -0.0199 0.0843 -0.9962
vn -0.0241 0.0863 -0.9960
vn -0.0205 0.0841 -0.9962
vn -0.0364 0.0741 -0.9966
vn -0.2762 0.0416 0.9602
vn -0.2260 0.0496 0.9729
vn 0.1099 -0.0953 -0.9894
vn 0.9014 0.4275 -0.0687
vn 0.2317 0.9728 0.0069
vn 0.7201 -0.4532 0.5255
vn -0.2630 -0.9464 0.1877
vn -0.6345 -0.7729 -0.0001
vn -0.1676 -0.0472 -0.9847
vn 0.9901 -0.0249 0.1378
vn -0.1990 0.0974 -0.9751
vn -0.1529 0.6305 -0.7610
vn -0.0457 -0.5992 -0.7993
vn -0.1677 0.0620 -0.9839
vn -0.0903 0.6405 -0.7626
vn 0.1592 0.5664 -0.8086
vn 0.1578 0.5664 -0.8089
vn 0.4100 -0.6360 -0.6537
vn 0.4064 -0.6766 -0.6141
vn 0.4070 -0.6773 -0.6129
vn 0.4098 -0.6807 -0.6072
vn 0.5547 0.0202 -0.8318
vn 0.5562 0.0247 -0.8307
vn 0.5567 0.0259 -0.8303
vn 0.5541 0.0185 -0.8322
vn 0.6736 -0.1230 -0.7288
vn 0.4103 -0.6816 -0.6059
vn -0.1373 0.8878 -0.4393
vn -0.1190 0.1144 -0.9863
vn -0.5643 0.3349 -0.7546
vn -0.0571 0.6480 -0.7595
vn 0.6321 0.5154 -0.5786
vn 0.1940 0.9365 -0.2922
vn 0.7551 0.3982 -0.5208
vn 0.6724 0.5826 -0.4566
vn 0.3421 0.6951 -0.6323
vn 0.3987 -0.7871 -0.4707
vn -0.0267 0.9994 -0.0232
vn -0.0233 0.9995 -0.0197
vn -0.0264 0.9994 -0.0228
vn -0.1051 -0.3405 -0.9344
vn -0.0272 0.9994 -0.0235
vn -0.4823 -0.0790 -0.8725
vn -0.4830 -0.0799 -0.8720
vn -0.4819 -0.0702 -0.8734
vn -0.1114 -0.5812 -0.8061
vn 0.0017 -0.9996 0.0293
vn 0.1858 0.8689 -0.4588
vn 0.6365 -0.1850 -0.7487
vn 0.1044 0.2796 -0.9544
vn 0.2914 0.8352 -0.4664
vn 0.9241 0.1019 -0.3682
vn -0.8329 0.1423 0.5349
vn -0.5939 0.6401 0.4873
vn -0.5198 -0.6852 0.5102
vn -0.5209 -0.6849 0.5094
vn -0.5141 -0.6869 0.5137
vn -0.5056 -0.1298 0.8529
vn -0.5064 -0.1301 0.8525
vn -0.5062 -0.1297 0.8526
vn -0.2407 0.5757 0.7815
vn -0.0061 -0.6259 0.7799
vn 0.3453 -0.2251 0.9111
vn 0.1512 0.5782 0.8018
vn -0.0133 -0.9914 0.1300
vn 0.1009 0.5924 0.7993
vn -0.6975 -0.2158 0.6834
vn -0.0304 -0.6462 0.7625
vn -0.4685 0.7979 0.3793
vn -0.1073 0.8963 0.4302
vn 0.2297 -0.0455 0.9722
vn 0.1606 0.7687 0.6192
vn 0.1499 0.7669 0.6240
vn 0.1584 0.7642 0.6253
vn -0.0500 0.7101 0.7023
vn 0.6808 0.3974 0.6153
vn -0.0392 -0.6170 0.7860
vn 0.6603 0.1976 0.7245
vn 0.0086 -0.9999 -0.0057
vn 0.0030 -1.0000 -0.0050
vn 0.0026 -1.0000 -0.0074
vn 0.0063 -1.0000 0.0068
vn 0.0071 -1.0000 0.0062
vn 0.0059 -1.0000 0.0058
vn -0.6845 -0.2587 0.6816
vn -0.6519 -0.2737 0.7072
vn -0.6528 -0.2739 0.7063
vn -0.6517 -0.2733 0.7075
vn -0.7332 -0.2276 0.6408
vn -0.6648 0.7378 -0.1170
vn -0.5057 -0.4761 0.7195
vn -0.4434 -0.1594 0.8820
vn 0.0944 -0.4130 0.9058
vn 0.0880 -0.4107 0.9075
vn 0.0883 -0.4110 0.9074
vn 0.5109 0.7997 0.3153
vn 0.5118 0.7999 0.3133
vn 0.5118 0.7998 0.3138
vn -0.2745 -0.3061 -0.9116
vn 0.5105 0.7998 0.3159
vn 0.4761 0.7469 0.4642
vn -0.1787 -0.2282 0.9571
vn 0.1179 -0.4635 0.8782
vn 0.0947 -0.4129 0.9058
vn 0.0295 -0.1153 0.9929
vn 0.3913 0.9198 -0.0294
vn -0.1654 0.6981 -0.6966
vn -0.3643 0.9145 0.1759
vn -0.3611 0.9168 0.1705
vn -0.3619 0.9162 0.1721
vn -0.7622 0.6291 0.1526
vn -0.9230 0.2225 -0.3139
vn -0.8560 0.5131 0.0634
vn -0.8601 0.5073 0.0539
vn -0.8561 0.5130 0.0626
vn -0.7128 -0.6784 0.1781
vn -0.7104 -0.6799 0.1819
vn -0.7124 -0.6787 0.1784
vn -0.7105 0.6819 0.1738
vn -0.5210 -0.6055 -0.6016
vn -0.6506 -0.6490 -0.3943
vn -0.5669 0.7514 -0.3377
vn -0.5725 0.7486 -0.3343
vn -0.5681 0.7509 -0.3369
vn -0.0069 -0.9999 -0.0078
vn -0.0095 -0.9999 -0.0105
vn -0.0079 -0.9999 -0.0077
vn -0.3449 -0.7106 -0.6133
vn -0.3478 -0.7102 -0.6121
vn -0.3475 -0.7100 -0.6125
vn -0.1362 -0.9423 -0.3059
vn -0.0146 0.5111 -0.8594
vn -0.8607 0.5064 0.0526
vn -0.9255 0.2953 0.2371
vn -0.9557 0.1796 -0.2330
vn -0.4210 0.8846 -0.2007
vn -0.9903 -0.0592 -0.1256
vn -0.5520 0.1141 -0.8260
vn -0.6241 -0.1240 0.7714
vn -0.2958 -0.0593 -0.9534
vn -0.3342 0.8635 -0.3777
vn -0.3750 0.6651 -0.6458
vn 0.0489 0.0647 0.9967
vn -0.2793 0.3052 -0.9104
vn -0.3906 0.1650 -0.9057
vn 0.2624 0.1730 0.9493
vn 0.7581 0.1444 -0.6359
vn 0.4713 0.0258 0.8816
vn -0.0052 -1.0000 0.0004
vn 0.0051 -1.0000 -0.0038
vn 0.0061 -1.0000 -0.0063
vn 0.0076 -1.0000 -0.0003
vn 0.0039 -1.0000 -0.0047
vn -0.9642 -0.0887 0.2498
vn -0.9555 0.0835 0.2830
vn -0.9188 -0.0079 -0.3946
vn 0.0071 -1.0000 0.0004
vn -0.2422 0.0103 -0.9702
vn -0.2278 -0.0377 -0.9730
vn -0.2212 0.0833 0.9717
vn 0.7150 -0.1299 -0.6869
vn -0.0023 -1.0000 0.0062
vn 0.1677 -0.0334 0.9853
vn 0.7813 0.0849 0.6183
vn 0.3224 0.0067 -0.9466
vn -0.8039 -0.5111 0.3042
vn -0.2421 0.8750 -0.4193
vn -0.7562 -0.4942 0.4290
vn 0.0688 0.8875 0.4557
vn -0.9278 -0.2576 0.2699
vn -0.8679 0.4612 -0.1845
vn -0.8679 0.4612 -0.1846
vn -0.8679 0.4612 -0.1848
vn -0.8957 -0.2331 -0.3788
vn -0.8860 -0.3916 -0.2484
vn -0.4418 0.8319 0.3358
vn -0.4385 0.8309 0.3426
vn -0.4394 0.8310 0.3412
vn -0.7942 -0.2119 0.5695
vn -0.9692 0.1913 0.1553
vn -0.5212 -0.8419 0.1399
vn -0.2564 0.9516 -0.1693
vn -0.8679 0.4612 -0.1842
vn -0.2380 -0.3627 -0.9010
vn -0.4259 -0.8442 0.3254
vn 0.8775 0.4328 0.2064
vn 0.9508 0.1173 0.2867
vn -0.4280 -0.8882 -0.1671
vn -0.0427 0.9980 -0.0460
vn -0.0458 0.9979 -0.0468
vn -0.0429 0.9980 -0.0462
vn -0.6670 0.1523 -0.7294
vn 0.3780 0.8185 -0.4326
vn 0.3620 0.9128 -0.1892
vn 0.3618 0.9130 -0.1885
vn 0.3614 0.9133 -0.1878
vn -0.7215 0.1575 0.6742
vn -0.0641 0.9974 0.0333
vn -0.0644 0.9974 0.0334
vn -0.0643 0.9974 0.0334
vn -0.6502 -0.0794 -0.7556
vn 0.4913 0.7707 0.4058
vn -0.1106 0.9715 0.2097
vn -0.9495 -0.0322 0.3122
vn -0.9612 -0.2043 -0.1851
vn -0.9529 -0.3024 -0.0240
vn 0.8240 0.4032 0.3980
vn -0.2573 -0.2057 -0.9442
vn 0.3610 0.9135 -0.1875
vn -0.0647 0.9973 0.0335
vn -0.1690 0.9143 0.3682
vn -0.5074 0.3933 0.7667
vn -0.2337 0.9498 -0.2080
vn -0.6216 -0.0386 -0.7824
vn -0.2212 0.5014 -0.8365
vn -0.0425 0.9980 -0.0461
vn -0.0711 0.9660 -0.2486
vn -0.2061 -0.3808 -0.9014
vn -0.0085 0.9993 0.0365
vn -0.7208 0.6667 0.1896
vn 0.1498 0.7633 0.6284
vn -0.1268 -0.8774 -0.4628
vn -0.4176 0.8674 0.2706
vn -0.2653 0.5814 0.7692
vn -0.0795 0.9532 -0.2918
vn -0.3856 -0.4197 -0.8217
vn -0.5035 0.8040 -0.3162
vn 0.2551 -0.8772 0.4067
vn -0.0847 0.6429 0.7613
vn -0.0589 -0.1862 0.9807
vn 0.0492 -0.0892 -0.9948
vn 0.2398 -0.3446 0.9076
vn 0.2395 -0.3451 0.9075
vn 0.2397 -0.3451 0.9075
vn 0.0988 0.1751 -0.9796
vn 0.4655 0.5937 -0.6564
vn 0.6929 -0.2472 -0.6773
vn 0.0016 0.9981 -0.0621
vn 0.0173 0.9964 -0.0828
vn 0.9528 -0.1264 0.2759
vn 0.1047 0.9506 -0.2921
vn 0.0588 0.9946 -0.0853
vn 0.0661 0.9724 0.2236
vn 0.4642 -0.4798 -0.7445
vn -0.4709 0.8177 -0.3312
vn -0.0415 0.9991 0.0119
vn 0.2537 0.7562 0.6031
vn 0.3771 0.6417 -0.6678
vn -0.9940 0.0965 0.0523
vn -0.9314 0.2373 0.2762
vn -0.1207 -0.9925 0.0212
vn -0.1903 -0.9814 0.0246
vn -0.0928 0.8135 0.5741
vn -0.2355 -0.0911 0.9676
vn -0.5224 0.2514 0.8148
vn 0.0363 -0.9993 -0.0070
vn -0.3304 0.4699 0.8186
vn -0.7651 0.4735 0.4364
vn 0.1680 0.4640 0.8698
vn -0.2660 0.5016 0.8232
vn 0.1560 0.3539 0.9222
vn 0.3636 0.7620 0.5358
vn -0.6253 0.7290 0.2787
vn -0.5747 0.8097 -0.1189
vn -0.1567 0.9265 0.3422
vn -0.1391 0.9168 0.3743
vn -0.2131 -0.8577 0.4679
vn -0.6671 0.6221 0.4097
vn -0.3145 0.8587 0.4047
vn -0.1849 -0.5778 0.7950
vn -0.1691 0.5796 0.7971
vn 0.2477 -0.1278 0.9604
vn 0.2455 -0.1255 0.9612
vn 0.2478 -0.1279 0.9603
vn 0.3504 -0.7530 0.5569
vn 0.3885 -0.4127 0.8239
vn 0.0298 0.9060 0.4223
vn 0.0199 -0.9336 0.3578
vn 0.5873 0.6003 0.5429
vn 0.6501 -0.6071 0.4570
vn 0.6505 -0.6079 0.4553
vn 0.6502 -0.6072 0.4566
vn -0.7899 0.3506 0.5032
vn -0.2336 0.8045 0.5461
vn -0.0248 0.8048 0.5931
vn 0.4764 0.8683 -0.1378
vn -0.8915 0.1299 -0.4340
vn -0.7610 0.3038 -0.5732
vn -0.6779 0.2466 -0.6925
vn -0.4793 0.0212 -0.8774
vn -0.7276 0.6844 0.0458
vn 0.0140 -0.9995 0.0296
vn -0.3250 0.8685 -0.3742
vn -0.0903 0.8311 -0.5487
vn -0.0891 0.8321 -0.5475
vn -0.0943 0.8282 -0.5525
vn -0.0992 0.0442 -0.9941
vn 0.0680 -0.9451 -0.3196
vn -0.0952 0.8276 -0.5531
vn 0.2571 0.2189 -0.9413
vn -0.0376 0.3241 -0.9453
vn 0.0101 -0.9999 -0.0080
vn -0.7970 0.5758 -0.1825
vn -0.6653 -0.2732 -0.6948
vn -0.3152 -0.9405 -0.1272
vn -0.7287 0.6464 -0.2265
vn -0.6598 -0.6506 -0.3760
vn -0.5036 0.2617 -0.8234
vn -0.2916 0.4953 -0.8183
vn -0.3101 -0.9158 -0.2554
vn -0.5180 -0.4357 -0.7361
vn 0.0763 -0.0176 -0.9969
vn 0.5392 0.2024 -0.8175
vn -0.1109 0.6308 -0.7680
vn -0.1571 -0.6840 -0.7124
vn 0.3296 -0.8126 -0.4807
vn 0.3473 -0.7679 -0.5383
vn -0.2353 0.7151 -0.6583
vn 0.4905 0.7005 0.5184
vn 0.3545 -0.2359 0.9048
vn 0.5167 -0.6815 0.5182
vn 0.5154 -0.6798 0.5217
vn 0.5149 -0.6793 0.5228
vn 0.5170 -0.6819 0.5174
vn 0.1320 -0.9907 0.0319
vn 0.6987 -0.4598 0.5480
vn 0.7844 -0.4715 0.4030
vn 0.7842 -0.4715 0.4033
vn 0.7845 -0.4715 0.4029
vn 0.6496 0.1381 0.7477
vn 0.6522 0.1330 0.7463
vn 0.6535 0.1302 0.7456
vn 0.4743 0.7339 0.4862
vn -0.6153 -0.5219 0.5908
vn -0.6090 -0.5288 0.5912
vn -0.6125 -0.5254 0.5906
vn -0.6057 -0.5317 0.5920
vn -0.5019 0.6896 0.5221
vn -0.0623 -0.9981 0.0041
vn 0.2378 -0.3030 0.9228
vn 0.2439 -0.3029 0.9213
vn 0.2448 -0.3029 0.9211
vn 0.5589 0.5830 0.5897
vn 0.5838 -0.6734 0.4536
vn 0.9575 -0.1164 0.2639
vn 0.0404 0.9985 0.0362
vn 0.0394 0.9986 0.0366
vn 0.0472 0.9983 0.0356
vn 0.3434 -0.1914 0.9195
vn -0.3810 0.8301 0.4072
vn 0.5648 -0.2092 0.7983
vn 0.2224 -0.3124 0.9235
vn 0.2538 -0.3725 0.8926
vn 0.8747 -0.4085 0.2607
vn 0.8739 -0.4080 0.2641
vn 0.8686 -0.4155 0.2700
vn 0.2546 0.6215 -0.7409
vn 0.3218 0.1268 -0.9383
vn 0.1902 -0.6817 -0.7065
vn 0.1976 -0.6816 -0.7045
vn 0.1937 -0.6816 -0.7056
vn 0.6657 0.5643 -0.4882
vn 0.3884 -0.5057 -0.7704
vn 0.6658 -0.6443 -0.3762
vn 0.6653 -0.6479 -0.3709
vn 0.6661 -0.6428 -0.3783
vn 0.6876 -0.5717 -0.4476
vn 0.7800 0.6235 -0.0522
vn 0.7694 0.6143 -0.1752
vn 0.7846 -0.4714 0.4026
vn 0.7637 0.6435 -0.0512
vn 0.7692 0.6371 -0.0498
vn 0.7675 0.6391 -0.0503
vn 0.7025 -0.7116 0.0128
vn 0.7795 -0.6153 -0.1177
vn 0.7625 0.6449 -0.0514
vn -0.8260 0.5521 0.1133
vn -0.8510 0.5186 0.0829
vn -0.8747 -0.4758 0.0926
vn -0.8196 -0.5721 0.0309
vn -0.8111 -0.4728 -0.3444
vn -0.7322 -0.4442 -0.5163
vn -0.7288 -0.4479 -0.5179
vn -0.7334 -0.4430 -0.5156
vn -0.7520 0.6587 0.0230
vn -0.5377 0.7746 -0.3331
vn -0.7193 -0.5785 -0.3846
vn -0.5756 0.6105 -0.5441
vn -0.7271 0.6527 -0.2128
vn -0.3886 0.7176 -0.5780
vn -0.3209 -0.8730 -0.3672
vn -0.3265 -0.8723 -0.3640
vn -0.3203 -0.8733 -0.3671
vn 0.9664 0.0348 0.2548
vn 0.7644 0.0311 -0.6440
vn 0.4619 0.7978 -0.3875
vn 0.0462 0.9955 -0.0830
vn 0.5688 0.7915 0.2235
vn -0.1003 0.9503 -0.2946
vn 0.5242 0.8365 0.1595
vn 0.5255 0.8340 0.1681
vn 0.5254 0.8344 0.1666
vn 0.6436 -0.6958 -0.3186
vn 0.6494 -0.3166 -0.6914
vn 0.7124 -0.1382 -0.6881
vn 0.3158 0.8984 -0.3053
vn 0.6395 -0.7453 0.1885
vn 0.7613 0.6271 -0.1648
vn 0.7449 0.6672 -0.0065
vn -0.6931 0.6853 0.2236
vn -0.6331 0.7521 -0.1832
vn -0.7636 0.6457 0.0007
vn -0.8435 -0.1679 -0.5102
vn 0.1919 -0.9733 -0.1258
vn 0.0080 -0.9999 0.0066
vn -0.0104 -0.9999 -0.0037
vn -0.0113 -0.9999 -0.0054
vn -0.0064 -1.0000 0.0043
vn 0.8248 -0.2019 -0.5282
vn -0.9383 0.3374 -0.0763
vn -0.8115 -0.1822 -0.5552
vn -0.8001 -0.2778 0.5316
vn -0.8839 0.4405 0.1570
vn 0.4123 0.9108 -0.0187
vn -0.8468 0.3755 -0.3767
vn -0.9574 -0.0587 -0.2827
vn -0.9379 -0.1827 -0.2950
vn -0.5818 0.7641 -0.2785
vn -0.9642 -0.1166 -0.2382
vn 0.0657 0.9968 -0.0462
vn -0.4106 0.8258 0.3866
vn 0.4590 -0.7737 -0.4367
vn 0.4681 0.8810 0.0689
vn 0.0513 0.9972 0.0538
vn 0.8253 -0.4601 -0.3274
vn -0.7600 0.6343 -0.1417
vn 0.4996 -0.8606 -0.0983
vn -0.9671 -0.0090 -0.2543
vn -0.0196 0.9510 -0.3087
vn 0.7394 -0.2403 -0.6289
vn 0.4628 -0.3539 -0.8128
vn 0.5927 -0.2414 0.7684
vn -0.6074 0.7684 -0.2015
vn -0.6080 0.7680 -0.2011
vn -0.6046 0.7700 -0.2039
vn 0.5450 -0.8345 -0.0809
vn -0.1256 0.9919 -0.0169
vn 0.4951 -0.4477 -0.7446
vn 0.4494 0.8919 0.0508
vn 0.9034 -0.0474 0.4261
vn -0.2025 0.9714 -0.1241
vn 0.8893 -0.4075 0.2078
vn 0.6104 0.7801 0.1372
vn 0.3015 0.8676 0.3955
vn 0.3034 0.8696 0.3896
vn 0.3024 0.8685 0.3927
vn 0.4184 0.6259 0.6582
vn 0.3367 0.9326 0.1299
vn 0.4763 0.7428 0.4705
vn 0.5100 0.7094 0.4865
vn 0.5908 0.4355 0.6792
vn 0.7247 -0.0965 0.6823
vn 0.9096 0.3982 0.1189
vn 0.8409 0.5395 0.0435
vn 0.6131 0.7004 0.3655
vn 0.2428 0.9680 0.0630
vn 0.9430 0.2182 -0.2512
vn -0.9903 0.1167 0.0748
vn -0.3186 -0.9441 0.0852
vn -0.7335 0.6743 0.0851
vn 0.5124 0.7691 0.3820
vn 0.6563 -0.5913 0.4687
vn 0.6623 -0.5925 0.4586
vn 0.6635 -0.5910 0.4587
vn 0.6019 -0.2494 0.7587
vn 0.5784 -0.8032 0.1426
vn 0.4947 0.8147 -0.3025
vn 0.5665 -0.8239 -0.0152
vn 0.6565 -0.5905 0.4694
vn 0.4873 -0.8302 0.2705
vn 0.6974 0.6253 0.3502
vn 0.8853 -0.4211 -0.1973
vn 0.6506 -0.6083 0.4547
vn 0.3727 0.9074 -0.1941
vn 0.5176 0.6884 -0.5081
vn 0.4018 0.0849 -0.9118
vn 0.2104 0.5393 -0.8154
vn 0.7539 0.6217 -0.2126
vn 0.6766 0.1193 -0.7266
vn 0.7769 -0.0107 -0.6296
vn -0.8705 0.1168 -0.4780
vn 0.5243 -0.6721 -0.5229
vn 0.7286 0.3324 -0.5989
vn 0.8868 -0.3838 -0.2573
vn 0.5571 0.6842 -0.4706
vn 0.8908 0.2839 -0.3548
vn -0.1339 0.4819 0.8659
vn -0.6051 -0.5321 0.5922
vn 0.1708 -0.9852 0.0122
vn -0.2369 -0.4042 0.8835
vn -0.2178 0.7613 0.6107
vn -0.2197 0.7619 0.6093
vn -0.2224 0.7643 0.6053
vn -0.1957 -0.2011 0.9598
vn -0.2239 0.7636 0.6056
vn -0.0744 0.6241 0.7778
vn -0.0405 -0.9988 -0.0284
vn -0.1228 0.0355 0.9918
vn 0.3190 0.7075 0.6307
vn 0.2964 0.6723 0.6784
vn 0.3548 -0.5616 0.7474
vn 0.7007 -0.4158 0.5798
vn 0.7003 -0.4156 0.5804
vn 0.7008 -0.4160 0.5796
vn -0.0600 -0.9966 -0.0567
vn 0.6821 0.5228 0.5114
vn 0.6752 0.5868 0.4471
vn 0.7009 -0.4159 0.5795
vn -0.4325 0.7179 0.5455
vn -0.4745 -0.7636 0.4379
vn -0.5396 0.3797 0.7514
vn 0.0530 0.4321 0.9003
vn 0.7112 -0.1439 0.6882
vn -0.1390 -0.8929 0.4282
vn -0.3330 -0.0088 0.9429
vn -0.1761 -0.6627 0.7279
vn -0.1313 0.6537 0.7453
vn 0.3233 -0.3336 0.8856
vn 0.2215 0.3374 0.9149
vn -0.0343 0.5011 0.8647
vn 0.0913 0.4693 0.8783
vn -0.3338 0.6301 -0.7011
vn -0.3272 -0.8722 -0.3635
vn -0.5276 -0.5909 -0.6103
vn -0.0114 -0.9854 -0.1700
vn -0.2131 -0.1879 -0.9588
vn 0.0484 -0.9982 0.0352
vn -0.0874 -0.3949 -0.9146
vn -0.0292 -0.9963 -0.0814
vn -0.3005 0.6397 -0.7075
vn -0.0435 -0.1313 -0.9904
vn 0.3081 -0.8757 -0.3717
vn 0.3308 -0.0777 -0.9405
vn 0.6372 0.1820 -0.7489
vn 0.2901 -0.8290 -0.4782
vn 0.5433 0.7777 -0.3162
vn 0.6883 0.6168 -0.3819
vn 0.6947 0.6117 -0.3784
vn 0.6929 0.6096 -0.3851
vn 0.6510 -0.6391 -0.4094
vn 0.6966 -0.5795 0.4229
vn 0.7479 0.6379 0.1835
vn 0.5903 -0.8035 0.0771
vn -0.0821 -0.9957 -0.0418
vn 0.7138 -0.5876 -0.3812
vn 0.7134 -0.5896 -0.3787
vn 0.7140 -0.5867 -0.3821
vn 0.7133 -0.5901 -0.3780
vn 0.8841 0.4537 0.1121
vn 0.7922 -0.6088 0.0426
vn -0.7836 0.5793 -0.2247
vn -0.5983 0.7817 -0.1762
vn -0.6710 0.5244 0.5242
vn -0.9223 -0.0537 0.3827
vn -0.9702 -0.0133 -0.2417
vn -0.4959 0.4952 -0.7133
vn -0.5828 -0.0475 -0.8113
vn -0.8844 -0.1013 0.4556
vn -0.2471 -0.4878 -0.8373
vn -0.3113 -0.1615 -0.9365
vn -0.3024 -0.0215 0.9529
vn 0.6064 0.5806 0.5432
vn 0.6491 0.1152 0.7520
vn 0.1938 -0.0740 -0.9783
vn 0.3286 0.7500 -0.5740
vn 0.1020 0.5691 -0.8159
vn 0.0436 0.6699 -0.7412
vn 0.9830 -0.0906 -0.1600
vn 0.7347 0.0430 -0.6770
vn 0.9607 0.0319 0.2759
vn 0.9597 0.1085 -0.2594
vn 0.9676 0.1843 -0.1729
vn 0.6308 0.6511 0.4222
vn 0.8171 0.5585 0.1431
vn 0.8656 -0.3541 -0.3541
vn 0.5798 0.6630 -0.4737
vn 0.6726 -0.1790 -0.7180
vn 0.8431 0.5057 0.1828
vn 0.7466 -0.4833 -0.4571
vn -0.5092 0.3023 0.8058
vn -0.5190 0.2485 0.8179
vn -0.7402 0.3886 0.5487
vn -0.7887 0.4332 -0.4362
vn -0.0005 0.7856 0.6187
vn -0.7235 -0.6364 -0.2676
vn -0.6277 0.1005 -0.7719
vn -0.6115 0.6757 -0.4118
vn -0.1969 -0.6861 0.7004
vn -0.1929 -0.6835 0.7040
vn -0.1981 -0.6868 0.6993
vn -0.1069 -0.9943 0.0018
vn -0.1060 -0.9944 0.0019
vn -0.1095 -0.9940 0.0009
vn -0.1100 -0.9939 0.0005
vn -0.3357 0.9407 0.0482
vn -0.3302 0.9426 0.0492
vn -0.3316 0.9421 0.0489
vn -0.2211 -0.9584 0.1806
vn -0.3058 -0.9377 -0.1650
vn -0.7309 -0.0010 -0.6825
vn -0.4826 0.5424 -0.6877
vn -0.4558 0.7179 -0.5261
vn -0.3756 0.8130 -0.4449
vn -0.5084 -0.3749 -0.7752
vn 0.0680 -0.5589 -0.8264
vn -0.0893 -0.9624 0.2567
vn -0.3414 0.8353 -0.4310
vn -0.4486 -0.5584 -0.6978
vn -0.1280 0.7882 0.6019
vn -0.0940 0.8976 -0.4307
vn -0.1027 -0.7409 -0.6637
vn -0.1534 0.5361 -0.8301
vn -0.3361 -0.1656 -0.9272
vn -0.2220 -0.3574 -0.9072
vn -0.0435 0.2123 -0.9762
vn -0.0434 0.2126 -0.9762
vn -0.0435 0.2121 -0.9763
vn -0.3081 0.5195 -0.7970
vn -0.0705 0.8858 -0.4587
vn 0.5142 -0.4352 0.7391
vn 0.6689 0.2574 -0.6974
vn 0.3489 -0.8073 -0.4760
vn 0.1971 -0.9572 -0.2120
vn 0.2028 -0.9558 -0.2130
vn 0.2041 -0.9554 -0.2136
vn 0.1890 0.6794 -0.7090
vn 0.1925 0.6780 -0.7094
vn 0.1928 0.6776 -0.7097
vn 0.5104 0.0927 -0.8549
vn 0.7042 -0.3303 0.6285
vn 0.7116 -0.2904 0.6397
vn 0.0490 -0.8787 -0.4749
vn 0.3969 0.8586 -0.3244
vn 0.3963 0.8590 -0.3242
vn 0.3899 0.8626 -0.3223
vn 0.1980 -0.9341 -0.2972
vn 0.1975 -0.9342 -0.2969
vn 0.1951 -0.9347 -0.2971
vn 0.6383 0.2445 0.7299
vn 0.7213 -0.6858 0.0975
vn 0.6597 -0.5377 0.5250
vn 0.6318 -0.1574 0.7590
vn 0.7477 0.6436 0.1636
vn 0.4939 -0.8380 -0.2319
vn 0.1886 -0.9717 -0.1423
vn 0.7880 -0.4698 -0.3978
vn 0.3926 0.2988 -0.8698
vn 0.6935 0.1294 0.7087
vn 0.6957 0.2491 0.6738
vn 0.5906 -0.3437 0.7301
vn 0.9710 0.0462 -0.2347
vn 0.0540 0.6902 0.7216
vn 0.5173 0.8395 -0.1663
vn 0.8355 0.5191 -0.1802
vn 0.7833 0.4078 -0.4692
vn 0.7836 -0.5359 -0.3142
vn 0.8409 0.1675 0.5146
vn 0.9295 0.3677 -0.0285
vn 0.9497 0.3103 -0.0428
vn 0.9653 0.2579 -0.0414
vn -0.6704 0.5534 0.4943
vn -0.6645 0.5562 0.4991
vn -0.6695 0.5538 0.4950
vn -0.6423 0.6014 -0.4751
vn -0.8798 0.4661 -0.0932
vn -0.9278 -0.3688 -0.0566
vn -0.4393 0.8004 -0.4078
vn -0.9394 -0.3421 0.0223
vn -0.2088 0.5994 -0.7728
vn -0.0478 0.5213 0.8520
vn -0.4331 -0.1212 0.8932
vn 0.0788 0.9511 0.2986
vn -0.1719 -0.4856 -0.8571
vn 0.2759 0.7985 -0.5350
vn -0.1824 -0.3128 -0.9321
vn 0.1884 0.6789 -0.7096
vn 0.4828 -0.2418 0.8417
vn 0.1460 -0.0958 0.9846
vn 0.6482 0.5900 0.4814
vn 0.3444 -0.1211 -0.9310
vn 0.4025 -0.1314 -0.9059
vn 0.9107 -0.0492 0.4101
vn 0.2906 0.9125 -0.2879
vn 0.7836 -0.0860 -0.6152
vn 0.8239 0.4874 -0.2892
vn -0.6561 0.2548 0.7104
vn -0.8226 0.1097 0.5579
vn -0.3583 -0.9055 0.2276
vn 0.0089 -0.9961 -0.0878
vn -0.5105 0.8458 0.1551
vn -0.7579 0.4555 0.4671
vn -0.3986 -0.0551 0.9155
vn -0.2982 0.9422 0.1528
vn -0.3420 0.8868 0.3110
vn 0.0558 0.8134 0.5791
vn 0.1063 -0.9925 -0.0603
vn 0.0149 0.3556 0.9345
vn 0.0680 0.7861 0.6143
vn 0.3696 0.5938 0.7147
vn 0.5525 0.1322 0.8229
vn 0.6274 0.7185 0.3004
vn 0.4242 0.8865 0.1847
vn 0.4899 0.8679 0.0821
vn 0.8279 0.0781 0.5554
vn 0.1704 -0.9815 0.0872
vn 0.9197 0.2587 0.2955
vn -0.3575 0.9257 0.1234
vn -0.9645 -0.0103 0.2637
vn -0.9493 -0.2294 0.2149
vn -0.5873 -0.7800 0.2163
vn -0.8368 -0.4990 0.2253
vn -0.9855 -0.0029 -0.1699
vn -0.9200 0.3240 -0.2204
vn -0.8667 -0.4491 0.2169
vn -0.7394 0.6546 -0.1575
vn -0.6179 0.7862 -0.0018
vn -0.6417 0.5432 0.5414
vn -0.2548 -0.7267 0.6379
vn -0.9819 -0.1236 -0.1433
vn -0.9922 0.0671 0.1048
vn -0.3568 0.8081 0.4687
vn -0.4292 -0.6607 0.6158
vn -0.6565 0.3872 0.6473
vn -0.5109 -0.8155 0.2720
vn -0.6715 -0.0936 0.7351
vn -0.1780 -0.6012 0.7790
vn -0.5310 0.5065 0.6793
vn 0.2885 0.8369 0.4652
vn 0.1816 -0.7818 0.5965
vn 0.0774 0.0718 0.9944
vn 0.6991 0.0263 0.7146
vn 0.5069 0.0597 0.8599
vn 0.9554 -0.1664 -0.2442
vn 0.4635 0.5544 0.6912
vn 0.6119 -0.6066 0.5075
vn 0.5537 0.7393 0.3832
vn 0.7583 0.5652 0.3250
vn 0.6177 -0.7649 0.1826
vn 0.4224 0.8995 0.1118
vn -0.1933 0.9792 -0.0614
vn -0.6439 0.4783 0.5972
vn 0.1329 0.8926 0.4308
vn 0.1506 0.9299 0.3356
vn -0.5392 0.1235 -0.8331
vn -0.7655 0.6174 -0.1810
vn -0.1530 -0.0195 -0.9880
vn -0.0156 0.3696 -0.9291
vn -0.0033 0.5560 -0.8312
vn 0.6997 0.5279 -0.4814
vn 0.4066 0.0824 -0.9099
vn 0.2046 0.5726 -0.7939
vn 0.5422 0.6879 -0.4825
vn 0.5570 0.5711 -0.6030
vn -0.0241 -0.9994 -0.0253
vn -0.0143 -0.9994 0.0310
vn -0.0174 -0.9992 0.0350
vn -0.0154 -0.9994 0.0325
vn -0.3748 -0.9264 -0.0374
vn -0.7824 0.2383 -0.5753
vn -0.6856 -0.4721 -0.5542
vn -0.9001 -0.2169 -0.3779
vn -0.8891 -0.3373 0.3093
vn -0.6067 -0.1038 -0.7881
vn -0.4062 -0.1303 -0.9044
vn -0.2721 0.7847 -0.5570
vn -0.6060 -0.1399 -0.7831
vn -0.3499 -0.5822 -0.7339
vn -0.1512 -0.8576 -0.4916
vn -0.1505 -0.8582 -0.4908
vn -0.1507 -0.8580 -0.4910
vn 0.1778 -0.4358 -0.8823
vn -0.1572 0.5301 -0.8332
vn 0.4022 -0.0080 -0.9155
vn 0.3777 0.8271 -0.4163
vn 0.2232 0.8613 -0.4565
vn 0.6859 0.0703 -0.7243
vn 0.1937 -0.4246 -0.8844
vn 0.1936 -0.4247 -0.8844
vn 0.1947 -0.4228 -0.8850
vn 0.9251 0.2767 0.2601
vn 0.6595 -0.2365 -0.7135
vn 0.6591 -0.2363 -0.7140
vn 0.6592 -0.2366 -0.7138
vn 0.5609 -0.7166 -0.4146
vn 0.4509 -0.6957 -0.5591
vn 0.4511 -0.6957 -0.5591
vn 0.4509 -0.6958 -0.5592
vn 0.4199 0.6649 -0.6178
vn 0.8729 -0.4868 0.0325
vn -0.1631 0.9608 -0.2241
vn -0.8365 -0.2395 0.4928
vn -0.5441 0.7366 0.4018
vn -0.4851 -0.3900 0.7827
vn 0.0365 -0.9857 -0.1644
vn 0.0347 -0.9855 -0.1659
vn 0.0371 -0.9858 -0.1638
vn -0.1051 0.0605 0.9926
vn -0.0730 -0.4860 0.8709
vn -0.3154 0.2971 0.9013
vn -0.3030 0.8972 0.3212
vn -0.3075 0.8957 0.3211
vn -0.3066 0.8961 0.3211
vn -0.4198 -0.3507 0.8371
vn -0.4224 -0.3544 0.8343
vn -0.4216 -0.3533 0.8351
vn -0.3028 0.8975 0.3205
vn -0.4192 -0.3499 0.8377
vn -0.7624 -0.2770 0.5849
vn -0.9105 0.1303 0.3924
vn -0.9726 0.2147 0.0889
vn -0.8984 -0.2867 0.3326
vn -0.8971 0.4390 0.0489
vn -0.6761 0.6654 -0.3164
vn -0.7363 -0.5434 -0.4033
vn -0.2832 -0.9542 0.0962
vn -0.5849 -0.8074 0.0778
vn -0.8908 0.3003 -0.3410
vn -0.6532 0.7549 0.0585
vn -0.5437 0.7221 -0.4278
vn 0.0038 -0.9999 0.0095
vn 0.0095 -0.9979 0.0645
vn -0.6314 0.5842 -0.5099
vn -0.6310 0.5806 -0.5146
vn -0.6311 0.5817 -0.5132
vn -0.6505 0.4930 -0.5778
vn -0.8321 -0.5520 0.0540
vn -0.3535 0.9311 -0.0896
vn -0.5922 0.7991 0.1034
vn -0.6912 -0.5336 -0.4875
vn -0.6916 -0.5296 -0.4912
vn -0.6912 -0.5331 -0.4879
vn -0.9252 0.2042 0.3198
vn -0.9894 0.1217 0.0796
vn -0.9837 -0.1297 0.1246
vn 0.0673 0.9973 0.0292
vn -0.7057 -0.0043 -0.7085
vn -0.2318 0.9185 -0.3204
vn -0.8581 0.3304 -0.3931
vn -0.2556 0.9140 -0.3151
vn -0.9131 0.1151 0.3912
vn -0.9727 -0.2155 -0.0864
vn -0.9854 0.0747 0.1531
vn -0.8836 0.2210 -0.4128
vn -0.8801 0.3114 -0.3584
vn -0.2177 -0.9491 -0.2275
vn 0.0258 0.5822 -0.8127
vn -0.2860 0.6296 -0.7224
vn 0.0542 0.9211 0.3856
vn -0.7495 0.4385 -0.4959
vn 0.9962 0.0776 -0.0404
vn -0.8722 0.0587 0.4856
vn -0.9902 0.1080 0.0891
vn -0.9900 0.1088 0.0895
vn -0.9888 0.1157 0.0946
vn -0.1424 -0.9884 -0.0530
vn -0.9902 0.1079 0.0887
vn -0.7071 0.6952 0.1295
vn 0.0344 -0.9992 0.0214
vn -0.5423 0.0770 0.8367
vn -0.8780 0.3784 -0.2932
vn -0.8776 0.3792 -0.2933
vn -0.8776 0.3793 -0.2933
vn -0.9836 -0.1283 -0.1267
vn -0.7124 -0.5453 0.4417
vn -0.9383 -0.3236 -0.1222
vn -0.4431 0.3586 0.8217
vn -0.7713 -0.4936 0.4018
vn -0.8559 -0.5069 0.1022
vn -0.0894 -0.4222 -0.9021
vn -0.0897 -0.4219 -0.9022
vn -0.0886 -0.4233 -0.9017
vn -0.7495 -0.6615 -0.0276
vn -0.5634 -0.4600 0.6863
vn -0.4916 0.0348 0.8701
vn -0.4040 0.3434 0.8479
vn -0.5591 0.7993 0.2202
vn -0.4069 0.9081 0.0989
vn -0.2696 -0.9624 0.0329
vn -0.2633 -0.7613 0.5926
vn -0.8105 -0.2440 0.5326
vn 0.2714 0.4934 0.8264
vn -0.5125 0.3504 0.7840
vn -0.5123 0.3519 0.7834
vn -0.5126 0.3500 0.7840
vn 0.4871 0.5389 0.6872
vn -0.5180 0.8331 0.1940
vn -0.8602 -0.3734 -0.3474
vn -0.2770 -0.1358 -0.9512
vn -0.4529 0.8114 -0.3694
vn -0.8353 0.4271 -0.3462
vn -0.5016 0.6876 -0.5250
vn -0.5140 0.0948 -0.8525
vn -0.2074 -0.9729 -0.1024
vn -0.2043 0.0195 -0.9787
vn -0.2877 0.1020 -0.9523
vn -0.4097 0.5825 -0.7021
vn -0.8053 -0.4022 -0.4356
vn -0.4354 0.6191 -0.6535
vn -0.8881 -0.2007 -0.4136
vn -0.0882 -0.4234 -0.9016
vn -0.2292 -0.8395 -0.4926
vn -0.3619 0.6826 -0.6349
vn -0.2268 0.0072 -0.9739
vn -0.5302 0.8478 -0.0139
vn 0.0754 0.6341 0.7696
vn 0.1884 0.2402 0.9523
vn 0.2070 0.3849 0.8994
vn 0.4726 -0.5830 0.6608
vn 0.4734 -0.5831 0.6602
vn 0.4728 -0.5829 0.6608
vn 0.1745 0.4958 0.8507
vn 0.4884 0.7425 0.4585
vn 0.7528 0.4123 0.5131
vn 0.4743 -0.5832 0.6595
vn 0.7137 0.3824 0.5869
vn -0.1689 0.9626 0.2119
vn -0.1744 -0.3462 0.9218
vn 0.3769 -0.1359 0.9162
vn 0.3587 0.7674 0.5314
vn 0.8327 -0.2537 0.4922
vn 0.7865 -0.0944 0.6103
vn 0.2165 0.9121 0.3480
vn 0.2255 0.9185 0.3248
vn 0.2261 0.9181 0.3255
vn 0.2260 0.9182 0.3254
vn 0.8114 -0.2390 0.5334
vn 0.5618 0.6976 0.4448
vn 0.5457 0.7185 0.4313
vn 0.5495 0.7157 0.4311
vn 0.5510 0.7145 0.4310
vn -0.8142 0.3080 0.4921
vn -0.8141 0.3083 0.4921
vn -0.8141 0.3082 0.4921
vn -0.2176 0.5274 0.8213
vn -0.2169 0.5267 0.8219
vn -0.2144 0.5240 0.8243
vn -0.2139 0.5233 0.8249
vn -0.2940 0.0612 0.9539
vn 0.8444 0.3508 0.4049
vn 0.7189 0.5417 0.4357
vn 0.8574 0.0582 0.5114
vn -0.0739 0.6950 -0.7152
vn 0.0777 0.6618 -0.7456
vn 0.1993 0.8714 -0.4482
vn 0.3251 0.6275 -0.7075
vn 0.2726 -0.7605 -0.5894
vn 0.4158 -0.2814 -0.8648
vn 0.3457 0.5841 -0.7344
vn 0.8099 0.3310 -0.4843
vn -0.0157 -0.9998 0.0142
vn 0.6525 0.7527 0.0878
vn -0.0436 -0.9989 -0.0169
vn 0.8852 0.1644 -0.4351
vn 0.7565 -0.4258 -0.4964
vn 0.9490 -0.3099 0.0574
vn 0.8853 -0.4613 0.0584
vn -0.0803 0.3369 -0.9381
vn -0.5790 -0.1646 -0.7986
vn 0.5164 0.6399 -0.5691
vn 0.6216 -0.4788 -0.6200
vn 0.6221 -0.4769 -0.6209
vn 0.6212 -0.4803 -0.6192
vn 0.2449 0.1255 -0.9614
vn 0.1830 -0.5757 -0.7969
vn 0.6394 -0.4864 -0.5954
vn 0.9044 -0.3971 -0.1560
vn 0.8543 -0.2699 -0.4441
vn 0.2789 0.8852 -0.3723
vn 0.3609 -0.5089 -0.7815
vn -0.0641 0.9952 0.0737
vn 0.0483 0.9987 -0.0133
vn 0.9860 -0.1070 0.1277
vn 0.4925 -0.6923 -0.5274
vn 0.5016 0.8312 -0.2399
vn 0.7708 -0.6109 0.1805
vn 0.9682 -0.2475 0.0371
vn 0.6803 0.7240 0.1140
vn 0.9384 0.0358 -0.3438
vn -0.3593 0.8956 0.2622
vn -0.0352 -0.9854 0.1668
vn 0.0222 0.5811 -0.8135
vn 0.3157 0.6471 -0.6939
vn 0.3153 0.6474 -0.6939
vn 0.3152 0.6475 -0.6938
vn 0.3728 -0.8985 -0.2317
vn 0.7848 -0.6010 -0.1509
vn 0.9569 0.2300 -0.1773
vn 0.9589 0.2820 -0.0318
vn 0.8748 -0.2457 -0.4177
vn 0.8724 0.3181 0.3711
vn 0.8496 0.1269 -0.5120
vn 0.2994 0.9018 -0.3116
vn 0.9191 0.3842 0.0876
vn 0.4486 0.5581 0.6981
vn -0.2120 0.0697 0.9748
vn -0.2088 0.0742 0.9751
vn -0.2120 0.0695 0.9748
vn 0.2491 0.1617 0.9549
vn 0.1731 0.6418 0.7471
vn 0.3657 0.5765 0.7307
vn 0.0020 -1.0000 -0.0052
vn 0.0021 -1.0000 -0.0044
vn 0.0021 -1.0000 -0.0029
vn 0.1296 0.3399 0.9315
vn -0.0154 -0.8949 0.4459
vn 0.3871 0.0251 0.9217
vn 0.4596 0.7778 0.4287
vn 0.4980 0.6817 0.5360
vn 0.5453 0.6519 0.5270
vn 0.5032 -0.7749 0.3825
vn 0.7491 0.6581 0.0760
vn 0.9282 -0.0181 0.3717
vn 0.8899 0.1189 0.4403
vn 0.9897 -0.0899 0.1117
vn 0.0058 -0.1529 0.9882
vn 0.1080 0.8472 0.5202
vn -0.1175 -0.6325 0.7656
vn 0.0182 0.7810 0.6243
vn 0.0345 -0.4574 0.8886
vn 0.6488 -0.0144 0.7608
vn 0.8453 -0.1085 0.5232
vn 0.2554 -0.6764 0.6908
vn 0.3648 0.9304 0.0370
vn 0.6486 0.7610 0.0110
vn 0.1719 -0.9848 -0.0246
vn 0.4485 0.8015 0.3955
vn 0.6079 -0.5952 0.5255
vn 0.4315 -0.5340 0.7271
vn 0.6060 0.1383 -0.7834
vn 0.9682 0.1124 0.2236
vn 0.6793 -0.7167 0.1577
vn 0.3748 0.8851 0.2760
vn 0.4295 0.9007 0.0650
vn 0.9771 -0.0095 -0.2125
vn 0.9408 -0.3083 -0.1409
vn 0.9422 -0.3047 -0.1396
vn 0.9424 -0.3042 -0.1393
vn -0.3684 0.9284 0.0479
vn -0.3070 -0.7849 -0.5382
vn 0.0241 0.6065 0.7947
vn 0.2232 -0.0870 -0.9709
vn 0.0361 0.9050 -0.4238
vn -0.0901 0.5714 -0.8157
vn -0.0556 0.5366 -0.8420
vn -0.1619 0.7288 -0.6653
vn 0.4805 0.7200 -0.5006
vn 0.0562 -0.9974 -0.0461
vn 0.5524 0.5581 -0.6191
vn 0.6525 0.2337 -0.7209
vn 0.9805 0.1407 -0.1371
vn -0.1113 -0.8620 -0.4946
vn -0.0971 0.7582 -0.6447
vn 0.1098 0.6843 -0.7209
vn -0.1337 -0.6307 -0.7644
vn -0.1334 -0.6310 -0.7642
vn 0.3690 0.8151 -0.4465
vn 0.5440 0.1906 -0.8171
vn 0.2368 -0.9704 -0.0477
vn 0.6566 -0.2662 -0.7057
vn 0.6852 -0.5887 -0.4289
vn 0.8048 0.4622 -0.3723
vn 0.4176 0.9086 -0.0096
vn 0.0055 0.4860 -0.8739
vn -0.9764 0.0479 0.2104
vn -0.8021 0.2481 0.5433
vn -0.8025 -0.2631 0.5355
vn -0.7999 -0.2241 0.5567
vn -0.0075 -0.9992 -0.0387
vn -0.6319 0.2828 0.7216
vn -0.1974 0.4508 0.8705
vn -0.2031 0.4515 0.8689
vn -0.1981 0.4509 0.8703
vn -0.4454 0.2290 0.8656
vn -0.1103 -0.9906 0.0809
vn -0.1108 -0.9905 0.0813
vn -0.1093 -0.9908 0.0803
vn 0.0228 -0.9995 -0.0240
vn 0.0295 -0.9993 -0.0236
vn 0.0307 -0.9993 -0.0235
vn 0.0212 -0.9995 -0.0241
vn -0.0168 0.2100 0.9776
vn 0.0530 0.5158 0.8551
vn 0.3105 -0.2365 0.9207
vn 0.2799 0.4516 0.8472
vn 0.2763 0.4524 0.8479
vn 0.2760 0.4519 0.8483
vn -0.7056 0.0662 0.7055
vn -0.1853 0.1237 0.9749
vn -0.1240 0.0965 0.9876
vn 0.0586 -0.4545 0.8888
vn -0.0236 0.0253 0.9994
vn 0.3593 0.1242 0.9249
vn 0.6775 0.3447 0.6498
vn -0.7613 -0.0682 0.6448
vn -0.6105 0.0907 0.7868
vn -0.6185 0.2207 0.7541
vn -0.5015 -0.7942 0.3432
vn -0.5622 0.1308 0.8166
vn -0.4810 -0.0697 0.8740
vn -0.4876 -0.0706 0.8702
vn -0.4902 -0.0710 0.8687
vn -0.6580 0.1524 0.7375
vn -0.4862 -0.0718 0.8709
vn -0.4871 -0.0727 0.8703
vn -0.4816 -0.0697 0.8736
vn -0.3420 0.3153 -0.8852
vn -0.4264 0.2035 -0.8814
vn -0.4276 0.2692 0.8630
vn -0.9342 0.0147 -0.3564
vn 0.0383 -0.9926 0.1149
vn -0.0325 0.0624 0.9975
vn -0.1067 0.0933 0.9899
vn 0.2799 -0.3694 0.8861
vn 0.2788 -0.3691 0.8866
vn 0.2796 -0.3691 0.8863
vn -0.1978 0.8290 0.5231
vn -0.0220 -0.0476 0.9986
vn -0.0231 -0.0485 0.9986
vn -0.0217 -0.0472 0.9987
vn 0.3414 -0.0435 0.9389
vn 0.0239 -0.9498 0.3121
vn 0.6521 0.3117 0.6911
vn 0.8579 0.1989 -0.4738
vn -0.0507 0.9952 -0.0839
vn 0.0023 0.9934 -0.1151
vn -0.9272 -0.3631 0.0920
vn -0.9331 -0.3518 0.0749
vn -0.9669 0.1461 -0.2091
vn -0.9679 -0.1039 0.2289
vn -0.9154 0.2625 0.3051
vn -0.6981 0.6164 0.3643
vn -0.6982 0.6164 0.3642
vn -0.6986 0.6163 0.3635
vn -0.8950 0.4226 0.1426
vn -0.0742 -0.9966 -0.0357
vn -0.8751 0.1114 -0.4709
vn -0.1816 -0.9699 -0.1619
vn -0.6909 0.3691 -0.6216
vn -0.6963 0.3703 -0.6148
vn -0.6935 0.3699 -0.6183
vn -0.7183 -0.6538 -0.2379
vn -0.7205 -0.2662 -0.6403
vn -0.5975 0.3440 -0.7243
vn -0.1364 -0.9783 -0.1557
vn -0.3919 0.4378 -0.8092
vn -0.0128 -0.9943 -0.1058
vn -0.0128 -0.9943 -0.1059
vn -0.0128 -0.9945 -0.1037
vn -0.2533 0.2912 -0.9225
vn 0.0343 -0.9993 0.0165
vn -0.4264 -0.1596 -0.8903
vn -0.4303 -0.1655 -0.8874
vn -0.4275 -0.1613 -0.8895
vn -0.4444 -0.0166 -0.8957
vn 0.0117 -0.9990 0.0423
vn -0.0276 -0.9995 0.0138
vn -0.0285 -0.9995 0.0134
vn -0.0282 -0.9995 0.0134
vn 0.3016 -0.1076 -0.9473
vn 0.2562 -0.0560 -0.9650
vn -0.9752 0.0769 0.2075
vn -0.9775 0.0714 0.1987
vn -0.9757 0.0757 0.2055
vn -0.6976 0.6165 0.3650
vn -0.9779 0.0703 0.1969
vn -0.9860 0.1534 0.0652
vn -0.8173 -0.3923 -0.4220
vn -0.4019 -0.4658 -0.7883
vn -0.2082 0.0897 -0.9740
vn 0.0634 0.0506 -0.9967
vn 0.0100 0.0812 -0.9967
vn -0.8837 -0.1034 0.4566
vn -0.8745 -0.1247 0.4687
vn -0.9659 -0.2382 0.1016
vn -0.9894 -0.0003 0.1450
vn -0.9938 -0.0735 0.0833
vn -0.9881 0.1498 -0.0337
vn -0.5928 -0.3881 -0.7056
vn -0.5912 -0.3877 -0.7072
vn -0.5935 -0.3873 -0.7055
vn -0.9539 -0.0277 -0.2988
vn -0.9917 -0.0223 0.1265
vn -0.9403 0.0790 -0.3311
vn -0.0489 -0.9988 -0.0063
vn -0.5910 -0.3871 -0.7077
vn -0.6775 0.0110 -0.7354
vn -0.8358 0.0676 0.5449
vn -0.8988 -0.1201 -0.4216
vn -0.8986 -0.1193 -0.4223
vn -0.8984 -0.1192 -0.4226
vn -0.8602 0.4744 -0.1872
vn -0.5135 -0.1603 -0.8430
vn 0.3324 0.4216 0.8437
vn 0.9796 0.1950 -0.0483
vn -0.6918 -0.1304 -0.7102
vn -0.4260 0.1300 -0.8953
vn -0.6091 -0.1103 -0.7854
vn 0.0252 0.9986 -0.0467
vn 0.9456 0.2752 -0.1737
vn -0.3851 0.9081 0.1641
vn -0.8882 0.1944 0.4163
vn -0.4465 -0.0035 -0.8948
vn -0.5292 -0.0727 -0.8454
vn -0.5247 -0.1178 -0.8431
vn 0.3537 0.9244 0.1430
vn -0.4960 -0.1246 -0.8594
vn -0.7968 -0.3255 -0.5091
vn 0.0084 0.2715 0.9624
vn 0.0056 0.2737 0.9618
vn 0.0080 0.2719 0.9623
vn 0.0581 -0.7487 -0.6604
vn -0.3197 0.0983 -0.9424
vn -0.5098 -0.3619 -0.7805
vn -0.5093 -0.3612 -0.7811
vn -0.5097 -0.3624 -0.7803
vn -0.5096 -0.3618 -0.7807
vn -0.5100 -0.3610 -0.7808
vn -0.4683 -0.0668 -0.8810
vn -0.1504 0.1563 -0.9762
vn -0.1494 0.1555 -0.9765
vn -0.1551 0.1597 -0.9749
vn 0.2092 0.9779 -0.0031
vn -0.3994 -0.0619 -0.9147
vn 0.0200 0.0365 -0.9991
vn 0.0234 -0.7994 -0.6003
vn 0.0248 0.0357 -0.9991
vn 0.0049 0.2741 0.9617
vn -0.0047 0.0507 -0.9987
vn 0.8206 0.4486 0.3539
vn 0.8044 0.3301 0.4940
vn -0.1344 0.9880 0.0762
vn 0.1879 0.9806 -0.0557
vn 0.0138 0.9995 0.0281
vn -0.9675 0.2418 0.0745
vn -0.8933 0.0195 0.4490
vn -0.8942 0.0194 0.4473
vn -0.8933 0.0195 0.4491
vn -0.8922 0.0197 0.4513
vn -0.7107 0.6924 0.1247
vn -0.8032 0.5957 0.0022
vn -0.1685 -0.9802 0.1043
vn -0.5516 0.6269 0.5502
vn -0.5546 0.6488 0.5211
vn -0.2465 0.0471 0.9680
vn -0.1365 -0.9899 0.0377
vn -0.3072 0.2953 -0.9047
vn -0.2670 0.6732 0.6896
vn 0.0985 0.4824 0.8704
vn -0.0230 -0.9993 -0.0305
vn -0.1296 0.7265 0.6748
vn 0.3669 0.5774 0.7294
vn -0.9380 0.2065 -0.2786
vn -0.5225 -0.6049 0.6009
vn -0.8715 -0.4626 0.1629
vn -0.5984 0.7995 -0.0522
vn -0.4121 0.3408 0.8450
vn -0.6428 0.2484 0.7247
vn -0.8775 0.3810 -0.2911
vn -0.5264 0.8201 0.2244
vn -0.4196 0.7617 0.4936
vn -0.5125 0.3493 0.7844
vn -0.5128 0.3499 0.7840
vn -0.4034 -0.6991 0.5903
vn -0.4909 -0.6202 0.6119
vn -0.8576 0.1947 -0.4760
vn -0.4622 0.0926 0.8819
vn -0.2612 -0.7608 0.5942
vn -0.4421 0.6796 0.5853
vn -0.3467 -0.7277 0.5919
vn 0.1922 -0.7482 0.6350
vn 0.0841 0.9254 0.3695
vn 0.1288 -0.3069 0.9430
vn 0.1235 -0.3251 0.9376
vn 0.0168 -0.9997 0.0171
vn 0.0619 0.7167 0.6946
vn 0.6858 -0.1979 0.7004
vn 0.3979 0.6695 0.6273
vn 0.1208 0.3307 0.9360
vn 0.8454 -0.1109 0.5225
vn 0.6158 -0.2670 -0.7413
vn 0.5566 -0.6755 0.4836
vn 0.6945 -0.1863 0.6949
vn 0.6768 -0.7179 0.1627
vn 0.9695 0.1140 0.2171
vn 0.6214 0.7608 -0.1874
vn 0.4493 0.8169 0.3617
vn 0.8877 0.2695 0.3732
vn 0.7344 0.0738 0.6747
vn 0.7160 -0.5956 0.3641
vn 0.8097 -0.5852 -0.0433
vn 0.7545 0.6531 -0.0647
vn -0.0266 0.8682 0.4956
vn 0.0789 0.9828 0.1667
vn 0.4674 0.6471 0.6023
vn 0.6280 0.7563 0.1833
vn -0.9694 -0.0914 -0.2280
vn -0.9257 0.0451 -0.3756
vn -0.7506 0.6409 -0.1604
vn -0.8305 0.4368 -0.3457
vn -0.4118 0.5853 -0.6984
vn -0.2931 0.8071 -0.5125
vn -0.6363 -0.0649 -0.7687
vn -0.2878 0.2816 -0.9153
vn -0.2270 0.8343 -0.5023
vn -0.2886 0.1780 -0.9408
vn 0.0345 0.9032 -0.4278
vn 0.0014 -0.9948 0.1020
vn -0.0196 -0.0062 -0.9998
vn 0.4651 0.8470 -0.2573
vn 0.1573 0.6076 -0.7785
vn 0.3918 0.0657 -0.9177
vn -0.7120 0.6707 -0.2081
vn -0.9009 0.1347 0.4125
vn -0.9009 0.1346 0.4126
vn -0.9009 0.1342 0.4128
vn -0.9511 -0.2676 -0.1543
vn -0.1805 0.9514 -0.2495
vn -0.5637 0.3915 -0.7273
vn -0.4921 -0.5759 -0.6528
vn -0.0789 -0.4319 -0.8985
vn -0.6939 -0.0166 -0.7198
vn -0.2051 0.0199 -0.9785
vn -0.1806 0.9399 -0.2899
vn -0.2059 0.8331 -0.5133
vn -0.1117 -0.8625 -0.4936
vn -0.1001 0.0386 -0.9942
vn -0.1670 0.1802 -0.9694
vn -0.0133 -0.6600 -0.7512
vn 0.1230 -0.5615 -0.8183
vn 0.3235 -0.9353 -0.1435
vn 0.0115 0.4979 -0.8672
vn 0.0977 -0.7947 -0.5991
vn 0.1794 -0.9187 -0.3520
vn 0.8631 0.4199 -0.2805
vn 0.5512 0.8021 -0.2298
vn 0.5494 0.8034 -0.2296
vn 0.5518 0.8016 -0.2301
vn -0.2338 0.9488 -0.2124
vn -0.1677 0.6341 -0.7548
vn 0.0418 -0.9920 0.1194
vn 0.0418 -0.9920 0.1189
vn 0.0417 -0.9919 0.1196
vn 0.3011 0.0930 0.9491
vn 0.5515 0.2494 0.7960
vn -0.0000 -0.1497 -0.9887
vn 0.7545 -0.0279 0.6557
vn 0.7386 -0.1077 0.6655
vn 0.7281 0.2293 0.6460
vn 0.6628 -0.1673 0.7299
vn 0.7414 0.2511 0.6223
vn 0.4899 0.5310 0.6915
vn 0.6656 0.4517 0.5941
vn 0.4361 0.2071 0.8758
vn 0.0547 -0.8423 0.5362
vn -0.0806 0.9966 -0.0150
vn 0.6475 0.1846 0.7394
vn 0.3223 -0.8307 0.4539
vn 0.8914 -0.2111 0.4009
vn 0.7725 0.3452 0.5330
vn 0.3830 -0.8891 0.2506
vn -0.4811 0.1751 0.8590
vn 0.5667 0.0169 -0.8238
vn 0.5759 -0.0484 -0.8161
vn 0.5700 -0.1421 -0.8093
vn 0.5649 0.7601 -0.3212
vn 0.8838 -0.1683 -0.4365
vn 0.8844 -0.3507 -0.3079
vn 0.6435 -0.1333 -0.7537
vn 0.9365 -0.2936 0.1916
vn 0.9019 0.2077 0.3788
vn 0.1291 -0.9911 0.0334
vn 0.8736 0.3827 -0.3006
vn 0.9613 -0.2643 -0.0785
vn 0.5269 -0.5658 -0.6342
vn 0.5262 -0.5654 -0.6352
vn 0.5357 -0.5626 -0.6297
vn 0.9374 0.1395 -0.3190
vn 0.7531 0.0718 -0.6540
vn 0.5604 0.4677 -0.6835
vn 0.8798 -0.3329 0.3394
vn 0.9358 0.3007 -0.1839
vn -0.3657 0.3749 0.8519
vn -0.3118 0.1147 -0.9432
vn -0.4321 0.4401 -0.7872
vn 0.6397 -0.0359 -0.7678
vn 0.9988 0.0156 0.0471
vn 0.7999 -0.2535 -0.5440
vn 0.7999 -0.2523 -0.5445
vn 0.8003 -0.2439 -0.5478
vn 0.5397 0.0229 -0.8415
vn 0.5608 0.3061 -0.7693
vn 0.6876 0.2397 -0.6854
vn 0.5984 -0.8000 0.0439
vn 0.9973 0.0234 0.0702
vn 0.9438 -0.0100 -0.3304
vn 0.9936 0.0528 0.0996
vn -0.8708 0.3274 -0.3668
vn -0.8718 0.3260 -0.3656
vn -0.8704 0.3278 -0.3675
vn 0.8356 -0.1279 -0.5343
vn 0.8927 -0.2871 0.3475
vn 0.8893 0.3486 -0.2960
vn 0.8644 -0.0921 -0.4943
vn 0.9662 -0.0549 -0.2519
vn 0.9953 0.0425 0.0870
vn 0.9875 0.0667 0.1428
vn 0.9606 -0.2731 0.0519
vn 0.9073 -0.4069 -0.1061
vn 0.9916 0.0529 -0.1181
vn 0.1300 0.9892 -0.0678
vn 0.7019 0.7091 0.0672
vn 0.7161 0.2679 0.6445
vn 0.0348 -0.9994 -0.0089
vn 0.7570 0.6497 0.0694
vn 0.8938 0.1211 0.4318
vn 0.4320 -0.8495 0.3027
vn 0.5266 0.8500 0.0153
vn 0.6189 0.6990 -0.3583
vn 0.0856 -0.9953 -0.0443
vn 0.6683 0.2477 -0.7014
vn -0.9261 0.2039 0.3174
vn -0.9440 0.2392 -0.2273
vn -0.8846 0.0954 0.4564
vn -0.5621 0.7793 0.2770
vn -0.5084 0.6750 0.5347
vn -0.6557 0.7551 -0.0002
vn -0.5964 0.8027 -0.0051
vn -0.6625 0.2699 0.6988
vn -0.1999 0.6840 0.7016
vn -0.8736 0.3542 -0.3337
vn 0.0201 -0.9998 0.0071
vn 0.0230 -0.9996 0.0189
vn 0.0226 -0.9996 0.0173
vn -0.0532 -0.9984 -0.0207
vn -0.4468 0.1122 0.8875
vn 0.0380 0.4857 0.8733
vn -0.3469 -0.0395 0.9371
vn 0.1961 0.1352 0.9712
vn 0.0234 -0.9995 0.0201
vn 0.3559 -0.0678 0.9321
vn 0.5619 0.4629 0.6856
vn -0.9460 -0.2904 -0.1439
vn -0.5426 -0.8091 0.2257
vn -0.3552 0.9318 -0.0743
vn -0.8919 -0.4225 -0.1616
vn -0.7786 0.6275 -0.0017
vn -0.7839 -0.5210 -0.3375
vn -0.8374 0.2089 0.5052
vn -0.7590 -0.4565 0.4642
vn -0.7395 -0.1987 0.6432
vn -0.6487 -0.4352 0.6243
vn -0.4013 0.9147 0.0489
vn -0.6274 0.7263 0.2808
vn -0.6872 0.4363 -0.5808
vn -0.8052 -0.5079 -0.3061
vn -0.1057 -0.9713 0.2130
vn -0.6601 -0.7511 -0.0127
vn -0.7904 0.2078 -0.5763
vn 0.1269 -0.3029 0.9445
vn -0.2617 -0.8683 0.4215
vn -0.2719 0.3615 0.8919
vn -0.2041 0.2514 0.9461
vn -0.1049 0.0071 -0.9945
vn -0.1770 -0.6587 0.7313
vn -0.4970 0.4241 0.7571
vn -0.0997 -0.8211 0.5621
vn 0.1033 0.7790 0.6184
vn 0.0528 -0.3649 0.9296
vn 0.2736 0.1896 0.9430
vn 0.1364 0.5363 0.8329
vn -0.1492 -0.9881 -0.0368
vn 0.1896 0.8097 0.5554
vn 0.2137 -0.6038 0.7679
vn 0.5295 -0.4451 0.7222
vn 0.2865 -0.8839 0.3696
vn 0.7284 -0.1941 -0.6571
vn -0.8598 0.4506 0.2402
vn -0.5691 0.8196 0.0664
vn -0.0029 0.9482 0.3177
vn 0.0497 0.8395 -0.5410
vn -0.1496 -0.9767 -0.1539
vn -0.4468 0.7349 -0.5102
vn -0.4471 0.7336 -0.5118
vn -0.4472 0.7338 -0.5114
vn -0.5526 -0.0494 -0.8320
vn -0.2894 -0.8141 -0.5035
vn -0.4280 0.7503 -0.5038
vn -0.4466 0.7352 -0.5099
vn -0.1891 0.8166 -0.5453
vn 0.2117 0.5325 -0.8195
vn 0.1332 0.6785 -0.7224
vn -0.4474 0.5879 -0.6740
vn 0.1547 0.7352 -0.6600
vn -0.0480 0.0538 -0.9974
vn -0.1514 0.9327 -0.3273
vn -0.3374 0.8036 -0.4903
vn -0.7720 0.1660 -0.6136
vn -0.5170 0.4923 -0.7002
vn -0.0629 -0.6835 -0.7273
vn 0.1332 0.5834 -0.8012
vn 0.1129 -0.5768 -0.8090
vn 0.0521 0.7559 -0.6526
vn 0.2433 -0.6721 -0.6994
vn 0.5162 -0.7533 -0.4075
vn -0.9663 0.2489 0.0650
vn -0.8298 -0.4780 0.2881
vn -0.7430 0.1526 0.6516
vn -0.6452 -0.6741 0.3597
vn -0.5778 0.7485 0.3254
vn -0.5782 0.7504 0.3203
vn -0.5783 0.7508 0.3193
vn -0.7571 -0.6532 -0.0117
vn -0.1870 -0.9811 0.0492
vn -0.1882 -0.9809 0.0493
vn -0.1877 -0.9810 0.0492
vn -0.6743 0.7383 -0.0137
vn -0.1894 -0.9807 0.0493
vn -0.5817 -0.4730 0.6617
vn -0.2066 0.6806 0.7029
vn -0.2132 -0.6497 0.7297
vn -0.1956 0.4941 0.8471
vn -0.1948 0.4945 0.8471
vn -0.1914 0.4965 0.8467
vn -0.3186 0.1204 0.9402
vn -0.1866 0.6934 0.6959
vn -0.1430 -0.2507 0.9575
vn 0.1895 -0.6477 0.7380
vn -0.1560 -0.5857 0.7953
vn -0.1575 -0.5867 0.7944
vn -0.1651 -0.5908 0.7897
vn 0.0721 -0.9651 0.2516
vn -0.9169 -0.3138 0.2467
vn -0.9169 -0.3137 0.2469
vn -0.9153 -0.3135 0.2528
vn -0.6047 0.7891 0.1085
vn -0.4815 0.8594 -0.1722
vn -0.7001 0.6618 -0.2681
vn -0.6318 0.6879 0.3573
vn -0.6323 0.6879 0.3563
vn -0.6317 0.6880 0.3572
vn -0.6298 0.0937 -0.7711
vn -0.6318 0.0949 -0.7693
vn -0.6302 0.0938 -0.7708
vn -0.4550 0.8852 -0.0968
vn -0.4609 0.8824 -0.0949
vn -0.4614 0.8821 -0.0947
vn -0.3538 0.8546 0.3801
vn -0.3375 0.7627 0.5517
vn -0.6322 0.0952 -0.7689
vn -0.0304 0.1353 0.9903
vn -0.1589 -0.1378 0.9776
vn 0.4515 0.0433 0.8912
vn 0.3335 0.6978 0.6339
vn 0.1444 0.1600 -0.9765
vn 0.5582 -0.2698 0.7846
vn 0.5580 -0.2693 0.7849
vn 0.5560 -0.2698 0.7862
vn 0.8680 0.0282 -0.4957
vn -0.8106 -0.2167 0.5441
vn -0.0484 -0.9978 -0.0457
vn -0.0474 -0.9978 -0.0457
vn -0.0430 -0.9979 -0.0477
vn -0.3232 0.1083 0.9401
vn -0.3195 0.1043 0.9418
vn -0.3222 0.1073 0.9406
vn -0.9838 -0.0477 0.1730
vn -0.9838 -0.0478 0.1730
vn -0.9838 -0.0479 0.1730
vn -0.8709 0.0196 0.4911
vn 0.0129 -0.9997 0.0224
vn -0.8486 -0.3424 -0.4034
vn -0.0052 -1.0000 -0.0033
vn -0.9481 0.2104 0.2383
vn -0.8490 -0.2150 0.4826
vn -0.9276 -0.1215 0.3532
vn -0.6108 0.0810 0.7876
vn 0.0379 -0.9992 0.0160
vn -0.0083 -0.9999 -0.0085
vn -0.0069 -1.0000 -0.0039
vn -0.0042 -1.0000 -0.0046
vn -0.6702 -0.1105 0.7339
vn -0.3004 0.0800 -0.9505
vn 0.4437 -0.1643 0.8810
vn -0.1326 0.0222 -0.9909
vn -0.0002 -0.9999 -0.0146
vn -0.0077 -0.9999 -0.0099
vn 0.2193 0.0871 0.9718
vn 0.4908 0.2817 0.8245
vn -0.8695 -0.4644 0.1684
vn 0.3339 0.9398 -0.0731
vn -0.8468 -0.4928 0.2001
vn -0.8672 0.4594 -0.1922
vn -0.8677 0.4612 -0.1856
vn -0.8671 0.4594 -0.1928
vn -0.9831 -0.1831 0.0037
vn -0.4422 0.8365 0.3237
vn -0.8461 -0.1014 0.5233
vn 0.5195 0.6792 -0.5184
vn 0.5276 0.6757 -0.5148
vn 0.5263 0.6763 -0.5154
vn -0.9808 -0.1829 0.0680
vn -0.9173 -0.2404 -0.3175
vn -0.9021 -0.1942 -0.3855
vn -0.8817 -0.3275 -0.3397
vn -0.4530 -0.1188 0.8835
vn -0.9302 -0.1764 0.3217
vn -0.5313 -0.0451 0.8460
vn -0.6842 0.2811 0.6729
vn -0.6841 0.2813 0.6730
vn -0.6843 0.2812 0.6728
vn 0.6774 0.7290 -0.0983
vn -0.4679 -0.8663 -0.1748
vn -0.0709 0.9974 -0.0159
vn -0.5797 -0.5113 0.6345
vn -0.0433 0.9985 0.0320
vn -0.0431 0.9986 0.0317
vn -0.0426 0.9986 0.0308
vn 0.8849 -0.4019 0.2355
vn 0.8468 -0.4630 0.2618
vn -0.0449 0.9981 -0.0415
vn 0.6406 0.7435 0.1921
vn -0.5806 0.7822 -0.2262
vn 0.5187 0.6797 -0.5187
vn -0.0333 0.9978 0.0566
vn -0.0325 0.9979 0.0567
vn -0.0289 0.9980 0.0563
vn 0.7307 0.1154 -0.6729
vn -0.1795 0.9309 0.3181
vn 0.7402 0.0547 -0.6701
vn -0.3416 -0.9160 0.2104
vn -0.0923 0.9504 -0.2969
vn -0.0201 0.9919 -0.1251
vn 0.1732 -0.3599 0.9168
vn 0.1734 -0.3600 0.9167
vn 0.1733 -0.3600 0.9167
vn 0.5064 0.8011 0.3191
vn 0.5060 0.8011 0.3196
vn 0.5065 0.8012 0.3186
vn -0.4331 -0.1275 0.8923
vn -0.4264 -0.0599 0.9026
vn 0.5660 0.6375 -0.5228
vn -0.0777 0.9958 -0.0487
vn -0.1356 -0.7839 0.6059
vn -0.1407 0.0308 -0.9896
vn -0.2271 0.9154 0.3324
vn -0.2346 -0.2742 0.9326
vn -0.2762 -0.1247 0.9530
vn -0.6055 0.4121 -0.6808
vn -0.3186 0.1031 0.9423
vn -0.0425 -0.1947 0.9799
vn 0.5051 0.7198 0.4762
vn 0.3662 0.3633 -0.8567
vn 0.3816 0.2177 -0.8983
vn 0.2693 -0.3328 0.9037
vn 0.0029 0.9997 0.0259
vn 0.3936 0.9191 -0.0180
vn -0.2358 -0.3912 -0.8896
vn -0.1672 0.6979 -0.6964
vn 0.2279 -0.2635 0.9374
vn 0.4424 -0.0314 0.8962
vn 0.5391 0.6272 -0.5622
vn -0.0052 -0.9919 -0.1270
vn 0.6310 0.0997 0.7694
vn 0.1666 0.9448 0.2821
vn 0.8826 -0.2800 0.3776
vn 0.8680 0.4954 0.0335
vn 0.5896 -0.2942 -0.7522
vn -0.6553 0.1197 -0.7459
vn -0.6557 0.1195 -0.7455
vn -0.6546 0.1201 -0.7464
vn -0.7845 -0.5541 -0.2785
vn -0.7844 -0.5541 -0.2788
vn -0.7847 -0.5540 -0.2783
vn -0.4915 -0.7148 -0.4975
vn -0.4968 -0.7170 -0.4890
vn -0.4975 -0.7172 -0.4880
vn -0.5181 0.6190 -0.5903
vn -0.5180 0.6189 -0.5905
vn -0.5180 0.6189 -0.5904
vn -0.6545 0.1205 -0.7464
vn -0.4937 0.4498 -0.7442
vn -0.4937 0.4498 -0.7443
vn -0.3051 -0.5246 -0.7948
vn -0.4732 0.5163 -0.7137
vn -0.4730 0.5163 -0.7140
vn -0.4733 0.5164 -0.7137
vn -0.4781 -0.5046 -0.7189
vn -0.1089 -0.9843 -0.1392
vn -0.0111 -0.9996 0.0260
vn -0.0108 -0.9996 0.0242
vn -0.0096 -0.9998 0.0168
vn -0.1252 0.5388 -0.8331
vn 0.0865 0.6576 -0.7484
vn 0.0172 -0.6280 -0.7780
vn 0.0486 0.3651 -0.9297
vn 0.3683 0.5503 -0.7493
vn 0.3682 0.5503 -0.7494
vn -0.5480 0.6477 -0.5294
vn -0.6491 0.3701 -0.6646
vn -0.6167 -0.3910 -0.6832
vn -0.1220 0.6482 -0.7517
vn -0.3472 0.0711 -0.9351
vn 0.0302 0.7780 -0.6275
vn 0.0536 -0.1032 -0.9932
vn 0.3236 0.8238 -0.4654
vn 0.1657 -0.4810 -0.8609
vn -0.5031 -0.1294 -0.8545
vn 0.4251 -0.2246 -0.8769
vn -0.8739 -0.4099 -0.2614
vn -0.8734 -0.4102 -0.2624
vn -0.8730 -0.4080 -0.2673
vn -0.8704 -0.4122 -0.2692
vn -0.4381 0.8280 0.3499
vn -0.8701 -0.4125 -0.2696
vn 0.0265 -0.9994 -0.0204
vn 0.3796 0.8196 -0.4291
vn -0.2430 -0.3709 -0.8963
vn -0.2422 -0.3720 -0.8961
vn -0.2415 -0.3714 -0.8965
vn -0.1500 -0.8307 -0.5361
vn -0.4161 -0.0187 -0.9091
vn 0.2477 -0.2830 0.9266
vn 0.0069 0.9984 -0.0561
vn 0.0050 0.9983 -0.0589
vn 0.0068 0.9984 -0.0561
vn -0.0688 -0.1991 -0.9776
vn -0.3944 0.9185 0.0271
vn -0.3943 0.9186 0.0268
vn -0.3943 0.9186 0.0267
vn -0.0138 -0.2576 -0.9662
vn -0.0604 0.6341 -0.7709
vn -0.5135 0.8040 -0.2999
vn -0.0868 -0.4249 -0.9011
vn -0.5501 0.5018 0.6675
vn 0.4213 -0.2921 -0.8586
vn 0.5335 0.5321 0.6574
vn 0.8241 0.5605 0.0822
vn 0.8206 0.5663 0.0767
vn 0.8197 0.5678 0.0752
vn 0.5034 0.7760 -0.3800
vn 0.6291 0.6394 0.4420
vn 0.7912 0.6116 -0.0080
vn 0.9242 0.2658 0.2743
vn 0.9697 0.2265 -0.0917
vn 0.2125 -0.7476 0.6293
vn 0.9031 -0.3991 0.1584
vn 0.9001 0.0206 0.4351
vn 0.9460 -0.3240 -0.0061
vn 0.7637 -0.6002 -0.2376
vn 0.8646 0.4529 -0.2176
vn 0.7778 -0.5855 -0.2285
vn 0.9764 0.0525 0.2096
vn 0.7800 -0.4554 -0.4292
vn 0.9596 0.2480 0.1326
vn 0.8121 0.5779 -0.0804
vn 0.7641 0.6289 -0.1437
vn 0.7694 -0.4287 -0.4736
vn 0.2078 0.2586 -0.9434
vn 0.5793 0.6910 -0.4325
vn 0.0739 -0.9966 -0.0362
vn 0.7090 0.2808 -0.6468
vn 0.0599 -0.9977 -0.0329
vn 0.8865 0.0705 -0.4573
vn 0.8844 0.1190 -0.4513
vn -0.9246 0.1789 0.3363
vn -0.7014 0.6817 -0.2083
vn -0.9293 0.2655 -0.2568
vn -0.8950 0.1387 -0.4239
vn -0.7361 0.1989 0.6470
vn -0.6562 0.5573 0.5087
vn -0.6420 0.7628 0.0770
vn -0.2268 -0.9735 -0.0282
vn -0.0245 -0.9997 0.0053
vn 0.5067 0.6414 0.5761
vn 0.5130 -0.2507 0.8209
vn 0.4885 -0.3023 0.8185
vn 0.6356 0.2715 0.7227
vn 0.5054 0.6918 0.5158
vn 0.5219 0.6290 0.5762
vn 0.5471 0.8238 -0.1483
vn 0.8279 -0.5601 -0.0282
vn -0.9933 0.0340 0.1103
vn -0.8655 0.4943 0.0808
vn -0.8121 0.5717 -0.1169
vn -0.9526 0.2087 0.2214
vn -0.8887 -0.4212 0.1811
vn -0.6506 0.7480 -0.1316
vn -0.7076 0.4436 -0.5501
vn -0.8062 -0.5658 -0.1730
vn -0.7371 -0.4046 -0.5412
vn -0.5826 -0.5247 0.6207
vn -0.5878 -0.5198 0.6199
vn -0.5835 -0.5238 0.6206
vn 0.4043 0.8424 0.3562
vn 0.6948 0.1370 -0.7060
vn 0.5452 0.8363 0.0578
vn 0.3816 0.8636 -0.3296
vn 0.9434 -0.0176 0.3311
vn 0.7766 0.5764 0.2543
vn 0.7775 0.5755 0.2536
vn 0.7831 0.5700 0.2488
vn 0.9175 0.1116 0.3819
vn -0.8069 0.5849 -0.0828
vn -0.7735 0.6092 0.1746
vn -0.4481 0.7603 -0.4703
vn -0.4543 0.7608 -0.4635
vn -0.4554 0.7606 -0.4627
vn -0.7630 -0.6139 0.2026
vn 0.7281 -0.1495 0.6689
vn 0.0129 -0.9995 0.0299
vn 0.7171 -0.0723 0.6932
vn 0.6264 0.1732 0.7600
vn 0.8934 -0.0154 0.4490
vn 0.9717 -0.1031 -0.2125
vn 0.9340 0.1669 0.3159
vn 0.9178 0.2464 0.3114
vn 0.9741 -0.1949 0.1149
vn -0.0175 -0.9998 0.0098
vn 0.0862 -0.9963 0.0012
vn -0.8482 -0.5143 -0.1270
vn -0.6690 0.7229 0.1726
vn -0.9190 0.3768 -0.1163
vn 0.3290 -0.8400 0.4315
vn -0.4898 0.7698 -0.4094
vn 0.5887 -0.4409 0.6775
vn -0.9241 0.2165 -0.3149
vn 0.6623 -0.3593 -0.6575
vn -0.3652 0.9105 0.1937
vn -0.3800 0.8119 0.4431
vn 0.5913 -0.2495 0.7669
vn 0.0494 0.9981 0.0358
vn 0.0494 0.9981 0.0357
vn 0.0493 0.9981 0.0358
vn 0.0493 0.9981 0.0359
vn 0.0668 0.9947 0.0780
vn 0.1885 0.9437 0.2717
vn -0.9600 0.0610 -0.2731
vn -0.3270 0.1153 -0.9380
vn 0.9096 -0.1816 0.3736
vn 0.3977 0.8688 -0.2949
vn -0.7544 0.6390 -0.1502
vn -0.7513 0.6414 -0.1555
vn -0.7508 0.6419 -0.1560
vn 0.6480 -0.5514 -0.5255
vn 0.4143 -0.8916 -0.1830
vn 0.8970 -0.2910 0.3326
vn 0.9542 -0.2203 -0.2024
vn 0.0569 0.9981 0.0228
vn 0.8691 -0.4101 0.2766
vn 0.4279 0.8322 -0.3526
vn 0.8719 -0.4195 0.2527
vn 0.4422 0.8360 -0.3250
vn 0.9476 -0.2208 0.2310
vn 0.8374 -0.5138 -0.1863
vn 0.2321 0.8778 0.4191
vn 0.3112 -0.5248 -0.7923
vn 0.3119 -0.5243 -0.7923
vn 0.3103 -0.5246 -0.7928
vn 0.3449 0.7517 -0.5621
vn 0.3842 -0.6609 -0.6446
vn 0.5956 0.6289 -0.4997
vn 0.5935 0.6259 -0.5060
vn 0.5931 0.6251 -0.5074
vn 0.4820 0.6143 -0.6247
vn 0.6566 -0.5252 -0.5413
vn 0.6562 -0.5252 -0.5418
vn 0.6539 -0.5239 -0.5458
vn 0.7215 0.5613 -0.4054
vn 0.6535 -0.5235 -0.5467
vn -0.8008 -0.2783 -0.5303
vn 0.5180 -0.4688 -0.7154
vn 0.6720 0.7338 0.0999
vn 0.0462 0.9976 -0.0517
vn 0.0463 0.9976 -0.0515
vn 0.0462 0.9976 -0.0513
vn 0.8603 -0.0894 -0.5020
vn 0.6853 0.3699 -0.6273
vn -0.0492 0.8918 -0.4498
vn -0.0496 0.8918 -0.4498
vn -0.0516 0.8916 -0.4498
vn 0.2795 0.2384 0.9301
vn 0.1883 0.7886 0.5854
vn -0.5999 0.0391 0.7991
vn -0.7629 0.6309 0.1415
vn -0.4554 0.7502 -0.4794
vn -0.5688 -0.0051 -0.8225
vn -0.7107 0.1726 -0.6820
vn -0.6498 0.7370 -0.1859
vn -0.6566 0.6895 -0.3057
vn -0.2762 0.2157 -0.9366
vn -0.2714 0.4625 0.8441
vn -0.2510 0.9316 0.2630
vn -0.1715 0.7355 -0.6554
vn -0.2428 0.6352 -0.7332
vn 0.4916 0.3461 0.7991
vn -0.1972 0.7075 0.6787
vn -0.0880 0.0966 -0.9914
vn 0.0291 0.8252 -0.5641
vn 0.3500 0.6568 -0.6679
vn -0.2035 0.6681 -0.7157
vn 0.4500 0.6943 0.5617
vn 0.1501 0.8910 0.4284
vn 0.4801 0.8436 -0.2406
vn 0.3362 0.6486 -0.6828
vn 0.7524 0.6495 0.1098
vn 0.0515 -0.9981 -0.0339
vn 0.4403 0.0254 -0.8975
vn 0.8740 0.4265 -0.2328
vn 0.6795 0.7282 -0.0899
vn 0.5961 0.5254 -0.6071
vn 0.8435 0.4467 0.2983
vn 0.2721 -0.9568 0.1024
vn 0.5257 0.8107 0.2578
vn 0.9630 -0.1000 0.2502
vn 0.9363 0.2560 -0.2405
vn 0.6193 0.7768 -0.1137
vn -0.9154 0.3491 -0.2005
vn -0.9512 -0.2157 0.2208
vn -0.5416 0.7931 0.2787
vn -0.9634 0.0562 -0.2623
vn -0.5338 0.7949 -0.2884
vn -0.5791 -0.5706 0.5823
vn -0.0550 -0.4574 0.8875
vn -0.7078 0.5256 0.4720
vn -0.8761 -0.4489 0.1759
vn -0.6149 -0.7873 -0.0466
vn -0.5637 0.7019 0.4353
vn -0.7820 -0.5989 -0.1727
vn -0.9082 0.2341 -0.3468
vn -0.6081 -0.7180 -0.3387
vn -0.3814 0.7495 -0.5410
vn -0.7232 -0.6754 0.1440
vn -0.3151 0.4253 0.8485
vn -0.6119 -0.7446 0.2668
vn -0.9450 -0.0643 0.3207
vn -0.5125 -0.1017 -0.8526
vn 0.2442 0.2400 0.9396
vn 0.2482 0.0060 0.9687
vn -0.3588 0.6210 -0.6969
vn -0.3859 0.6020 -0.6990
vn -0.3342 -0.6853 -0.6471
vn -0.2347 -0.4364 -0.8686
vn -0.2090 0.5363 -0.8178
vn -0.6331 0.3637 0.6834
vn -0.1293 0.7848 0.6061
vn -0.0849 -0.9942 0.0661
vn -0.1159 -0.7893 -0.6030
vn 0.1702 0.8728 0.4574
vn -0.0611 0.0699 0.9957
vn 0.3624 -0.6731 0.6446
vn 0.7255 0.2420 -0.6443
vn 0.0389 -0.7642 -0.6438
vn 0.3327 0.6906 -0.6422
vn 0.2187 0.5540 -0.8033
vn 0.2387 -0.4074 0.8815
vn 0.1520 0.6260 -0.7649
vn 0.1432 0.6302 -0.7631
vn 0.1415 0.6310 -0.7628
vn 0.0114 0.9391 0.3436
vn 0.9936 0.0328 -0.1081
vn 0.7981 0.4679 0.3796
vn 0.0656 -0.9969 -0.0438
vn 0.3221 0.7226 -0.6117
vn 0.4931 -0.6606 -0.5661
vn 0.6799 0.3874 0.6227
vn 0.5635 0.5316 0.6324
vn 0.5415 0.6068 0.5819
vn 0.6853 -0.7047 -0.1841
vn 0.7483 -0.5611 -0.3537
vn 0.7484 -0.5617 -0.3526
vn 0.7490 -0.5641 -0.3475
vn 0.6642 0.6335 -0.3969
vn 0.4070 -0.9030 -0.1375
vn 0.4069 -0.9030 -0.1376
vn 0.4050 -0.9038 -0.1383
vn 0.5066 -0.6278 0.5909
vn 0.6638 -0.5029 0.5536
vn 0.7350 0.5597 0.3828
vn 0.4064 -0.9037 -0.1351
vn 0.7493 -0.5645 -0.3462
vn 0.6755 0.6302 -0.3828
vn 0.8861 0.4079 -0.2201
vn 0.4989 -0.5985 0.6268
vn 0.6866 0.6528 -0.3202
vn -0.7250 0.6348 -0.2673
vn -0.4077 0.8278 0.3853
vn 0.3610 0.9298 0.0723
vn 0.3528 0.8411 -0.4099
vn -0.0635 -0.0096 -0.9979
vn 0.0533 -0.9985 -0.0159
vn 0.0589 -0.9980 -0.0209
vn 0.0538 -0.9984 -0.0176
vn 0.0254 -0.9770 0.2119
vn 0.0583 -0.9981 -0.0212
vn -0.1224 0.0363 0.9918
vn -0.2000 -0.3583 0.9119
vn -0.0627 -0.6170 0.7845
vn -0.0627 -0.9953 -0.0739
vn -0.0605 -0.9953 -0.0753
vn -0.0645 -0.9953 -0.0727
vn 0.2150 0.1601 0.9634
vn 0.3576 -0.5514 0.7537
vn 0.3211 -0.4940 0.8080
vn 0.4710 0.5033 0.7245
vn 0.5138 0.0641 0.8555
vn 0.7119 -0.1392 0.6884
vn 0.7074 -0.1467 0.6914
vn 0.7085 -0.1448 0.6907
vn 0.6952 0.4797 0.5353
vn 0.8479 0.5175 0.1146
vn 0.6740 0.6988 0.2398
vn 0.6741 0.6987 0.2397
vn 0.6741 0.6986 0.2397
vn 0.7424 -0.6697 0.0213
vn -0.8090 0.4109 0.4203
vn -0.6694 -0.7314 -0.1304
vn -0.9060 0.3013 0.2973
vn -0.8303 0.2592 -0.4934
vn -0.8315 0.2580 -0.4920
vn -0.8313 0.2582 -0.4922
vn -0.9097 0.4046 0.0935
vn -0.9184 -0.1698 0.3575
vn -0.7463 -0.1232 -0.6541
vn -0.6550 0.6844 -0.3203
vn -0.5183 0.6087 -0.6007
vn -0.4402 0.6135 0.6556
vn 0.1066 0.5758 0.8106
vn -0.3354 -0.2145 0.9173
vn -0.3785 0.2095 -0.9016
vn -0.2726 0.6805 -0.6802
vn 0.3995 0.1260 0.9080
vn -0.0882 0.5416 -0.8360
vn -0.0879 0.5419 -0.8358
vn -0.0857 0.5462 -0.8333
vn -0.0011 -0.4154 0.9096
vn -0.2112 0.7759 0.5944
vn 0.0082 -0.1653 0.9862
vn 0.4968 0.2066 -0.8429
vn 0.3341 0.1702 0.9270
vn 0.1505 0.6160 -0.7733
vn 0.6875 0.1542 -0.7096
vn 0.9749 0.2162 0.0532
vn 0.6010 -0.3481 0.7194
vn 0.7708 0.6369 0.0133
vn 0.9624 -0.2715 -0.0092
vn 0.5306 -0.0526 0.8460
vn 0.6432 0.6517 -0.4020
vn 0.4190 -0.1014 -0.9023
vn 0.7924 -0.6030 0.0928
vn 0.8253 0.5515 -0.1210
vn 0.6594 0.6679 -0.3453
vn -0.8307 0.4666 0.3038
vn -0.8025 0.4105 -0.4331
vn -0.8026 0.4103 -0.4330
vn -0.8027 0.4090 -0.4340
vn -0.3863 -0.8754 -0.2907
vn -0.2743 -0.9266 0.2574
vn -0.8418 0.1405 0.5212
vn -0.3878 0.8840 0.2609
vn -0.3923 -0.9196 -0.0202
vn -0.2576 -0.9624 -0.0866
vn -0.3756 -0.9252 -0.0542
vn -0.2322 -0.8794 -0.4155
vn -0.2266 -0.8800 -0.4174
vn -0.2306 -0.8797 -0.4160
vn -0.5635 0.4694 0.6798
vn -0.7598 -0.0379 0.6490
vn -0.5600 0.6401 0.5259
vn -0.4269 0.7619 0.4871
vn -0.3067 -0.9507 -0.0469
vn -0.1840 -0.2966 -0.9371
vn -0.3035 0.3305 -0.8937
vn -0.0553 -0.8982 0.4362
vn -0.2949 -0.7178 0.6307
vn -0.1675 -0.9795 -0.1115
vn 0.0483 0.2170 0.9750
vn -0.2053 0.7631 0.6128
vn 0.1608 -0.4336 0.8866
vn 0.3924 0.0059 0.9198
vn -0.0913 -0.8875 0.4517
vn -0.1706 -0.7718 0.6126
vn 0.4681 -0.1535 -0.8702
vn 0.2504 -0.8768 -0.4106
vn 0.1095 -0.9105 -0.3988
vn 0.1368 -0.2160 -0.9668
vn 0.1804 -0.4580 0.8705
vn 0.7508 -0.4772 0.4567
vn 0.1145 0.6894 0.7152
vn 0.1153 0.6898 0.7148
vn 0.1069 0.6866 0.7192
vn 0.2361 -0.9697 -0.0625
vn 0.6935 0.3234 -0.6438
vn 0.7793 -0.2240 0.5853
vn 0.6729 -0.0380 0.7387
vn 0.9477 -0.0826 -0.3081
vn 0.8481 -0.2450 0.4698
vn 0.5952 0.5861 0.5497
vn 0.6838 -0.5489 0.4808
vn 0.8679 0.2211 0.4448
vn 0.8157 0.4131 0.4048
vn 0.9014 0.3047 0.3075
vn 0.5347 0.8303 -0.1572
vn 0.2286 -0.9703 -0.0785
vn 0.8010 0.5726 0.1744
vn 0.4521 -0.8651 -0.2173
vn 0.7765 0.2934 -0.5576
vn 0.6083 0.4270 -0.6690
vn 0.6091 0.4250 -0.6696
vn 0.6119 0.4176 -0.6718
vn 0.6870 0.1134 -0.7178
vn 0.6117 0.4176 -0.6720
vn 0.8674 -0.0749 0.4920
vn 0.5965 0.7954 0.1072
vn 0.8876 -0.4483 -0.1060
vn 0.8122 0.5703 -0.1229
vn 0.8484 0.5197 -0.1007
vn 0.8489 0.5189 -0.1002
vn 0.8492 0.5185 -0.1001
vn 0.8498 0.4050 -0.3374
vn 0.7863 -0.4607 -0.4116
vn 0.9857 0.1683 -0.0081
vn -0.1255 -0.9859 0.1110
vn -0.5465 0.6895 -0.4753
vn -0.5970 0.6781 0.4287
vn -0.3025 0.9526 -0.0329
vn -0.5289 0.1914 -0.8268
vn -0.0303 0.9228 0.3840
vn -0.2748 -0.0752 -0.9585
vn -0.5014 0.7024 -0.5053
vn 0.0805 -0.1231 0.9891
vn 0.0057 0.7118 0.7024
vn -0.1533 0.4825 -0.8624
vn -0.0124 0.6668 0.7451
vn 0.3606 0.0989 0.9275
vn 0.6418 0.2140 -0.7364
vn -0.0619 -0.3420 -0.9376
vn 0.7057 -0.1514 -0.6921
vn 0.3813 0.5678 0.7295
vn 0.6269 0.7533 0.1988
vn 0.7750 0.6126 -0.1555
vn 0.9447 -0.2958 -0.1412
vn 0.4803 0.4494 -0.7532
vn 0.9246 0.1293 0.3582
vn 0.1061 0.6863 0.7195
vn -0.4907 -0.6472 -0.5833
vn -0.3630 -0.8267 -0.4299
vn 0.1492 0.0172 -0.9887
vn 0.4610 -0.2522 -0.8508
vn 0.8353 -0.0050 -0.5498
vn 0.8011 -0.2920 -0.5224
vn -0.3327 -0.6206 -0.7100
vn 0.1035 -0.6094 -0.7861
vn 0.4500 0.6254 -0.6375
vn -0.1373 0.5377 -0.8319
vn -0.2208 -0.8806 -0.4192
vn -0.2009 0.9548 0.2189
vn 0.0212 0.4963 -0.8679
vn 0.1882 0.4252 -0.8853
vn 0.1449 -0.8957 -0.4203
vn 0.6911 0.3801 -0.6147
vn -0.9868 0.1409 0.0793
vn -0.7143 0.2702 0.6456
vn -0.5571 0.6278 0.5436
vn -0.4393 0.7997 0.4093
vn -0.4401 0.7964 0.4149
vn -0.4378 0.7985 0.4132
vn -0.4455 -0.0289 0.8948
vn -0.4464 -0.0282 0.8944
vn -0.4477 -0.0281 0.8937
vn -0.1068 -0.9839 0.1433
vn -0.1071 -0.9838 0.1435
vn -0.1070 -0.9839 0.1434
vn 0.0689 -0.9976 0.0098
vn -0.1950 0.1768 0.9647
vn -0.8221 0.3551 0.4450
vn -0.5544 -0.0418 0.8312
vn -0.7599 -0.6459 -0.0732
vn -0.6302 -0.5306 0.5668
vn -0.5486 -0.4540 0.7021
vn -0.4571 0.6044 0.6524
vn -0.4686 -0.5689 0.6758
vn -0.5428 0.6985 0.4663
vn -0.7254 -0.0426 0.6870
vn 0.0715 -0.7657 0.6392
vn -0.0594 -0.8067 0.5879
vn -0.8987 -0.0811 -0.4310
vn -0.8159 0.5540 -0.1655
vn -0.0547 -0.9958 -0.0738
vn -0.0608 -0.9953 -0.0760
vn -0.0593 -0.9954 -0.0754
vn -0.6582 0.7454 -0.1056
vn -0.2432 0.5476 -0.8006
vn -0.3561 0.7362 -0.5755
vn 0.0661 -0.9978 -0.0072
vn -0.9853 0.0280 -0.1682
vn -0.7176 -0.6862 -0.1191
vn -0.9420 -0.0118 -0.3355
vn -0.8436 -0.5246 -0.1142
vn -0.9099 0.1248 -0.3956
vn -0.4619 0.8129 0.3548
vn -0.5649 -0.8238 -0.0468
vn -0.6164 0.7800 -0.1076
vn -0.3872 -0.7793 -0.4928
vn -0.6078 -0.4857 -0.6282
vn -0.8321 -0.5542 -0.0187
vn -0.8675 -0.0656 -0.4931
vn -0.1052 -0.9819 -0.1573
vn -0.0764 -0.9676 -0.2408
vn -0.7498 0.5140 -0.4165
vn -0.4371 -0.5229 -0.7318
vn -0.7201 0.4441 -0.5332
vn -0.8992 0.3586 -0.2505
vn -0.8448 -0.2902 0.4495
vn -0.6590 0.7479 0.0794
vn -0.6809 -0.7286 0.0739
vn -0.6809 -0.7286 0.0745
vn -0.6809 -0.7285 0.0755
vn -0.7888 -0.5960 -0.1503
vn -0.8514 0.5200 -0.0683
vn -0.6069 0.7895 -0.0914
vn -0.8077 0.0548 0.5870
vn 0.0360 -0.9993 0.0034
vn -0.6811 -0.7282 0.0755
vn -0.5283 0.7884 0.3150
vn -0.4460 -0.4954 0.7454
vn -0.2569 0.7767 0.5751
vn -0.2543 0.7759 0.5773
vn -0.2569 0.7763 0.5757
vn -0.3043 -0.6652 0.6818
vn -0.3145 -0.6616 0.6807
vn -0.3056 -0.6648 0.6816
vn -0.5251 0.7848 0.3291
vn -0.5252 0.7847 0.3293
vn -0.5251 0.7850 0.3288
vn -0.3537 -0.6974 0.6234
vn -0.0627 0.2468 0.9670
vn -0.0624 0.3189 0.9457
vn -0.2296 0.3789 0.8965
vn -0.4837 0.8679 0.1129
vn -0.6280 -0.7232 0.2875
vn -0.6248 -0.7227 0.2955
vn -0.6290 -0.7224 0.2871
vn -0.7095 -0.6930 -0.1280
vn 0.0715 0.9964 -0.0460
vn -0.4498 0.7904 0.4159
vn -0.4508 0.7898 0.4159
vn -0.4454 0.7902 0.4210
vn -0.9944 0.0637 -0.0840
vn -0.6254 -0.7218 0.2964
vn -0.6594 -0.4642 0.5914
vn -0.1519 -0.6859 0.7116
vn -0.1515 -0.6859 0.7118
vn -0.1511 -0.6857 0.7120
vn -0.4461 0.7893 0.4220
vn -0.1089 0.8831 0.4564
vn -0.1133 0.8843 0.4529
vn -0.1090 0.8831 0.4564
vn -0.9524 0.2918 0.0882
vn -0.7456 0.3893 0.5409
vn -0.1045 0.8818 0.4599
vn -0.1669 0.8288 0.5340
vn -0.1509 -0.6854 0.7123
vn -0.6265 -0.4821 0.6124
vn -0.6247 -0.4814 0.6148
vn -0.6268 -0.4822 0.6120
vn -0.8643 -0.0055 0.5029
vn -0.9556 0.1136 -0.2718
vn -0.9592 0.2812 0.0284
vn -0.8579 -0.5135 -0.0161
vn -0.9982 -0.0379 0.0473
vn -0.9626 0.2051 -0.1768
vn -0.6306 -0.7485 0.2051
vn -0.6043 -0.7612 -0.2353
vn -0.9216 0.3791 -0.0827
vn -0.3147 0.6478 0.6937
vn -0.3139 0.6484 0.6935
vn -0.3146 0.6478 0.6938
vn -0.0399 0.4097 0.9113
vn -0.9693 0.2370 -0.0653
vn -0.6848 -0.6607 -0.3075
vn -0.2264 -0.5671 -0.7920
vn -0.0681 0.7718 -0.6322
vn -0.0666 0.7719 -0.6322
vn -0.0763 0.7706 -0.6328
vn -0.4092 0.6670 -0.6226
vn -0.2054 -0.1267 -0.9704
vn -0.2646 0.8757 -0.4040
vn -0.3649 -0.7617 -0.5355
vn 0.0107 0.9884 0.1517
vn -0.8831 0.0619 -0.4650
vn -0.8005 -0.2939 -0.5223
vn -0.3355 -0.8149 -0.4726
vn -0.2925 0.8658 -0.4060
vn -0.2942 0.8656 -0.4052
vn -0.2934 0.8658 -0.4054
vn -0.8780 -0.1752 -0.4454
vn -0.8455 0.3497 -0.4034
vn 0.0879 0.0706 0.9936
vn 0.3438 0.6561 0.6718
vn 0.0220 0.8630 0.5047
vn -0.0500 -0.9987 0.0109
vn 0.3432 0.7036 0.6222
vn 0.2561 0.2020 0.9453
vn 0.1807 0.6289 0.7562
vn 0.3647 0.8752 0.3178
vn 0.4877 0.6425 0.5910
vn 0.5243 0.7029 0.4807
vn 0.4623 -0.8035 0.3752
vn 0.9346 0.2415 0.2611
vn 0.1258 -0.8062 0.5782
vn -0.3239 0.5514 0.7688
vn -0.0184 -0.7635 0.6455
vn 0.1771 0.8564 0.4850
vn 0.1391 0.3454 0.9281
vn -0.0168 0.5991 0.8005
vn -0.0350 0.1406 0.9895
vn 0.4591 0.2040 0.8646
vn 0.2469 -0.2659 0.9319
vn 0.3292 0.5142 0.7920
vn 0.3541 -0.5321 0.7691
vn 0.7701 0.2648 0.5803
vn 0.2865 -0.9255 0.2477
vn 0.6744 0.6055 0.4226
vn 0.9559 0.2422 0.1659
vn 0.6729 -0.5579 0.4858
vn 0.5374 0.7659 0.3530
vn -0.0784 0.3893 0.9177
vn -0.3447 0.7577 -0.5542
vn -0.0885 0.6924 -0.7161
vn 0.0176 0.8005 -0.5991
vn 0.1793 0.1936 -0.9645
vn 0.6077 -0.0967 -0.7882
vn 0.6851 0.6740 -0.2764
vn 0.6439 0.7385 -0.2001
vn 0.4113 0.5399 -0.7344
vn 0.7496 0.1821 -0.6364
vn 0.8541 0.5126 -0.0877
vn 0.9171 0.2754 -0.2883
vn -0.4014 0.0668 -0.9135
vn 0.1025 -0.8340 -0.5422
vn -0.4880 0.1595 -0.8582
vn -0.0881 -0.5574 -0.8256
vn -0.0986 0.8687 -0.4854
vn 0.4365 -0.7807 -0.4473
vn 0.1552 0.9052 -0.3957
vn 0.5543 -0.4998 -0.6656
vn -0.0206 0.3738 -0.9273
vn 0.2889 -0.6708 -0.6831
vn 0.3531 0.9328 -0.0726
vn 0.4571 -0.7344 -0.5017
vn 0.4159 0.8060 -0.4212
vn 0.4504 0.6444 -0.6179
vn 0.6712 -0.6701 0.3170
vn 0.8705 -0.4909 -0.0363
vn 0.5311 0.8218 -0.2064
vn 0.7558 -0.3901 -0.5259
vn 0.9392 0.2395 0.2461
vn -0.0980 0.8242 -0.5577
vn -0.0984 0.8240 -0.5580
vn 0.2727 -0.1382 0.9521
vn 0.2969 0.6250 0.7220
vn 0.0173 -0.3755 0.9267
vn -0.0968 0.6923 0.7151
vn 0.2659 -0.4330 0.8613
vn 0.0062 -1.0000 -0.0002
vn 0.0156 -0.9999 0.0049
vn 0.0155 -0.9999 0.0048
vn 0.2583 -0.3196 0.9117
vn 0.3732 0.1604 0.9138
vn 0.4346 -0.7305 0.5267
vn 0.8168 0.1986 0.5416
vn 0.5688 0.2574 0.7811
vn 0.5225 0.7508 0.4042
vn 0.4956 0.8430 0.2091
vn 0.8393 -0.5347 0.0988
vn 0.6081 0.7935 -0.0225
vn 0.9732 -0.2092 0.0957
vn 0.9242 0.3050 0.2300
vn 0.6810 0.7249 0.1034
vn 0.0634 -0.2606 0.9634
vn -0.1491 0.8125 0.5636
vn -0.6156 -0.5106 0.6003
vn 0.0782 0.3705 0.9255
vn 0.0735 0.6014 0.7955
vn 0.4966 0.4876 0.7181
vn 0.2842 -0.7347 0.6159
vn 0.6109 -0.1669 0.7739
vn 0.2909 0.8103 0.5088
vn 0.2882 0.8091 0.5122
vn 0.2914 0.8104 0.5082
vn 0.6932 -0.5251 0.4937
vn 0.6934 -0.5323 0.4856
vn 0.6938 -0.5321 0.4853
vn 0.9544 -0.1123 0.2765
vn 0.9806 -0.1133 -0.1598
vn 0.9530 -0.1226 -0.2770
vn 0.6932 -0.5223 0.4967
vn 0.6920 -0.5311 0.4889
vn -0.0591 0.9973 -0.0442
vn 0.4167 0.8583 0.2996
vn 0.4123 0.8588 0.3041
vn 0.4123 0.8587 0.3045
vn 0.7540 -0.6528 -0.0730
vn 0.3375 0.9360 0.0995
vn 0.6938 0.7149 -0.0871
vn -0.3063 -0.9491 -0.0737
vn -0.0266 0.5836 0.8116
vn -0.4880 -0.8453 -0.2176
vn -0.4887 -0.8440 -0.2209
vn -0.4881 -0.8451 -0.2181
vn -0.3275 -0.4590 0.8259
vn 0.3568 0.8961 -0.2640
vn 0.6596 -0.7326 -0.1677
vn -0.6579 0.0060 0.7531
vn 0.7784 -0.5961 0.1971
vn 0.2847 -0.9291 0.2359
vn 0.9867 -0.1566 -0.0431
vn 0.5988 0.6055 -0.5242
vn 0.8324 0.5243 -0.1795
vn 0.8795 0.3104 0.3608
vn 0.9239 -0.2994 0.2384
vn 0.9173 0.2658 0.2964
vn -0.2979 0.8999 0.3185
vn -0.3063 0.8933 0.3289
vn -0.0601 0.9222 -0.3821
vn -0.3490 0.7633 -0.5436
vn -0.3476 0.7636 -0.5441
vn -0.3515 0.7611 -0.5452
vn 0.0512 -0.1700 -0.9841
vn -0.0770 0.7703 -0.6330
vn 0.2254 0.2987 -0.9274
vn -0.0103 -0.9999 0.0049
vn 0.1873 0.0947 -0.9777
vn 0.0919 -0.9920 -0.0871
vn 0.0865 -0.9926 -0.0855
vn 0.0853 -0.9927 -0.0851
vn 0.6624 -0.3275 -0.6737
vn 0.5065 0.2124 -0.8357
vn 0.8160 0.1956 -0.5440
vn 0.4290 -0.5581 -0.7102
vn 0.7189 0.6356 -0.2815
vn 0.9685 0.0386 -0.2461
vn -0.0710 -0.5386 -0.8396
vn -0.2943 0.8657 -0.4049
vn -0.0670 0.5066 -0.8596
vn -0.3819 -0.1377 -0.9139
vn -0.3317 0.0228 -0.9431
vn 0.2025 -0.3648 -0.9088
vn 0.8123 -0.1984 -0.5485
vn -0.3002 -0.0004 0.9539
vn 0.3169 -0.7576 -0.5707
vn 0.7865 -0.2212 -0.5766
vn 0.2895 -0.7826 -0.5511
vn 0.2894 -0.7827 -0.5510
vn 0.7426 -0.2813 -0.6078
vn 0.2335 0.8876 -0.3970
vn 0.2577 0.8866 -0.3841
vn 0.3834 0.8722 -0.3037
vn 0.3528 -0.7354 -0.5785
vn 0.4622 0.4630 -0.7563
vn -0.2793 0.3849 -0.8797
vn -0.3843 0.7221 -0.5752
vn 0.2104 0.5284 -0.8225
vn 0.2092 0.5263 -0.8241
vn 0.2095 0.5288 -0.8225
vn 0.9044 0.0922 -0.4165
vn 0.8127 0.3097 -0.4935
vn 0.8141 0.3055 -0.4939
vn 0.8142 0.3050 -0.4940
vn 0.8124 0.3105 -0.4935
vn 0.8984 0.1550 -0.4109
vn -0.9947 0.0860 0.0566
vn -0.9946 0.0871 0.0559
vn -0.9947 0.0855 0.0570
vn -0.7513 0.1182 0.6492
vn 0.0169 -0.9993 0.0341
vn 0.0171 -0.9993 0.0340
vn 0.0159 -0.9993 0.0347
vn -0.6089 -0.0791 0.7893
vn -0.6366 0.4777 0.6054
vn -0.5027 0.7570 0.4175
vn -0.0950 0.7547 0.6492
vn 0.0843 0.1010 0.9913
vn 0.0841 0.1007 0.9914
vn -0.1318 0.9041 0.4064
vn 0.0439 -0.9062 0.4205
vn 0.4052 0.2559 0.8777
vn 0.3397 0.6718 0.6582
vn 0.6407 0.5337 0.5519
vn -0.0200 -0.9871 -0.1591
vn -0.9166 -0.3551 0.1839
vn -0.9498 -0.0576 0.3075
vn -0.3270 0.9446 -0.0279
vn -0.8768 0.4721 -0.0912
vn -0.3126 -0.9490 -0.0415
vn -0.7142 0.3460 0.6084
vn -0.6703 -0.4974 0.5506
vn -0.4323 0.2117 0.8765
vn -0.8811 0.2521 0.4002
vn -0.1187 -0.8387 0.5314
vn -0.6377 -0.5124 0.5751
vn -0.6223 0.5869 0.5180
vn 0.0439 -0.9936 0.1045
vn -0.5201 0.1560 0.8398
vn -0.2771 0.8217 0.4980
vn -0.0892 -0.8426 0.5311
vn 0.3689 -0.6359 0.6779
vn -0.0420 -0.5937 0.8036
vn 0.3570 -0.5096 0.7828
vn 0.6011 0.0312 0.7986
vn 0.5050 0.2449 0.8277
vn 0.3155 -0.5792 0.7517
vn 0.7721 0.0621 0.6325
vn 0.0754 -0.9777 0.1962
vn 0.6361 0.0396 0.7706
vn 0.3622 -0.8510 -0.3803
vn -0.8547 0.1026 -0.5089
vn -0.7206 0.6610 0.2094
vn -0.6992 0.5012 0.5097
vn -0.7346 0.5714 -0.3659
vn -0.7242 0.6345 -0.2700
vn -0.6814 0.2580 -0.6850
vn -0.5249 0.6844 -0.5061
vn -0.1067 0.6883 -0.7175
vn -0.1071 0.6889 -0.7169
vn -0.1072 0.6890 -0.7168
vn 0.0156 -0.9993 0.0349
vn -0.1077 0.6896 -0.7162
vn 0.1585 0.5951 -0.7878
vn -0.1744 0.1396 0.9747
vn 0.2264 0.2313 -0.9462
vn 0.6002 0.7727 -0.2067
vn 0.0038 0.9999 0.0106
vn 0.4398 0.7620 -0.4753
vn -0.9335 0.3339 0.1308
vn -0.6826 -0.7307 -0.0025
vn -0.8306 -0.5549 0.0459
vn -0.6228 -0.3799 -0.6840
vn -0.5674 -0.0335 -0.8227
vn -0.5778 0.8027 0.1477
vn -0.6320 0.6878 -0.3572
vn -0.7800 -0.5597 -0.2799
vn -0.8440 0.4452 -0.2991
vn -0.6964 0.0139 -0.7175
vn -0.8050 -0.1572 0.5720
vn -0.4447 -0.7504 -0.4890
vn -0.4648 -0.7574 -0.4586
vn -0.3604 0.9143 -0.1848
vn -0.0006 0.9747 -0.2236
vn -0.4338 0.5384 -0.7225
vn -0.1088 -0.9846 -0.1367
vn 0.2398 -0.7044 -0.6680
vn -0.4109 0.5586 -0.7205
vn 0.0661 0.4873 -0.8708
vn 0.8357 0.2976 -0.4615
vn 0.4155 -0.0024 -0.9096
vn 0.2415 -0.6678 -0.7040
vn 0.5019 -0.0999 -0.8591
vn 0.9827 0.0093 -0.1848
vn 0.4391 0.8462 -0.3018
vn 0.7073 -0.6894 0.1564
vn -0.0664 -0.3863 -0.9200
vn 0.6626 -0.4891 -0.5673
vn 0.2767 0.9345 -0.2241
vn 0.7560 -0.1794 -0.6295
vn 0.9390 -0.3415 0.0419
vn 0.6773 0.7134 0.1797
vn 0.7510 -0.6502 -0.1148
vn 0.5210 0.7849 -0.3353
vn 0.4418 -0.8773 -0.1876
vn 0.5904 0.7810 -0.2036
vn -0.8289 0.5557 -0.0636
vn -0.1690 -0.9841 0.0541
vn -0.9737 -0.1373 0.1817
vn -0.9428 0.3179 0.0998
vn -0.0917 -0.9958 -0.0027
vn -0.9656 0.1791 -0.1883
vn -0.8703 -0.2595 -0.4185
vn -0.0599 -0.9977 0.0326
vn -0.9323 0.1842 0.3111
vn -0.9038 -0.3019 0.3034
vn 0.0402 -0.9978 0.0529
vn -0.8481 0.5241 0.0778
vn -0.6546 -0.1979 0.7296
vn -0.0579 -0.9955 0.0754
vn -0.8628 0.0843 0.4985
vn -0.0887 -0.9917 0.0927
vn 0.0186 -0.9984 -0.0530
vn -0.5845 0.0062 0.8113
vn -0.5946 0.0239 0.8037
vn -0.4154 0.2193 0.8828
vn 0.0396 -0.2425 0.9693
vn -0.0258 -0.9966 0.0785
vn -0.0258 -0.9966 0.0782
vn -0.0259 -0.9966 0.0787
vn 0.0571 0.3554 0.9330
vn 0.2694 0.4675 0.8420
vn -0.8207 0.1535 0.5504
vn -0.9739 0.0567 0.2197
vn -0.9640 0.1020 -0.2457
vn -0.6714 0.0691 0.7378
vn -0.6047 -0.4965 0.6227
vn -0.6062 -0.4990 0.6194
vn -0.6088 -0.4930 0.6215
vn -0.6333 -0.6003 -0.4883
vn -0.6051 -0.4956 0.6231
vn -0.6092 -0.4907 0.6230
vn -0.1854 -0.0981 0.9778
vn -0.0344 0.6110 0.7909
vn -0.0500 -0.6020 0.7969
vn 0.1838 0.0780 0.9799
vn 0.3397 -0.0442 0.9395
vn -0.9081 0.0696 0.4129
vn -0.9944 0.0807 0.0686
vn -0.9946 -0.0610 0.0839
vn -0.9825 0.0461 0.1807
vn -0.9603 0.0681 -0.2706
vn -0.9598 0.0692 -0.2720
vn -0.9572 0.0754 -0.2796
vn -0.1071 0.9927 0.0561
vn 0.2264 0.9734 0.0349
vn -0.3571 -0.9326 -0.0526
vn -0.9016 -0.0598 -0.4285
vn -0.9049 -0.0531 0.4222
vn -0.6357 -0.7587 0.1425
vn -0.9973 0.0234 -0.0703
vn -0.9869 0.0823 -0.1386
vn -0.8490 -0.1049 0.5179
vn -0.6928 0.3548 0.6278
vn -0.5520 -0.7429 0.3787
vn -0.7408 -0.2379 0.6282
vn -0.4643 0.1871 0.8657
vn -0.6795 0.2445 0.6917
vn -0.4767 -0.8361 0.2714
vn -0.5782 -0.1285 0.8057
vn -0.4737 -0.2346 0.8488
vn -0.4742 -0.1095 0.8736
vn -0.8721 0.0665 -0.4848
vn 0.1701 0.9679 -0.1848
vn 0.9132 0.3793 0.1488
vn 0.1909 0.4079 0.8929
vn 0.9867 0.1626 -0.0016
vn 0.9808 0.1892 -0.0473
vn -0.0299 0.9947 -0.0986
vn -0.3111 0.2276 -0.9227
vn 0.3114 0.9493 0.0438
vn 0.3427 0.9305 0.1291
vn -0.0850 -0.0624 0.9944
vn -0.2867 0.0101 0.9580
vn 0.0511 0.9236 0.3799
vn 0.0105 -0.0797 -0.9968
vn -0.2103 -0.1005 0.9725
vn 0.4093 0.4469 -0.7955
vn -0.0684 -0.8003 0.5957
vn 0.0293 0.9655 -0.2589
vn -0.4046 0.8259 0.3927
vn -0.0784 0.9969 -0.0048
vn -0.1584 -0.3561 0.9209
vn 0.0258 0.3405 0.9399
vn 0.0209 0.1695 0.9853
vn 0.2053 0.1042 0.9731
vn 0.0803 0.8970 0.4346
vn -0.1615 0.9756 -0.1485
vn 0.5490 0.3496 0.7592
vn -0.9823 0.1835 0.0380
vn -0.9518 0.2583 0.1652
vn 0.1868 0.9809 -0.0546
vn -0.1834 -0.9745 -0.1296
vn -0.7029 0.1922 -0.6849
vn -0.6155 0.5161 -0.5957
vn -0.4271 -0.2024 -0.8812
vn 0.0484 -0.9987 0.0135
vn -0.3090 -0.2900 -0.9058
vn -0.2733 0.1701 -0.9468
vn -0.2908 0.2433 -0.9253
vn -0.0817 -0.3608 -0.9291
vn 0.2461 0.4068 -0.8797
vn 0.2461 0.4072 -0.8796
vn 0.2463 0.4053 -0.8804
vn -0.0287 -0.9995 0.0149
vn -0.0310 -0.9994 0.0140
vn -0.0325 -0.9994 0.0133
vn 0.3238 -0.1776 -0.9293
vn 0.3178 -0.1765 -0.9316
vn 0.3178 -0.1763 -0.9316
vn -0.0731 -0.9955 -0.0605
vn -0.6641 0.0700 -0.7444
vn -0.6355 -0.5242 -0.5669
vn -0.3726 0.1241 -0.9197
vn -0.3425 -0.0476 -0.9383
vn -0.1291 0.4455 -0.8859
vn 0.1680 -0.0621 -0.9838
vn 0.1865 0.1222 -0.9748
vn 0.1254 0.0944 -0.9876
vn -0.9191 -0.0600 -0.3895
vn -0.9186 -0.0610 -0.3905
vn -0.9184 -0.0614 -0.3908
vn -0.5404 0.0582 -0.8394
vn -0.1764 -0.9795 -0.0976
vn -0.5833 0.3688 -0.7237
vn -0.3861 -0.3459 -0.8552
vn -0.5407 -0.0723 -0.8381
vn -0.1463 -0.9819 -0.1207
vn -0.3862 0.9025 0.1905
vn -0.6375 0.2242 -0.7371
vn -0.6342 0.2196 -0.7413
vn -0.6352 0.2209 -0.7401
vn -0.8010 0.3726 0.4686
vn -0.5621 -0.1585 -0.8118
vn -0.3107 -0.7402 -0.5964
vn -0.2016 -0.5053 -0.8391
vn -0.5515 -0.1200 -0.8255
vn 0.0430 -0.0647 -0.9970
vn 0.2536 -0.3314 -0.9088
vn 0.1264 0.0786 -0.9889
vn -0.0144 0.0105 -0.9998
vn -0.0000 -0.9790 -0.2039
vn 0.0432 -0.8064 -0.5897
vn 0.2567 -0.8833 -0.3922
vn 0.7995 0.2899 0.5260
vn 0.0512 0.9957 -0.0776
vn 0.4899 0.1623 -0.8565
vn 0.5758 -0.0877 -0.8128
vn -0.0432 0.9980 -0.0466
vn 0.3495 0.9195 0.1798
vn 0.9275 0.2122 -0.3078
vn 0.8217 0.0116 0.5697
vn 0.0121 -0.9825 -0.1857
vn 0.1417 -0.9848 -0.1005
vn 0.4874 0.0535 -0.8716
vn 0.4898 0.8002 -0.3461
vn 0.9884 0.1160 -0.0980
vn 0.5438 0.8189 0.1837
vn 0.8873 0.1049 -0.4491
vn 0.9995 0.0189 -0.0265
vn 0.9649 0.1258 0.2305
vn 0.0812 -0.2205 0.9720
vn -0.0077 -1.0000 -0.0033
vn 0.6342 0.4397 0.6360
vn 0.6336 0.4393 0.6368
vn 0.6338 0.4395 0.6365
vn 0.6597 -0.0384 0.7506
vn 0.6832 0.1258 0.7193
vn 0.6983 0.5534 0.4539
vn 0.6978 0.5533 0.4549
vn 0.6979 0.5533 0.4548
vn 0.0202 -0.9998 -0.0075
vn 0.1185 -0.9907 0.0664
vn 0.9505 0.2459 0.1898
vn 0.9896 -0.0729 0.1241
vn 0.9561 -0.2827 -0.0769
vn -0.0186 -0.9996 0.0223
vn -0.0189 -0.9996 0.0225
vn -0.0192 -0.9996 0.0225
vn 0.9359 0.1547 -0.3165
vn 0.9619 -0.2570 -0.0931
vn 0.6973 0.5532 0.4557
vn 0.6345 -0.6531 0.4134
vn 0.6327 -0.6523 0.4174
vn 0.6341 -0.6532 0.4138
vn 0.9641 -0.0262 0.2642
vn 0.9598 0.0506 -0.2762
vn 0.8131 0.4893 -0.3154
vn 0.9293 -0.2527 -0.2692
vn -0.1770 -0.9820 -0.0652
vn 0.9025 0.2578 -0.3450
vn -0.3729 0.3564 0.8567
vn 0.7392 -0.1897 0.6463
vn -0.5004 0.1540 0.8520
vn 0.5383 0.0605 0.8406
vn 0.8016 -0.0270 0.5973
vn 0.3887 -0.8875 -0.2474
vn 0.6784 -0.3529 0.6444
vn 0.9077 0.1067 0.4057
vn 0.6734 -0.5673 0.4739
vn 0.9714 0.0400 0.2341
vn 0.9797 -0.0826 0.1824
vn 0.1405 0.9877 0.0684
vn 0.1737 0.9769 0.1248
vn 0.2018 0.9701 0.1350
vn 0.2023 0.9700 0.1349
vn 0.2028 0.9699 0.1350
vn 0.9610 -0.0548 -0.2712
vn 0.9409 -0.1070 -0.3213
vn 0.8455 0.4447 0.2957
vn 0.9525 -0.0629 -0.2981
vn -0.5184 0.8423 0.1479
vn 0.6834 -0.0290 -0.7295
vn 0.3175 -0.1770 -0.9316
vn 0.5387 0.0519 -0.8409
vn 0.6446 -0.0292 -0.7640
vn 0.6168 -0.1408 -0.7745
vn -0.0331 -0.9994 0.0131
vn 0.5915 0.3848 -0.7086
vn 0.9090 -0.0906 -0.4069
vn 0.9065 -0.0951 -0.4114
vn 0.9057 -0.0966 -0.4129
vn 0.6442 -0.2464 -0.7241
vn 0.5993 0.4213 -0.6807
vn 0.8311 0.1684 -0.5300
vn -0.1122 -0.9935 -0.0175
vn 0.6325 -0.1532 -0.7592
vn 0.6812 0.0743 -0.7283
vn 0.0002 0.9998 0.0198
vn 0.5565 0.1304 -0.8206
vn 0.9969 0.0320 0.0721
vn 0.8426 -0.0928 -0.5305
vn 0.3974 -0.8040 -0.4424
vn 0.6658 -0.0977 -0.7397
vn 0.1885 -0.0259 -0.9817
vn 0.6108 -0.0869 -0.7870
vn 0.7074 0.4017 0.5815
vn 0.0176 -0.9957 0.0909
vn 0.0127 0.9983 -0.0560
vn 0.6450 -0.1897 -0.7403
vn 0.2560 0.0443 -0.9657
vn 0.8097 0.0363 -0.5857
vn -0.9129 0.3518 -0.2068
vn 0.3373 0.9408 -0.0344
vn 0.7521 -0.0709 -0.6553
vn 0.7577 -0.0690 -0.6489
vn 0.7560 -0.0696 -0.6508
vn -0.6345 0.2796 0.7206
vn -0.1432 -0.9880 0.0572
vn -0.5560 0.5122 0.6547
vn -0.0870 -0.8603 0.5022
vn -0.6438 -0.3617 0.6743
vn -0.5793 0.4787 0.6597
vn -0.6379 -0.4395 0.6324
vn -0.6869 0.0309 0.7261
vn -0.8875 -0.1199 0.4448
vn -0.6411 0.3475 0.6843
vn -0.7216 -0.0813 0.6875
vn 0.8851 0.3610 0.2938
vn -0.8468 0.4505 0.2830
vn -0.8538 -0.0540 0.5178
vn -0.7965 -0.2676 0.5422
vn -0.5622 0.3450 0.7517
vn -0.4286 0.3993 0.8105
vn -0.1456 -0.9642 0.2215
vn -0.7230 0.0311 0.6902
vn -0.4773 -0.8153 0.3279
vn -0.5041 -0.7811 0.3684
vn -0.3411 -0.0643 0.9378
vn -0.1618 0.9492 0.2697
vn -0.6429 0.7067 0.2953
vn -0.8473 0.0931 0.5229
vn -0.8615 0.0874 -0.5001
vn -0.9700 -0.1098 0.2168
vn -0.8927 -0.3449 0.2899
vn -0.9901 0.1376 0.0288
vn -0.1229 -0.9915 0.0435
vn -0.9439 -0.2679 -0.1930
vn -0.9697 0.1416 -0.1989
vn -0.0962 -0.9953 -0.0102
vn -0.9374 -0.1726 -0.3024
vn -0.1013 -0.9946 -0.0243
vn -0.8994 -0.3139 0.3043
vn 0.0232 -0.9997 0.0106
vn -0.9210 -0.1980 -0.3354
vn -0.4196 -0.1424 -0.8965
vn 0.0243 -0.9993 -0.0291
vn -0.8263 0.4890 0.2796
vn -0.7869 -0.6169 -0.0125
vn -0.9529 -0.1146 -0.2809
vn -0.7108 -0.6099 0.3504
vn -0.7072 0.1051 -0.6991
vn -0.5986 0.5224 -0.6072
vn -0.9942 0.0820 0.0691
vn -0.8375 -0.4290 0.3384
vn -0.8985 -0.3393 0.2786
vn -0.9734 0.2041 0.1038
vn -0.9942 -0.0667 0.0839
vn -0.6818 -0.7312 0.0226
vn -0.8902 -0.3661 0.2712
vn -0.9334 0.1046 -0.3432
vn -0.4297 0.3059 -0.8496
vn -0.9740 0.0756 0.2137
vn -0.9850 0.0960 -0.1431
vn -0.9016 -0.0830 -0.4246
vn -0.7997 -0.5305 -0.2813
vn -0.8087 -0.5079 -0.2966
vn -0.8941 -0.0481 -0.4454
vn -0.6015 -0.7976 -0.0458
vn -0.6011 0.4286 -0.6745
vn -0.2956 -0.9210 -0.2538
vn -0.4883 -0.1100 -0.8657
vn -0.8160 -0.0891 -0.5712
vn 0.2345 0.9202 0.3134
vn 0.1886 0.4060 0.8942
vn -0.5374 0.0663 -0.8407
vn -0.3193 -0.8306 -0.4562
vn -0.5633 0.0837 -0.8220
vn -0.5546 -0.1463 -0.8191
vn -0.1080 0.9926 0.0562
vn -0.1366 0.9876 0.0770
vn 0.4639 0.2436 0.8517
vn -0.7800 0.1457 0.6085
vn -0.0577 -0.9961 -0.0668
vn -0.7361 0.6728 -0.0741
vn -0.6767 0.7363 -0.0014
vn -0.5689 0.6499 0.5039
vn -0.8203 0.5494 0.1587
vn -0.6912 -0.0366 0.7217
vn -0.5490 0.6613 0.5112
vn -0.0830 -0.9789 0.1869
vn -0.4621 0.7956 0.3918
vn -0.7848 -0.5455 0.2941
vn -0.1449 -0.9894 -0.0103
vn -0.7198 0.6850 -0.1125
vn -0.3454 0.8977 -0.2735
vn -0.0700 -0.1801 0.9811
vn -0.2392 0.3930 0.8879
vn 0.0494 0.2381 0.9700
vn 0.3069 -0.3887 0.8687
vn -0.0172 -0.9995 -0.0253
vn -0.1118 -0.9937 0.0006
vn 0.6465 -0.1787 0.7416
vn 0.4784 0.5213 0.7067
vn 0.6337 0.4543 0.6261
vn 0.7556 0.1504 0.6375
vn 0.1022 -0.9944 0.0254
vn -0.4047 -0.6799 0.6115
vn 0.3454 0.1323 0.9291
vn 0.6421 0.0682 0.7636
vn 0.5639 -0.3707 0.7380
vn -0.4681 0.2653 0.8429
vn -0.1993 -0.8723 0.4466
vn -0.8950 0.3549 -0.2703
vn -0.0424 -0.7956 0.6043
vn -0.0676 0.0495 0.9965
vn -0.6578 0.2914 0.6946
vn -0.0441 -0.0614 0.9971
vn -0.1509 -0.4803 0.8641
vn 0.2644 0.1372 0.9546
vn 0.0103 -0.0810 -0.9967
vn -0.2027 -0.6492 0.7332
vn -0.0593 -0.7737 0.6308
vn -0.0286 0.0182 0.9994
vn 0.1817 -0.9517 0.2475
vn 0.2050 0.1052 0.9731
vn 0.4411 -0.2097 0.8726
vn 0.4416 -0.2106 0.8722
vn 0.4397 -0.2070 0.8740
vn 0.5389 0.0571 0.8405
vn 0.7312 -0.2755 0.6241
vn 0.7318 -0.2761 0.6231
vn 0.7292 -0.2737 0.6272
vn 0.9006 0.2576 -0.3501
vn 0.8625 0.3670 -0.3483
vn 0.8576 0.2006 -0.4736
vn 0.4395 -0.2068 0.8741
vn 0.7285 -0.2734 0.6281
vn 0.4446 -0.8519 0.2766
vn 0.6444 0.1916 0.7403
vn 0.3412 -0.9167 0.2081
vn 0.5805 -0.7672 0.2728
vn -0.0312 0.9950 -0.0946
vn 0.0154 -0.9997 0.0196
vn -0.3778 0.4355 -0.8171
vn -0.4275 -0.1167 -0.8964
vn -0.3039 -0.2459 -0.9204
vn -0.0647 -0.1540 -0.9860
vn -0.0583 0.2355 -0.9701
vn 0.0297 0.1110 -0.9934
vn -0.0192 0.5950 -0.8035
vn 0.4238 0.3259 -0.8451
vn 0.4059 -0.3073 -0.8607
vn -0.0344 -0.9992 0.0220
vn 0.7445 0.0285 -0.6670
vn 0.7330 -0.1344 -0.6668
vn 0.7321 -0.0475 -0.6796
vn 0.4494 -0.2650 -0.8531
vn 0.6818 0.4063 -0.6083
vn 0.1336 -0.9599 -0.2465
vn 0.6892 -0.1733 -0.7036
vn -0.4913 -0.7853 -0.3766
vn -0.0313 -0.9995 -0.0103
vn 0.9653 -0.1708 -0.1973
vn 0.9317 -0.1845 -0.3130
vn 0.0553 0.5436 -0.8375
vn -0.3736 0.1211 -0.9196
vn 0.1583 -0.0636 -0.9853
vn 0.0259 -0.5708 -0.8207
vn 0.0933 0.2184 -0.9714
vn 0.4632 0.0584 -0.8843
vn 0.7745 0.1024 -0.6242
vn 0.8322 0.4830 -0.2723
vn 0.7648 0.0960 -0.6371
vn 0.8371 -0.4937 0.2356
vn 0.8250 0.4915 -0.2790
vn 0.8087 -0.4882 -0.3281
vn 0.5434 0.6147 -0.5717
vn 0.3524 0.2698 -0.8961
vn -0.3922 0.8984 0.1978
vn -0.3936 -0.0827 -0.9155
vn -0.5098 0.4202 -0.7507
vn -0.3124 0.2272 -0.9224
vn -0.2293 0.0027 -0.9733
vn 0.4113 0.4468 -0.7945
vn 0.3129 0.9490 0.0386
vn -0.3168 -0.7721 -0.5509
vn -0.1383 0.1108 -0.9842
vn 0.0257 0.0185 -0.9995
vn -0.3284 -0.3934 -0.8587
vn -0.0531 -0.9748 -0.2169
vn 0.1242 0.0930 -0.9879
vn -0.1244 0.8854 -0.4479
vn 0.0253 0.3389 0.9405
vn -0.0787 0.9969 -0.0058
vn -0.2706 0.9397 0.2090
vn -0.1618 0.9755 -0.1493
vn -0.9533 0.2894 -0.0860
vn -0.3733 0.3572 0.8562
vn -0.2227 0.4782 -0.8495
vn 0.8503 -0.0264 -0.5256
vn 0.6011 -0.4420 -0.6658
vn 0.5967 -0.3167 -0.7373
vn 0.4216 0.3979 -0.8148
vn 0.5987 -0.0899 -0.7959
vn 0.0029 0.9999 0.0127
vn 0.5333 0.3830 -0.7543
vn 0.3949 0.4689 -0.7901
vn 0.6283 -0.1987 -0.7521
vn 0.7068 0.3737 0.6007
vn 0.7054 0.3775 0.5999
vn 0.7054 0.3767 0.6004
vn 0.5563 0.2868 -0.7799
vn 0.7074 0.3733 0.6002
vn 0.5017 -0.8632 0.0569
vn 0.7334 -0.2958 -0.6120
vn -0.4992 0.1921 -0.8449
vn -0.2691 -0.0000 -0.9631
vn 0.7598 -0.0819 -0.6450
vn 0.2924 -0.9534 0.0738
vn 0.9892 -0.1136 -0.0930
vn 0.9915 0.0464 -0.1218
vn 0.2348 0.9714 -0.0358
vn 0.7477 -0.0727 -0.6601
vn -0.9095 0.3572 -0.2125
vn 0.1351 -0.9871 0.0857
vn 0.9079 -0.3727 0.1917
vn -0.0380 -0.9980 0.0498
vn 0.6173 -0.4347 -0.6557
vn 0.9804 0.1922 -0.0436
vn -0.1097 0.9909 0.0774
vn -0.0265 0.2639 0.9642
vn -0.0440 0.9979 -0.0473
vn -0.5288 0.8356 0.1489
vn -0.4979 0.1588 0.8526
vn 0.1278 0.9893 -0.0710
vn -0.6976 0.7025 0.1409
vn -0.6691 0.7351 -0.1090
vn -0.2086 0.1638 0.9642
vn -0.9499 0.2427 0.1969
vn -0.2157 0.8138 0.5396
vn -0.2854 0.2514 -0.9249
vn -0.1668 0.1562 0.9735
vn -0.0818 0.5373 0.8394
vn 0.1191 0.3968 0.9102
vn 0.1679 0.4565 0.8737
vn 0.5513 0.6523 0.5201
vn 0.7612 0.5543 -0.3367
vn 0.6734 0.2928 0.6789
vn 0.5087 -0.0366 0.8602
vn 0.5746 0.6226 0.5312
vn 0.5750 0.6340 0.5172
vn 0.9010 0.4296 -0.0603
vn 0.5001 -0.7095 0.4966
vn 0.6806 0.7154 0.1584
vn 0.9266 0.2805 0.2505
vn 0.7659 0.6428 -0.0105
vn 0.6120 -0.7800 -0.1307
vn 0.9837 0.1793 -0.0102
vn -0.7747 0.5217 0.3572
vn -0.8899 0.3028 -0.3411
vn -0.5992 0.8003 -0.0216
vn -0.6532 -0.7528 -0.0818
vn -0.3924 0.8207 0.4153
vn -0.6067 -0.4675 0.6429
vn -0.5380 0.8231 0.1821
vn -0.5942 -0.8043 -0.0093
vn -0.9156 0.1781 0.3605
vn -0.6111 -0.7744 -0.1639
vn -0.2444 0.7073 0.6633
vn -0.0564 -0.8699 0.4899
vn -0.2811 0.9334 0.2228
vn -0.3006 -0.9487 0.0985
vn 0.1552 -0.2140 0.9644
vn 0.1553 -0.2165 0.9639
vn 0.1552 -0.2139 0.9644
vn 0.0616 -0.7851 0.6163
vn -0.2801 0.7873 0.5492
vn -0.0400 -0.7552 0.6543
vn -0.1965 0.7453 0.6371
vn 0.1551 -0.2133 0.9646
vn 0.4271 -0.0786 0.9008
vn 0.1994 -0.7990 0.5674
vn 0.0911 -0.0857 0.9921
vn 0.6486 -0.5684 0.5062
vn 0.0711 0.2204 0.9728
vn 0.7716 0.4760 0.4220
vn 0.7253 -0.6155 0.3084
vn 0.5912 -0.2058 0.7798
vn 0.4895 -0.2380 0.8389
vn 0.7827 -0.1255 -0.6096
vn 0.9543 0.0374 0.2965
vn 0.6315 -0.5812 0.5132
vn 0.5810 0.6580 0.4790
vn 0.4821 -0.2552 0.8381
vn 0.3541 0.9320 -0.0769
vn 0.8443 -0.4592 -0.2764
vn 0.8436 -0.4599 -0.2772
vn 0.8488 -0.4560 -0.2677
vn 0.9105 -0.3676 0.1896
vn -0.5664 0.3482 0.7470
vn -0.8836 0.4568 0.1034
vn 0.0004 0.8346 0.5508
vn -0.3316 0.7427 -0.5818
vn -0.3302 0.7447 -0.5800
vn -0.3325 0.7411 -0.5833
vn -0.0527 0.6197 -0.7831
vn -0.3329 0.7408 -0.5834
vn -0.0488 0.7074 -0.7052
vn 0.2367 0.2189 -0.9466
vn 0.1653 0.8101 -0.5624
vn -0.0083 -0.9994 -0.0333
vn 0.4114 0.0711 -0.9087
vn -0.1296 -0.9914 -0.0199
vn 0.8529 0.1108 -0.5102
vn 0.9629 0.2549 -0.0884
vn -0.8559 -0.1076 -0.5058
vn -0.8631 0.4614 0.2053
vn -0.7810 -0.4683 -0.4132
vn -0.0995 0.0077 -0.9950
vn 0.0086 -0.9847 -0.1740
vn -0.3849 0.8863 -0.2576
vn -0.6457 -0.1921 -0.7390
vn 0.5896 -0.0209 -0.8075
vn -0.0979 0.7073 -0.7001
vn -0.1119 -0.0726 -0.9911
vn 0.1449 -0.4379 -0.8873
vn -0.5585 0.3807 -0.7370
vn 0.6676 0.5587 -0.4922
vn 0.1181 -0.5701 -0.8130
vn 0.6642 0.1140 -0.7388
vn 0.0939 0.7484 -0.6566
vn 0.5139 -0.8561 0.0552
vn 0.5338 -0.7420 -0.4055
vn 0.0885 -0.7527 -0.6524
vn 0.2648 0.9175 -0.2967
vn 0.0884 0.7613 -0.6423
vn 0.6210 0.7455 -0.2421
vn 0.8489 -0.4563 -0.2668
vn 0.7194 -0.3728 -0.5860
vn -0.3920 0.8507 -0.3503
vn 0.4695 0.3022 -0.8296
vn -0.5922 0.7635 0.2577
vn -0.4302 -0.6484 0.6281
vn -0.7314 0.1873 0.6557
vn -0.6360 0.4576 0.6213
vn -0.2886 0.7140 0.6379
vn 0.0184 -0.9968 -0.0773
vn -0.4659 0.3764 0.8008
vn -0.3481 0.6327 0.6917
vn -0.2816 -0.4958 0.8215
vn -0.3750 -0.6636 0.6473
vn -0.0070 0.7947 0.6069
vn -0.1110 0.6143 0.7812
vn -0.0299 -0.9965 -0.0782
vn -0.2902 0.9005 0.3238
vn -0.3897 0.8458 0.3643
vn -0.1087 0.9761 0.1884
vn -0.7617 -0.2798 0.5843
vn -0.3845 -0.1889 0.9036
vn -0.3758 -0.1895 0.9071
vn -0.3844 -0.1895 0.9035
vn -0.3847 -0.1905 0.9032
vn -0.2125 -0.3618 0.9077
vn 0.3534 -0.1120 0.9287
vn 0.8343 -0.0570 0.5484
vn 0.8313 -0.0553 0.5530
vn 0.8317 -0.0555 0.5524
vn 0.8349 -0.0574 0.5475
vn 0.0073 -0.7787 0.6274
vn -0.9015 0.1512 0.4055
vn -0.8135 0.3087 0.4929
vn -0.8133 0.3089 0.4930
vn -0.8137 0.3083 0.4928
vn -0.8138 0.3079 0.4928
vn 0.8057 0.2372 0.5428
vn 0.8078 0.2349 0.5406
vn 0.8073 0.2356 0.5411
vn 0.9734 0.2261 -0.0368
vn 0.8173 0.5448 -0.1873
vn 0.9544 -0.0354 -0.2964
vn -0.9877 0.0783 0.1353
vn -0.9889 -0.1351 -0.0617
vn -0.9796 0.0770 -0.1859
vn -0.6131 0.7826 0.1081
vn -0.6054 0.7879 0.1127
vn -0.6064 0.7872 0.1122
vn -0.8272 -0.4992 -0.2580
vn -0.6629 0.6593 -0.3548
vn -0.7133 -0.4858 -0.5052
vn -0.9147 0.1090 -0.3892
vn -0.2498 -0.9568 -0.1491
vn -0.8188 0.3956 -0.4161
vn -0.5932 0.0716 -0.8018
vn -0.7408 -0.3757 -0.5569
vn 0.0546 -0.4739 -0.8789
vn -0.5869 0.1207 -0.8006
vn -0.0030 -0.9987 0.0517
vn -0.0721 -0.6342 -0.7698
vn 0.2707 0.4149 -0.8687
vn 0.0626 -0.1111 -0.9918
vn 0.1164 -0.7425 -0.6596
vn 0.1129 -0.7396 -0.6635
vn 0.1170 -0.7430 -0.6590
vn -0.3472 0.9329 -0.0955
vn -0.6926 0.7158 0.0896
vn -0.7378 -0.6684 0.0945
vn -0.6137 0.7822 0.1076
vn -0.6919 -0.5235 -0.4972
vn -0.9683 -0.1789 0.1741
vn 0.0837 0.9948 0.0578
vn -0.9229 -0.2842 0.2597
vn -0.2920 0.8940 -0.3398
vn -0.2934 0.8941 -0.3384
vn -0.2856 0.8937 -0.3461
vn -0.2818 -0.7408 -0.6097
vn -0.2792 -0.7390 -0.6131
vn -0.2788 -0.7385 -0.6139
vn -0.2852 0.8936 -0.3465
vn -0.9070 0.0287 -0.4202
vn -0.2826 -0.7413 -0.6088
vn -0.3043 0.7957 -0.5237
vn -0.2833 0.7909 -0.5424
vn -0.0566 -0.2443 -0.9680
vn -0.6975 -0.0410 -0.7154
vn -0.6277 0.5380 -0.5626
vn -0.3394 0.5035 -0.7945
vn -0.5905 -0.1633 -0.7904
vn 0.6377 -0.4291 -0.6398
vn -0.0575 0.1188 -0.9912
vn -0.9666 -0.2149 -0.1398
vn -0.5982 0.6066 0.5236
vn -0.8516 -0.5085 -0.1270
vn -0.3104 0.6254 -0.7159
vn -0.4671 -0.8781 -0.1039
vn -0.8427 -0.5339 -0.0689
vn 0.3280 -0.9194 -0.2169
vn -0.0691 -0.9748 0.2121
vn 0.2336 -0.8693 0.4356
vn -0.7425 0.4423 -0.5030
vn 0.3065 0.8919 -0.3325
vn -0.3036 0.9515 0.0492
vn -0.9878 0.1222 0.0966
vn -0.6420 0.7373 -0.2102
vn -0.8333 0.0584 0.5497
vn -0.4123 0.4967 0.7637
vn -0.5499 0.7162 0.4296
vn -0.7006 0.7093 -0.0779
vn -0.3700 -0.0836 0.9252
vn 0.0770 0.5147 0.8539
vn 0.0158 0.9182 0.3958
vn -0.0116 -0.9977 0.0672
vn -0.3126 0.5174 0.7966
vn -0.6323 -0.7406 0.2274
vn -0.3229 -0.5092 0.7977
vn -0.5538 -0.7866 0.2730
vn -0.6474 -0.7357 0.1991
vn -0.6958 0.7169 -0.0436
vn -0.8279 -0.5264 0.1937
vn -0.8887 -0.4584 -0.0071
vn -0.9785 -0.2023 0.0401
vn -0.8148 -0.4221 -0.3973
vn -0.1697 0.9638 0.2057
vn -0.3992 0.0485 0.9156
vn -0.9174 0.3975 0.0173
vn -0.4815 -0.8286 0.2855
vn -0.3867 0.0857 0.9182
vn -0.3018 -0.2636 0.9162
vn -0.1205 0.8835 0.4527
vn -0.3729 0.1031 0.9221
vn -0.1375 -0.7756 0.6160
vn -0.3975 -0.1191 -0.9098
vn -0.6685 -0.0226 0.7434
vn -0.6756 -0.0473 0.7358
vn -0.6734 -0.0387 0.7383
vn -0.6732 -0.0377 0.7385
vn -0.0123 0.0377 0.9992
vn 0.0424 -0.9912 0.1255
vn -0.0964 -0.8066 0.5832
vn 0.4318 0.3860 0.8152
vn 0.0137 0.8964 0.4431
vn -0.1782 0.5478 0.8174
vn -0.3837 0.7412 0.5509
vn -0.9446 0.2634 -0.1960
vn -0.8491 -0.0226 -0.5278
vn -0.7859 0.6108 -0.0968
vn -0.8556 0.3872 -0.3437
vn -0.5991 0.4927 -0.6312
vn -0.4644 0.7103 -0.5290
vn -0.4640 0.7103 -0.5292
vn -0.4640 0.7105 -0.5291
vn -0.4632 0.7119 -0.5279
vn -0.1059 0.3054 -0.9463
vn -0.7251 0.5631 -0.3964
vn -0.5416 0.5426 -0.6421
vn -0.6936 -0.2886 -0.6600
vn -0.5925 -0.7838 0.1862
vn -0.3626 -0.0452 -0.9309
vn -0.5346 -0.4879 -0.6900
vn -0.2750 0.6070 -0.7456
vn -0.2512 0.9449 -0.2098
vn -0.2122 -0.7229 -0.6576
vn -0.4878 -0.4922 -0.7209
vn -0.8022 0.0563 -0.5943
vn -0.6441 -0.0922 -0.7594
vn -0.0798 -0.7705 -0.6324
vn -0.0600 0.8366 -0.5446
vn 0.0978 -0.5193 -0.8490
vn -0.3758 0.4333 -0.8191
vn -0.0872 -0.8420 -0.5324
vn -0.3364 -0.7193 -0.6078
vn -0.1809 -0.2500 -0.9512
vn -0.1029 0.9841 -0.1449
vn 0.0788 0.8757 -0.4763
vn 0.3896 -0.4687 0.7928
vn 0.4410 -0.1065 0.8912
vn 0.5859 0.1665 0.7931
vn 0.7600 -0.2000 0.6183
vn 0.4161 -0.7455 0.5206
vn 0.8144 0.1866 0.5494
vn 0.7247 0.3100 0.6154
vn 0.0095 0.8590 0.5120
vn 0.7942 -0.3315 0.5092
vn 0.6355 -0.5261 0.5650
vn 0.5505 -0.7346 0.3965
vn 0.5513 -0.7354 0.3941
vn 0.5506 -0.7348 0.3961
vn 0.5482 -0.3588 0.7555
vn 0.2724 0.8758 0.3984
vn 0.8049 0.2380 0.5436
vn 0.2222 0.7824 -0.5818
vn 0.1120 -0.7387 -0.6646
vn 0.6489 0.5667 -0.5077
vn 0.6963 0.2728 -0.6639
vn -0.3875 0.9023 -0.1892
vn 0.6091 0.6821 -0.4045
vn 0.7077 0.6149 0.3478
vn 0.6642 -0.6776 0.3158
vn 0.8904 0.3679 0.2679
vn 0.2522 -0.9666 0.0447
vn 0.8958 0.4438 -0.0218
vn 0.8005 0.1794 -0.5718
vn 0.9932 -0.0616 0.0987
vn 0.8669 -0.4975 0.0321
vn -0.9920 0.0610 0.1101
vn -0.3489 -0.9275 0.1346
vn -0.8104 0.5848 -0.0372
vn -0.8094 0.1033 0.5781
vn -0.9372 0.3358 0.0942
vn 0.1817 -0.5732 -0.7990
vn 0.6243 -0.4826 -0.6143
vn 0.2486 0.2093 -0.9457
vn 0.2407 0.1278 -0.9622
vn 0.7608 0.4117 -0.5017
vn 0.6391 -0.4833 -0.5983
vn 0.9066 0.2210 -0.3596
vn 0.2977 0.7753 -0.5571
vn 0.8853 -0.2306 -0.4039
vn 0.5163 -0.7220 -0.4607
vn 0.5515 -0.7354 0.3938
vn 0.0556 0.9984 -0.0097
vn 0.3704 0.8240 -0.4289
vn 0.9549 -0.2390 0.1760
vn 0.7516 0.6299 0.1956
vn 0.9577 -0.2383 0.1612
vn 0.7961 0.5857 0.1524
vn 0.7694 -0.5089 -0.3861
vn 0.4545 0.8371 -0.3044
vn 0.7026 0.5558 0.4443
vn 0.0053 0.3619 -0.9322
vn 0.7820 -0.6048 -0.1509
vn 0.9623 0.2020 -0.1821
vn 0.8872 0.0948 -0.4516
vn 0.8790 -0.2240 -0.4209
vn 0.8785 -0.2265 -0.4207
vn 0.8792 -0.2236 -0.4207
vn 0.8785 -0.2269 -0.4204
vn 0.8935 0.1742 0.4138
vn 0.6913 0.6034 0.3974
vn 0.4935 0.5346 0.6860
vn 0.3923 0.2407 0.8878
vn 0.3803 0.7919 0.4778
vn 0.5543 0.0642 0.8298
vn 0.2018 -0.9667 0.1575
vn 0.8964 0.0829 0.4354
vn 0.7345 0.5977 0.3213
vn 0.7352 0.6226 0.2680
vn 0.9138 0.0277 0.4052
vn 0.9801 0.1718 -0.0993
vn 0.8931 0.2536 0.3716
vn 0.8687 0.2086 -0.4493
vn 0.5170 0.7089 0.4798
vn 0.5259 -0.7824 0.3335
vn 0.5223 -0.7811 0.3421
vn 0.5222 -0.7806 0.3434
vn 0.4446 -0.5792 0.6833
vn 0.5641 -0.1712 0.8078
vn 0.1779 -0.9729 0.1479
vn 0.9953 0.0609 -0.0755
vn 0.9350 0.3124 0.1677
vn 0.1920 -0.9712 0.1411
vn 0.7311 0.4737 0.4910
vn 0.7199 0.3811 0.5801
vn 0.8414 0.4534 0.2942
vn 0.6009 0.7730 -0.2034
vn 0.6070 0.7682 -0.2035
vn 0.5980 0.7753 -0.2033
vn 0.5268 -0.7825 0.3319
vn 0.9550 0.2944 -0.0360
vn 0.6752 0.4698 -0.5687
vn 0.4760 0.0283 -0.8790
vn 0.3880 0.8292 -0.4022
vn 0.6896 0.5485 -0.4728
vn -0.0460 -0.9923 0.1150
vn 0.5443 0.7309 -0.4117
vn 0.9983 0.0501 -0.0295
vn 0.5271 -0.8376 -0.1434
vn -0.9278 0.0089 -0.3729
vn 0.2437 -0.0105 -0.9698
vn 0.0725 -0.7324 -0.6770
vn 0.1321 0.7913 -0.5970
vn 0.0196 -0.9929 0.1172
vn 0.2303 0.9707 0.0681
vn 0.2719 -0.8111 -0.5178
vn 0.2797 -0.7982 -0.5336
vn 0.6090 0.7666 -0.2036
vn 0.8310 -0.4694 -0.2987
vn 0.8310 -0.4697 -0.2980
vn 0.8342 -0.4716 -0.2858
vn 0.5100 0.3844 -0.7695
vn 0.8345 -0.4714 -0.2852
vn 0.3278 0.8146 -0.4784
vn 0.5288 0.8399 -0.1226
vn -0.7573 -0.1290 0.6402
vn -0.8640 0.0419 0.5018
vn -0.7179 0.3245 0.6159
vn -0.5515 0.6979 0.4569
vn -0.0823 -0.4449 0.8918
vn 0.1059 -0.9914 -0.0772
vn -0.4847 0.2586 0.8356
vn 0.0272 -0.9925 -0.1189
vn -0.2429 0.6862 0.6857
vn -0.2190 -0.2732 0.9367
vn 0.1511 0.4256 0.8922
vn 0.3700 -0.2653 0.8903
vn -0.4358 0.7341 0.5208
vn -0.4896 0.6238 0.6092
vn -0.2874 -0.9578 -0.0000
vn -0.4192 -0.0980 0.9026
vn 0.0076 0.6170 0.7869
vn 0.2689 -0.4833 0.8332
vn 0.1918 0.8155 0.5460
vn -0.3643 -0.0013 0.9313
vn -0.4514 0.4418 0.7753
vn -0.1766 -0.8474 0.5007
vn -0.0018 0.4782 0.8783
vn 0.5138 0.2302 0.8264
vn -0.2202 0.7113 0.6675
vn -0.6786 -0.6208 0.3926
vn -0.6128 0.7597 -0.2176
vn -0.6079 0.7650 -0.2127
vn -0.6084 0.7647 -0.2125
vn -0.8601 -0.0358 -0.5088
vn -0.4185 0.6812 -0.6006
vn -0.4187 0.6815 -0.6002
vn -0.4129 0.6820 -0.6036
vn -0.5593 0.5383 -0.6304
vn -0.4757 -0.6742 -0.5649
vn -0.4124 0.6822 -0.6037
vn -0.3184 0.5334 -0.7837
vn -0.3765 -0.4626 -0.8026
vn -0.4581 0.4210 -0.7829
vn 0.0247 0.6704 -0.7416
vn -0.1587 0.5961 -0.7871
vn 0.1010 0.5693 -0.8159
vn 0.2424 -0.5939 -0.7672
vn 0.5387 -0.2335 -0.8095
vn 0.7415 0.4409 -0.5057
vn 0.5575 0.2385 -0.7952
vn -0.6136 0.7588 -0.2186
vn -0.6923 0.6844 0.2288
vn -0.9249 0.3699 0.0874
vn -0.7254 -0.6652 -0.1768
vn -0.7509 -0.5237 0.4024
vn -0.7359 0.5348 -0.4154
vn -0.5251 -0.6078 0.5957
vn -0.3065 -0.5990 -0.7398
vn -0.2735 0.8137 -0.5130
vn -0.3197 -0.6370 -0.7014
vn -0.3576 0.6022 -0.7138
vn -0.9694 -0.2217 -0.1051
vn -0.3161 0.0578 -0.9470
vn 0.0288 0.7061 -0.7076
vn -0.7265 0.1551 0.6694
vn -0.4207 -0.1315 0.8976
vn 0.5496 0.4398 -0.7103
vn 0.1475 0.6166 -0.7733
vn 0.0894 0.6735 -0.7337
vn 0.0569 -0.6504 -0.7574
vn 0.2615 -0.4181 0.8700
vn 0.5692 0.4414 -0.6936
vn 0.5693 0.4413 -0.6937
vn 0.1039 0.6448 0.7573
vn 0.1929 0.0900 -0.9771
vn 0.5693 0.4412 -0.6938
vn 0.8371 0.1244 -0.5328
vn 0.9814 -0.1015 -0.1628
vn 0.1145 -0.7446 -0.6576
vn 0.2189 0.6261 -0.7484
vn 0.8939 0.1685 0.4154
vn 0.9166 0.2619 -0.3021
vn 0.7819 0.5664 -0.2606
vn 0.7001 0.6443 0.3079
vn 0.8715 -0.3547 -0.3386
vn 0.9439 -0.3073 -0.1209
vn 0.6560 -0.7505 0.0805
vn 0.7471 -0.4810 -0.4587
vn -0.9094 0.0852 0.4070
vn -0.8798 0.4208 0.2210
vn -0.9888 -0.1444 0.0364
vn -0.9556 -0.0700 -0.2862
vn -0.7990 -0.3111 0.5147
vn -0.5271 0.6516 0.5455
vn -0.8415 0.5191 0.1500
vn -0.9648 -0.0112 0.2627
vn -0.1042 -0.4749 -0.8739
vn -0.8235 0.5653 -0.0481
vn -0.1166 0.7729 0.6238
vn -0.9132 0.3469 -0.2137
vn -0.5616 0.8237 -0.0785
vn -0.7994 -0.5872 -0.1271
vn -0.9328 -0.2075 -0.2946
vn -0.6616 -0.6245 -0.4150
vn -0.5030 0.7127 -0.4889
vn -0.7913 -0.0560 0.6088
vn -0.5684 0.6282 0.5313
vn -0.3288 -0.9352 0.1314
vn -0.9751 -0.0677 0.2111
vn -0.0132 -0.4541 -0.8909
vn -0.9625 -0.2463 -0.1138
vn -0.7995 0.3653 -0.4768
vn -0.8687 0.3085 -0.3876
vn -0.5064 -0.7890 0.3479
vn -0.2051 0.9087 0.3637
vn -0.1846 0.9746 -0.1265
vn -0.2405 -0.8978 -0.3690
vn -0.4589 0.5758 -0.6767
vn -0.4939 -0.6785 -0.5438
vn -0.1540 -0.8296 -0.5366
vn -0.2470 -0.9038 -0.3496
vn -0.1186 0.7551 0.6448
vn -0.1117 0.7583 0.6422
vn -0.1209 0.7540 0.6457
vn -0.1418 -0.9441 -0.2977
vn 0.0073 -0.9322 0.3619
vn -0.5551 -0.1213 -0.8229
vn 0.0130 0.8208 -0.5711
vn 0.0861 0.5625 -0.8223
vn -0.1097 0.7592 0.6415
vn 0.1645 0.7084 -0.6863
vn 0.3292 0.7434 0.5823
vn 0.3294 0.7428 0.5829
vn 0.3295 0.7434 0.5821
vn 0.5084 -0.5032 0.6988
vn 0.0367 0.6710 0.7406
vn 0.0607 0.7701 0.6350
vn 0.6858 0.7198 0.1076
vn 0.4785 -0.0893 -0.8735
vn 0.1775 -0.8819 -0.4367
vn 0.1885 -0.9507 -0.2462
vn 0.1290 -0.8169 -0.5622
vn 0.3294 0.7426 0.5831
vn 0.4844 -0.4936 0.7223
vn 0.2681 -0.9232 -0.2752
vn 0.0506 -0.6048 -0.7948
vn 0.0821 -0.3673 -0.9265
vn 0.3392 -0.9153 0.2172
vn 0.5760 0.8160 -0.0479
vn 0.3310 -0.8895 -0.3150
vn 0.7648 0.5058 -0.3990
vn 0.6430 -0.3566 0.6777
vn 0.3516 0.9086 0.2253
vn 0.5238 0.8509 -0.0410
vn 0.6363 0.7714 -0.0078
vn 0.3924 -0.9141 0.1023
vn 0.2952 -0.9528 -0.0705
vn 0.7494 0.6391 0.1727
vn 0.9580 0.2647 -0.1100
vn -0.0444 -0.5261 -0.8493
vn 0.6337 0.2956 -0.7149
vn 0.5320 -0.8178 -0.2195
vn 0.7743 0.2742 -0.5703
vn 0.6037 0.6873 0.4041
vn 0.8325 -0.0869 0.5472
vn 0.7888 0.1643 0.5922
vn 0.8862 0.4611 0.0457
vn 0.4221 -0.8879 0.1829
vn 0.7824 0.6203 -0.0549
vn 0.8588 -0.3676 -0.3568
vn 0.8268 0.5269 -0.1967
vn 0.7963 -0.4635 -0.3886
vn 0.9612 -0.1085 0.2536
vn 0.9667 -0.2555 -0.0128
vn 0.7519 0.6589 -0.0243
vn 0.9884 0.1481 0.0334
vn -0.8145 0.5627 0.1414
vn -0.0781 0.6736 0.7350
vn -0.5565 0.3730 -0.7424
vn -0.9932 0.0011 -0.1165
vn -0.7228 0.2563 -0.6418
vn -0.5738 0.6659 -0.4768
vn -0.1256 0.1831 0.9750
vn -0.4366 -0.0458 0.8985
vn -0.1704 0.5976 0.7835
vn -0.1205 0.9885 0.0909
vn -0.3453 -0.1052 -0.9326
vn -0.1298 -0.5120 -0.8491
vn 0.1734 -0.3256 -0.9295
vn -0.5613 -0.3874 -0.7313
vn 0.2484 -0.3687 -0.8957
vn -0.2960 0.5761 -0.7619
vn 0.2214 0.6874 -0.6917
vn 0.0186 0.3043 0.9524
vn -0.0078 0.6920 0.7219
vn 0.1796 0.6640 -0.7259
vn 0.1945 0.5886 0.7847
vn 0.6353 0.6282 0.4492
vn 0.7865 0.2519 0.5639
vn 0.6187 0.5654 0.5454
vn 0.8571 -0.3325 -0.3934
vn 0.6614 -0.2732 0.6985
vn 0.7847 0.1300 -0.6061
vn 0.9473 0.0309 0.3189
vn 0.8224 -0.3872 -0.4168
vn 0.9414 0.1353 0.3089
vn 0.7022 0.3213 -0.6354
vn 0.0269 -0.5783 -0.8154
vn 0.7920 0.6086 -0.0486
vn 0.6539 0.6703 0.3507
vn -0.7995 -0.0922 0.5935
vn -0.1579 -0.9776 0.1389
vn -0.5699 0.8022 0.1783
vn -0.7944 0.4401 0.4187
vn -0.7408 0.6226 -0.2522
vn -0.5378 -0.0429 0.8420
vn -0.1286 -0.9833 0.1288
vn -0.3527 0.5308 0.7706
vn -0.0115 -0.9981 0.0604
vn 0.0143 -0.9998 0.0139
vn -0.2420 0.6436 0.7261
vn 0.0280 0.3483 0.9370
vn -0.1073 0.8875 0.4481
vn 0.1584 0.6217 0.7671
vn 0.4211 0.1103 0.9003
vn 0.8445 0.4662 0.2636
vn 0.5112 0.5594 0.6525
vn 0.4562 0.8857 0.0862
vn 0.6636 0.7323 0.1526
vn -0.7112 -0.7018 -0.0409
vn -0.5633 0.7913 0.2380
vn -0.9807 0.1719 0.0929
vn -0.7320 -0.6751 0.0916
vn -0.9513 0.2283 0.2071
vn -0.4460 -0.8195 0.3599
vn -0.9770 -0.1878 -0.1014
vn -0.4258 0.8615 -0.2764
vn -0.9693 -0.2060 -0.1347
vn -0.2300 0.9201 0.3171
vn -0.8608 0.4874 -0.1463
vn -0.8410 -0.5368 0.0671
vn -0.4451 -0.7416 0.5020
vn -0.2338 0.3435 0.9096
vn -0.5929 0.3335 0.7330
vn -0.7892 -0.0260 0.6135
vn -0.4606 0.4923 0.7386
vn -0.2872 -0.6694 0.6851
vn -0.8721 0.0509 -0.4866
vn -0.7555 0.6465 -0.1060
vn -0.4686 -0.7961 0.3830
vn -0.6423 -0.1539 0.7509
vn -0.0669 -0.9732 0.2200
vn -0.3654 -0.4022 0.8395
vn 0.4921 -0.6618 0.5655
vn 0.4395 0.7384 0.5115
vn 0.4392 -0.1786 0.8805
vn -0.0204 0.4349 0.9003
vn 0.3487 0.8846 0.3098
vn 0.5594 -0.6626 0.4981
vn 0.9664 0.2242 0.1255
vn 0.9014 -0.2178 0.3742
vn 0.7027 -0.2502 0.6661
vn 0.3221 0.8920 0.3172
vn 0.3726 0.4349 0.8198
vn 0.9584 0.2393 0.1555
vn 0.4146 0.8545 0.3130
vn 0.5965 -0.7831 -0.1759
vn 0.5964 -0.7833 -0.1753
vn 0.5951 -0.7836 -0.1785
vn 0.9103 0.3841 -0.1544
vn 0.7227 -0.6689 -0.1741
vn 1.0000 -0.0029 -0.0083
vn 0.6290 0.7491 -0.2078
vn -0.7123 0.6885 0.1362
vn -0.5006 0.8631 -0.0665
vn -0.9965 0.0740 0.0381
vn -0.6862 0.7266 -0.0350
vn -0.0338 -0.9942 -0.1024
vn -0.8893 0.0934 -0.4477
vn -0.6642 0.6394 -0.3873
vn -0.0315 -0.9994 -0.0130
vn -0.4764 0.6952 -0.5383
vn -0.2496 -0.8575 -0.4499
vn -0.5643 0.0667 -0.8229
vn -0.0337 0.5952 -0.8029
vn -0.3270 0.7595 -0.5624
vn 0.0870 0.9518 -0.2942
vn 0.0995 0.3328 -0.9377
vn 0.7060 0.4924 -0.5090
vn 0.2201 0.6702 -0.7088
vn 0.1872 0.6331 -0.7511
vn 0.5680 0.7810 -0.2596
vn 0.4982 0.7340 -0.4615
vn 0.7146 0.1000 -0.6923
vn -0.5548 0.6793 -0.4803
vn -0.6928 -0.7160 -0.0860
vn -0.2784 -0.9427 -0.1841
vn -0.4814 0.7486 -0.4559
vn -0.4314 -0.6674 -0.6070
vn -0.1609 -0.9453 -0.2838
vn -0.2797 0.7501 -0.5993
vn -0.4683 0.5137 -0.7189
vn -0.4486 0.7521 -0.4828
vn -0.3264 -0.5921 -0.7368
vn -0.2969 -0.1409 -0.9445
vn 0.0535 0.6971 -0.7150
vn 0.0449 0.7590 -0.6495
vn 0.1606 0.7170 -0.6783
vn 0.1342 -0.9260 -0.3530
vn -0.0775 0.9425 -0.3250
vn 0.0391 -0.8081 -0.5877
vn 0.3988 0.4080 -0.8213
vn 0.6161 -0.2084 -0.7596
vn 0.8514 -0.2041 -0.4833
vn 0.7840 -0.5454 -0.2965
vn 0.5945 -0.7840 -0.1788
vn 0.5928 0.8018 0.0750
vn -0.0460 0.7686 -0.6381
vn 0.0470 0.9618 -0.2698
vn 0.1354 0.5552 -0.8206
vn 0.4256 0.4532 -0.7832
vn 0.6333 -0.3257 0.7021
vn 0.7412 0.2999 0.6006
vn -0.8137 -0.1950 0.5476
vn -0.6706 -0.5887 0.4515
vn -0.5227 -0.7160 0.4628
vn -0.5900 0.6229 0.5137
vn -0.2498 0.6346 0.7314
vn -0.3521 -0.5990 0.7192
vn -0.2391 -0.7090 0.6635
vn -0.2617 0.6175 0.7418
vn -0.6097 0.5808 0.5394
vn -0.5893 0.7584 0.2785
vn -0.5887 0.7577 0.2817
vn -0.5884 0.7578 0.2820
vn -0.7771 0.3258 0.5386
vn -0.3345 0.6767 0.6559
vn 0.7343 -0.5647 -0.3767
vn 0.8355 -0.0053 -0.5495
vn -0.0532 -0.9978 -0.0386
vn 0.8903 0.2332 -0.3911
vn 0.5935 -0.8006 0.0819
vn 0.6884 0.5892 0.4230
vn 0.7308 -0.5513 0.4025
vn 0.7442 -0.6672 0.0312
vn 0.8101 -0.2782 -0.5161
vn 0.8529 0.5124 0.1002
vn -0.8979 0.4017 0.1800
vn -0.9779 -0.1975 0.0681
vn -0.7577 0.6337 0.1557
vn -0.7646 0.6259 0.1534
vn -0.7629 0.6279 0.1540
vn -0.1442 -0.9895 -0.0090
vn 0.4923 0.8298 0.2627
vn -0.7328 0.6360 -0.2419
vn -0.7411 0.6225 -0.2516
vn -0.7233 -0.5932 -0.3534
vn -0.8894 -0.1439 -0.4340
vn -0.7557 0.6359 0.1564
vn -0.8214 -0.1532 -0.5493
vn -0.5139 0.6256 -0.5870
vn 0.0402 -0.9991 0.0117
vn -0.3465 0.6848 -0.6411
vn -0.0834 -0.8912 -0.4458
vn -0.6935 0.5076 -0.5112
vn -0.5892 0.7586 0.2780
vn -0.8783 -0.0098 0.4781
vn -0.8804 -0.0163 0.4740
vn -0.8798 -0.0145 0.4751
vn -0.8777 -0.0081 0.4791
vn -0.4835 0.8725 0.0711
vn -0.7653 0.6406 -0.0630
vn -0.9323 0.2741 -0.2362
vn -0.4253 0.7421 -0.5181
vn -0.9894 -0.0975 0.1074
vn -0.7111 -0.0993 0.6960
vn -0.3194 0.1674 -0.9327
vn -0.8348 -0.2170 0.5060
vn -0.0297 0.9990 0.0347
vn -0.8709 0.4905 -0.0303
vn -0.4124 0.8976 -0.1559
vn -0.0651 0.9966 0.0508
vn -0.9314 -0.3285 -0.1566
vn -0.1599 0.9820 0.1005
vn -0.1421 -0.9898 -0.0070
vn -0.6370 -0.3172 -0.7025
vn -0.4897 0.5991 -0.6335
vn -0.2949 0.9379 0.1827
vn -0.0871 0.9962 0.0079
vn -0.9750 -0.1848 -0.1233
vn -0.4560 0.8681 -0.1962
vn -0.0278 -0.9996 0.0025
vn -0.4444 0.5975 -0.6675
vn -0.0011 0.9975 -0.0704
vn -0.1347 0.9281 -0.3471
vn -0.1347 0.9282 -0.3469
vn -0.1348 0.9283 -0.3466
vn -0.9950 -0.0706 -0.0709
vn -0.9940 -0.0935 -0.0569
vn 0.0401 0.0542 -0.9977
vn 0.7233 0.6819 0.1089
vn 0.9514 0.2249 0.2103
vn 0.8542 0.0284 0.5191
vn 0.8793 0.0768 -0.4700
vn 0.9041 0.0229 -0.4267
vn -0.8971 0.1751 0.4055
vn -0.9096 0.1896 0.3697
vn -0.6448 0.6365 0.4233
vn -0.9341 0.2523 -0.2526
vn -0.0771 -0.9968 -0.0210
vn -0.7885 0.0046 -0.6150
vn -0.4840 0.6979 -0.5278
vn -0.6210 0.6128 0.4887
vn -0.4875 0.6657 -0.5650
vn -0.1796 -0.9675 0.1780
vn -0.7132 0.3841 -0.5864
vn -0.2517 0.2563 0.9333
vn -0.7139 0.6672 -0.2127
vn -0.4019 0.6956 -0.5955
vn -0.8751 0.4237 0.2337
vn -0.6143 -0.7567 0.2238
vn -0.7227 0.4600 -0.5159
vn -0.7923 -0.5945 -0.1372
vn -0.5953 -0.7592 0.2633
vn -0.4459 0.8946 0.0279
vn -0.6975 -0.4165 0.5831
vn -0.3881 0.8800 0.2737
vn -0.8287 0.5085 0.2337
vn -0.7009 -0.5194 0.4889
vn -0.7716 0.3128 0.5539
vn -0.9568 0.0692 0.2824
vn -0.4592 -0.8862 -0.0618
vn -0.9366 -0.3007 -0.1797
vn -0.6574 -0.4434 -0.6092
vn -0.3871 0.9080 -0.1604
vn -0.7041 -0.6533 -0.2784
vn -0.6575 0.1469 -0.7390
vn -0.1256 -0.2119 0.9692
vn 0.0563 -0.5896 0.8058
vn 0.0353 -0.0477 0.9982
vn 0.1886 0.0833 0.9785
vn 0.1422 0.6330 0.7610
vn 0.1639 0.6183 0.7686
vn 0.1427 -0.7203 0.6788
vn 0.1544 0.6340 0.7578
vn 0.5138 0.6275 0.5850
vn 0.7768 -0.1993 0.5974
vn -0.0202 -0.9995 -0.0245
vn 0.8489 -0.3293 0.4135
vn 0.9414 0.1052 0.3206
vn 0.9929 0.0988 0.0657
vn -0.1983 0.4097 0.8904
vn 0.1685 0.3313 0.9284
vn 0.3111 -0.1182 0.9430
vn 0.7280 0.4006 0.5564
vn 0.5988 0.7841 0.1633
vn 0.8779 -0.1360 0.4592
vn 0.6110 0.6523 0.4486
vn -0.0163 -0.1858 0.9825
vn 0.4022 -0.7302 0.5522
vn 0.1946 -0.3545 0.9146
vn 0.0094 0.9927 0.1199
vn 0.0520 -0.1773 0.9828
vn -0.0093 0.9994 0.0327
vn 0.1067 0.9099 0.4010
vn 0.1578 0.4982 0.8526
vn -0.1985 0.1042 -0.9745
vn -0.1787 0.6980 -0.6934
vn -0.0174 -0.9981 0.0595
vn 0.1653 -0.2885 -0.9431
vn 0.2357 -0.6947 -0.6796
vn -0.1123 0.7305 -0.6736
vn 0.3276 0.3460 -0.8792
vn 0.1273 -0.9881 -0.0862
vn 0.7503 0.0945 -0.6543
vn 0.7721 -0.6238 -0.1213
vn 0.4682 -0.6160 -0.6335
vn 0.4449 0.5560 -0.7021
vn 0.4440 0.5561 -0.7026
vn 0.4437 0.5560 -0.7029
vn 0.9549 -0.2458 0.1669
vn 0.7382 0.6255 0.2525
vn 0.7538 0.6490 -0.1031
vn 0.1123 -0.9927 -0.0429
vn 0.1120 -0.9928 -0.0435
vn 0.1164 -0.9921 -0.0477
vn 0.3305 0.6396 -0.6941
vn 0.9885 -0.1320 -0.0737
vn 0.7686 0.6335 -0.0885
vn 0.1171 -0.9919 -0.0485
vn 0.9548 -0.0346 -0.2952
vn -0.2903 0.7052 -0.6469
vn 0.0831 0.5507 -0.8305
vn 0.1994 0.3846 -0.9013
vn 0.2815 0.6143 -0.7371
vn 0.2142 -0.2637 -0.9405
vn 0.3656 0.4473 0.8163
vn 0.2821 0.0603 0.9575
vn 0.9650 0.2170 -0.1471
vn 0.7989 0.5963 0.0789
vn 0.4784 0.7753 0.4124
vn 0.7043 0.6285 -0.3301
vn -0.9165 0.1029 -0.3866
vn -0.2607 -0.5880 -0.7657
vn -0.5653 -0.0489 -0.8235
vn 0.2979 -0.3201 0.8993
vn 0.0177 0.0790 -0.9967
vn 0.6741 -0.1636 0.7203
vn 0.0902 -0.2116 -0.9732
vn 0.0445 -0.8251 -0.5633
vn 0.9489 -0.1718 -0.2646
vn 0.5438 -0.8245 -0.1567
vn -0.0546 0.9938 0.0967
vn -0.3847 -0.4431 0.8098
vn 0.6159 0.7879 0.0023
vn -0.9134 0.0392 0.4051
vn 0.0155 -0.8874 0.4608
vn -0.8153 0.5784 0.0283
vn -0.4830 -0.3574 -0.7994
vn -0.3380 -0.3687 -0.8659
vn -0.8894 -0.2594 0.3765
vn -0.1419 -0.9783 0.1511
vn -0.0296 -0.8849 -0.4648
vn -0.6707 -0.2029 -0.7134
vn -0.1345 0.9280 -0.3475
vn -0.0566 0.9946 -0.0869
vn -0.3602 0.3195 0.8764
vn 0.0468 0.9891 0.1394
vn 0.0433 0.9836 -0.1753
vn 0.2843 -0.2803 -0.9169
vn 0.0084 -0.6568 0.7540
vn -0.0097 0.9994 0.0325
vn 0.0155 -0.2080 0.9780
vn 0.0123 0.9291 0.3697
vn 0.2032 0.9615 -0.1852
vn 0.1017 -0.9941 0.0376
vn 0.1646 -0.1251 -0.9784
vn 0.1622 0.9796 -0.1185
vn -0.0237 0.9983 -0.0538
vn 0.3452 0.1050 0.9326
vn 0.6350 -0.1358 0.7605
vn 0.2494 -0.0004 0.9684
vn 0.6404 -0.3560 -0.6805
vn 0.7736 0.5229 -0.3579
vn -0.0280 -0.9964 -0.0795
vn -0.1057 -0.9908 -0.0841
vn 0.6442 -0.3951 0.6549
vn -0.0382 0.9964 -0.0754
vn 0.7210 0.3103 0.6195
vn 0.6550 -0.0938 0.7498
vn -0.0140 -0.9682 0.2497
vn -0.1359 0.9695 -0.2038
vn 0.7660 0.5896 -0.2563
vn 0.8133 -0.1470 -0.5630
vn 0.4403 0.6633 -0.6051
vn 0.8933 -0.1822 0.4108
vn 0.9038 -0.3533 0.2415
vn -0.0205 0.9959 -0.0882
vn 0.2821 -0.9550 -0.0913
vn 0.8618 0.4176 -0.2879
vn 0.8600 0.4198 -0.2901
vn 0.8620 0.4170 -0.2881
vn 0.3835 -0.8551 -0.3490
vn 0.0675 -0.9975 0.0201
vn -0.0128 0.9987 0.0488
vn 0.6249 -0.2780 -0.7295
vn 0.1614 0.8948 -0.4162
vn 0.7432 -0.0850 -0.6636
vn 0.1416 0.9843 0.1049
vn 0.0183 0.9991 0.0391
vn 0.9562 -0.2490 0.1536
vn 0.9491 0.0246 -0.3141
vn -0.0020 0.9960 -0.0888
vn -0.0011 0.9933 0.1157
vn 0.7266 0.6392 0.2520
vn 0.9768 -0.0605 -0.2055
vn 0.5848 0.5945 -0.5519
vn 0.0276 -0.0134 0.9995
vn -0.0367 0.0018 -0.9993
vn -0.0245 0.0167 -0.9996
vn 0.0894 0.0201 0.9958
vn -0.2459 0.9668 -0.0689
vn 0.0982 0.0439 0.9942
vn 0.8598 0.4196 -0.2908
vn 0.8961 -0.4173 -0.1514
vn -0.1235 -0.1340 -0.9833
vn 0.1103 0.9469 0.3020
vn 0.9981 0.0146 0.0599
vn 0.0037 0.0391 -0.9992
vn -0.0073 0.1322 -0.9912
vn 0.4433 0.5561 -0.7030
vn -0.1923 0.6462 0.7385
vn -0.6405 0.7431 0.1937
vn 0.0712 0.8326 0.5493
vn 0.2230 0.6457 -0.7303
vn 0.1697 0.7897 0.5895
vn 0.3223 0.7950 -0.5140
vn 0.6334 0.6834 -0.3630
vn 0.1465 0.7139 0.6848
vn 0.5370 0.0430 0.8425
vn 0.5367 0.0434 0.8426
vn 0.5391 0.0426 0.8412
vn 0.4443 -0.8399 0.3116
vn 0.7116 0.6940 0.1090
vn 0.0074 -0.9998 -0.0161
vn 0.5394 0.0428 0.8410
vn 0.5276 0.0536 -0.8478
vn 0.1745 -0.9837 -0.0435
vn 0.6979 0.2698 -0.6635
vn 0.0087 -0.9998 -0.0157
vn 0.9311 -0.0319 0.3633
vn 0.6929 0.7201 0.0352
vn 0.9682 0.2010 -0.1488
vn -0.3185 -0.2831 0.9047
vn -0.0102 -0.7595 0.6505
vn -0.4845 0.7091 0.5122
vn -0.9160 0.0031 0.4013
vn -0.0268 -0.9995 0.0163
vn -0.6581 0.0849 0.7481
vn -0.7711 0.4264 -0.4729
vn -0.8191 0.5455 -0.1776
vn -0.8189 0.5456 -0.1783
vn -0.8207 0.5434 -0.1766
vn -0.8209 0.5429 -0.1770
vn -0.3936 -0.4983 -0.7725
vn -0.1162 0.8795 0.4615
vn -0.3378 -0.8284 0.4468
vn -0.6676 0.1647 0.7260
vn -0.4483 -0.5263 -0.7225
vn -0.3457 -0.2712 -0.8983
vn -0.3246 -0.2863 -0.9015
vn -0.0424 -0.7650 0.6426
vn -0.6408 0.3084 0.7030
vn -0.0973 -0.2139 -0.9720
vn -0.2117 -0.6730 -0.7087
vn -0.0184 0.6408 -0.7675
vn 0.6248 0.6828 0.3786
vn -0.0192 0.7157 -0.6982
vn 0.2082 0.6663 -0.7160
vn 0.5171 0.0591 0.8539
vn 0.1314 -0.2218 -0.9662
vn 0.5263 0.4707 0.7081
vn 0.5939 0.7173 0.3643
vn 0.3121 -0.8581 0.4077
vn 0.4661 -0.7188 0.5158
vn 0.4285 0.8636 0.2659
vn 0.4299 -0.0739 -0.8999
vn 0.3745 0.7868 -0.4905
vn 0.2503 0.6669 -0.7019
vn 0.2784 -0.5515 -0.7863
vn 0.4296 -0.7823 0.4511
vn 0.8190 -0.4412 0.3669
vn 0.7894 0.0781 -0.6089
vn 0.9473 0.3197 -0.0208
vn 0.7745 -0.4133 0.4789
vn 0.6886 0.6167 0.3814
vn 0.7310 0.6282 -0.2664
vn 0.4890 0.8367 -0.2465
vn 0.8711 -0.2100 -0.4440
vn 0.7247 -0.6074 -0.3253
vn 0.4375 0.8549 -0.2787
vn 0.4446 0.4632 0.7667
vn 0.5983 0.8008 -0.0287
vn -0.1871 0.5851 -0.7891
vn -0.8746 0.0667 0.4802
vn -0.1671 -0.9629 0.2120
vn -0.5520 0.6295 0.5469
vn -0.4941 0.0054 0.8694
vn -0.7144 0.2642 0.6480
vn -0.6852 0.7194 0.1141
vn -0.7053 -0.1875 0.6837
vn -0.9566 0.2188 0.1925
vn -0.0039 -0.9997 0.0236
vn -0.0031 -0.9999 0.0147
vn -0.0038 -0.9997 0.0224
vn -0.7075 0.6951 0.1280
vn -0.7634 0.6295 -0.1447
vn -0.7938 -0.0955 -0.6007
vn -0.0030 -0.9999 0.0131
vn -0.9472 -0.3164 0.0516
vn -0.9527 0.2687 0.1421
vn -0.9798 -0.0343 0.1969
vn -0.9839 0.1496 0.0980
vn -0.9810 -0.0021 0.1940
vn -0.8796 0.1455 0.4530
vn -0.6694 0.6569 0.3468
vn -0.8961 -0.2034 0.3946
vn -0.9477 0.1269 0.2928
vn -0.8177 0.5034 -0.2794
vn 0.6774 0.7282 0.1045
vn -0.9613 0.1914 -0.1981
vn -0.9849 -0.0947 -0.1447
vn -0.7398 0.0260 0.6724
vn -0.7686 -0.1871 0.6118
vn -0.7352 -0.0074 0.6778
vn -0.7075 0.1157 0.6972
vn -0.6622 0.1889 0.7252
vn -0.5927 -0.1407 0.7931
vn -0.5973 0.5130 0.6165
vn -0.6071 -0.1635 0.7776
vn -0.8318 0.0894 0.5478
vn -0.5113 0.0321 0.8588
vn -0.7823 -0.4380 0.4428
vn -0.5172 0.5533 0.6529
vn -0.8048 -0.5934 0.0094
vn -0.8954 0.3463 -0.2797
vn -0.7594 0.2722 0.5909
vn -0.7895 0.2552 0.5582
vn -0.9863 -0.0174 0.1642
vn -0.8491 -0.5193 0.0964
vn -0.9947 0.0779 0.0674
vn -0.3851 -0.9187 -0.0871
vn -0.9202 -0.0584 -0.3870
vn -0.9157 -0.2089 0.3433
vn -0.9494 0.2584 0.1783
vn -0.8764 -0.1192 0.4666
vn 0.8920 0.3389 0.2991
vn 0.8527 0.3143 0.4174
vn 0.4467 0.2249 0.8660
vn -0.6534 -0.7140 0.2518
vn -0.6582 -0.1191 0.7434
vn -0.8860 -0.1002 0.4526
vn -0.4612 -0.8860 -0.0466
vn -0.1135 0.9825 0.1475
vn -0.7012 -0.4875 0.5202
vn -0.1093 0.9922 0.0592
vn 0.4630 0.2478 0.8510
vn -0.5304 -0.1249 0.8385
vn -0.8706 0.0684 -0.4872
vn -0.6452 0.7036 0.2978
vn -0.4321 -0.8365 0.3370
vn -0.7306 0.3070 -0.6099
vn -0.0702 -0.9952 -0.0687
vn -0.7164 -0.1028 -0.6901
vn -0.6272 -0.5686 -0.5323
vn -0.2253 0.9551 -0.1925
vn -0.2659 0.9366 -0.2282
vn 0.4984 0.7505 0.4339
vn -0.7219 0.0217 -0.6916
vn -0.5859 0.0867 -0.8057
vn 0.0057 -0.9955 -0.0948
vn -0.8762 0.3805 -0.2958
vn -0.6260 -0.3523 -0.6957
vn -0.4309 0.3052 -0.8492
vn -0.3545 -0.9065 -0.2293
vn 0.2249 0.9294 0.2926
vn -0.6325 0.3250 -0.7030
vn -0.6598 0.0241 -0.7511
vn -0.7604 -0.0043 -0.6494
vn -0.2800 -0.9060 -0.3175
vn -0.8735 0.3878 -0.2943
vn -0.8769 0.3824 -0.2913
vn -0.8765 0.3827 -0.2919
vn -0.1318 0.7315 0.6690
vn -0.2774 0.6776 0.6812
vn -0.1971 0.1765 0.9644
vn 0.0447 0.0354 0.9984
vn 0.3110 0.5839 0.7499
vn 0.5587 0.0991 0.8234
vn 0.3146 -0.9083 0.2756
vn 0.5849 0.6030 0.5424
vn 0.7255 0.6346 0.2664
vn 0.8938 0.1181 0.4326
vn 0.7069 0.6476 0.2845
vn 0.9176 0.0502 0.3943
vn -0.6498 -0.4625 0.6032
vn -0.4059 -0.2644 0.8748
vn -0.4136 0.3244 0.8507
vn -0.5747 0.6311 0.5210
vn -0.6885 -0.1665 0.7059
vn -0.8732 0.3884 -0.2942
vn -0.2614 -0.7588 0.5966
vn -0.0492 0.5100 0.8588
vn -0.1829 -0.5031 0.8447
vn -0.8126 -0.2484 0.5272
vn -0.3844 -0.6695 0.6356
vn -0.4282 -0.2784 0.8597
vn 0.1956 -0.7626 0.6166
vn 0.2583 0.2682 0.9281
vn -0.3351 -0.6619 0.6705
vn 0.0552 0.7537 0.6549
vn -0.1590 -0.9067 0.3906
vn 0.4837 -0.7092 0.5129
vn 0.1226 0.9241 0.3619
vn -0.1356 -0.6091 0.7814
vn 0.6387 0.0717 0.7661
vn 0.6092 -0.6229 0.4908
vn 0.5989 -0.6254 0.5002
vn 0.6746 0.5434 0.4996
vn 0.2566 0.5136 0.8188
vn -0.6525 0.7408 -0.1594
vn 0.0140 -0.9998 -0.0137
vn -0.2385 0.8331 -0.4991
vn 0.0684 0.0807 -0.9944
vn -0.1438 0.6703 -0.7281
vn 0.1925 0.8311 -0.5217
vn 0.4650 0.4876 -0.7389
vn 0.2318 0.2014 -0.9517
vn 0.5357 0.0449 -0.8432
vn 0.7050 0.6513 -0.2806
vn 0.7454 0.2032 -0.6349
vn 0.8391 0.5017 -0.2102
vn 0.5740 0.8184 0.0266
vn -0.0081 -0.9990 -0.0439
vn 0.9605 0.2765 -0.0322
vn 0.9126 -0.0421 -0.4067
vn -0.5166 -0.8559 -0.0229
vn -0.9646 -0.2135 -0.1550
vn -0.7253 -0.6605 0.1940
vn -0.8522 0.0813 0.5169
vn -0.7852 0.5530 -0.2789
vn -0.5572 0.7696 -0.3118
vn -0.6603 -0.6450 -0.3848
vn -0.5133 0.8426 0.1630
vn -0.2981 -0.9543 -0.0200
vn -0.2797 -0.3444 -0.8962
vn -0.7530 -0.5588 -0.3476
vn -0.4190 -0.7950 -0.4386
vn -0.6820 -0.3035 -0.6654
vn -0.6461 -0.7622 0.0399
vn -0.8736 0.1350 -0.4675
vn -0.4183 -0.7952 -0.4389
vn -0.1491 0.1990 -0.9686
vn -0.1135 -0.8609 -0.4959
vn -0.3714 0.5677 -0.7347
vn -0.1537 -0.6626 -0.7331
vn 0.1440 -0.3812 -0.9132
vn 0.1442 -0.3824 -0.9127
vn 0.1460 -0.3871 -0.9104
vn -0.2511 0.2515 -0.9347
vn 0.1020 -0.7908 -0.6035
vn -0.0736 0.1878 -0.9794
vn -0.1545 0.6456 -0.7478
vn 0.0998 -0.6501 -0.7533
vn 0.0537 -0.6528 -0.7556
vn -0.1714 0.6325 -0.7553
vn 0.7711 -0.0303 -0.6360
vn 0.1098 -0.9904 -0.0843
vn 0.1803 -0.9170 -0.3557
vn 0.5020 0.0725 -0.8618
vn 0.1467 -0.3886 -0.9096
vn 0.9820 -0.0073 0.1890
vn 0.6880 -0.7163 0.1165
vn 0.4413 0.1313 -0.8877
vn -0.0909 0.8507 -0.5177
vn 0.4152 -0.3601 -0.8355
vn 0.7058 0.7055 -0.0634
vn 0.7986 -0.5879 -0.1289
vn 0.7968 -0.6025 -0.0461
vn 0.7736 -0.5625 -0.2917
vn 0.7705 -0.5661 -0.2930
vn 0.7695 -0.5673 -0.2934
vn 0.7746 -0.5614 -0.2913
vn 0.9612 -0.0927 -0.2596
vn 0.9961 0.0881 0.0032
vn 0.7023 -0.6792 -0.2133
vn 0.6116 0.7628 -0.2100
vn 0.5008 0.8613 -0.0856
vn 0.7915 0.5348 -0.2960
vn -0.1357 0.1088 0.9848
vn -0.1037 0.4293 0.8972
vn -0.1595 0.1892 0.9689
vn -0.2237 -0.4601 0.8592
vn 0.0107 -0.9999 -0.0074
vn -0.0083 -0.9797 0.2005
vn -0.0519 -0.1612 0.9856
vn -0.0105 -0.9999 0.0102
vn -0.0064 -0.9999 0.0096
vn -0.0008 -1.0000 0.0088
vn 0.1698 -0.2093 0.9630
vn 0.2980 0.5049 0.8101
vn 0.0590 -0.9899 0.1289
vn 0.6458 0.0585 0.7613
vn 0.2726 0.4874 0.8295
vn -0.0119 -0.9999 0.0104
vn 0.8840 0.4091 0.2263
vn 0.8867 0.4011 0.2298
vn 0.8844 0.4078 0.2269
vn 0.6924 0.4465 0.5668
vn 0.8449 0.0399 0.5334
vn 0.0984 -0.9901 0.0999
vn 0.8837 0.4100 0.2259
vn 0.9105 0.2749 0.3091
vn 0.8754 -0.4698 0.1137
vn 0.9502 -0.2414 0.1971
vn 0.8764 -0.3683 -0.3104
vn 0.3023 0.0690 0.9507
vn 0.4461 0.1011 0.8893
vn 0.6979 0.4225 0.5782
vn 0.8809 -0.4683 0.0683
vn 0.9244 -0.2922 -0.2451
vn 0.9796 0.0762 0.1861
vn 0.9540 0.0591 -0.2940
vn -0.6842 -0.1261 0.7183
vn -0.8607 0.0798 -0.5028
vn -0.8968 0.3522 -0.2676
vn 0.9865 0.1635 -0.0019
vn 0.9811 0.1881 -0.0452
vn 0.5414 0.6112 -0.5774
vn -0.4434 0.0455 0.8952
vn -0.0300 0.9949 -0.0964
vn 0.3474 0.9280 0.1348
vn -0.3436 -0.0610 0.9371
vn 0.0516 0.9223 0.3830
vn 0.4094 0.4480 -0.7948
vn -0.0580 0.0826 0.9949
vn 0.0091 -0.0799 -0.9968
vn -0.1234 0.8861 -0.4468
vn -0.0138 -0.4591 0.8883
vn -0.0795 0.9968 -0.0062
vn 0.1007 -0.3917 0.9146
vn 0.4246 -0.0161 0.9052
vn -0.9531 0.2898 -0.0873
vn 0.5218 0.3277 0.7876
vn 0.8574 0.2041 -0.4725
vn -0.2251 0.4787 -0.8486
vn 0.7562 -0.3351 0.5620
vn 0.4616 -0.0247 0.8867
vn 0.5955 0.1744 0.7842
vn 0.6808 -0.2263 0.6967
vn 0.7038 -0.0506 0.7086
vn 0.3414 -0.8792 0.3325
vn 0.7122 0.0564 0.6997
vn -0.3691 0.3610 0.8564
vn -0.4840 0.1675 0.8589
vn 0.4954 -0.2152 0.8416
vn 0.1854 0.9739 0.1312
vn 0.8396 -0.2442 -0.4852
vn 0.4579 -0.8355 -0.3037
vn 0.1295 0.9893 -0.0678
vn 0.9530 0.1082 0.2830
vn 0.9919 -0.0957 -0.0832
vn 0.9504 -0.2026 0.2361
vn 0.9584 -0.2367 0.1595
vn 0.9655 -0.0510 -0.2554
vn 0.9914 0.0583 -0.1168
vn 0.9403 -0.0847 -0.3297
vn -0.5187 0.8419 0.1491
vn -0.2171 -0.1778 -0.9598
vn 0.0662 0.0995 -0.9928
vn -0.5551 0.2498 -0.7934
vn -0.5544 0.2510 -0.7935
vn -0.5554 0.2494 -0.7933
vn 0.1920 0.0439 -0.9804
vn 0.3197 0.3390 -0.8848
vn 0.2229 -0.2250 -0.9485
vn 0.1574 0.2227 -0.9621
vn 0.5476 0.4379 -0.7130
vn 0.0975 -0.9918 -0.0827
vn 0.7037 0.5411 -0.4605
vn 0.4436 0.0655 -0.8938
vn 0.4627 0.3825 -0.7997
vn 0.1396 0.9871 -0.0785
vn 0.4115 0.4281 -0.8046
vn 0.8374 0.2441 -0.4891
vn 0.0620 -0.9953 -0.0747
vn 0.1740 -0.9776 -0.1181
vn 0.8441 0.4561 -0.2820
vn -0.4764 0.0761 -0.8759
vn -0.5542 0.2513 -0.7935
vn -0.2876 0.1576 -0.9447
vn 0.2096 0.1409 -0.9676
vn 0.3793 0.2977 -0.8761
vn 0.1150 0.0997 -0.9883
vn 0.7007 -0.1778 -0.6909
vn 0.6929 0.0760 -0.7170
vn 0.3545 0.2733 -0.8942
vn -0.3935 0.8993 0.1909
vn -0.5301 0.0628 -0.8456
vn -0.8574 0.2632 0.4422
vn -0.7960 0.3738 0.4761
vn -0.4491 0.3209 -0.8339
vn -0.0411 0.9980 -0.0481
vn -0.4785 -0.8251 -0.3006
vn -0.5437 -0.1076 -0.8324
vn -0.5421 -0.1112 -0.8329
vn -0.5421 -0.1113 -0.8329
vn -0.4021 -0.0215 -0.9154
vn -0.3983 -0.0222 -0.9170
vn -0.3635 -0.4079 -0.8375
vn -0.3635 -0.4080 -0.8375
vn -0.3978 -0.1057 -0.9114
vn 0.2696 -0.8948 -0.3559
vn 0.2325 -0.6324 -0.7389
vn -0.1419 0.1757 -0.9742
vn -0.4171 0.3749 -0.8279
vn 0.1204 -0.6848 -0.7187
vn 0.2509 -0.2406 -0.9376
vn 0.7990 0.2892 0.5273
vn 0.4234 -0.1459 -0.8941
vn 0.6267 0.4566 -0.6315
vn 0.5906 0.0515 -0.8053
vn 0.0587 -0.9110 0.4083
vn 0.1226 0.0822 -0.9890
vn 0.0053 0.9997 0.0226
vn 0.2098 -0.8716 -0.4431
vn 0.0658 -0.9976 -0.0228
vn 0.5889 -0.0872 -0.8035
vn 0.1967 0.0121 -0.9804
vn 0.6243 -0.0830 -0.7768
vn 0.7058 0.3786 0.5988
vn 0.7066 0.3756 0.5997
vn 0.7061 0.3772 0.5993
vn 0.4646 -0.8267 -0.3173
vn 0.6792 -0.2155 -0.7016
vn 0.6627 -0.2275 -0.7135
vn 0.7056 0.3787 0.5989
vn -0.8655 0.4254 -0.2645
vn 0.6988 0.0306 -0.7147
vn -0.4650 0.3115 -0.8287
vn 0.8225 -0.0995 -0.5599
vn 0.8544 -0.0444 -0.5177
vn -0.7618 -0.0037 0.6478
vn -0.4878 0.7734 0.4049
vn -0.4877 0.7734 0.4049
vn -0.4877 0.7734 0.4050
vn -0.7591 0.0751 0.6466
vn -0.6601 0.6547 0.3683
vn -0.7634 -0.0062 0.6459
vn -0.7606 0.0110 0.6492
vn -0.2391 -0.0039 0.9710
vn -0.4076 0.6484 0.6430
vn -0.5626 0.7902 0.2431
vn 0.1082 -0.9938 -0.0257
vn 0.0003 -0.9999 0.0139
vn 0.0038 -0.9997 0.0246
vn 0.0040 -0.9997 0.0250
vn -0.0879 0.0870 0.9923
vn -0.8599 -0.4409 0.2573
vn -0.5682 -0.6436 0.5127
vn -0.8518 0.3555 0.3847
vn -0.6055 0.3344 0.7222
vn -0.5795 -0.7029 0.4125
vn -0.6335 -0.5152 0.5773
vn -0.5367 -0.8438 -0.0001
vn -0.9001 0.4341 0.0386
vn -0.3041 0.6454 0.7007
vn -0.1210 0.9277 0.3532
vn -0.1811 0.5156 0.8375
vn -0.0206 -0.8769 0.4802
vn -0.5915 0.5604 0.5797
vn 0.0393 -0.8187 0.5729
vn -0.5026 -0.2258 0.8345
vn 0.2672 0.8087 0.5240
vn 0.0565 0.2773 0.9591
vn 0.0819 0.0820 0.9933
vn -0.9992 0.0380 0.0153
vn 0.0111 -0.9950 -0.0996
vn -0.6967 0.7087 -0.1108
vn -0.3911 0.9021 -0.1827
vn -0.8004 0.5048 -0.3232
vn -0.6106 0.7675 -0.1954
vn -0.3415 0.7063 -0.6201
vn -0.1691 0.7327 -0.6592
vn -0.4703 0.6504 -0.5965
vn -0.2284 0.8320 -0.5056
vn -0.0376 0.6514 -0.7578
vn -0.6326 0.7580 0.1590
vn -0.8334 0.5402 0.1166
vn -0.8542 -0.5151 0.0714
vn -0.3042 0.9374 -0.1696
vn -0.8639 0.0875 -0.4960
vn -0.4973 0.8575 -0.1319
vn -0.6814 0.3533 -0.6410
vn -0.7088 -0.6719 0.2147
vn -0.9109 0.0213 0.4120
vn -0.2928 -0.8185 -0.4943
vn -0.6550 -0.2890 -0.6982
vn -0.8491 0.1303 -0.5119
vn -0.3396 0.7167 -0.6091
vn -0.3935 0.7786 -0.4888
vn -0.2960 0.0243 -0.9549
vn -0.0436 -0.5437 -0.8381
vn -0.1616 0.5556 -0.8156
vn -0.2044 -0.8395 -0.5034
vn 0.0056 -0.5460 -0.8377
vn -0.0694 0.0686 -0.9952
vn 0.1638 0.0541 -0.9850
vn -0.3142 0.6480 0.6938
vn -0.4795 -0.8465 -0.2312
vn -0.4867 -0.8439 -0.2256
vn -0.0236 0.9206 0.3899
vn 0.9627 0.1797 0.2024
vn 0.0504 -0.9983 -0.0289
vn 0.9619 0.2524 -0.1051
vn 0.0699 -0.9974 -0.0148
vn 0.2406 -0.9660 -0.0948
vn -0.9505 0.2967 0.0928
vn -0.5495 -0.8284 0.1085
vn -0.8413 -0.5306 -0.1029
vn -0.7286 0.6844 0.0283
vn -0.7193 0.6946 -0.0123
vn -0.9493 -0.0615 0.3083
vn -0.7912 0.4156 0.4485
vn -0.1728 -0.9831 0.0602
vn -0.6753 0.6924 -0.2542
vn -0.7244 0.1388 0.6753
vn -0.7309 0.1731 0.6602
vn -0.5602 -0.5923 0.5791
vn -0.5123 0.7941 0.3271
vn -0.5143 0.7889 0.3364
vn -0.5142 0.7888 0.3367
vn -0.5120 0.7948 0.3258
vn -0.0693 -0.9962 0.0521
vn -0.0721 -0.9960 0.0536
vn -0.0698 -0.9962 0.0524
vn -0.4670 -0.6758 0.5702
vn -0.4669 -0.6759 0.5702
vn -0.4710 -0.6745 0.5685
vn -0.1568 0.8231 0.5458
vn -0.4669 -0.6749 0.5714
vn -0.2041 0.1749 0.9632
vn -0.2916 -0.3477 0.8911
vn -0.3881 0.1537 0.9087
vn -0.0723 -0.9960 0.0534
vn -0.1985 0.1221 0.9725
vn 0.0817 -0.9937 -0.0767
vn 0.2155 0.6892 0.6918
vn -0.4886 0.8653 0.1124
vn -0.7173 0.6919 -0.0824
vn -0.5154 0.7987 0.3106
vn -0.6025 0.7927 -0.0934
vn -0.6310 -0.7208 0.2869
vn -0.7384 0.3772 0.5590
vn -0.4082 0.9042 0.1260
vn -0.9522 0.2924 0.0881
vn -0.9944 0.0637 -0.0847
vn -0.8235 -0.3256 0.4646
vn -0.9060 -0.3976 0.1454
vn -0.2804 0.9562 0.0845
vn 0.0262 0.9993 -0.0282
vn 0.0284 0.9825 0.1840
vn -0.1530 -0.6845 0.7127
vn 0.0780 -0.2294 0.9702
vn -0.1400 -0.6761 0.7234
vn -0.3352 0.3316 0.8819
vn -0.2791 0.0814 0.9568
vn -0.6293 -0.4816 0.6099
vn -0.6055 -0.4401 0.6631
vn 0.0766 0.6022 0.7947
vn -0.9555 0.1133 -0.2725
vn -0.9598 0.2794 0.0284
vn -0.7946 0.2469 0.5547
vn -0.6297 -0.7492 0.2056
vn -0.9981 -0.0383 0.0486
vn -0.9424 -0.3343 0.0129
vn -0.6052 -0.7606 -0.2352
vn -0.7169 0.5651 -0.4083
vn -0.7189 0.5429 -0.4341
vn -0.8609 0.4561 0.2252
vn -0.6510 -0.6652 0.3657
vn 0.0595 0.7165 0.6950
vn -0.0279 0.5835 0.8116
vn -0.3853 0.7215 -0.5752
vn -0.6631 -0.0111 0.7485
vn -0.0300 0.4109 0.9112
vn -0.8223 0.3293 -0.4641
vn -0.1062 -0.9939 -0.0312
vn -0.8124 0.1844 -0.5532
vn -0.0013 -1.0000 -0.0098
vn -0.6261 0.2925 -0.7228
vn -0.5670 -0.0285 -0.8232
vn -0.2243 0.5209 -0.8236
vn -0.4355 0.6149 -0.6575
vn 0.0869 0.1798 -0.9799
vn -0.2507 0.8806 -0.4021
vn -0.3545 0.7612 -0.5431
vn -0.3540 0.7608 -0.5440
vn -0.2829 0.8683 -0.4074
vn -0.0880 -0.5285 -0.8444
vn -0.8794 -0.1754 -0.4426
vn -0.8710 0.0239 -0.4906
vn -0.7946 -0.0929 -0.6000
vn -0.4606 -0.6086 -0.6461
vn -0.3684 -0.1371 -0.9195
vn 0.2989 -0.7763 -0.5549
vn 0.5720 -0.3636 -0.7352
vn 0.1803 -0.3589 -0.9158
vn -0.7294 0.2727 -0.6273
vn -0.7292 0.2726 -0.6276
vn -0.7295 0.2720 -0.6276
vn -0.7298 0.2713 -0.6275
vn 0.3036 0.0595 -0.9509
vn 0.0872 0.8221 0.5626
vn 0.4731 0.1200 0.8728
vn 0.2924 0.9151 0.2775
vn 0.3516 0.3530 0.8670
vn 0.7202 0.6667 0.1917
vn 0.8015 0.5463 0.2431
vn 0.8476 0.0191 0.5302
vn 0.1381 -0.9899 0.0315
vn 0.1376 -0.9900 0.0314
vn 0.1387 -0.9898 0.0315
vn 0.8743 0.1065 0.4736
vn 0.4273 0.8346 0.3477
vn 0.8563 0.0298 0.5157
vn 0.1370 -0.9901 0.0313
vn 0.6948 0.6662 -0.2709
vn 0.4521 -0.2423 0.8584
vn 0.0630 0.0794 0.9949
vn 0.4653 -0.3061 0.8306
vn 0.6857 0.2607 0.6796
vn 0.1055 0.9560 0.2738
vn 0.1071 -0.8274 0.5512
vn 0.7086 -0.6615 0.2456
vn 0.7051 -0.6626 0.2527
vn 0.7055 -0.6625 0.2517
vn 0.0893 -0.7681 0.6341
vn 0.5953 -0.7970 0.1021
vn 0.8875 0.4341 0.1547
vn 0.5947 0.3060 0.7434
vn 0.6499 0.3334 0.6830
vn 0.6727 -0.7322 0.1067
vn 0.7093 -0.6607 0.2458
vn 0.7391 0.6468 0.1880
vn 0.3672 0.5017 -0.7832
vn 0.7047 0.7061 0.0697
vn 0.0002 -0.9999 0.0133
vn 0.3036 0.7871 -0.5369
vn 0.4101 0.0896 -0.9076
vn 0.8633 0.4618 -0.2034
vn 0.6679 0.2425 -0.7036
vn 0.5615 0.5747 -0.5953
vn 0.0507 -0.6839 -0.7279
vn 0.6833 0.7048 0.1906
vn 0.9390 0.0942 0.3308
vn 0.3060 0.8444 -0.4398
vn 0.8311 -0.0829 0.5499
vn 0.5644 -0.1389 -0.8138
vn 0.4921 -0.7296 -0.4749
vn 0.8223 -0.2793 -0.4957
vn 0.4402 -0.6808 -0.5854
vn 0.3612 0.8106 -0.4610
vn 0.8756 -0.4610 0.1446
vn 0.9653 -0.1750 -0.1939
vn 0.3994 -0.9090 0.1188
vn 0.7485 0.6376 0.1821
vn 0.6762 -0.6612 -0.3250
vn 0.9619 0.2424 0.1262
vn 0.6535 0.3723 -0.6590
vn 0.5574 -0.4884 -0.6715
vn 0.3153 -0.6992 0.6417
vn 0.2784 -0.1332 0.9512
vn 0.5651 0.4353 -0.7009
vn 0.2641 -0.4917 0.8297
vn 0.5000 0.5438 0.6740
vn 0.4876 0.6364 0.5977
vn 0.4860 0.6311 0.6046
vn 0.4862 0.6324 0.6031
vn 0.5769 0.2266 0.7848
vn 0.4883 0.6376 0.5958
vn 0.8031 0.2310 0.5493
vn 0.9442 -0.2423 0.2231
vn 0.9404 0.3327 0.0704
vn 0.9453 0.3184 0.0703
vn 0.6622 0.7460 -0.0709
vn 0.6812 0.7240 0.1083
vn 0.6057 0.7953 -0.0235
vn 0.6835 -0.7264 -0.0723
vn 0.7190 0.6358 -0.2806
vn 0.9198 0.3157 0.2333
vn 0.9456 0.3183 0.0668
vn 0.8424 -0.3050 -0.4442
vn -0.9733 -0.1414 0.1808
vn -0.7414 -0.6710 0.0062
vn -0.9333 -0.0031 -0.3591
vn -0.8747 -0.1884 0.4465
vn -0.7249 0.6543 0.2155
vn 0.4945 0.4907 0.7174
vn 0.1034 0.4138 0.9045
vn 0.6098 -0.1682 0.7745
vn 0.7558 0.4845 0.4405
vn 0.2475 0.9169 0.3132
vn 0.9109 0.0306 0.4116
vn 0.9057 0.2709 0.3260
vn 0.6915 -0.5335 0.4870
vn 0.6915 -0.5334 0.4871
vn 0.6916 -0.5336 0.4869
vn 0.5228 0.7524 0.4006
vn 0.9173 0.2655 0.2967
vn 0.9846 0.0616 -0.1638
vn 0.9177 -0.3005 -0.2599
vn 0.9800 -0.1177 -0.1605
vn 0.4072 0.8640 0.2962
vn 0.6915 -0.5334 0.4872
vn 0.9520 0.2900 -0.0982
vn 0.6945 0.7144 -0.0856
vn 0.6946 0.7143 -0.0860
vn 0.6947 0.7142 -0.0863
vn 0.6947 0.7140 -0.0866
vn 0.6631 -0.7264 -0.1805
vn 0.2958 0.6253 0.7222
vn 0.7400 0.4430 0.5061
vn 0.8312 0.5256 -0.1813
vn 0.8807 -0.3738 0.2909
vn 0.9866 -0.1573 -0.0443
vn 0.6016 0.6045 -0.5222
vn 0.8984 0.1554 -0.4108
vn 0.8829 0.2198 0.4150
vn 0.9224 -0.3011 0.2417
vn 0.9833 0.0972 -0.1538
vn -0.0576 0.9222 -0.3825
vn 0.0043 -0.9993 0.0366
vn 0.3959 -0.5963 -0.6983
vn 0.4005 -0.5928 -0.6987
vn 0.3972 -0.5953 -0.6984
vn 0.2224 0.3080 -0.9250
vn 0.0493 0.1710 -0.9840
vn 0.3211 -0.7071 -0.6300
vn 0.2358 0.7747 -0.5868
vn 0.4051 -0.5892 -0.6991
vn 0.6653 0.5753 -0.4759
vn 0.8069 0.0664 -0.5870
vn -0.6810 0.4320 -0.5914
vn 0.7327 -0.3053 -0.6082
vn -0.0000 0.2966 0.9550
vn -0.0459 0.9892 0.1391
vn 0.4431 0.4096 -0.7974
vn 0.3245 -0.7556 -0.5690
vn 0.9043 0.0921 -0.4168
vn -0.7087 0.6754 0.2040
vn -0.3826 0.9043 0.1891
vn -0.6157 -0.0849 0.7834
vn -0.3727 0.0755 0.9249
vn -0.3564 0.8686 0.3442
vn -0.0585 -0.9983 0.0070
vn -0.3224 0.7096 0.6265
vn -0.1676 0.7725 0.6125
vn 0.3793 0.4197 0.8246
vn 0.0089 0.8138 0.5810
vn -0.4041 0.5316 0.7444
vn 0.4279 0.6404 0.6378
vn 0.4590 0.0352 0.8877
vn 0.4342 0.5251 0.7320
vn 0.3701 -0.8348 0.4076
vn 0.6863 0.7189 0.1104
vn 0.8029 0.0722 0.5917
vn 0.4030 0.5653 0.7198
vn -0.9633 -0.1684 0.2093
vn -0.8295 -0.5254 0.1893
vn -0.4675 0.7215 0.5108
vn -0.7217 0.6593 0.2107
vn -0.5788 -0.7894 0.2045
vn 0.0067 0.9153 0.4026
vn -0.4400 0.2788 0.8536
vn -0.4443 -0.7616 0.4718
vn -0.2708 -0.8703 0.4115
vn -0.2003 0.9523 0.2304
vn -0.3628 -0.7532 0.5486
vn -0.1537 0.2991 0.9418
vn -0.8495 0.3570 0.3885
vn -0.1617 -0.6902 0.7053
vn -0.1835 -0.9264 0.3289
vn 0.1704 0.8076 0.5645
vn -0.0164 -0.3558 0.9344
vn 0.1797 0.7553 0.6303
vn 0.2796 0.4391 0.8538
vn 0.3257 0.0087 0.9454
vn 0.6209 0.7078 0.3368
vn 0.3147 -0.7576 0.5719
vn 0.2916 0.9066 0.3052
vn 0.2931 -0.7174 0.6320
vn 0.9343 0.0835 0.3467
vn 0.4892 -0.8718 0.0256
vn 0.5829 0.1053 0.8057
vn 0.5895 0.7759 0.2248
vn 0.7348 -0.5319 0.4210
vn 0.5462 0.7964 0.2596
vn 0.7534 0.5887 0.2930
vn -0.4332 0.8156 0.3834
vn 0.1488 0.8429 0.5171
vn 0.0338 -0.9989 0.0323
vn -0.9233 0.0137 -0.3838
vn -0.9088 0.0469 -0.4146
vn 0.0355 -0.9986 -0.0386
vn -0.3509 0.8247 -0.4435
vn -0.5708 0.1250 -0.8115
vn -0.8334 0.4382 -0.3368
vn -0.7065 -0.0220 -0.7073
vn -0.6564 0.5767 -0.4864
vn -0.3076 0.1948 -0.9314
vn -0.3753 0.4152 -0.8287
vn -0.2469 0.8816 -0.4022
vn -0.0315 -0.9984 0.0473
vn 0.0274 0.3770 -0.9258
vn -0.1115 0.8000 -0.5896
vn -0.0328 0.8214 -0.5695
vn -0.1143 0.4633 -0.8788
vn 0.2574 0.1937 -0.9467
vn 0.2102 0.5269 -0.8235
vn 0.4566 0.7975 -0.3944
vn 0.7183 0.6479 0.2536
vn 0.7462 0.6388 -0.1873
vn -0.4532 0.8870 0.0889
vn -0.9419 -0.2274 0.2471
vn -0.7437 -0.6357 -0.2071
vn -0.5789 -0.7341 -0.3549
vn -0.6438 0.6616 -0.3843
vn -0.6248 0.6967 -0.3523
vn -0.6638 0.7352 -0.1371
vn -0.4324 -0.9010 -0.0342
vn -0.4769 0.8395 -0.2605
vn -0.9745 0.1884 0.1219
vn -0.8121 -0.1301 -0.5688
vn -0.6855 -0.2290 -0.6911
vn -0.6257 0.6805 -0.3815
vn -0.2215 -0.7722 -0.5955
vn -0.3387 -0.0953 -0.9361
vn 0.4279 0.3441 -0.8357
vn -0.1607 -0.7513 -0.6401
vn 0.0242 -0.6396 -0.7683
vn 0.0819 0.4390 -0.8947
vn -0.4912 0.0191 -0.8709
vn -0.2718 -0.0041 -0.9623
vn 0.1356 0.9077 -0.3970
vn -0.0226 -0.2321 -0.9724
vn 0.7091 0.1082 0.6967
vn 0.8627 -0.0131 -0.5056
vn 0.1821 -0.8653 -0.4670
vn 0.0399 -0.9933 -0.1088
vn 0.9428 -0.0512 -0.3295
vn 0.1671 -0.9852 -0.0377
vn 0.2926 -0.9562 -0.0115
vn 0.4447 -0.4847 -0.7532
vn 0.6948 -0.3450 -0.6310
vn 0.3720 -0.9246 0.0822
vn 0.6775 -0.7354 0.0077
vn 0.8056 -0.5821 -0.1103
vn 0.8925 0.3574 -0.2751
vn -0.5845 0.8107 -0.0325
vn -0.3020 0.5624 -0.7697
vn 0.4760 0.8203 -0.3172
vn -0.8605 -0.2137 0.4624
vn -0.4099 -0.8263 0.3862
vn -0.4020 -0.8300 0.3867
vn -0.4077 -0.8274 0.3862
vn -0.8042 0.5694 0.1702
vn -0.5538 -0.4395 0.7072
vn -0.8080 0.1143 0.5780
vn -0.4001 -0.8307 0.3871
vn 0.0986 -0.9933 -0.0604
vn -0.3663 0.2439 0.8980
vn -0.2425 -0.4139 0.8774
vn -0.2286 -0.0886 0.9695
vn 0.0144 -0.9982 -0.0581
vn -0.1984 -0.3624 0.9107
vn -0.0750 0.6248 0.7772
vn -0.0692 -0.6093 0.7899
vn 0.2700 -0.3228 0.9071
vn 0.2661 -0.5196 0.8120
vn 0.3470 -0.5807 0.7365
vn 0.3211 0.7021 0.6355
vn 0.2333 0.7051 0.6696
vn -0.0895 -0.9942 -0.0596
vn -0.0903 -0.9941 -0.0597
vn -0.0898 -0.9942 -0.0599
vn 0.4659 0.5205 0.7155
vn 0.3672 -0.5743 0.7317
vn -0.7230 0.6519 0.2287
vn -0.6150 0.7592 -0.2130
vn -0.6172 0.7550 -0.2214
vn -0.6145 0.7602 -0.2110
vn -0.6658 -0.7335 -0.1370
vn -0.6650 -0.7343 -0.1363
vn -0.6646 -0.7328 -0.1457
vn -0.6177 0.7540 -0.2234
vn -0.6205 0.5918 0.5146
vn -0.6346 -0.4874 0.5998
vn -0.6635 -0.7337 -0.1462
vn -0.8609 0.2577 -0.4387
vn -0.3946 0.7720 0.4983
vn -0.4495 0.6454 0.6176
vn -0.9920 -0.0353 -0.1209
vn -0.9029 -0.1422 -0.4056
vn -0.1507 -0.5982 0.7871
vn -0.1795 0.4990 0.8478
vn -0.9281 -0.1521 0.3398
vn -0.8842 0.2220 0.4111
vn -0.2018 0.7334 0.6492
vn -0.2024 0.7339 0.6485
vn -0.2009 0.7324 0.6505
vn -0.1218 -0.2140 0.9692
vn -0.2027 0.7342 0.6480
vn -0.2352 0.3109 0.9209
vn 0.1502 -0.3044 0.9406
vn 0.1107 0.4185 0.9014
vn 0.3140 0.2539 0.9148
vn 0.8240 -0.0369 -0.5654
vn 0.6433 0.6896 -0.3325
vn 0.8172 -0.3360 0.4683
vn 0.8399 0.2771 0.4666
vn 0.5887 0.2946 0.7527
vn 0.6173 0.7068 -0.3454
vn 0.8224 -0.2821 0.4941
vn 0.6404 0.7616 0.0987
vn 0.9450 -0.3049 -0.1184
vn 0.8700 0.4656 0.1624
vn -0.9282 -0.2450 0.2799
vn -0.9896 -0.1263 0.0695
vn -0.8107 -0.3171 -0.4922
vn -0.7021 0.2049 -0.6820
vn -0.7617 -0.3570 0.5408
vn -0.9092 -0.0739 0.4097
vn -0.8610 0.4089 0.3025
vn -0.8143 -0.5158 0.2661
vn -0.7735 0.5283 -0.3502
vn -0.1635 -0.4392 -0.8834
vn -0.0129 0.7469 0.6648
vn -0.0064 0.7479 0.6638
vn -0.0097 0.7468 0.6650
vn -0.4246 0.7800 0.4597
vn -0.5094 -0.8549 -0.0985
vn -0.3707 -0.9230 -0.1030
vn -0.9649 -0.0588 -0.2559
vn -0.4457 -0.7870 -0.4267
vn -0.6387 -0.0155 0.7693
vn -0.4181 -0.8707 0.2591
vn -0.3823 0.7858 0.4862
vn -0.3511 -0.8271 0.4388
vn -0.1637 -0.1714 -0.9715
vn -0.0127 0.7458 0.6660
vn -0.0897 0.8937 -0.4396
vn -0.4321 0.1137 0.8946
vn -0.4891 -0.5960 0.6368
vn -0.3471 0.6483 0.6777
vn -0.2152 -0.8883 -0.4056
vn -0.1985 -0.9679 -0.1545
vn 0.0359 -0.9161 0.3994
vn -0.0622 -0.9369 0.3440
vn 0.1089 -0.3033 0.9467
vn 0.2866 0.3951 -0.8728
vn -0.0828 0.4365 0.8959
vn 0.1438 -0.4267 0.8929
vn 0.1530 -0.9338 -0.3235
vn 0.2852 0.4911 0.8231
vn 0.2772 0.8238 0.4944
vn -0.0686 0.5643 0.8227
vn -0.4678 0.8827 -0.0441
vn 0.4504 0.1353 0.8825
vn 0.4058 0.5570 0.7247
vn 0.0392 0.5850 0.8101
vn 0.6084 0.0187 0.7934
vn 0.2887 -0.8590 0.4229
vn 0.5924 0.1145 0.7974
vn 0.3292 -0.9074 0.2613
vn 0.9598 -0.1429 0.2417
vn 0.2759 -0.9393 -0.2039
vn 0.5456 0.8365 0.0505
vn 0.7278 -0.4679 0.5013
vn 0.4600 0.6843 0.5658
vn 0.4104 0.9107 0.0456
vn 0.4929 0.7942 -0.3554
vn 0.7194 -0.5992 -0.3514
vn 0.6073 0.4575 -0.6495
vn 0.8492 0.1454 0.5077
vn -0.2261 -0.9606 -0.1617
vn 0.5755 0.8099 0.1133
vn 0.8645 0.4952 -0.0862
vn 0.8200 0.5723 -0.0111
vn 0.7826 0.6225 -0.0023
vn -0.0231 -0.0096 -0.9997
vn 0.7989 -0.5212 -0.3000
vn 0.4788 0.6851 -0.5491
vn 0.6915 0.4936 -0.5274
vn 0.9602 -0.2793 -0.0062
vn 0.9949 0.0994 -0.0153
vn -0.6825 0.4204 -0.5979
vn -0.0492 0.6605 0.7492
vn -0.5164 0.6152 -0.5957
vn -0.0894 -0.5070 -0.8573
vn -0.0891 -0.5066 -0.8576
vn -0.2133 0.2889 0.9333
vn -0.8041 0.4545 0.3832
vn -0.5960 -0.2043 0.7765
vn -0.6879 0.2408 0.6847
vn -0.8718 0.4825 -0.0840
vn -0.7569 -0.4202 -0.5005
vn -0.9662 0.2394 -0.0957
vn -0.3982 0.8559 -0.3299
vn 0.0553 0.6177 0.7845
vn -0.1181 0.6123 0.7817
vn 0.3394 0.3847 0.8584
vn -0.7381 -0.1283 -0.6624
vn -0.3651 0.1620 -0.9168
vn -0.1583 -0.2622 -0.9519
vn -0.5004 0.6224 -0.6019
vn -0.5427 -0.2365 0.8060
vn 0.0224 0.7972 0.6033
vn -0.0899 -0.5076 -0.8569
vn -0.1825 0.6382 0.7479
vn 0.2666 0.7508 -0.6044
vn 0.6999 0.5682 0.4328
vn 0.2916 -0.0584 0.9548
vn 0.6754 0.7190 0.1638
vn 0.4989 -0.2673 -0.8244
vn 0.5121 0.7437 -0.4298
vn 0.8325 0.5246 -0.1782
vn -0.4113 0.6956 -0.5890
vn -0.4121 0.6953 -0.5888
vn -0.4076 0.6968 -0.5901
vn -0.8579 -0.0367 -0.5124
vn -0.4827 -0.6706 -0.5633
vn -0.4836 -0.6700 -0.5632
vn -0.4834 -0.6703 -0.5630
vn -0.4069 0.6970 -0.5905
vn -0.5597 0.5335 -0.6341
vn -0.3240 -0.4347 -0.8403
vn -0.4825 -0.6704 -0.5637
vn -0.3037 0.5461 -0.7807
vn -0.1952 -0.5407 -0.8183
vn -0.0391 -0.9950 0.0918
vn -0.1626 0.6016 -0.7821
vn -0.1890 0.5215 -0.8320
vn -0.0267 -0.9982 0.0530
vn 0.0884 -0.1552 -0.9839
vn 0.0548 -0.4904 -0.8698
vn 0.2207 -0.8936 -0.3910
vn 0.1040 0.5684 -0.8162
vn 0.5383 -0.2430 -0.8069
vn 0.3806 0.6454 -0.6623
vn 0.2472 -0.6009 -0.7601
vn 0.4082 0.5247 -0.7471
vn -0.3040 -0.6036 -0.7370
vn -0.3766 0.5464 -0.7481
vn -0.3144 -0.6311 -0.7091
vn 0.0508 -0.5900 -0.8058
vn 0.2466 0.6025 -0.7591
vn 0.1191 -0.7213 -0.6823
vn 0.5953 0.5475 -0.5880
vn 0.7335 0.3745 -0.5672
vn 0.7666 -0.1800 -0.6164
vn -0.5309 0.4383 -0.7253
vn -0.4790 0.6023 -0.6386
vn -0.2460 0.7320 -0.6354
vn -0.4744 0.4333 -0.7663
vn -0.3743 0.0726 -0.9245
vn -0.1286 0.4289 -0.8942
vn -0.1934 -0.9361 -0.2937
vn -0.1016 0.4666 -0.8786
vn -0.1263 0.5060 -0.8532
vn -0.2251 -0.5889 -0.7762
vn 0.0985 -0.8350 -0.5414
vn 0.0603 0.5928 -0.8031
vn 0.4349 -0.4403 -0.7855
vn 0.5325 0.1529 -0.8325
vn 0.9276 0.1999 0.3155
vn -0.9299 0.2432 0.2759
vn -0.7698 0.5209 0.3688
vn -0.5627 0.6927 0.4513
vn -0.5500 0.5733 0.6073
vn -0.2765 0.7838 0.5561
vn -0.8328 -0.5534 0.0145
vn -0.9202 -0.3913 0.0096
vn -0.7741 0.4963 0.3930
vn 0.6411 -0.7290 -0.2400
vn 0.8825 0.0409 -0.4686
vn -0.9966 0.0792 0.0227
vn -0.9400 0.2172 -0.2630
vn -0.8526 0.0399 -0.5210
vn -0.3157 -0.9459 -0.0753
vn -0.5680 0.8023 -0.1836
vn -0.5042 0.7200 -0.4769
vn -0.4160 0.8575 0.3026
vn -0.7081 0.0475 -0.7046
vn 0.0034 -1.0000 -0.0074
vn -0.8957 -0.4446 -0.0109
vn -0.2251 0.9716 -0.0734
vn -0.7367 0.5491 -0.3946
vn -0.9608 0.0079 -0.2771
vn -0.9062 0.4229 -0.0024
vn -0.6475 0.6479 -0.4012
vn -0.3275 0.8944 -0.3045
vn -0.4398 -0.4288 -0.7891
vn 0.7014 -0.1437 0.6981
vn 0.6133 0.7494 0.2496
vn -0.0883 -0.9940 -0.0642
vn 0.6326 -0.3255 0.7028
vn 0.6774 0.1404 0.7221
vn 0.6899 0.5891 0.4206
vn 0.7159 -0.5851 -0.3810
vn 0.5613 0.7654 -0.3149
vn 0.7684 -0.3280 -0.5495
vn -0.9754 0.0961 0.1983
vn -0.9740 0.1192 0.1928
vn -0.8079 -0.5866 0.0561
vn -0.4678 0.8103 0.3528
vn -0.6619 -0.7152 -0.2242
vn -0.5565 0.1037 0.8244
vn -0.7439 0.1469 0.6519
vn -0.5882 0.6238 0.5146
vn -0.5860 0.6264 0.5141
vn -0.5865 0.6257 0.5143
vn -0.6689 -0.5905 0.4515
vn -0.5889 0.6232 0.5146
vn -0.6360 -0.2728 0.7218
vn -0.2767 -0.9500 0.1448
vn 0.0094 -0.9992 0.0389
vn -0.4320 -0.1239 0.8933
vn -0.2340 -0.7093 0.6650
vn -0.4454 -0.0176 0.8951
vn -0.2587 0.6221 0.7390
vn -0.9827 -0.0652 -0.1732
vn -0.6884 0.7169 -0.1103
vn -0.7275 0.6733 0.1320
vn -0.9280 0.2524 -0.2742
vn -0.6278 0.5310 0.5691
vn -0.8566 0.1763 0.4849
vn -0.9483 0.2228 -0.2261
vn 0.2803 0.4869 0.8272
vn -0.5989 -0.7966 -0.0817
vn -0.9783 0.0538 -0.2001
vn -0.9786 0.0529 -0.1991
vn -0.9774 0.0571 -0.2033
vn -0.6728 -0.7257 -0.1441
vn -0.6705 -0.7286 -0.1401
vn -0.6696 -0.7297 -0.1384
vn -0.9499 -0.3058 -0.0651
vn -0.9979 0.0078 -0.0647
vn -0.9494 -0.1487 0.2765
vn -0.4298 -0.1344 -0.8929
vn -0.9772 0.0581 -0.2042
vn -0.7776 -0.1293 0.6153
vn -0.8250 -0.5444 0.1514
vn -0.9274 -0.2334 -0.2923
vn -0.4471 0.8169 0.3645
vn -0.7193 0.4946 0.4878
vn -0.9618 -0.2658 0.0660
vn -0.0497 0.9988 -0.0046
vn -0.6523 -0.7565 0.0469
vn -0.3288 0.9326 0.1489
vn -0.7304 -0.3102 -0.6085
vn -0.3002 0.8890 -0.3459
vn -0.2996 0.8907 -0.3420
vn -0.3003 0.8886 -0.3467
vn -0.6718 0.4976 0.5487
vn 0.0024 1.0000 -0.0064
vn -0.8317 -0.4472 -0.3291
vn -0.8770 -0.3203 -0.3582
vn -0.9263 -0.1341 -0.3522
vn -0.0113 -0.9992 -0.0378
vn 0.0015 -0.9998 -0.0197
vn 0.0287 -0.9990 0.0348
vn -0.0440 0.9990 -0.0052
vn -0.6566 -0.3332 0.6766
vn 0.0517 -0.9944 -0.0924
vn -0.6498 0.2547 0.7162
vn -0.8276 0.4900 0.2737
vn 0.0142 -0.9990 0.0417
vn -0.1898 -0.3956 -0.8986
vn -0.9151 0.0859 -0.3940
vn 0.2497 0.9622 -0.1083
vn -0.0245 0.0869 -0.9959
vn 0.7986 0.0370 -0.6007
vn 0.7637 0.5270 -0.3728
vn 0.8383 -0.5094 -0.1942
vn -0.7427 0.6187 -0.2560
vn -0.5152 0.6485 -0.5604
vn -0.7235 -0.5923 -0.3547
vn -0.8918 -0.1158 -0.4374
vn -0.7385 -0.2386 -0.6307
vn -0.5124 0.6315 -0.5819
vn -0.5114 0.6321 -0.5821
vn -0.5119 0.6301 -0.5839
vn -0.5131 0.6227 -0.5907
vn -0.4518 -0.5866 -0.6721
vn -0.7236 0.6514 -0.2283
vn -0.8429 0.3512 -0.4077
vn -0.4834 0.7029 -0.5217
vn -0.7022 0.6361 -0.3200
vn -0.6737 -0.7246 -0.1455
vn -0.2923 -0.7908 -0.5378
vn -0.7047 -0.3187 -0.6339
vn -0.6258 -0.0599 -0.7777
vn -0.2995 0.8910 -0.3412
vn -0.2379 -0.7768 0.5831
vn -0.4262 0.5718 0.7010
vn 0.1012 0.1176 0.9879
vn 0.0781 -0.9916 0.1033
vn 0.2977 0.9050 0.3040
vn 0.0733 -0.9734 0.2170
vn 0.3003 0.2841 0.9105
vn 0.7894 -0.0955 0.6064
vn -0.4045 -0.7985 0.4457
vn -0.4801 -0.0730 0.8742
vn -0.4615 0.8377 0.2920
vn -0.4535 0.7922 0.4085
vn -0.4597 -0.3802 0.8026
vn -0.4651 -0.7504 0.4697
vn 0.2782 0.7741 0.5687
vn -0.3430 0.6903 0.6370
vn 0.4798 0.5498 0.6837
vn 0.0985 -0.1576 0.9826
vn 0.2858 -0.7262 0.6253
vn 0.5722 0.3967 0.7178
vn 0.3677 -0.3106 0.8765
vn 0.4185 -0.7995 0.4310
vn 0.9944 -0.0158 -0.1041
vn 0.5148 -0.1916 0.8356
vn 0.5895 0.2698 0.7614
vn 0.7782 -0.5916 0.2107
vn 0.7738 -0.6244 0.1068
vn 0.9002 0.4258 -0.0916
vn 0.0615 0.6551 0.7531
vn -0.5241 0.5165 -0.6771
vn 0.1195 0.7038 -0.7003
vn 0.0754 -0.8958 0.4380
vn -0.0157 0.9310 -0.3647
vn -0.0853 0.4112 -0.9075
vn 0.2090 0.6330 -0.7454
vn 0.3483 -0.2180 0.9117
vn 0.3458 -0.2173 0.9128
vn 0.5475 0.5243 -0.6522
vn 0.3597 0.7099 -0.6056
vn 0.3556 0.6748 -0.6467
vn 0.7652 0.6309 0.1283
vn 0.7020 0.7120 -0.0164
vn 0.7666 0.4178 -0.4877
vn 0.4626 0.8679 -0.1813
vn 0.4814 0.1193 -0.8683
vn 0.7080 0.6810 -0.1869
vn 0.1813 -0.9702 -0.1606
vn 0.8239 0.5521 0.1279
vn 0.8641 0.1680 -0.4744
vn 0.9963 0.0344 -0.0784
vn 0.8020 0.0478 -0.5955
vn -0.5960 0.7680 0.2343
vn -0.2912 -0.7966 -0.5298
vn -0.4038 -0.3427 -0.8482
vn -0.2627 -0.8270 -0.4971
vn -0.0833 0.7277 -0.6808
vn 0.1075 -0.7616 -0.6390
vn -0.2994 0.8880 -0.3491
vn 0.2719 -0.5772 -0.7700
vn -0.0339 0.8151 -0.5783
vn -0.0008 0.3661 -0.9306
vn 0.3027 -0.3039 -0.9033
vn 0.1119 -0.1148 -0.9871
vn 0.3178 0.8998 -0.2991
vn 0.1282 -0.8780 -0.4612
vn 0.4550 -0.8844 0.1041
vn 0.1621 0.8011 -0.5761
vn 0.1541 0.3291 -0.9316
vn 0.9738 -0.1932 -0.1202
vn 0.4522 0.8907 -0.0469
vn 0.5650 -0.7116 -0.4176
vn 0.3150 -0.6733 -0.6689
vn 0.7601 -0.6385 0.1209
vn 0.7546 0.5992 -0.2675
vn 0.7990 0.2139 -0.5621
vn 0.0704 0.8697 -0.4886
vn 0.7214 0.6675 -0.1846
vn -0.0351 0.0373 0.9987
vn 0.0254 0.7868 0.6166
vn 0.1292 -0.7120 0.6902
vn 0.1794 0.6544 0.7346
vn 0.0238 -0.9984 -0.0508
vn -0.0179 -0.9994 0.0310
vn 0.4412 0.0984 0.8920
vn 0.4667 -0.7136 0.5225
vn 0.5134 0.6275 0.5854
vn 0.8264 0.0949 0.5550
vn 0.7370 0.6278 0.2505
vn 0.7335 0.6312 0.2520
vn 0.7363 0.6285 0.2507
vn 0.7330 0.6317 0.2523
vn 0.9233 0.3787 -0.0642
vn 0.2602 -0.9609 0.0945
vn 0.6272 -0.7479 0.2173
vn 0.9619 -0.2369 0.1365
vn 0.9401 -0.0628 -0.3351
vn 0.9659 0.1768 -0.1893
vn -0.1673 0.4279 0.8882
vn -0.5570 -0.0492 -0.8291
vn -0.3644 -0.0112 0.9312
vn 0.0326 0.6166 0.7866
vn 0.0876 0.7327 0.6749
vn 0.1768 0.0833 0.9807
vn 0.7415 0.0099 -0.6709
vn 0.8979 0.1585 -0.4106
vn 0.2540 0.7347 0.6290
vn 0.9311 0.3614 0.0496
vn 0.5937 0.7049 0.3882
vn 0.5944 0.7013 0.3935
vn 0.5934 0.7051 0.3882
vn 0.6949 0.1870 0.6944
vn 0.9937 -0.0184 -0.1105
vn 0.5944 0.7009 0.3942
vn 0.9917 0.0342 -0.1243
vn 0.7630 0.6428 -0.0687
vn -0.0332 -0.1574 0.9870
vn -0.4180 -0.7438 0.5216
vn -0.9029 0.1180 0.4134
vn 0.1692 -0.3943 -0.9033
vn 0.0307 -0.6295 0.7764
vn 0.2754 -0.2675 0.9234
vn 0.2854 -0.0469 -0.9573
vn 0.9521 0.0464 -0.3021
vn 0.9912 0.0120 0.1320
vn 0.9565 -0.2916 -0.0034
vn -0.0000 0.2269 -0.9739
vn 0.1017 -0.2010 0.9743
vn -0.4728 -0.8787 -0.0661
vn -0.5367 -0.8434 -0.0251
vn 0.5187 0.8283 0.2118
vn -0.4542 0.5097 -0.7307
vn -0.3249 -0.5178 -0.7914
vn -0.0821 0.9778 0.1928
vn -0.2513 -0.2220 0.9421
vn -0.5034 -0.2750 -0.8191
vn 0.0332 0.1712 0.9847
vn 0.0840 0.9933 0.0790
vn 0.0837 0.9933 0.0791
vn 0.0816 0.9934 0.0807
vn -0.2933 -0.3707 0.8812
vn 0.2598 0.3309 0.9072
vn 0.2080 -0.6760 0.7069
vn -0.3445 0.1600 0.9251
vn -0.1874 -0.0710 0.9797
vn -0.2379 -0.5162 0.8228
vn -0.0824 0.9730 0.2154
vn -0.4804 0.6784 0.5559
vn 0.1671 -0.3438 -0.9240
vn 0.7889 0.4505 0.4181
vn 0.7584 -0.0584 0.6492
vn 0.0246 -0.0876 0.9959
vn 0.6507 -0.2662 -0.7111
vn 0.3932 -0.7030 -0.5926
vn 0.0093 0.9987 0.0497
vn 0.1515 -0.6900 0.7078
vn 0.1572 0.9731 0.1684
vn 0.7131 -0.4164 0.5640
vn 0.5674 -0.3785 0.7313
vn 0.7728 0.0817 0.6294
vn 0.1111 0.9927 0.0479
vn -0.3896 -0.1700 0.9052
vn 0.0338 -0.2390 0.9704
vn 0.8953 0.3822 -0.2289
vn 0.8769 -0.0332 -0.4794
vn -0.0597 0.9975 -0.0371
vn 0.4323 -0.3612 -0.8263
vn 0.9963 -0.0749 0.0432
vn 0.1485 0.9884 -0.0331
vn 0.1006 0.9946 -0.0253
vn 0.9495 -0.1374 -0.2821
vn 0.4423 0.8809 0.1688
vn 0.0816 0.9934 0.0809
vn 0.9589 0.2003 -0.2011
vn 0.0256 0.9993 -0.0255
vn 0.9493 -0.2968 -0.1040
vn 0.6931 0.5298 0.4888
vn 0.4683 0.8703 0.1526
vn 0.7188 -0.0818 -0.6904
vn 0.9351 -0.3172 0.1578
vn 0.5162 0.8435 0.1485
vn 0.8514 0.5008 -0.1560
vn 0.9097 0.0398 0.4134
vn 0.4364 0.8883 -0.1430
vn 0.0126 0.0152 -0.9998
vn -0.0217 0.2591 0.9656
vn 0.0373 -0.0715 -0.9967
vn -0.1498 0.1005 -0.9836
vn 0.0778 0.9695 0.2324
vn 0.0185 -0.0886 -0.9959
vn 0.0942 0.1186 -0.9885
vn 0.8551 -0.3812 -0.3515
vn 0.0312 -0.0093 -0.9995
vn 0.4945 -0.1143 0.8617
vn -0.6293 0.7732 -0.0785
vn -0.4357 0.8153 -0.3814
vn 0.9992 0.0168 -0.0366
vn 0.9967 -0.0739 -0.0340
vn -0.3653 0.8754 -0.3166
vn 0.1676 0.1167 -0.9789
vn 0.2325 -0.7364 -0.6353
vn 0.1605 0.5664 -0.8084
vn 0.2987 0.3440 -0.8902
vn 0.3861 0.0410 -0.9216
vn 0.4908 0.5723 -0.6570
vn 0.3430 0.7336 -0.5867
vn 0.5199 0.5543 -0.6499
vn 0.7283 0.0100 -0.6852
vn 0.7031 0.2637 -0.6603
vn 0.8659 -0.3750 -0.3311
vn 0.8901 0.1372 -0.4346
vn 0.0634 0.6422 -0.7639
vn -0.3207 0.5064 -0.8005
vn 0.5107 0.2619 -0.8189
vn 0.7021 -0.1220 -0.7016
vn -0.0818 0.3570 -0.9305
vn -0.0725 0.3304 -0.9411
vn 0.7360 0.5838 -0.3428
vn -0.2552 -0.6329 -0.7310
vn 0.5003 -0.1714 -0.8487
vn 0.2105 -0.5588 -0.8022
vn -0.1534 0.3892 -0.9083
vn -0.0008 -0.9994 0.0342
vn -0.0344 0.9956 -0.0875
vn 0.2106 0.0261 -0.9772
vn 0.0491 0.9641 -0.2608
vn -0.4826 -0.0690 -0.8731
vn 0.2057 0.0507 -0.9773
vn 0.3950 -0.0011 -0.9187
vn 0.1916 0.8794 -0.4359
vn -0.6960 -0.5528 0.4583
vn -0.6964 -0.5526 0.4579
vn -0.6938 -0.5542 0.4599
vn -0.6932 -0.5546 0.4603
vn -0.7127 0.3416 0.6126
vn -0.5047 -0.1295 0.8535
vn -0.4686 0.7461 0.4730
vn -0.4506 0.7555 0.4755
vn -0.3447 -0.4634 0.8163
vn -0.3944 0.5834 0.7100
vn -0.5133 -0.6872 0.5140
vn -0.4958 0.3792 0.7813
vn -0.0151 0.6892 0.7244
vn 0.0159 -0.6030 0.7976
vn 0.0843 -0.9282 0.3624
vn -0.5278 0.6278 0.5720
vn -0.7055 -0.2629 0.6581
vn -0.3864 0.8456 0.3684
vn -0.1866 0.2667 0.9455
vn 0.2329 -0.2905 0.9281
vn 0.1603 0.7641 0.6249
vn 0.3379 0.8377 0.4290
vn 0.3376 0.8369 0.4309
vn 0.3377 0.8373 0.4300
vn 0.1648 0.7663 0.6210
vn 0.3115 0.8992 0.3073
vn -0.3860 -0.3854 0.8382
vn -0.0032 -0.1927 0.9812
vn -0.0051 -1.0000 -0.0062
vn 0.4199 -0.0320 0.9070
vn -0.6779 0.3817 0.6283
vn -0.6789 0.3808 0.6278
vn -0.6810 0.3789 0.6266
vn -0.6940 -0.2384 0.6794
vn -0.0430 0.8720 0.4876
vn -0.6819 0.3784 0.6260
vn -0.4317 -0.2681 0.8612
vn 0.5361 0.6652 -0.5197
vn 0.5364 0.6649 -0.5198
vn 0.5392 0.6637 -0.5183
vn 0.5747 0.6297 -0.5227
vn 0.5925 0.4362 -0.6772
vn 0.5362 0.4722 -0.6996
vn 0.0766 -0.1988 0.9770
vn 0.0723 0.9967 0.0372
vn -0.0635 -0.8389 0.5405
vn -0.4901 0.4579 -0.7417
vn -0.2376 0.2631 -0.9350
vn 0.2346 -0.3280 0.9151
vn 0.3928 -0.1503 0.9073
vn 0.3350 0.2973 0.8941
vn -0.9290 0.3202 0.1858
vn -0.8612 -0.2832 -0.4221
vn -0.9050 -0.2328 0.3561
vn -0.8575 -0.5114 0.0551
vn -0.7284 -0.5769 -0.3696
vn -0.7561 0.5627 -0.3342
vn -0.8031 0.5294 -0.2732
vn -0.7662 0.4990 -0.4049
vn -0.8336 -0.5110 0.2099
vn -0.7103 -0.6798 0.1825
vn -0.6664 -0.6382 -0.3854
vn -0.5738 0.7479 -0.3337
vn -0.6593 -0.3566 -0.6619
vn -0.5647 0.5929 -0.5741
vn -0.0014 -1.0000 -0.0003
vn -0.0012 -1.0000 -0.0006
vn -0.4512 0.6487 -0.6129
vn -0.3444 -0.7108 -0.6133
vn -0.4948 -0.6151 -0.6138
vn -0.5224 0.6271 -0.5777
vn -0.5338 0.6160 -0.5793
vn -0.3501 0.7118 -0.6089
vn -0.3515 0.7114 -0.6086
vn -0.3409 0.7140 -0.6116
vn -0.3399 0.7141 -0.6120
vn -0.0380 0.5009 -0.8647
vn -0.0536 -0.9851 -0.1635
vn 0.0314 -0.0160 -0.9994
vn 0.1832 0.6808 -0.7092
vn 0.1897 -0.6816 -0.7067
vn -0.0445 -0.4622 -0.8857
vn 0.1495 -0.1876 -0.9708
vn -0.7345 0.4943 0.4649
vn -0.9901 -0.0270 0.1378
vn -0.7418 -0.3920 -0.5441
vn -0.6381 0.7510 0.1694
vn -0.9508 0.1492 -0.2715
vn -0.5353 0.7328 -0.4200
vn -0.7053 -0.4547 -0.5439
vn -0.4252 0.8374 -0.3435
vn -0.8155 0.1118 0.5678
vn -0.6196 0.0991 -0.7786
vn -0.7120 0.1807 0.6786
vn -0.2383 -0.3082 -0.9210
vn -0.1780 0.7655 -0.6183
vn 0.1054 -0.6779 -0.7276
vn -0.2186 0.0013 -0.9758
vn 0.3139 0.0289 -0.9490
vn 0.2266 0.5842 -0.7794
vn 0.1159 0.9004 -0.4193
vn 0.6749 -0.3174 -0.6661
vn 0.6719 -0.3147 -0.6705
vn 0.6717 -0.3143 -0.6708
vn -0.9354 -0.3163 -0.1580
vn -0.8476 -0.0565 0.5277
vn -0.7818 -0.1698 -0.6000
vn 0.0104 -0.9999 -0.0025
vn -0.9749 -0.0730 0.2105
vn -0.0184 -0.9998 0.0100
vn -0.7672 -0.0902 -0.6351
vn -0.7679 -0.0859 -0.6347
vn -0.7679 -0.0942 -0.6337
vn -0.6632 -0.0288 0.7479
vn -0.7664 -0.0945 -0.6354
vn -0.2768 -0.2590 -0.9254
vn -0.2571 -0.0238 -0.9661
vn -0.0221 -0.9996 -0.0149
vn 0.6046 0.1042 -0.7897
vn 0.9787 0.0101 0.2050
vn -0.9332 -0.3074 -0.1862
vn -0.6533 -0.2738 0.7058
vn 0.7981 -0.5965 0.0850
vn -0.9952 -0.0780 -0.0589
vn 0.7552 0.6385 0.1486
vn -0.8912 -0.3889 -0.2335
vn -0.9883 -0.0904 -0.1227
vn -0.4425 0.8319 0.3348
vn -0.8672 -0.4145 -0.2760
vn -0.8677 -0.4157 -0.2727
vn -0.8672 -0.4142 -0.2765
vn 0.5398 0.6636 -0.5180
vn -0.0755 0.9971 0.0085
vn 0.7448 0.6484 0.1578
vn -0.8678 -0.4157 -0.2723
vn -0.2640 -0.3495 -0.8990
vn -0.4032 -0.9127 -0.0668
vn 0.6433 0.7397 0.1977
vn -0.1757 0.9838 0.0351
vn -0.0486 0.9987 -0.0147
vn 0.2060 -0.9683 0.1409
vn 0.7564 -0.0583 -0.6515
vn -0.2908 0.9545 0.0660
vn -0.9239 -0.0897 -0.3720
vn -0.7586 0.6226 0.1921
vn -0.8435 0.5297 -0.0893
vn -0.5265 -0.2283 -0.8189
vn -0.2365 -0.3457 -0.9081
vn -0.8758 0.2842 0.3901
vn -0.4994 0.8640 -0.0632
vn -0.2543 -0.9091 0.3300
vn -0.1800 -0.2998 -0.9369
vn -0.2040 -0.9321 -0.2994
vn -0.2724 0.6386 -0.7198
vn 0.2400 -0.3441 0.9077
vn -0.3799 0.9248 0.0209
vn -0.1998 -0.1490 -0.9684
vn -0.4570 0.7672 -0.4500
vn -0.2342 -0.4787 0.8462
vn -0.3208 0.4271 0.8454
vn -0.0357 0.9717 -0.2334
vn -0.3149 0.5044 -0.8040
vn -0.1591 -0.3087 -0.9377
vn 0.5029 -0.1949 0.8421
vn 0.0786 0.9939 0.0777
vn 0.3844 0.6006 0.7011
vn -0.4660 0.8613 0.2025
vn 0.2790 0.0198 0.9601
vn 0.5653 0.5667 0.5994
vn 0.7305 -0.1872 -0.6568
vn 0.1214 0.9647 -0.2335
vn -0.0760 -0.8955 -0.4385
vn 0.1082 0.1190 0.9870
vn -0.2629 0.6654 0.6986
vn 0.2509 0.9646 0.0817
vn -0.2671 0.5311 -0.8041
vn 0.4164 -0.0968 0.9040
vn 0.2716 0.9616 0.0403
vn 0.8168 0.4375 0.3762
vn -0.7238 0.1361 0.6765
vn 0.3934 -0.0511 -0.9179
vn 0.4496 -0.4520 -0.7704
vn -0.1104 -0.3055 -0.9458
vn -0.8626 0.0174 0.5055
vn -0.7861 0.5847 0.2004
vn -0.6995 0.7126 0.0543
vn -0.4326 0.0632 0.8994
vn -0.3854 0.8293 0.4047
vn -0.0960 0.7273 0.6795
vn -0.0245 0.7076 0.7062
vn 0.0562 0.9294 0.3647
vn 0.1177 0.1692 0.9785
vn 0.1235 0.1802 0.9758
vn 0.1232 0.1798 0.9760
vn 0.0466 0.8215 0.5683
vn -0.4960 0.8194 0.2873
vn -0.9351 -0.1328 0.3286
vn -0.9351 -0.1327 0.3285
vn -0.9351 -0.1325 0.3288
vn -0.7230 -0.6471 0.2418
vn -0.9689 -0.0827 0.2330
vn -0.9389 -0.1304 0.3185
vn -0.8079 0.5734 -0.1358
vn -0.7104 -0.6885 0.1461
vn -0.7169 -0.5998 -0.3554
vn -0.5927 0.6654 0.4539
vn -0.9012 -0.0968 0.4225
vn -0.8943 0.1856 -0.4072
vn -0.7699 -0.5373 0.3443
vn -0.1493 -0.7947 0.5883
vn -0.1769 -0.0028 0.9842
vn -0.2433 -0.9204 0.3062
vn -0.1564 0.9652 0.2097
vn -0.4005 -0.4250 0.8118
vn -0.5462 0.8165 0.1872
vn -0.5597 -0.6310 0.5373
vn -0.6828 -0.0432 0.7293
vn -0.6845 -0.0450 0.7276
vn -0.6832 -0.0430 0.7290
vn -0.5734 -0.7698 0.2804
vn -0.1031 0.6155 0.7814
vn -0.6847 -0.0453 0.7274
vn -0.2799 -0.6597 0.6975
vn -0.2713 -0.2513 0.9291
vn -0.0472 0.0431 0.9980
vn 0.1902 0.6405 0.7440
vn 0.2499 -0.1301 0.9595
vn 0.4084 -0.3746 0.8324
vn 0.3596 0.7784 0.5146
vn 0.6943 0.6082 0.3847
vn 0.4551 -0.3684 0.8106
vn 0.7502 0.3963 0.5293
vn 0.1935 0.4842 0.8533
vn 0.9858 0.0061 0.1676
vn 0.9569 -0.1078 0.2696
vn -0.5723 0.4975 0.6519
vn -0.6181 0.6947 -0.3679
vn -0.4125 0.8751 -0.2529
vn 0.4568 0.8407 0.2908
vn -0.9309 0.2512 -0.2652
vn -0.2087 -0.9780 0.0032
vn -0.5504 0.8182 -0.1663
vn -0.6202 0.3319 -0.7108
vn -0.3700 0.7942 -0.4820
vn -0.6469 0.4639 -0.6053
vn -0.2362 0.1215 -0.9641
vn -0.3110 0.5960 -0.7403
vn -0.4382 0.6385 -0.6327
vn 0.3231 0.0552 -0.9448
vn -0.2116 0.8840 -0.4170
vn 0.2532 0.8444 -0.4720
vn 0.1805 0.5552 -0.8119
vn 0.2820 0.8231 -0.4930
vn 0.3230 0.7458 -0.5826
vn -0.6970 -0.0642 -0.7142
vn -0.5272 -0.4712 -0.7071
vn -0.9762 0.2127 -0.0430
vn -0.9479 0.3171 -0.0297
vn -0.8012 0.5815 0.1410
vn -0.5069 -0.1706 -0.8449
vn -0.6412 0.7288 -0.2403
vn -0.7383 -0.5945 -0.3186
vn -0.4200 0.5730 -0.7038
vn -0.3005 -0.5439 -0.7835
vn -0.7199 0.1195 -0.6837
vn 0.1023 0.0113 -0.9947
vn 0.3904 0.0842 -0.9168
vn -0.0558 0.5695 -0.8201
vn 0.0250 -0.6730 -0.7392
vn 0.4733 0.7335 -0.4878
vn 0.4666 0.7372 -0.4887
vn 0.4743 0.7330 -0.4876
vn 0.0709 0.9347 -0.3482
vn 0.6021 -0.1540 -0.7835
vn 0.4657 0.7378 -0.4887
vn 0.5630 -0.6470 -0.5142
vn 0.6337 0.5211 -0.5718
vn 0.0478 -0.2084 -0.9769
vn 0.0634 -0.3092 -0.9489
vn -0.4677 0.5737 -0.6724
vn -0.1161 0.8793 -0.4620
vn 0.4776 0.5159 0.7112
vn 0.5007 0.6380 0.5851
vn 0.4770 -0.5022 0.7213
vn 0.6483 0.1405 0.7483
vn 0.4920 0.7260 0.4805
vn -0.7120 0.4756 0.5166
vn -0.7425 -0.2405 0.6252
vn -0.5188 0.6779 0.5209
vn -0.8065 0.1282 0.5772
vn -0.5446 0.7011 0.4603
vn 0.5455 0.5766 0.6083
vn 0.3381 0.8381 0.4281
vn 0.2376 -0.3037 0.9227
vn -0.3652 0.9139 0.1775
vn -0.4963 0.7729 -0.3953
vn 0.0364 -0.9991 0.0222
vn 0.8833 -0.3708 0.2868
vn 0.8753 -0.4060 0.2627
vn 0.4442 0.8176 -0.3663
vn 0.2056 0.6758 -0.7078
vn 0.6072 -0.2376 -0.7582
vn 0.3728 0.5199 -0.7686
vn -0.0292 -0.9996 0.0041
vn 0.6653 -0.6490 -0.3690
vn 0.6400 0.5260 -0.5601
vn 0.5763 0.7490 -0.3269
vn 0.5764 0.7492 -0.3263
vn 0.5764 0.7481 -0.3289
vn 0.5765 0.7477 -0.3294
vn 0.7465 0.1252 -0.6535
vn 0.6668 0.7450 0.0173
vn 0.8759 -0.3994 -0.2705
vn 0.8806 -0.3921 -0.2660
vn 0.8777 -0.3988 -0.2656
vn 0.7356 0.4972 -0.4602
vn 0.8680 -0.1962 0.4562
vn 0.3495 -0.9358 -0.0458
vn 0.8817 -0.3912 -0.2638
vn 0.8809 -0.3946 -0.2614
vn -0.9338 0.3448 0.0958
vn -0.7412 0.3934 0.5439
vn -0.7633 0.6170 0.1913
vn -0.7815 -0.5989 -0.1750
vn -0.0100 -0.9999 -0.0094
vn -0.7277 -0.4494 -0.5183
vn -0.5899 0.5890 -0.5524
vn -0.7682 0.5477 -0.3314
vn -0.5015 0.4919 -0.7117
vn -0.5252 -0.5752 -0.6271
vn 0.9455 0.1615 0.2826
vn 0.9577 0.2313 0.1710
vn 0.7871 0.1190 -0.6052
vn 0.2666 0.5731 -0.7749
vn 0.6714 -0.3144 -0.6710
vn 0.6396 0.7294 -0.2425
vn 0.6399 0.7295 -0.2415
vn 0.6370 0.7286 -0.2517
vn 0.6755 -0.6649 -0.3188
vn 0.5516 0.8230 0.1357
vn 0.6369 0.7285 -0.2523
vn 0.9890 0.0406 0.1420
vn 0.9027 -0.3348 0.2703
vn 0.5239 0.8370 0.1579
vn 0.6523 -0.6545 -0.3822
vn 0.3879 0.8418 -0.3755
vn 0.7512 0.5111 0.4177
vn -0.6042 -0.7807 -0.1595
vn -0.6044 0.7327 0.3130
vn -0.7435 -0.5340 0.4026
vn -0.7892 0.4562 -0.4112
vn 0.7469 -0.1893 0.6375
vn 0.9525 -0.1490 0.2656
vn 0.9649 -0.1704 0.2000
vn 0.8056 -0.0569 -0.5897
vn 0.7304 -0.1624 0.6634
vn 0.5497 0.2269 -0.8040
vn -0.0063 -1.0000 0.0051
vn 0.0164 -0.9996 -0.0208
vn 0.0077 -0.9999 0.0079
vn 0.9894 -0.1173 0.0857
vn -0.8083 -0.4359 0.3958
vn -0.8081 0.3660 0.4616
vn -0.8918 0.2033 0.4043
vn -0.9715 0.1695 -0.1657
vn -0.6915 -0.7213 -0.0403
vn -0.8215 -0.4121 0.3941
vn -0.7690 0.6090 0.1943
vn -0.8842 0.4480 0.1321
vn -0.8968 0.4343 0.0847
vn -0.0144 0.7766 0.6299
vn -0.8608 0.4873 0.1468
vn -0.8659 0.4784 -0.1462
vn -0.8752 -0.4121 -0.2532
vn 0.4504 0.8730 0.1870
vn 0.9406 -0.1549 0.3020
vn -0.7475 0.0462 0.6627
vn 0.0953 0.9952 -0.0245
vn 0.3698 0.0795 0.9257
vn 0.4595 -0.8757 -0.1481
vn 0.4783 -0.3188 -0.8183
vn 0.3282 -0.8369 0.4381
vn 0.0489 0.9982 0.0357
vn 0.9513 -0.2253 -0.2102
vn -0.6594 0.6472 0.3826
vn 0.9529 -0.2786 -0.1198
vn 0.7517 -0.3106 -0.5818
vn 0.9109 -0.0476 0.4099
vn 0.8500 0.1075 0.5158
vn 0.9594 0.2074 -0.1909
vn -0.6039 0.7704 -0.2046
vn 0.8778 -0.4001 -0.2633
vn 0.3401 0.4658 -0.8170
vn 0.8606 0.4825 0.1632
vn 0.9279 -0.3260 0.1808
vn 0.8589 -0.5010 -0.1059
vn 0.3875 0.9076 -0.1614
vn 0.3015 0.8675 0.3957
vn 0.9303 -0.3278 0.1644
vn 0.7600 -0.5850 -0.2831
vn -0.0000 -0.9742 0.2256
vn 0.1237 0.1812 0.9756
vn 0.5886 0.2086 0.7811
vn 0.7139 0.3578 -0.6019
vn 0.0975 -0.9846 0.1452
vn -0.0000 -0.9999 0.0113
vn 0.6040 0.7531 -0.2608
vn 0.8983 0.3198 0.3014
vn 0.0474 -0.9986 -0.0244
vn 0.9800 0.1369 -0.1443
vn -0.9322 0.2533 0.2586
vn 0.4878 -0.8216 0.2950
vn 0.7960 0.2476 0.5524
vn 0.7105 0.6190 0.3346
vn 0.8113 0.5791 0.0798
vn 0.9831 0.1437 0.1137
vn 0.3216 -0.9452 0.0554
vn 0.9846 -0.1458 0.0960
vn 0.7015 0.7122 0.0245
vn 0.2320 0.9684 0.0919
vn 0.7585 0.3190 -0.5683
vn 0.4847 0.8155 -0.3162
vn -0.9348 0.2744 -0.2256
vn -0.0080 -0.9998 0.0207
vn 0.5769 -0.6454 -0.5007
vn 0.5903 0.6643 -0.4585
vn 0.5769 -0.7528 -0.3170
vn 0.8738 0.1614 -0.4588
vn -0.2248 0.7639 0.6049
vn -0.2140 -0.3245 0.9214
vn 0.0483 -0.9955 -0.0814
vn -0.0689 -0.6057 0.7927
vn 0.2133 0.7256 0.6542
vn 0.2703 -0.3203 0.9079
vn 0.2619 0.0156 0.9650
vn 0.5144 0.1006 0.8516
vn 0.3203 -0.4987 0.8054
vn -0.0266 -0.9977 -0.0621
vn 0.4684 0.5138 0.7187
vn 0.7329 -0.0996 0.6730
vn 0.7191 -0.1229 0.6840
vn -0.7519 -0.5117 0.4157
vn -0.8483 0.2284 0.4777
vn 0.1285 -0.3602 0.9240
vn 0.0977 -0.4453 0.8900
vn 0.0787 0.5570 0.8268
vn 0.1268 0.5340 0.8359
vn 0.2434 -0.4873 0.8386
vn 0.5759 0.6416 0.5067
vn -0.6270 0.2214 0.7469
vn -0.4907 0.2223 0.8425
vn -0.4885 0.1152 0.8649
vn -0.1915 -0.6826 0.7053
vn -0.0918 0.7964 0.5978
vn -0.0920 0.7960 0.5982
vn -0.1029 0.7954 0.5973
vn -0.2218 0.2242 0.9490
vn -0.1844 0.7061 0.6837
vn 0.3585 -0.7841 0.5067
vn 0.3643 0.4922 0.7906
vn 0.2599 0.7818 0.5669
vn -0.0915 0.7959 0.5985
vn 0.3547 0.5380 0.7647
vn 0.6072 0.0326 0.7939
vn -0.3583 0.6001 -0.7152
vn -0.0231 -0.6176 -0.7861
vn 0.0226 -0.9971 0.0731
vn 0.1033 0.0442 -0.9937
vn -0.3694 0.5303 -0.7631
vn 0.4644 0.1698 -0.8692
vn 0.3046 -0.4047 -0.8622
vn 0.3605 0.4600 -0.8114
vn 0.3674 0.7345 -0.5705
vn 0.5585 -0.1717 -0.8115
vn 0.0040 -0.9972 0.0743
vn -0.0489 -0.9980 0.0410
vn 0.7988 0.0377 -0.6004
vn 0.7731 -0.3073 -0.5549
vn 0.6871 0.6172 -0.3833
vn 0.7591 0.6503 0.0287
vn 0.6899 0.6104 -0.3891
vn 0.7671 0.5197 -0.3761
vn 0.8671 -0.4820 0.1257
vn 0.8378 0.5375 0.0961
vn 0.9630 -0.2692 -0.0125
vn 0.9056 -0.1167 -0.4077
vn -0.7910 0.4632 -0.3998
vn -0.9021 -0.1278 -0.4123
vn -0.7979 0.4459 -0.4056
vn -0.8740 0.4844 -0.0382
vn -0.7334 0.0893 0.6740
vn -0.9676 0.2366 -0.0880
vn -0.0613 0.6580 -0.7506
vn -0.1603 0.2398 -0.9575
vn -0.1475 0.2254 -0.9630
vn -0.1975 0.7079 -0.6782
vn -0.2116 0.1216 0.9698
vn 0.2200 -0.0800 -0.9722
vn 0.5094 -0.3167 0.8002
vn 0.3008 -0.5191 -0.8000
vn 0.0843 -0.1631 -0.9830
vn 0.0163 0.3054 -0.9521
vn 0.4785 0.6146 -0.6272
vn 0.5506 0.6083 0.5716
vn 0.6202 0.1383 0.7722
vn 0.7543 0.6034 -0.2587
vn 0.4707 0.6052 -0.6420
vn 0.6379 0.1573 0.7539
vn 0.7001 0.4095 0.5850
vn 0.6339 0.6048 0.4822
vn 0.6339 0.6047 0.4821
vn 0.6337 0.6048 0.4823
vn 0.9407 -0.3176 -0.1193
vn 0.6340 0.6047 0.4820
vn 0.6425 0.7638 0.0618
vn 0.6656 -0.7456 0.0334
vn 0.7502 0.5933 -0.2920
vn -0.7036 -0.4074 0.5823
vn -0.8459 0.5106 0.1544
vn -0.1088 -0.4834 -0.8686
vn -0.5301 -0.8383 -0.1276
vn -0.6331 0.0514 -0.7724
vn -0.9783 0.0609 0.1980
vn -0.7799 0.6250 -0.0328
vn -0.3790 -0.8993 0.2181
vn -0.9649 -0.2483 -0.0859
vn -0.3372 0.9402 0.0480
vn -0.6737 0.3505 -0.6506
vn -0.2162 -0.9476 -0.2353
vn -0.7575 0.3864 -0.5261
vn -0.4045 -0.8666 0.2921
vn -0.8842 -0.4118 0.2206
vn -0.3426 -0.9225 -0.1779
vn -0.5021 -0.6818 -0.5321
vn -0.1646 -0.5852 0.7940
vn -0.2699 -0.8157 0.5117
vn -0.1292 0.4645 -0.8761
vn -0.0369 -0.8492 -0.5268
vn -0.1149 0.7129 0.6918
vn -0.0295 -0.6761 -0.7362
vn -0.1036 -0.8327 -0.5439
vn -0.1910 0.3604 -0.9130
vn -0.0435 0.2119 -0.9763
vn -0.0310 -0.9624 0.2698
vn 0.1947 -0.9347 -0.2974
vn 0.0527 -0.5984 -0.7995
vn 0.0822 -0.3674 -0.9264
vn 0.4180 -0.8771 0.2366
vn 0.6986 0.0166 -0.7153
vn 0.5842 0.7528 -0.3033
vn 0.3979 0.8580 -0.3248
vn 0.1113 0.9452 -0.3071
vn 0.8005 0.3638 0.4763
vn 0.1959 -0.9575 -0.2117
vn 0.3479 -0.0401 -0.9367
vn 0.4007 0.5707 0.7168
vn 0.3011 0.7504 0.5884
vn 0.7312 -0.5407 0.4160
vn 0.6922 -0.4010 0.6000
vn 0.2115 0.9545 0.2104
vn 0.9234 -0.2186 -0.3154
vn 0.4627 -0.8778 -0.1237
vn 0.6087 0.3719 -0.7008
vn 0.5924 0.5622 -0.5770
vn 0.6762 0.0846 -0.7319
vn 0.4798 -0.8519 0.2101
vn 0.6485 0.3583 0.6716
vn 0.4786 0.8664 -0.1422
vn 0.3871 -0.9208 -0.0475
vn 0.4143 -0.9101 -0.0048
vn 0.8212 0.5554 -0.1313
vn 0.8782 -0.4634 -0.1184
vn 0.0870 -0.5144 -0.8531
vn 0.4554 0.8013 0.3879
vn 0.8187 0.4339 -0.3761
vn 0.2554 -0.9510 -0.1743
vn 0.8505 -0.3999 0.3415
vn 0.5637 0.8234 0.0651
vn 0.9713 -0.1666 0.1696
vn 0.9741 -0.2261 0.0025
vn -0.9519 0.0608 0.3002
vn -0.5270 0.8423 -0.1133
vn -0.6628 0.5570 0.5005
vn -0.6297 -0.1593 0.7603
vn -0.8335 -0.4578 0.3094
vn -0.1279 -0.4785 -0.8687
vn -0.0580 0.6469 0.7604
vn -0.6927 -0.1976 -0.6936
vn -0.0943 0.6387 0.7637
vn -0.0665 0.5138 0.8553
vn 0.1918 -0.2813 0.9403
vn 0.2968 0.9209 0.2527
vn 0.2293 0.7235 -0.6511
vn -0.0352 -0.4650 -0.8846
vn 0.1587 -0.0582 -0.9856
vn 0.3613 0.8476 -0.3887
vn 0.6957 0.4139 0.5871
vn 0.1626 0.1377 -0.9770
vn -0.0927 0.8137 -0.5739
vn 0.3197 0.7401 0.5917
vn 0.2962 0.7410 0.6027
vn 0.8158 -0.1110 -0.5675
vn 0.8688 0.0242 -0.4946
vn 0.5656 -0.2780 -0.7764
vn 0.7876 0.5290 0.3159
vn 0.8860 0.4144 -0.2079
vn 0.7900 0.5185 0.3271
vn 0.9451 -0.0132 0.3264
vn -0.0217 0.9510 -0.3084
vn 0.1132 -0.5145 -0.8500
vn 0.8150 0.4897 -0.3097
vn 0.7671 0.5015 -0.4000
vn 0.7739 0.5243 0.3552
vn -0.7319 0.6590 -0.1733
vn -0.7328 0.6567 -0.1781
vn -0.7330 0.6562 -0.1791
vn -0.4864 0.6966 0.5275
vn -0.1075 -0.9573 0.2684
vn -0.6844 0.3947 0.6130
vn -0.5211 0.6454 0.5584
vn -0.0180 -0.9817 0.1898
vn -0.1057 0.9031 0.4162
vn -0.3564 0.3595 0.8624
vn -0.0080 0.9390 0.3439
vn 0.1319 0.5431 0.8292
vn -0.2054 0.7493 0.6296
vn 0.0604 0.1207 0.9908
vn -0.0136 -0.9995 0.0301
vn 0.0415 0.7964 0.6034
vn 0.4163 0.6594 0.6260
vn 0.0764 0.1454 0.9864
vn 0.4512 0.5345 0.7147
vn 0.8835 0.4620 0.0767
vn 0.3576 0.7810 0.5121
vn 0.6249 0.2130 0.7510
vn 0.9860 0.1666 0.0053
vn -0.5998 0.6390 0.4816
vn -0.7349 0.6286 0.2544
vn -0.6699 -0.5073 0.5421
vn -0.7595 0.6350 -0.1415
vn -0.6162 -0.7872 0.0237
vn -0.8247 0.5369 -0.1776
vn -0.6522 -0.5138 0.5574
vn 0.0770 -0.5182 0.8518
vn 0.0603 0.7665 0.6395
vn 0.0056 -0.2870 0.9579
vn 0.0208 -0.2042 0.9787
vn -0.5295 0.5332 0.6598
vn -0.8468 0.1818 0.4999
vn -0.2021 -0.4526 0.8685
vn 0.1168 0.3808 0.9172
vn 0.2388 0.1433 0.9604
vn 0.2744 -0.7044 0.6547
vn 0.2475 -0.7008 0.6691
vn 0.6886 0.4763 0.5469
vn 0.3667 -0.7361 0.5689
vn 0.4383 -0.8795 0.1852
vn 0.4049 0.7796 0.4778
vn 0.6268 -0.0317 0.7786
vn 0.3918 -0.9059 0.1608
vn 0.9081 -0.0608 0.4143
vn 0.2333 -0.0964 0.9676
vn 0.4756 0.8762 0.0780
vn 0.7567 -0.5272 0.3866
vn 0.5044 -0.8561 0.1130
vn 0.6214 0.7790 0.0835
vn 0.5138 -0.8479 0.1304
vn 0.5885 0.8052 0.0727
vn 0.9627 0.2570 0.0848
vn 0.7563 -0.6542 -0.0000
vn 0.9253 -0.3540 0.1357
vn 0.2946 0.9255 0.2379
vn -0.7316 0.6594 -0.1732
vn -0.4525 0.6665 -0.5924
vn -0.0425 -0.9984 0.0369
vn -0.6767 0.2523 -0.6917
vn -0.4217 0.7756 -0.4697
vn -0.1407 0.7492 -0.6473
vn -0.2830 0.1181 -0.9518
vn -0.3857 0.4745 -0.7913
vn -0.6879 0.4559 -0.5648
vn -0.1916 0.7084 -0.6793
vn 0.0401 -0.9438 -0.3280
vn 0.0145 -0.9992 0.0370
vn 0.2683 0.2087 -0.9404
vn 0.3986 0.8111 -0.4281
vn 0.6881 0.1296 -0.7139
vn 0.7891 0.0113 -0.6141
vn 0.4940 0.7324 -0.4685
vn 0.9394 0.2306 -0.2538
vn 0.8327 0.5015 -0.2349
vn -0.5033 0.7677 -0.3966
vn -0.6715 -0.5584 -0.4871
vn -0.5748 -0.0702 -0.8153
vn -0.5014 0.1795 -0.8464
vn -0.3327 -0.7672 -0.5484
vn -0.3766 0.5596 -0.7383
vn -0.2658 0.7681 -0.5826
vn -0.5395 -0.7124 -0.4489
vn 0.6981 -0.6300 -0.3403
vn -0.1418 -0.9346 -0.3261
vn -0.1516 -0.8573 -0.4920
vn -0.2096 0.0880 -0.9738
vn -0.5044 0.7517 -0.4250
vn -0.2670 0.1084 -0.9576
vn 0.2976 0.8810 -0.3677
vn 0.1297 -0.9662 -0.2230
vn 0.4507 -0.6958 -0.5592
vn -0.1400 -0.4510 -0.8815
vn 0.4617 0.3028 -0.8338
vn 0.3935 -0.7847 -0.4791
vn 0.4516 -0.6611 -0.5991
vn -0.1923 0.2461 -0.9500
vn 0.3613 -0.7069 -0.6081
vn 0.4407 -0.6704 -0.5969
vn 0.4090 0.6957 -0.5906
vn 0.1886 -0.4331 -0.8814
vn 0.6035 0.1471 -0.7837
vn 0.7152 0.2888 -0.6365
vn 0.4398 0.8165 -0.3741
vn 0.6576 -0.2389 -0.7145
vn -0.7282 0.4507 -0.5164
vn 0.0794 0.9254 -0.3707
vn 0.2614 0.6542 -0.7097
vn -0.7955 0.0591 0.6031
vn -0.5301 -0.6297 0.5679
vn -0.6462 0.3504 0.6780
vn -0.6429 0.3145 0.6984
vn -0.5783 0.4420 0.6857
vn -0.1834 0.2891 0.9396
vn -0.2002 0.0878 0.9758
vn -0.5206 -0.1411 0.8421
vn -0.3181 0.6806 0.6599
vn -0.4645 0.7779 0.4231
vn -0.4490 -0.7803 0.4353
vn -0.0801 0.9882 0.1302
vn -0.8253 -0.1831 0.5342
vn -0.8079 -0.0093 0.5892
vn -0.9460 0.0355 0.3223
vn -0.9505 0.1141 -0.2889
vn -0.1137 -0.9935 0.0060
vn -0.8958 0.0990 -0.4332
vn -0.6315 0.5851 -0.5087
vn -0.5331 0.7151 -0.4520
vn -0.5911 -0.6431 -0.4868
vn -0.5945 -0.6450 -0.4802
vn -0.5950 -0.6451 -0.4794
vn -0.7442 0.1230 -0.6565
vn -0.7452 0.1203 -0.6559
vn -0.7456 0.1192 -0.6556
vn -0.5562 0.2594 -0.7896
vn 0.0846 -0.9953 -0.0470
vn -0.5907 -0.6427 -0.4878
vn -0.7439 0.1239 -0.6567
vn 0.0070 -0.9966 0.0821
vn -0.2598 -0.4814 -0.8371
vn -0.5845 -0.5647 -0.5827
vn -0.1457 -0.6011 -0.7857
vn -0.3497 0.3319 -0.8761
vn -0.6916 0.7171 0.0866
vn -0.6925 0.7155 0.0920
vn -0.6926 0.7153 0.0928
vn -0.6913 0.7174 0.0858
vn -0.8220 -0.5660 0.0627
vn -0.7381 -0.6683 0.0928
vn -0.6917 -0.5286 -0.4921
vn -0.4042 0.8622 -0.3054
vn -0.9256 -0.2802 0.2546
vn 0.2564 0.9616 0.0977
vn -0.9592 -0.1751 -0.2220
vn 0.0504 0.9955 -0.0802
vn -0.9072 -0.2979 0.2969
vn -0.9419 0.3202 -0.1020
vn -0.9435 -0.1282 -0.3054
vn -0.2880 0.8095 -0.5117
vn -0.2905 -0.7421 -0.6041
vn -0.8663 0.0546 -0.4965
vn -0.2814 -0.7370 -0.6145
vn -0.5972 -0.1635 -0.7852
vn -0.1202 -0.9477 -0.2958
vn -0.9360 0.0993 -0.3378
vn -0.9636 -0.2494 -0.0962
vn -0.9855 -0.1672 0.0285
vn -0.9257 0.3400 0.1658
vn -0.4776 -0.3183 -0.8189
vn -0.5989 0.6060 0.5235
vn -0.6853 -0.7128 0.1492
vn -0.5341 -0.8078 0.2493
vn -0.9695 0.1941 -0.1494
vn -0.8313 0.5261 0.1795
vn -0.7375 -0.6236 -0.2593
vn -0.7050 0.2913 0.6466
vn -0.5547 0.6462 0.5242
vn -0.7530 0.6540 0.0733
vn -0.4876 -0.7420 0.4601
vn -0.5524 0.6293 0.5467
vn -0.6869 0.7174 0.1168
vn -0.8772 0.3801 -0.2934
vn -0.2084 0.0748 0.9752
vn -0.2684 0.6743 0.6880
vn -0.5118 0.3510 0.7842
vn -0.8888 0.1583 -0.4302
vn -0.3124 0.8928 0.3247
vn -0.5116 0.3509 0.7843
vn -0.8682 0.4412 0.2270
vn -0.3020 -0.7580 0.5781
vn -0.5104 0.8537 0.1032
vn -0.9839 -0.0958 -0.1508
vn -0.6539 0.6563 0.3764
vn -0.5044 0.1261 0.8542
vn -0.9035 0.1408 0.4048
vn -0.8339 -0.5519 -0.0054
vn -0.5400 -0.8416 -0.0135
vn -0.1434 -0.6156 0.7749
vn -0.1436 -0.6158 0.7747
vn -0.1425 -0.6148 0.7757
vn -0.5834 -0.6121 0.5338
vn -0.3235 0.8746 0.3612
vn -0.3423 -0.7085 0.6171
vn -0.3846 -0.7075 0.5929
vn -0.8660 0.4600 0.1959
vn -0.9067 -0.0848 -0.4132
vn -0.6540 0.7396 -0.1587
vn -0.6766 0.2607 -0.6887
vn -0.6150 0.7670 -0.1827
vn -0.2635 0.5172 -0.8143
vn -0.2284 0.8600 -0.4564
vn -0.2261 0.8341 -0.5031
vn -0.9289 -0.3405 -0.1455
vn -0.9029 0.1254 0.4111
vn -0.7952 -0.3850 -0.4684
vn -0.8558 0.1184 -0.5035
vn -0.8367 -0.1324 -0.5313
vn -0.6340 0.1498 -0.7587
vn -0.1741 -0.6315 -0.7556
vn -0.1796 -0.6288 -0.7565
vn -0.1748 -0.6311 -0.7557
vn -0.6952 -0.0732 -0.7151
vn -0.1803 -0.6285 -0.7566
vn -0.3958 0.6602 -0.6384
vn -0.1935 0.8191 -0.5400
vn -0.4619 -0.5435 -0.7009
vn -0.1048 0.0294 -0.9941
vn -0.0894 0.0378 0.9953
vn 0.0711 -0.7238 0.6863
vn 0.0341 -0.9855 -0.1663
vn -0.0880 0.1193 0.9889
vn -0.0460 -0.9946 -0.0933
vn -0.0461 -0.9946 -0.0928
vn -0.0459 -0.9945 -0.0945
vn 0.0896 0.6293 0.7719
vn 0.2386 0.6241 0.7440
vn 0.0911 -0.7261 0.6816
vn 0.4388 -0.3917 0.8087
vn 0.6184 0.6056 0.5008
vn 0.6178 0.6062 0.5009
vn 0.6176 0.6064 0.5008
vn 0.6187 0.6054 0.5007
vn 0.5578 -0.6840 0.4702
vn 0.5783 -0.4136 0.7032
vn 0.5624 -0.6905 0.4549
vn -0.0459 -0.9945 -0.0946
vn 0.4399 -0.6190 0.6507
vn -0.0168 0.8781 0.4782
vn 0.0283 -0.6427 0.7656
vn 0.0255 -0.6454 0.7634
vn 0.0262 -0.6448 0.7639
vn 0.0286 -0.6422 0.7660
vn 0.2281 0.9168 0.3277
vn 0.5442 0.7195 0.4314
vn 0.5795 -0.6637 0.4728
vn 0.6832 -0.5490 0.4815
vn 0.6819 -0.5501 0.4821
vn 0.6820 -0.5500 0.4820
vn 0.6836 -0.5487 0.4812
vn -0.8143 0.3078 0.4921
vn 0.3881 0.7187 0.5770
vn 0.2813 0.3836 0.8796
vn 0.7299 0.2729 0.6267
vn 0.9426 0.0721 0.3262
vn -0.0698 -0.7320 -0.6777
vn -0.2191 0.6942 -0.6857
vn 0.1273 0.3895 -0.9122
vn -0.0229 0.1864 -0.9822
vn -0.1660 -0.0477 -0.9850
vn 0.4516 -0.6104 -0.6507
vn 0.0008 0.5271 -0.8498
vn 0.3851 0.5711 -0.7250
vn 0.4650 -0.5685 -0.6787
vn 0.5247 -0.2237 -0.8214
vn 0.4010 -0.6617 -0.6335
vn 0.6241 0.6382 -0.4507
vn 0.5919 -0.6828 -0.4283
vn 0.6826 0.6039 -0.4115
vn 0.9452 0.2792 0.1690
vn 0.7272 -0.6815 -0.0826
vn 0.6810 0.7286 -0.0739
vn 0.6727 0.5923 -0.4435
vn 0.7454 -0.5561 -0.3677
vn 0.9758 0.2100 0.0606
vn 0.9765 0.2070 0.0597
vn 0.9741 0.2173 0.0628
vn 0.9735 0.2196 0.0637
vn 0.7482 -0.4598 -0.4783
vn -0.3585 0.4705 -0.8063
vn -0.4692 -0.8173 -0.3344
vn 0.0464 0.4444 -0.8946
vn -0.0547 -0.2363 -0.9701
vn -0.0560 0.0223 -0.9982
vn 0.6202 -0.4840 -0.6174
vn 0.2583 0.2505 -0.9330
vn 0.1831 0.8136 -0.5519
vn 0.1333 0.8650 -0.4838
vn 0.8033 -0.2395 0.5453
vn -0.0108 0.9982 -0.0587
vn -0.0314 0.9968 -0.0738
vn 0.9528 0.0614 0.2972
vn 0.9425 0.2757 -0.1890
vn 0.7669 0.3985 -0.5030
vn 0.9388 0.3357 -0.0776
vn 0.4015 0.9138 -0.0618
vn 0.4790 -0.6975 -0.5330
vn 0.7649 0.3800 -0.5202
vn 0.3077 0.7703 -0.5586
vn 0.9474 -0.0728 0.3117
vn 0.3737 0.9206 -0.1130
vn 0.9849 -0.1341 0.1094
vn 0.3316 0.8678 -0.3702
vn 0.6972 0.7143 0.0612
vn -0.5746 0.5019 -0.6465
vn -0.4041 0.4954 -0.7689
vn 0.2790 0.8957 -0.3464
vn -0.0591 0.7160 -0.6956
vn 0.4779 -0.8135 -0.3315
vn 0.2474 -0.8719 0.4226
vn 0.6680 0.1271 -0.7332
vn 0.8623 0.4538 -0.2246
vn 0.8626 0.4532 -0.2249
vn 0.8613 0.4558 -0.2246
vn 0.0215 0.4091 -0.9122
vn 0.8610 0.4562 -0.2248
vn 0.3159 0.6471 -0.6939
vn 0.8468 -0.5313 0.0258
vn 0.9591 0.2329 0.1606
vn 0.9319 -0.3585 -0.0548
vn 0.9938 -0.0118 -0.1103
vn 0.9543 0.1061 0.2792
vn -0.3053 0.9509 0.0505
vn 0.7161 0.5696 0.4035
vn -0.3215 0.9453 0.0552
vn -0.6205 0.5880 -0.5188
vn 0.7932 0.2462 -0.5570
vn 0.0021 -1.0000 -0.0007
vn -0.1350 0.7354 0.6641
vn 0.0982 0.4887 0.8669
vn -0.0342 -0.9955 0.0888
vn 0.1401 0.9224 0.3600
vn 0.8789 0.4159 0.2334
vn 0.5218 0.0341 0.8524
vn 0.6879 0.2776 0.6707
vn 0.4297 0.8673 0.2514
vn -0.0466 -0.9987 -0.0193
vn -0.0736 0.5223 0.8496
vn -0.1912 0.3265 0.9256
vn -0.1487 -0.6197 0.7706
vn 0.4044 0.1698 0.8987
vn 0.1905 -0.7545 0.6280
vn 0.3223 0.9028 0.2847
vn 0.5638 0.1347 0.8149
vn 0.6222 -0.0470 0.7815
vn 0.1441 -0.9895 0.0086
vn 0.9873 0.0727 -0.1412
vn 0.2583 -0.8718 0.4162
vn 0.7958 -0.4049 0.4503
vn 0.9523 -0.0475 0.3014
vn 0.8721 -0.4044 0.2754
vn 0.6326 -0.7678 -0.1012
vn 0.8447 0.4343 -0.3129
vn -0.1437 -0.2738 -0.9510
vn 0.0241 0.8651 0.5011
vn 0.0553 -0.9967 0.0596
vn 0.4327 0.9008 0.0365
vn 0.7206 -0.6755 0.1565
vn 0.8610 -0.5082 0.0176
vn 0.7335 0.6755 0.0753
vn -0.2877 0.2838 -0.9147
vn 0.1631 0.6088 -0.7764
vn -0.0371 0.0013 -0.9993
vn 0.1042 0.6812 -0.7247
vn 0.2442 0.1972 -0.9494
vn 0.1732 0.6214 -0.7641
vn 0.0939 -0.9736 -0.2080
vn 0.7085 0.7019 0.0734
vn 0.4617 0.8492 -0.2563
vn 0.4105 0.1010 -0.9063
vn 0.6110 0.7090 -0.3520
vn 0.7873 0.6152 0.0405
vn 0.5237 0.8518 0.0141
vn 0.8595 -0.0384 -0.5097
vn -0.1353 0.1649 -0.9770
vn 0.3274 -0.2912 -0.8989
vn 0.3328 -0.2906 -0.8971
vn 0.3318 -0.2904 -0.8975
vn 0.1358 0.6652 -0.7342
vn -0.1662 0.1822 -0.9691
vn -0.0288 -0.9575 -0.2870
vn -0.1310 -0.6284 -0.7668
vn 0.0988 -0.7935 -0.6005
vn 0.3482 0.0097 -0.9374
vn 0.3277 -0.2920 -0.8985
vn 0.8127 -0.5809 -0.0461
vn 0.1855 -0.9195 -0.3467
vn 0.4455 0.8823 0.1518
vn 0.3279 -0.2924 -0.8983
vn 0.5943 0.3708 -0.7137
vn 0.3435 0.8932 -0.2902
vn 0.3758 0.9167 -0.1355
vn 0.9426 -0.3036 -0.1393
vn 0.4695 0.7261 -0.5023
vn 0.0248 0.9735 -0.2273
vn -0.1777 0.6713 -0.7196
vn -0.5936 0.4676 0.6549
vn -0.6191 -0.3145 0.7196
vn -0.1087 -0.9909 0.0800
vn -0.0227 -0.9937 0.1095
vn -0.0254 -0.9942 0.1044
vn -0.0220 -0.9935 0.1115
vn -0.5696 -0.1379 0.8103
vn -0.5689 -0.1380 0.8108
vn -0.3718 0.5202 0.7689
vn -0.5703 -0.1378 0.8098
vn -0.1695 0.4451 0.8793
vn -0.0267 -0.9944 0.1023
vn 0.2118 -0.1636 0.9635
vn -0.2033 0.4515 0.8688
vn -0.1852 -0.2998 0.9358
vn -0.0082 -0.9987 0.0508
vn 0.0535 -0.9887 0.1398
vn 0.0534 -0.9888 0.1395
vn 0.0534 -0.9887 0.1399
vn 0.2807 0.4514 0.8470
vn 0.3382 -0.1201 0.9334
vn 0.0536 -0.9887 0.1398
vn -0.0279 -0.9996 0.0053
vn -0.6814 -0.2245 0.6966
vn -0.6904 0.0745 0.7196
vn -0.3254 -0.6138 0.7193
vn -0.1677 -0.3208 0.9322
vn 0.1986 0.0761 0.9771
vn -0.1778 -0.0638 0.9820
vn 0.1933 -0.2054 0.9594
vn 0.4601 0.2711 0.8455
vn -0.6014 -0.4225 0.6781
vn -0.3484 -0.7455 0.5682
vn -0.7976 -0.2624 0.5431
vn -0.6855 0.2869 -0.6691
vn -0.6821 0.3165 -0.6592
vn -0.6054 -0.4353 0.6663
vn -0.7097 -0.0034 0.7045
vn -0.4674 -0.0976 0.8786
vn -0.6089 0.0548 0.7914
vn -0.7532 0.4087 -0.5154
vn -0.2327 -0.8641 0.4463
vn -0.1572 0.0924 0.9832
vn -0.5816 -0.5179 0.6273
vn -0.0891 0.2518 0.9637
vn -0.0353 -0.7296 0.6830
vn 0.2787 -0.3691 0.8866
vn -0.0247 -0.0500 0.9984
vn -0.0194 -0.7539 0.6567
vn 0.4658 -0.0301 0.8844
vn 0.4957 -0.1290 0.8589
vn 0.3998 -0.0058 0.9166
vn 0.4055 -0.0132 0.9140
vn 0.3985 -0.0044 0.9171
vn 0.3191 -0.7687 0.5544
vn 0.0593 0.9948 -0.0827
vn -0.9100 -0.2875 0.2987
vn -0.9657 0.2494 0.0721
vn -0.9401 -0.2653 -0.2140
vn -0.9388 -0.1432 -0.3132
vn -0.9380 -0.1447 -0.3149
vn -0.9391 -0.1426 -0.3128
vn -0.9548 -0.2161 -0.2041
vn -0.1094 -0.9940 0.0001
vn -0.8192 0.5403 -0.1922
vn -0.9378 -0.1449 -0.3155
vn -0.7057 0.3927 -0.5897
vn -0.6906 0.3694 -0.6218
vn -0.4313 -0.1670 -0.8866
vn -0.1239 -0.9829 -0.1361
vn 0.9775 -0.0013 -0.2111
vn -0.1256 -0.9354 -0.3306
vn -0.3032 0.2678 -0.9145
vn -0.3068 -0.4142 -0.8569
vn -0.0458 0.1992 -0.9789
vn 0.1979 -0.2420 -0.9499
vn 0.0378 0.3339 -0.9419
vn -0.0033 -0.9923 -0.1238
vn 0.5317 0.4908 -0.6903
vn 0.5314 0.4908 -0.6904
vn 0.2452 0.3085 -0.9191
vn -0.7045 -0.6207 0.3441
vn -0.6976 -0.6254 0.3497
vn -0.7030 -0.6218 0.3452
vn -0.9733 0.1332 -0.1869
vn -0.9952 0.0602 -0.0773
vn -0.6962 -0.6262 0.3510
vn -0.9933 -0.0907 0.0722
vn -0.8394 0.3864 -0.3821
vn -0.3494 0.4762 -0.8069
vn -0.7281 0.2168 -0.6503
vn -0.7456 0.0789 -0.6617
vn -0.6844 0.1178 -0.7196
vn -0.3387 0.1387 -0.9306
vn 0.0132 0.3627 -0.9318
vn 0.5368 -0.5617 -0.6296
vn 0.2190 0.1210 -0.9682
vn -0.4290 -0.9027 -0.0341
vn -0.9191 -0.0603 -0.3894
vn -0.9182 -0.0619 -0.3912
vn -0.9188 -0.0607 -0.3900
vn -0.8037 0.3363 0.4909
vn -0.4981 -0.8662 0.0386
vn -0.9869 0.0961 -0.1298
vn -0.7641 -0.6388 0.0901
vn -0.9729 0.2308 -0.0137
vn -0.9352 0.2352 -0.2648
vn -0.9181 -0.0623 -0.3914
vn -0.4210 0.3123 -0.8516
vn -0.8721 -0.1061 0.4776
vn -0.7849 -0.5060 -0.3575
vn 0.0987 0.1761 -0.9794
vn -0.8991 -0.1210 -0.4207
vn -0.9996 0.0075 -0.0279
vn -0.5453 -0.8357 0.0657
vn -0.4306 -0.8828 0.1877
vn -0.5404 0.0209 -0.8412
vn -0.4454 0.8158 -0.3689
vn 0.2270 0.9384 0.2605
vn 0.3728 0.2812 -0.8843
vn -0.4747 0.0326 -0.8796
vn 0.9187 0.3654 0.1499
vn -0.7775 0.3932 0.4908
vn -0.3185 -0.8298 -0.4583
vn 0.0094 0.3011 -0.9535
vn 0.3463 0.9254 -0.1538
vn 0.0282 0.2242 0.9741
vn -0.3161 -0.7732 -0.5498
vn -0.2500 -0.2992 -0.9209
vn -0.4879 -0.5288 -0.6945
vn -0.5097 -0.3671 -0.7781
vn 0.0829 0.1280 -0.9883
vn -0.5392 -0.0889 -0.8375
vn -0.5415 -0.1128 -0.8331
vn -0.5679 -0.1134 -0.8152
vn 0.0195 0.0202 -0.9996
vn -0.1053 0.9944 -0.0131
vn 0.1113 0.1065 -0.9881
vn 0.1976 -0.0485 -0.9791
vn -0.0365 -0.1142 -0.9928
vn -0.0164 -0.8769 -0.4805
vn -0.1044 0.2953 -0.9497
vn -0.1553 0.9846 -0.0803
vn 0.0054 -0.9942 -0.1078
vn -0.2483 0.9600 0.1291
vn 0.8655 0.3539 -0.3546
vn -0.9829 0.1841 0.0090
vn 0.5432 0.3806 -0.7484
vn 0.6342 -0.0477 -0.7717
vn -0.9942 0.0813 0.0700
vn -0.1156 0.9913 0.0624
vn 0.5496 0.5960 -0.5855
vn -0.1561 0.1603 -0.9746
vn -0.0278 0.9985 -0.0477
vn 0.0606 0.9982 -0.0051
vn 0.0976 0.0994 -0.9902
vn -0.1036 -0.9944 0.0205
vn -0.1018 -0.9946 0.0205
vn -0.1004 -0.9947 0.0206
vn -0.7160 0.2612 0.6474
vn -0.0896 -0.9958 0.0209
vn -0.4664 -0.0107 0.8845
vn -0.6858 0.7198 0.1075
vn -0.1715 0.1494 0.9738
vn 0.0036 -0.9999 0.0131
vn -0.3102 0.8892 0.3362
vn -0.5121 0.3485 0.7850
vn -0.0129 -0.9946 -0.1027
vn 0.2022 0.2652 -0.9428
vn 0.1182 0.5503 -0.8266
vn 0.0500 0.1776 0.9828
vn 0.3951 0.5717 0.7191
vn -0.0004 -0.9987 -0.0519
vn 0.0302 -0.7124 0.7012
vn 0.0574 0.6613 0.7479
vn 0.4427 0.7899 0.4243
vn 0.1368 0.9248 0.3551
vn 0.2526 -0.0797 0.9643
vn 0.5258 0.6642 0.5314
vn 0.5262 0.6639 0.5314
vn 0.5261 0.6640 0.5314
vn 0.8848 0.4059 0.2288
vn 0.4226 0.8724 0.2455
vn -0.9583 -0.2156 -0.1876
vn -0.4085 0.7699 0.4903
vn -0.7551 0.6361 0.1584
vn -0.8523 0.4912 -0.1795
vn -0.6929 -0.4112 0.5923
vn -0.6963 0.6261 0.3509
vn -0.9010 0.1352 0.4123
vn -0.1027 -0.4126 -0.9051
vn -0.5319 -0.8465 -0.0205
vn -0.4458 0.8769 0.1801
vn -0.7712 -0.6203 -0.1434
vn -0.7084 -0.6793 -0.1916
vn -0.6327 -0.4485 0.6313
vn -0.1445 -0.9643 0.2218
vn -0.8857 0.1554 -0.4374
vn -0.6585 -0.5350 0.5293
vn 0.4704 0.5356 0.7013
vn -0.8340 0.5067 0.2182
vn 0.0463 -0.4540 0.8898
vn -0.8117 -0.2494 0.5282
vn -0.2770 0.1244 0.9528
vn 0.4519 -0.4328 0.7800
vn 0.6419 -0.0128 0.7667
vn 0.0051 0.6581 0.7529
vn -0.0371 0.5529 0.8324
vn 0.4105 0.5466 0.7299
vn 0.1321 0.7209 0.6804
vn 0.6087 -0.5975 0.5220
vn 0.8248 0.4554 0.3351
vn 0.7773 -0.3128 0.5458
vn 0.5662 -0.6764 0.4711
vn 0.1536 0.9714 -0.1809
vn 0.5302 -0.8118 -0.2448
vn 0.5302 -0.8117 -0.2451
vn 0.5302 -0.8118 -0.2447
vn 0.8076 -0.5017 0.3100
vn 0.7935 0.5764 0.1950
vn 0.6578 0.7218 0.2151
vn -0.3528 0.8661 -0.3541
vn -0.1906 -0.9548 -0.2281
vn -0.5361 0.0912 -0.8392
vn -0.6567 0.7377 -0.1566
vn -0.6165 0.7662 -0.1812
vn -0.2671 0.5143 -0.8149
vn -0.2255 0.8612 -0.4556
vn -0.0621 -0.9883 -0.1396
vn -0.0905 0.5682 -0.8179
vn -0.0560 0.5340 -0.8436
vn 0.1015 0.6838 -0.7226
vn -0.1722 0.7453 -0.6441
vn 0.1706 0.6242 -0.7624
vn 0.1008 -0.8369 -0.5380
vn 0.0884 -0.8356 -0.5422
vn 0.0891 -0.8357 -0.5419
vn 0.1016 -0.8370 -0.5377
vn 0.4823 0.7253 -0.4912
vn 0.6050 0.1419 -0.7835
vn 0.2285 0.1874 -0.9553
vn -0.9468 -0.2507 -0.2018
vn -0.4572 -0.5903 -0.6652
vn -0.2253 -0.8406 -0.4925
vn -0.4252 0.6846 -0.5920
vn -0.1389 0.1638 -0.9767
vn -0.1833 -0.6935 -0.6967
vn 0.0453 0.7836 -0.6197
vn 0.0607 0.7429 -0.6666
vn 0.5516 0.1873 -0.8128
vn 0.0566 0.8836 -0.4649
vn 0.3047 -0.2860 -0.9085
vn 0.5302 -0.8119 -0.2445
vn 0.6440 -0.6093 -0.4626
vn 0.3438 -0.0368 -0.9383
vn 0.5935 0.3719 -0.7137
vn 0.5583 0.7910 -0.2504
vn 0.8983 -0.3989 -0.1844
vn 0.8980 -0.3994 -0.1847
vn 0.8978 -0.3998 -0.1848
vn 0.9761 -0.0087 -0.2169
vn 0.5842 -0.6895 -0.4281
vn 0.5487 0.8039 -0.2295
vn 0.3407 -0.2698 -0.9006
vn -0.5240 0.3387 -0.7815
vn 0.0418 -0.9921 0.1187
vn 0.1371 -0.9832 0.1201
vn 0.1259 -0.9874 0.0963
vn 0.1488 -0.9834 0.1040
vn 0.9545 0.2285 0.1918
vn 0.4801 -0.5004 0.7205
vn 0.6559 0.0640 0.7521
vn 0.6482 -0.1793 0.7401
vn 0.7302 0.0992 0.6760
vn 0.7983 -0.0948 0.5948
vn 0.5389 0.0606 0.8402
vn 0.4068 -0.0150 0.9134
vn 0.5786 0.1304 0.8051
vn 0.7110 0.0606 0.7006
vn 0.5763 -0.6987 0.4238
vn 0.1194 -0.9919 0.0424
vn 0.7961 -0.0275 0.6045
vn 0.2144 0.0998 0.9716
vn 0.6611 -0.0316 -0.7496
vn 0.6456 -0.2060 -0.7354
vn 0.8687 0.2667 0.4174
vn 0.6467 0.1594 -0.7459
vn 0.6224 -0.1252 -0.7726
vn 0.1769 -0.9730 -0.1482
vn 0.8131 0.1338 -0.5666
vn -0.1354 -0.9744 0.1793
vn 0.7650 0.0762 -0.6395
vn 0.0789 -0.9951 0.0594
vn 0.8559 0.4254 -0.2943
vn 0.9349 0.1621 -0.3157
vn 0.8278 0.5190 -0.2132
vn 0.9968 0.0260 0.0752
vn 0.9702 0.2350 -0.0596
vn 0.9875 -0.1078 0.1149
vn 0.8016 0.0260 -0.5973
vn 0.5319 0.4907 -0.6902
vn 0.8534 0.4946 0.1647
vn 0.9922 0.0415 0.1177
vn 0.9609 0.1358 0.2412
vn 0.9798 0.0788 -0.1840
vn -0.5091 0.1464 0.8481
vn -0.9583 0.2830 -0.0383
vn 0.0372 0.9993 -0.0019
vn 0.2055 -0.8807 -0.4267
vn 0.8478 0.0520 -0.5278
vn 0.2996 0.7912 -0.5331
vn 0.4788 -0.8130 -0.3312
vn 0.7998 -0.2545 -0.5437
vn 0.2604 -0.8974 -0.3561
vn 0.2064 -0.9473 -0.2451
vn 0.6416 0.0994 -0.7606
vn 0.8679 -0.0873 -0.4889
vn 0.5037 -0.7810 -0.3692
vn 0.8438 -0.1124 -0.5248
vn -0.8722 0.3252 -0.3655
vn 0.7641 -0.5411 0.3511
vn 0.9009 -0.0781 0.4268
vn 0.5166 -0.1981 0.8330
vn 0.9262 0.0458 0.3742
vn 0.8694 -0.3380 0.3604
vn 0.7209 -0.6905 -0.0594
vn 0.9954 -0.0379 -0.0875
vn 0.9789 0.1230 -0.1632
vn 0.6955 -0.7141 0.0802
vn 0.5020 -0.6822 -0.5316
vn 0.7442 0.1707 -0.6458
vn 0.8326 0.3967 -0.3865
vn 0.2398 -0.9690 -0.0594
vn 0.9979 0.0477 0.0447
vn -0.9741 0.2193 0.0547
vn -0.5181 0.8417 0.1518
vn 0.0835 0.9964 0.0156
vn 0.1851 0.9735 0.1340
vn 0.5440 -0.0680 0.8364
vn 0.5160 0.6705 0.5331
vn 0.9301 -0.0148 0.3669
vn 0.0133 -0.9993 0.0351
vn 0.9975 -0.0650 -0.0262
vn 0.7759 0.6158 0.1367
vn 0.8423 0.4371 -0.3155
vn 0.8955 -0.4041 -0.1866
vn 0.7861 0.6166 0.0422
vn 0.5710 0.5538 -0.6060
vn 0.9854 0.0777 -0.1515
vn 0.8770 -0.0062 -0.4804
vn -0.9943 0.0981 -0.0420
vn -0.7383 0.6484 -0.1858
vn -0.1577 -0.9875 0.0042
vn -0.6501 0.3556 0.6715
vn -0.4087 0.7355 0.5403
vn 0.0227 -0.9924 0.1210
vn -0.3961 0.8017 0.4477
vn -0.4583 0.8325 -0.3112
vn -0.1718 0.9238 0.3421
vn -0.1828 0.8050 0.5644
vn 0.1607 0.7032 0.6926
vn 0.2166 0.6727 0.7075
vn -0.9472 0.0255 0.3196
vn -0.5028 -0.8447 0.1835
vn -0.3872 -0.8769 -0.2848
vn -0.8960 0.1653 -0.4121
vn -0.9216 0.0894 -0.3777
vn -0.7221 0.5443 0.4270
vn -0.4219 0.7597 0.4947
vn -0.8550 -0.0630 0.5148
vn -0.6574 -0.7510 0.0609
vn 0.0065 0.5325 0.8464
vn -0.5544 -0.5091 0.6584
vn -0.0876 0.8962 0.4348
vn -0.9755 0.0006 0.2202
vn -0.2629 0.9257 0.2718
vn -0.9012 0.1521 0.4057
vn -0.6869 -0.0993 -0.7199
vn -0.8918 0.3330 -0.3062
vn -0.9346 0.0219 0.3549
vn -0.1265 -0.3950 0.9099
vn -0.1890 -0.7280 0.6590
vn 0.1170 -0.3356 0.9347
vn 0.1421 -0.3282 0.9339
vn -0.5366 -0.0649 0.8414
vn -0.0714 0.7901 0.6089
vn -0.2054 0.1738 -0.9631
vn -0.0603 0.0284 -0.9978
vn 0.0894 0.8049 -0.5866
vn 0.0819 -0.9916 -0.1000
vn 0.4706 -0.6201 0.6277
vn 0.1007 0.7630 0.6385
vn 0.7201 -0.1925 0.6667
vn 0.6218 0.1375 0.7710
vn 0.5673 0.7680 0.2971
vn 0.4764 0.8771 0.0615
vn 0.5783 0.5444 0.6076
vn 0.6068 -0.0716 0.7917
vn 0.5911 -0.0909 0.8014
vn 0.9778 -0.2094 0.0078
vn 0.4525 0.2511 -0.8557
vn -0.4560 0.7697 -0.4467
vn -0.0781 0.7826 -0.6177
vn 0.0958 0.8070 0.5828
vn 0.7433 0.4598 0.4859
vn 0.8087 0.4735 0.3489
vn 0.1923 0.9784 0.0762
vn -0.8639 0.0962 -0.4944
vn -0.6783 0.1823 -0.7118
vn 0.5925 0.4530 -0.6661
vn -0.0582 -0.0969 -0.9936
vn 0.1888 0.8338 -0.5188
vn -0.4167 -0.7446 -0.5215
vn -0.3967 -0.4864 -0.7785
vn -0.4268 -0.2917 -0.8560
vn -0.3899 -0.5477 -0.7403
vn 0.0211 -0.1347 -0.9907
vn -0.0695 0.6047 -0.7934
vn 0.1437 0.3785 -0.9144
vn 0.1009 -0.7845 -0.6119
vn 0.1982 0.8265 -0.5270
vn 0.2532 0.9258 -0.2806
vn 0.1406 -0.3663 -0.9198
vn -0.6186 0.4391 -0.6516
vn -0.8778 0.3885 -0.2803
vn -0.7803 -0.5701 0.2574
vn -0.7178 0.6454 0.2613
vn -0.7770 0.6273 0.0525
vn -0.7268 -0.6855 -0.0420
vn -0.7018 0.7097 -0.0620
vn -0.7592 0.5955 -0.2627
vn -0.6406 0.5229 0.5623
vn -0.6547 -0.2175 0.7239
vn -0.5777 0.7481 0.3264
vn -0.3234 0.9288 0.1809
vn 0.1062 -0.9931 -0.0495
vn -0.0428 -0.9966 0.0704
vn -0.2499 0.6287 0.7364
vn -0.1668 -0.5916 0.7888
vn -0.2020 -0.6448 0.7372
vn -0.1909 0.4967 0.8467
vn -0.0927 0.5945 0.7987
vn 0.0013 -0.9974 -0.0724
vn 0.1208 0.5877 0.8000
vn 0.1506 0.6425 0.7514
vn -0.6323 0.6880 0.3562
vn -0.9294 -0.2882 0.2303
vn -0.8465 -0.5310 -0.0389
vn -0.4546 0.8854 -0.0969
vn -0.9507 -0.1474 -0.2728
vn -0.5426 0.4382 0.7166
vn -0.9152 -0.3138 0.2528
vn -0.5018 0.4576 0.7340
vn -0.9860 0.1519 -0.0684
vn -0.9954 0.0770 0.0572
vn -0.6335 0.2352 0.7371
vn -0.7673 0.0479 0.6395
vn -0.9186 0.2841 0.2746
vn -0.1637 0.7297 0.6639
vn 0.3015 0.1888 0.9346
vn -0.2659 0.2318 0.9357
vn 0.1261 0.8636 0.4882
vn 0.4226 0.0743 -0.9033
vn 0.3578 0.8105 0.4638
vn 0.3577 0.8105 0.4638
vn 0.3564 0.8105 0.4648
vn 0.6414 0.0699 0.7640
vn -0.9436 0.3252 -0.0627
vn -0.8829 -0.2163 -0.4167
vn -0.9046 0.1697 0.3910
vn 0.0248 -0.9997 0.0024
vn -0.8036 0.0304 -0.5944
vn -0.8040 0.0310 -0.5938
vn -0.9435 -0.1592 -0.2906
vn -0.6203 -0.0443 -0.7831
vn -0.0611 -0.0033 0.9981
vn -0.1931 -0.1495 0.9697
vn -0.3297 0.2343 0.9145
vn -0.2061 -0.1662 0.9643
vn -0.0972 -0.0102 -0.9952
vn -0.0652 -0.1707 0.9832
vn 0.3153 -0.0907 -0.9447
vn 0.8128 -0.0129 -0.5824
vn -0.5717 0.8203 0.0174
vn -0.9268 -0.3291 -0.1811
vn -0.2943 0.8603 -0.4164
vn 0.0996 0.8233 0.5587
vn -0.9909 0.0495 0.1248
vn -0.8678 0.4615 -0.1845
vn -0.8281 -0.4885 0.2752
vn -0.6835 0.2816 0.6734
vn 0.7571 0.6382 0.1396
vn -0.9332 -0.2553 0.2530
vn 0.8934 -0.3601 0.2687
vn 0.6524 0.7350 0.1845
vn -0.4537 -0.0945 0.8861
vn -0.5406 -0.8305 0.1345
vn -0.0434 0.9985 0.0323
vn -0.9079 -0.0264 0.4184
vn -0.3866 0.9215 0.0365
vn -0.9995 0.0011 0.0329
vn -0.8527 0.5224 0.0071
vn -0.9745 -0.1538 -0.1631
vn -0.5414 -0.7620 -0.3553
vn 0.0116 0.9846 -0.1743
vn 0.5057 0.8011 0.3200
vn -0.4675 0.7707 0.4330
vn -0.6664 -0.0054 -0.7455
vn 0.4108 0.2824 0.8669
vn 0.1736 -0.3600 0.9167
vn 0.1762 0.1928 0.9653
vn -0.2682 0.5096 0.8175
vn -0.4787 -0.2883 0.8293
vn -0.3032 0.9408 0.1516
vn -0.7085 0.6735 -0.2108
vn -0.1925 -0.1890 -0.9629
vn -0.3957 0.7984 -0.4538
vn -0.0671 -0.3414 -0.9375
vn -0.2845 0.8975 -0.3371
vn 0.2093 -0.3258 0.9220
vn 0.0774 -0.1067 0.9913
vn -0.0282 0.9980 0.0561
vn -0.0008 0.9957 0.0921
vn 0.3229 0.7913 0.5192
vn 0.4033 0.5443 0.7356
vn -0.0360 0.9899 0.1371
vn 0.4771 0.7519 0.4551
vn 0.1269 -0.9106 0.3933
vn 0.3506 -0.1102 0.9300
vn -0.3104 -0.2607 -0.9142
vn 0.1713 0.9827 0.0704
vn 0.1016 0.9840 0.1460
vn 0.6085 -0.2655 -0.7479
vn -0.8052 -0.5807 -0.1204
vn -0.8150 0.5108 -0.2737
vn -0.6978 -0.3453 -0.6276
vn -0.7840 -0.5543 -0.2795
vn -0.4735 0.5164 -0.7135
vn -0.4872 0.7253 -0.4864
vn -0.4871 0.7284 -0.4818
vn -0.4872 0.7275 -0.4831
vn -0.4870 0.7249 -0.4872
vn -0.4916 -0.7144 -0.4980
vn -0.5179 0.6186 -0.5908
vn 0.0118 0.7053 -0.7088
vn -0.0112 -0.5990 -0.8006
vn 0.0187 0.6950 -0.7188
vn 0.3121 -0.5250 -0.7918
vn -0.1961 0.8636 -0.4646
vn -0.6953 -0.2170 -0.6851
vn 0.2620 0.8395 -0.4761
vn -0.6663 0.1555 -0.7293
vn -0.0424 -0.9979 -0.0484
vn 0.0641 0.3404 -0.9381
vn -0.0226 -0.9996 0.0166
vn -0.0042 -1.0000 0.0020
vn -0.0041 -1.0000 0.0041
vn -0.0040 -0.9999 0.0115
vn -0.6081 -0.0887 -0.7889
vn 0.7472 0.6480 0.1477
vn 0.4926 0.7730 0.3998
vn -0.2359 -0.2739 -0.9324
vn 0.3642 0.9122 -0.1877
vn -0.2446 -0.3703 -0.8961
vn 0.3538 0.9209 -0.1635
vn 0.1674 0.6969 0.6974
vn 0.1644 0.6927 0.7022
vn 0.1677 0.6977 0.6965
vn -0.3944 0.9185 0.0273
vn -0.0821 -0.8572 -0.5084
vn 0.2233 -0.2451 0.9434
vn -0.4751 0.7469 -0.4653
vn 0.0048 0.9982 -0.0593
vn 0.1637 0.6921 0.7030
vn 0.4375 -0.1477 -0.8870
vn 0.1350 0.8873 0.4410
vn 0.5013 0.7109 -0.4933
vn 0.7400 0.2179 0.6363
vn 0.5323 0.7339 0.4220
vn 0.8247 0.5595 0.0823
vn 0.7151 0.6727 0.1900
vn 0.8308 0.1221 0.5430
vn 0.9918 0.1234 0.0323
vn 0.6608 -0.5482 0.5127
vn 0.1776 -0.8837 0.4330
vn 0.7581 0.3861 0.5255
vn 0.6923 -0.6801 0.2413
vn 0.5645 0.6449 0.5152
vn 0.3450 -0.7858 -0.5133
vn 0.6990 -0.1676 0.6952
vn 0.8101 -0.5609 -0.1708
vn 0.7393 0.6688 -0.0779
vn 0.7827 -0.4137 -0.4650
vn 0.5200 0.0920 -0.8492
vn 0.1138 -0.9808 -0.1584
vn 0.5681 0.6323 -0.5268
vn 0.1448 0.7512 -0.6440
vn 0.3652 0.4530 -0.8133
vn -0.8648 0.1155 0.4886
vn -0.5397 0.7688 0.3430
vn -0.9966 0.0407 0.0712
vn -0.0241 -0.9997 -0.0035
vn -0.0230 -0.9997 -0.0026
vn -0.0243 -0.9997 -0.0036
vn -0.7854 0.5633 -0.2566
vn 0.2554 -0.5896 0.7663
vn 0.1602 0.5790 0.7994
vn 0.1780 0.6906 0.7010
vn 0.5153 -0.5550 0.6530
vn 0.5367 -0.6400 0.5499
vn 0.7094 -0.6067 0.3587
vn 0.6795 -0.7142 -0.1682
vn 0.6883 0.6707 -0.2766
vn -0.0093 -0.9998 0.0154
vn 0.6861 -0.7008 0.1955
vn 0.7138 0.6492 0.2629
vn 0.9255 0.2074 0.3169
vn 0.7839 0.5692 0.2480
vn 0.8728 0.4880 0.0041
vn 0.5528 0.8167 -0.1656
vn 0.6719 -0.7173 -0.1842
vn 0.9200 -0.3536 0.1692
vn 0.6536 0.7304 0.1982
vn -0.9634 -0.1179 0.2406
vn -0.8633 -0.4885 -0.1270
vn -0.8384 -0.5198 -0.1642
vn -0.6849 0.6920 0.2280
vn -0.7677 -0.5895 0.2513
vn -0.3511 -0.9099 0.2208
vn -0.8083 0.1079 0.5788
vn -0.5890 -0.5188 0.6197
vn 0.0512 -0.9986 -0.0153
vn -0.7354 -0.2602 0.6257
vn -0.7240 0.4347 0.5356
vn -0.4905 0.6838 0.5402
vn -0.6678 0.5627 0.4871
vn 0.4589 -0.3899 0.7984
vn 0.9538 0.2383 0.1831
vn 0.9533 0.2237 0.2028
vn 0.9899 -0.0545 0.1311
vn 0.4413 0.6767 0.5893
vn 0.5558 -0.2703 0.7861
vn 0.6272 -0.3982 0.6694
vn 0.3590 0.8105 0.4628
vn 0.5904 0.7810 0.2038
vn 0.6056 0.7760 -0.1759
vn 0.9093 0.0789 -0.4087
vn 0.9191 -0.3284 -0.2176
vn -0.6264 0.6171 0.4763
vn -0.8229 0.5599 -0.0964
vn -0.7052 -0.7013 -0.1043
vn -0.6473 0.7574 0.0857
vn -0.6573 0.7505 0.0682
vn -0.8685 -0.1053 0.4844
vn -0.7701 -0.6102 0.1859
vn 0.7733 -0.1100 0.6244
vn 0.9538 0.1257 -0.2730
vn -0.0041 -0.9999 0.0134
vn 0.9739 -0.1597 0.1612
vn 0.0234 -0.9997 -0.0110
vn 0.9258 -0.1978 -0.3223
vn -0.9147 -0.1291 0.3829
vn -0.9847 0.0614 -0.1628
vn -0.0687 -0.4566 -0.8870
vn -0.0648 -0.4543 -0.8885
vn -0.0682 -0.4563 -0.8872
vn -0.9412 -0.2997 -0.1557
vn -0.8714 0.1778 -0.4571
vn 0.6343 -0.3257 0.7011
vn 0.9972 -0.0296 0.0693
vn 0.6460 -0.5056 -0.5719
vn 0.2837 0.9351 -0.2124
vn 0.2487 0.9432 -0.2203
vn 0.2370 0.8618 -0.4484
vn -0.1039 -0.9924 -0.0658
vn 0.5299 -0.1787 0.8290
vn -0.6426 0.7391 -0.2021
vn -0.7812 -0.0312 0.6235
vn 0.0463 0.9976 -0.0518
vn -0.7660 -0.1099 0.6333
vn -0.5764 0.6292 0.5214
vn 0.2420 -0.3604 0.9008
vn 0.2451 -0.3634 0.8988
vn 0.2438 -0.3620 0.8997
vn 0.9217 -0.2242 0.3165
vn 0.4046 -0.8746 0.2670
vn 0.2456 -0.3636 0.8986
vn 0.8694 0.4582 0.1848
vn 0.8707 0.4568 0.1821
vn 0.8710 0.4567 0.1812
vn 0.9384 -0.2353 -0.2531
vn -0.7549 0.6387 -0.1492
vn 0.8929 -0.3385 0.2968
vn 0.1973 0.8783 0.4354
vn 0.8690 0.4587 0.1856
vn 0.9519 -0.0459 0.3028
vn 0.7540 -0.5251 -0.3945
vn 0.6536 -0.2555 -0.7124
vn 0.6579 -0.2591 -0.7071
vn 0.6568 -0.2582 -0.7085
vn -0.0520 0.8916 -0.4498
vn 0.4307 -0.0654 -0.9001
vn 0.4281 -0.0692 -0.9011
vn 0.4271 -0.0704 -0.9015
vn 0.2016 -0.9618 -0.1850
vn 0.2055 -0.9605 -0.1875
vn 0.2018 -0.9617 -0.1853
vn 0.4316 -0.0638 -0.8998
vn 0.3684 0.5503 -0.7493
vn 0.2067 -0.9601 -0.1882
vn 0.5916 0.6134 -0.5232
vn 0.9169 -0.2221 -0.3316
vn 0.5961 0.6297 -0.4981
vn -0.6132 0.5933 -0.5216
vn -0.6165 0.5913 -0.5199
vn -0.6167 0.5911 -0.5199
vn -0.4102 0.6806 -0.6070
vn -0.4254 0.4587 -0.7802
vn -0.3826 -0.4662 -0.7977
vn 0.5540 -0.4721 -0.6858
vn 0.5392 -0.2447 -0.8059
vn 0.7180 0.2991 -0.6285
vn 0.1985 -0.7600 -0.6189
vn 0.2804 -0.2679 -0.9217
vn -0.5370 0.6645 0.5197
vn 0.2953 0.8637 -0.4085
vn 0.4937 -0.3905 -0.7771
vn 0.7995 -0.0874 -0.5943
vn 0.6525 -0.2546 -0.7137
vn -0.2589 0.2693 0.9276
vn 0.0387 0.0528 0.9979
vn 0.0072 -0.9828 0.1847
vn 0.6433 -0.0419 0.7645
vn 0.5504 0.1091 0.8277
vn -0.0755 -0.9921 0.1004
vn -0.5436 0.7107 0.4465
vn -0.0444 -0.9966 0.0695
vn -0.0317 -0.9994 -0.0101
vn -0.6252 0.7262 -0.2861
vn -0.6128 0.5989 -0.5155
vn -0.0864 -0.9826 -0.1643
vn -0.6927 0.5263 0.4932
vn -0.4286 0.8164 -0.3871
vn -0.1836 0.7801 0.5980
vn -0.4447 0.5563 0.7019
vn -0.3027 0.6560 0.6914
vn 0.3679 0.4978 0.7854
vn 0.2850 0.7762 -0.5624
vn 0.4070 0.7510 0.5199
vn 0.2995 -0.8772 0.3752
vn 0.4547 0.0506 -0.8892
vn 0.4612 0.6554 0.5981
vn 0.7855 0.6082 0.1145
vn 0.6822 0.2667 -0.6808
vn 0.5730 0.7820 0.2453
vn 0.8980 0.0963 0.4294
vn 0.0215 -0.9991 -0.0370
vn 0.8917 0.1074 -0.4398
vn -0.6217 -0.7616 0.1831
vn -0.4081 0.8699 0.2769
vn -0.9467 -0.1369 0.2918
vn -0.7581 0.6395 -0.1277
vn -0.9450 -0.0129 -0.3267
vn -0.8934 -0.4392 -0.0952
vn -0.7972 0.0294 0.6029
vn -0.5890 -0.5499 0.5921
vn -0.6920 -0.7219 0.0062
vn -0.6716 0.7073 -0.2206
vn -0.4304 0.7187 0.5461
vn -0.1023 -0.6485 0.7543
vn -0.3216 -0.6591 0.6798
vn -0.2906 0.8139 0.5031
vn -0.5531 0.0620 0.8308
vn -0.4842 -0.8436 0.2321
vn -0.6189 0.1382 -0.7732
vn -0.4172 -0.6731 -0.6106
vn 0.1329 -0.2215 0.9661
vn -0.3644 -0.3536 0.8615
vn -0.0904 -0.9053 0.4151
vn -0.3928 0.2083 -0.8957
vn -0.3988 -0.6700 -0.6261
vn -0.3518 0.7087 -0.6115
vn -0.0327 -0.5478 0.8359
vn -0.3587 -0.6982 -0.6195
vn -0.2581 -0.7249 -0.6387
vn -0.0906 0.1557 0.9836
vn -0.0687 -0.4958 0.8657
vn 0.3394 -0.5550 -0.7594
vn 0.0446 0.8714 0.4886
vn 0.4647 -0.0975 0.8801
vn 0.2690 0.7868 -0.5555
vn 0.2991 -0.4229 -0.8554
vn 0.3045 -0.4167 -0.8565
vn 0.3002 -0.4216 -0.8557
vn 0.5137 0.0406 -0.8570
vn -0.1207 -0.8948 0.4298
vn 0.3532 0.1075 0.9294
vn 0.6092 -0.4542 0.6501
vn 0.6154 -0.4483 0.6483
vn 0.6081 -0.4554 0.6503
vn 0.3633 0.1274 0.9229
vn 0.4743 -0.1141 -0.8730
vn 0.7898 0.5274 -0.3133
vn 0.3912 -0.9092 -0.1426
vn 0.1520 0.6256 -0.7652
vn 0.3059 -0.4152 -0.8568
vn 0.6164 -0.4474 0.6480
vn 0.7078 -0.2825 0.6475
vn 0.9642 0.1498 -0.2187
vn 0.7995 0.5726 0.1816
vn 0.6485 -0.7565 -0.0848
vn 0.6106 0.3686 -0.7009
vn 0.7905 0.4684 -0.3946
vn 0.3206 0.9346 0.1540
vn 0.5203 -0.7681 -0.3732
vn 0.4340 0.8028 0.4087
vn 0.7049 0.6377 -0.3106
vn 0.8015 -0.5261 -0.2843
vn 0.8378 -0.4694 -0.2788
vn 0.8989 0.0551 -0.4348
vn 0.7116 -0.6915 0.1242
vn 0.4208 0.9072 -0.0035
vn 0.0078 0.9951 0.0989
vn 0.0450 0.9286 -0.3684
vn 0.3046 0.8376 -0.4535
vn -0.1335 0.4814 0.8663
vn -0.2389 -0.4075 0.8814
vn 0.0346 -0.9980 -0.0525
vn -0.1601 -0.1013 0.9819
vn -0.2413 0.7671 0.5944
vn -0.0709 0.6297 0.7736
vn 0.2640 -0.3276 0.9072
vn 0.3290 0.6974 0.6367
vn 0.2500 0.6080 0.7535
vn -0.0464 -0.9989 0.0064
vn 0.5255 0.6769 0.5155
vn 0.5252 0.6767 0.5160
vn 0.5277 0.6824 0.5058
vn 0.5280 0.6833 0.5044
vn -0.0648 -0.9953 -0.0726
vn 0.6995 -0.3652 0.6143
vn 0.6877 0.5866 0.4278
vn -0.0786 -0.9962 -0.0374
vn 0.5472 0.7696 -0.3290
vn 0.7217 -0.5624 -0.4035
vn 0.7131 -0.1373 0.6874
vn 0.7547 -0.4981 0.4270
vn 0.7187 -0.5240 0.4570
vn 0.6093 -0.7893 0.0761
vn 0.6920 0.7218 0.0123
vn 0.6744 0.6984 0.2397
vn 0.8830 -0.4384 -0.1676
vn 0.9572 0.1288 -0.2591
vn -0.4475 0.7599 -0.4714
vn -0.4705 -0.5178 0.7145
vn -0.4253 0.6276 0.6521
vn -0.8891 -0.0464 -0.4553
vn -0.2289 0.7629 0.6046
vn -0.5437 -0.3951 0.7404
vn -0.7145 -0.0558 0.6974
vn -0.8301 0.2594 -0.4936
vn -0.3927 0.3717 0.8412
vn -0.6970 0.1333 0.7046
vn 0.1094 -0.2250 0.9682
vn 0.0231 0.2292 0.9731
vn 0.3342 0.1403 -0.9320
vn -0.5410 0.1321 -0.8306
vn -0.2729 -0.1401 -0.9518
vn 0.1805 0.0083 0.9835
vn 0.2372 0.6402 0.7307
vn 0.4607 0.6160 0.6389
vn 0.4675 0.6118 0.6381
vn 0.4664 0.6125 0.6382
vn 0.4385 -0.1209 -0.8905
vn 0.5499 0.1016 0.8290
vn 0.4352 -0.2245 0.8719
vn 0.9872 0.1453 -0.0656
vn 0.6479 -0.0856 0.7569
vn 0.4599 0.6163 0.6393
vn 0.7160 0.5612 0.4152
vn 0.5787 0.8066 -0.1201
vn 0.7763 -0.6286 -0.0475
vn 0.5774 0.8005 -0.1607
vn 0.7596 -0.6477 -0.0590
vn 0.8413 -0.2528 0.4778
vn 0.8189 -0.5729 -0.0336
vn 0.6990 0.6557 0.2855
vn -0.8095 0.5695 0.1426
vn -0.5986 0.7883 0.1425
vn -0.9413 0.2924 0.1687
vn -0.0893 0.7874 0.6099
vn -0.8351 0.3519 -0.4228
vn -0.9213 -0.1913 -0.3384
vn -0.8028 0.4085 -0.4343
vn -0.7753 -0.4274 0.4650
vn -0.7532 0.5160 0.4081
vn -0.5872 -0.0477 0.8080
vn -0.2840 -0.9188 0.2742
vn -0.2002 -0.9794 0.0273
vn -0.8818 0.4643 0.0832
vn -0.7424 -0.6692 0.0308
vn -0.2821 0.9431 -0.1762
vn -0.8932 0.0784 -0.4428
vn -0.5889 0.5879 -0.5546
vn -0.5870 0.5997 -0.5439
vn -0.5657 -0.0963 -0.8189
vn -0.7124 -0.4131 0.5672
vn -0.3368 -0.6942 0.6361
vn -0.0643 -0.4539 -0.8887
vn -0.3488 0.8393 -0.4171
vn -0.4827 0.4732 -0.7369
vn -0.3929 0.8192 -0.4177
vn -0.4779 -0.7101 -0.5171
vn -0.1752 0.5359 0.8259
vn -0.3357 0.1863 0.9234
vn -0.0402 0.8076 0.5883
vn -0.3071 0.8229 -0.4781
vn 0.0876 -0.2015 0.9756
vn -0.2329 0.7807 0.5798
vn -0.1210 0.7139 0.6897
vn -0.4353 -0.0786 -0.8969
vn -0.1025 -0.9222 -0.3728
vn -0.0791 0.6197 -0.7809
vn -0.2478 -0.2516 -0.9356
vn 0.0080 0.3310 0.9436
vn 0.1177 0.7238 -0.6799
vn 0.3518 0.0503 0.9347
vn 0.0740 0.6864 0.7235
vn 0.3536 -0.8543 -0.3811
vn 0.2394 0.9274 -0.2873
vn 0.0283 -0.2753 0.9609
vn 0.2300 -0.8257 0.5151
vn 0.4770 0.4741 0.7400
vn 0.0476 -0.5077 0.8602
vn 0.4803 0.5434 0.6885
vn 0.0058 0.9019 0.4320
vn 0.3670 0.8893 -0.2730
vn 0.8109 -0.4286 -0.3985
vn 0.2633 0.7490 -0.6080
vn 0.2625 0.7491 -0.6082
vn 0.2629 0.7491 -0.6080
vn -0.0991 0.9884 -0.1155
vn 0.7945 0.3316 0.5087
vn 0.4430 -0.8585 0.2584
vn 0.1225 0.9647 -0.2332
vn 0.0710 -0.4263 -0.9018
vn 0.4744 0.7700 -0.4267
vn 0.7567 0.4959 -0.4260
vn 0.8477 -0.3396 0.4075
vn 0.1756 0.9748 -0.1377
vn 0.3867 -0.8843 0.2615
vn 0.8417 -0.2924 0.4539
vn 0.6760 0.5919 0.4390
vn 0.8534 0.4398 0.2799
vn 0.5843 0.5468 0.5997
vn 0.4609 0.8863 -0.0456
vn 0.3063 -0.9505 0.0515
vn 0.4067 0.8696 -0.2801
vn 0.7477 -0.5825 -0.3190
vn 0.6077 0.4279 -0.6690
vn 0.8438 0.5310 -0.0775
vn 0.9077 0.4188 -0.0254
vn 0.7219 -0.6803 0.1270
vn 0.9717 -0.2360 0.0044
vn 0.8494 0.5183 -0.0998
vn 0.8599 0.5073 -0.0568
vn -0.1604 0.6951 0.7008
vn 0.7674 0.3955 -0.5047
vn -0.8527 0.4995 0.1532
vn -0.4491 0.5457 0.7075
vn -0.9345 -0.1304 0.3312
vn -0.8528 0.4879 0.1862
vn -0.0746 0.6957 0.7144
vn -0.0737 0.6968 0.7134
vn -0.0735 0.6964 0.7139
vn -0.2340 0.6186 0.7501
vn -0.2054 0.5093 0.8357
vn -0.7396 -0.1890 0.6460
vn 0.0343 -0.0426 -0.9985
vn -0.9157 -0.2823 -0.2861
vn -0.0681 -0.5604 -0.8254
vn -0.6618 -0.1045 -0.7424
vn -0.2496 0.8805 -0.4030
vn -0.6551 -0.1209 0.7458
vn -0.8023 -0.0928 0.5896
vn 0.0124 0.8921 0.4517
vn -0.0750 0.6957 0.7144
vn -0.1308 -0.2796 -0.9512
vn -0.1797 -0.3105 -0.9334
vn -0.1479 0.5685 -0.8093
vn 0.3405 -0.3650 0.8665
vn 0.2627 0.7492 -0.6080
vn 0.5272 -0.0627 -0.8474
vn 0.4770 0.7154 -0.5105
vn -0.0404 0.8267 -0.5612
vn 0.3788 -0.3925 0.8381
vn 0.9437 -0.3305 -0.0133
vn 0.9491 -0.2915 -0.1188
vn 0.0835 -0.5547 -0.8279
vn 0.6242 0.6113 0.4866
vn 0.0529 -0.5125 -0.8571
vn 0.0503 -0.4958 -0.8670
vn 0.8529 0.5193 -0.0532
vn 0.8290 0.5587 -0.0247
vn -0.6129 0.5934 -0.5217
vn -0.2938 0.0483 -0.9546
vn -0.3180 0.5392 -0.7798
vn -0.0178 -0.6011 -0.7990
vn -0.0068 0.6529 -0.7574
vn -0.3453 0.5072 -0.7896
vn 0.0920 -0.2024 -0.9750
vn 0.3980 -0.3085 -0.8640
vn 0.1717 0.4597 -0.8713
vn -0.0118 -0.9998 -0.0153
vn 0.6138 0.1993 -0.7639
vn 0.4969 -0.2488 -0.8314
vn 0.5159 -0.2029 -0.8322
vn 0.3253 0.6222 -0.7121
vn 0.1499 -0.8593 -0.4890
vn 0.7648 -0.3708 -0.5269
vn -0.0441 -0.9939 0.1010
vn 0.8907 0.2379 -0.3875
vn 0.8014 -0.3278 -0.5003
vn 0.6658 0.5008 -0.5531
vn -0.4603 0.7426 -0.4865
vn -0.4828 -0.3849 -0.7866
vn -0.4716 0.2407 -0.8484
vn -0.2529 0.8408 -0.4786
vn -0.0882 0.5411 -0.8363
vn 0.0210 0.7081 -0.7058
vn 0.1306 -0.5435 -0.8292
vn 0.3989 0.5425 -0.7393
vn 0.1196 0.7606 -0.6381
vn -0.3508 0.2269 -0.9086
vn -0.2175 0.0017 -0.9761
vn -0.1200 0.4625 -0.8785
vn -0.4085 -0.5033 -0.7614
vn 0.0238 -0.5135 -0.8578
vn 0.2137 -0.4017 -0.8905
vn 0.4088 0.1127 -0.9056
vn -0.1946 -0.1632 -0.9672
vn 0.3515 -0.2203 -0.9099
vn -0.1113 -0.1863 -0.9762
vn 0.3748 -0.1267 -0.9184
vn 0.0107 -0.9999 0.0109
vn 0.6754 0.7051 -0.2158
vn -0.8362 0.1169 0.5358
vn -0.2426 -0.9555 0.1681
vn -0.7153 0.6978 0.0365
vn -0.1067 -0.9839 0.1432
vn -0.5597 0.6466 0.5184
vn -0.8187 0.5529 0.1550
vn -0.4452 -0.0284 0.8950
vn -0.2118 0.6747 0.7071
vn -0.4415 0.7990 0.4083
vn 0.0835 0.5111 0.8555
vn -0.7597 0.5387 0.3643
vn -0.1324 0.7296 0.6710
vn -0.1930 0.8912 0.4104
vn -0.6154 0.4193 0.6674
vn -0.4270 -0.4545 0.7817
vn -0.4254 -0.4567 0.7813
vn -0.4312 -0.4487 0.7827
vn -0.4330 -0.4462 0.7832
vn -0.4240 0.7146 0.5563
vn -0.5718 0.7125 0.4067
vn -0.8270 0.5338 0.1763
vn -0.2988 0.7544 0.5845
vn -0.4914 0.1051 0.8646
vn -0.5603 -0.8281 0.0197
vn -0.9770 0.1852 0.1054
vn -0.6947 0.7171 0.0564
vn -0.3982 -0.9094 -0.1204
vn -0.7010 0.2269 -0.6761
vn -0.3699 0.8863 -0.2785
vn -0.5208 0.0920 -0.8487
vn -0.8835 0.3322 -0.3301
vn -0.6960 0.7042 0.1400
vn -0.7608 0.6484 -0.0279
vn -0.0545 -0.9958 -0.0737
vn -0.4977 0.0915 -0.8625
vn -0.2112 0.2480 -0.9454
vn -0.4402 0.8965 0.0499
vn -0.8575 0.4981 -0.1289
vn -0.5976 -0.5475 -0.5858
vn -0.1601 -0.5332 -0.8307
vn -0.2249 0.9299 -0.2909
vn -0.6328 -0.7624 -0.1353
vn -0.7101 -0.6868 -0.1552
vn -0.9676 0.1860 0.1705
vn -0.3029 0.9172 -0.2590
vn -0.4138 0.2091 -0.8860
vn -0.1136 0.8499 -0.5145
vn -0.1841 0.8191 -0.5434
vn -0.4607 0.8478 -0.2625
vn -0.3055 0.8953 -0.3241
vn -0.2246 -0.0585 0.9727
vn 0.9521 -0.3058 -0.0042
vn -0.8684 -0.0739 0.4903
vn -0.7167 0.6956 0.0501
vn -0.9750 0.2137 -0.0606
vn -0.6684 -0.6949 -0.2654
vn -0.6701 -0.6902 -0.2730
vn -0.6678 -0.6959 -0.2642
vn -0.7192 0.6947 -0.0127
vn -0.6646 0.7446 0.0618
vn -0.8052 0.0862 0.5868
vn -0.8737 -0.2017 0.4426
vn -0.7210 0.2993 0.6250
vn 0.0171 -0.9998 0.0057
vn -0.5532 0.0550 0.8312
vn -0.2538 0.7760 0.5773
vn -0.7688 -0.6062 0.2037
vn -0.6399 -0.7658 -0.0632
vn -0.7215 0.6871 -0.0851
vn -0.8371 -0.3626 0.4097
vn -0.3901 0.9117 0.1285
vn -0.9898 -0.1206 -0.0757
vn -0.1903 -0.9689 0.1579
vn -0.8229 -0.3316 0.4614
vn -0.5253 0.7845 0.3297
vn -0.4153 0.9097 0.0005
vn 0.9831 -0.1830 -0.0000
vn -0.9155 -0.3898 0.0992
vn -0.3362 0.3355 0.8800
vn -0.7380 0.3766 0.5600
vn 0.0602 0.1472 0.9873
vn -0.8503 0.1255 0.5111
vn -0.9604 -0.2771 0.0274
vn -0.9461 -0.3239 0.0060
vn -0.8701 0.3211 -0.3740
vn -0.8665 0.4504 0.2151
vn -0.8656 0.4517 0.2159
vn -0.8652 0.4525 0.2161
vn -0.7951 0.2461 0.5542
vn -0.6526 -0.6641 0.3648
vn -0.3149 0.6476 0.6938
vn -0.8668 0.4499 0.2149
vn -0.1344 0.6818 0.7190
vn -0.7189 0.5428 -0.4343
vn -0.7170 0.5667 -0.4058
vn -0.8282 0.3132 -0.4647
vn -0.8282 0.3127 -0.4652
vn -0.8281 0.3105 -0.4667
vn -0.8283 0.3100 -0.4668
vn -0.7417 -0.5169 -0.4274
vn -0.6664 -0.6935 -0.2737
vn -0.6026 0.6929 -0.3960
vn -0.6722 -0.6892 -0.2704
vn -0.5740 0.2491 -0.7800
vn -0.5752 0.7798 -0.2471
vn 0.0078 -1.0000 -0.0056
vn -0.5887 0.0377 -0.8075
vn -0.1072 -0.7092 -0.6968
vn -0.2372 -0.5259 -0.8168
vn -0.3538 0.7618 -0.5426
vn -0.3369 -0.7948 -0.5048
vn -0.8911 0.0127 -0.4536
vn -0.3543 -0.7271 -0.5881
vn -0.3541 0.7620 -0.5423
vn -0.7695 -0.1990 -0.6069
vn -0.2820 0.8683 -0.4080
vn -0.2811 0.8688 -0.4077
vn -0.2747 0.8725 -0.4040
vn -0.2820 0.8682 -0.4084
vn -0.7900 -0.2816 -0.5447
vn -0.8718 0.0232 -0.4893
vn -0.7300 0.2731 -0.6265
vn 0.5668 0.1098 0.8165
vn 0.6509 0.2354 0.7218
vn 0.7677 0.5879 0.2550
vn 0.7656 0.5909 0.2543
vn 0.7675 0.5881 0.2552
vn 0.7654 0.5913 0.2541
vn 0.7431 0.6568 0.1281
vn 0.7495 0.6496 0.1277
vn 0.7506 0.6483 0.1276
vn 0.0142 -0.9997 -0.0211
vn 0.8941 0.1223 0.4309
vn 0.1494 -0.0000 0.9888
vn 0.3844 -0.5238 0.7602
vn -0.1971 -0.5078 0.8386
vn 0.4745 0.1645 0.8648
vn 0.3068 0.2346 0.9224
vn 0.2318 0.8161 0.5293
vn 0.6256 0.1276 0.7696
vn 0.1077 -0.7572 0.6442
vn 0.4483 0.5881 0.6732
vn 0.6187 -0.7324 0.2841
vn 0.9087 0.1790 0.3770
vn 0.7557 -0.3287 0.5665
vn 0.7420 -0.3858 0.5482
vn 0.1791 0.8707 0.4580
vn -0.0217 0.4941 -0.8691
vn 0.0550 0.0914 -0.9943
vn -0.0165 -0.9999 0.0032
vn 0.2402 0.6214 -0.7458
vn 0.1513 0.6133 -0.7752
vn 0.0602 -0.9833 -0.1715
vn 0.3715 0.8558 -0.3601
vn -0.0022 -0.9991 0.0417
vn 0.7414 0.6587 0.1282
vn 0.6064 0.7852 -0.1254
vn 0.9992 0.0103 -0.0385
vn -0.0644 -0.8482 -0.5258
vn -0.2431 0.4564 -0.8559
vn 0.8238 -0.2638 -0.5018
vn 0.1989 -0.6872 -0.6987
vn 0.1664 -0.0064 -0.9860
vn 0.0014 0.0381 -0.9993
vn 0.9100 -0.2444 0.3348
vn 0.5440 -0.8211 -0.1730
vn 0.9043 0.2403 -0.3528
vn 0.9426 0.1791 -0.2817
vn 0.2644 0.9351 0.2359
vn 0.7034 -0.7101 -0.0305
vn 0.1313 -0.9768 -0.1691
vn 0.7838 -0.2109 -0.5841
vn 0.5251 -0.4564 -0.7183
vn 0.7389 0.2987 -0.6040
vn 0.9114 -0.1805 -0.3699
vn 0.4491 0.8903 0.0754
vn 0.9307 -0.2659 -0.2511
vn 0.7182 -0.5006 -0.4832
vn 0.9007 0.0202 -0.4340
vn 0.2936 0.9427 0.1584
vn 0.1648 -0.2502 0.9541
vn 0.4997 0.8647 -0.0502
vn 0.4728 0.8132 -0.3394
vn -0.0095 -0.4294 0.9031
vn -0.3160 -0.6611 0.6805
vn 0.0115 -0.9992 -0.0391
vn 0.2185 0.7011 0.6788
vn 0.0112 0.4478 0.8941
vn 0.2878 0.8089 0.5126
vn 0.4889 0.5447 0.6814
vn 0.4579 0.6802 0.5725
vn 0.6532 -0.6941 0.3026
vn 0.8017 0.2346 0.5498
vn 0.6853 -0.5670 0.4570
vn 0.5208 0.7598 0.3891
vn 0.8673 0.4963 -0.0387
vn 0.8437 0.5322 -0.0705
vn 0.6313 -0.7695 -0.0964
vn 0.6717 -0.6701 0.3158
vn 0.9850 -0.1608 0.0629
vn -0.8504 0.4410 0.2871
vn -0.8502 0.4410 0.2876
vn -0.8525 0.4415 0.2800
vn -0.0043 -1.0000 -0.0020
vn -0.6244 -0.4814 0.6151
vn 0.3998 -0.8966 0.1904
vn 0.5938 -0.1686 0.7868
vn -0.2789 0.0808 0.9569
vn 0.0427 0.6596 0.7504
vn 0.2492 0.9172 0.3108
vn 0.2973 -0.7402 0.6031
vn 0.7164 -0.0354 0.6968
vn 0.7567 0.4837 0.4397
vn 0.1596 0.9295 0.3326
vn 0.9117 0.0313 0.4096
vn 0.9492 -0.0918 0.3009
vn 0.9059 0.2710 0.3255
vn 0.9078 -0.3210 -0.2700
vn 0.9845 0.0620 -0.1639
vn 0.4171 0.8582 0.2993
vn 0.3466 0.9350 0.0751
vn 0.7943 -0.6048 -0.0569
vn 0.0625 0.7166 0.6947
vn -0.4774 -0.8478 -0.2307
vn 0.3151 -0.7153 0.6237
vn -0.4887 -0.8439 -0.2213
vn 0.6643 -0.7231 -0.1891
vn 0.9577 0.2205 0.1849
vn 0.8783 -0.3812 0.2886
vn 0.8846 0.2182 0.4122
vn 0.9253 0.3400 -0.1678
vn 0.7993 0.2784 0.5326
vn 0.8357 0.2295 0.4989
vn 0.9319 0.2458 0.2667
vn 0.9834 0.0967 -0.1539
vn 0.3305 0.9426 -0.0487
vn 0.6175 0.5890 0.5213
vn 0.3080 0.9505 -0.0416
vn 0.7360 0.4464 0.5089
vn -0.0704 -0.7222 -0.6881
vn 0.2277 0.3539 -0.9071
vn 0.0721 -0.4213 -0.9041
vn 0.1150 -0.9882 -0.1011
vn 0.1242 0.6907 -0.7124
vn 0.4545 0.1233 -0.8822
vn 0.5610 -0.3467 -0.7517
vn 0.5320 0.3931 -0.7499
vn 0.5830 0.6886 -0.4312
vn 0.0939 -0.9917 -0.0877
vn 0.8191 -0.4677 -0.3321
vn 0.6751 -0.3200 -0.6647
vn -0.5218 -0.5863 -0.6197
vn -0.7947 -0.0939 -0.5996
vn -0.4402 -0.6095 -0.6594
vn 0.2967 0.0606 -0.9531
vn 0.2890 -0.7830 -0.5509
vn 0.0453 0.4703 -0.8813
vn 0.4416 0.4034 -0.8014
vn 0.1195 0.9920 -0.0402
vn 0.8232 -0.0086 -0.5677
vn -0.0528 0.9833 0.1740
vn 0.2090 0.5239 -0.8258
vn -0.9667 -0.0219 0.2550
vn -0.0590 -0.9983 0.0025
vn -0.9945 0.0890 0.0546
vn -0.6542 0.7562 0.0178
vn -0.3821 0.8378 0.3900
vn -0.4388 0.6517 0.6187
vn -0.2933 0.1949 0.9360
vn -0.1262 0.6468 0.7521
vn -0.2655 0.4954 0.8271
vn -0.1030 0.8210 0.5616
vn -0.0551 -0.9925 0.1087
vn -0.2900 0.5630 0.7739
vn -0.2768 0.3872 0.8795
vn 0.0845 0.1013 0.9913
vn 0.4992 0.5319 0.6840
vn 0.3830 0.7885 0.4812
vn -0.0449 -0.6504 0.7582
vn -0.4858 -0.5398 0.6875
vn -0.3507 0.9128 0.2094
vn -0.7664 -0.2175 0.6045
vn -0.7276 -0.2161 0.6511
vn -0.0114 0.9375 0.3478
vn -0.4996 -0.7823 0.3721
vn -0.7854 0.3144 0.5333
vn -0.1408 0.2151 0.9664
vn -0.4264 0.3543 0.8323
vn -0.2040 0.8427 0.4983
vn -0.1090 0.3203 0.9410
vn -0.1839 0.2108 0.9601
vn 0.2304 -0.7947 0.5616
vn -0.0951 0.2968 0.9502
vn 0.0871 -0.4707 0.8780
vn 0.3599 0.6740 0.6451
vn 0.3863 -0.6729 0.6309
vn 0.0829 0.7392 0.6684
vn 0.5727 -0.7597 0.3080
vn 0.3760 0.8678 0.3250
vn 0.5459 0.6211 0.5623
vn 0.8233 0.1704 0.5414
vn 0.4162 -0.9092 0.0133
vn 0.4084 0.8555 0.3184
vn 0.7503 -0.6060 0.2643
vn 0.5923 -0.7443 0.3086
vn -0.4182 0.5277 0.7394
vn 0.0328 0.7925 0.6090
vn 0.1910 0.9681 0.1623
vn 0.1652 0.5028 0.8484
vn 0.2723 0.9585 0.0851
vn -0.9432 0.2603 -0.2063
vn -0.1332 -0.9897 -0.0518
vn -0.7467 0.6428 -0.1712
vn -0.6702 0.6928 -0.2662
vn -0.5153 0.6563 -0.5512
vn -0.2910 -0.9100 -0.2953
vn -0.5393 0.8086 0.2351
vn -0.2891 -0.8942 -0.3417
vn -0.5594 0.5884 -0.5838
vn -0.4822 0.0256 -0.8757
vn -0.2420 0.1308 -0.9614
vn -0.0906 -0.9514 -0.2943
vn 0.0522 -0.9986 -0.0121
vn 0.0510 -0.9987 -0.0084
vn 0.0525 -0.9985 -0.0130
vn 0.0505 -0.9987 -0.0071
vn -0.0878 0.0393 -0.9954
vn -0.1346 0.5954 -0.7921
vn 0.4749 0.4610 -0.7496
vn 0.3805 0.6108 -0.6944
vn -0.6774 -0.7335 0.0556
vn -0.8407 -0.4975 0.2140
vn -0.9390 -0.2584 -0.2270
vn -0.2838 0.9414 -0.1822
vn -0.7081 0.0533 -0.7041
vn -0.6679 -0.3130 -0.6753
vn -0.1903 0.3411 -0.9206
vn -0.2398 -0.0603 -0.9689
vn -0.4284 0.2969 -0.8534
vn -0.6531 -0.3154 -0.6885
vn -0.4236 -0.8173 -0.3907
vn 0.0628 0.1289 -0.9897
vn 0.0757 -0.9689 -0.2356
vn -0.0650 0.6611 -0.7475
vn -0.2432 -0.4468 -0.8609
vn -0.2669 0.6634 -0.6990
vn 0.0017 -0.4422 -0.8969
vn 0.0030 -0.4428 -0.8966
vn 0.0015 -0.4420 -0.8970
vn 0.1177 -0.0156 -0.9929
vn 0.7010 -0.0683 -0.7099
vn 0.2782 -0.8752 -0.3959
vn 0.0035 -0.4431 -0.8965
vn 0.1746 -0.9729 0.1514
vn 0.1998 0.4703 -0.8596
vn 0.9520 0.2919 0.0927
vn 0.2102 -0.6650 -0.7167
vn 0.6979 -0.7119 0.0787
vn 0.8995 -0.3873 0.2022
vn 0.5615 -0.2599 -0.7856
vn 0.9206 -0.3895 -0.0293
vn 0.7549 0.5567 -0.3468
vn -0.2805 0.9127 -0.2971
vn -0.0960 0.8554 -0.5090
vn 0.3184 0.9084 -0.2710
vn -0.8524 0.4418 0.2798
vn -0.9285 -0.3262 -0.1776
vn -0.9878 -0.1266 -0.0905
vn -0.8634 -0.2744 -0.4233
vn -0.8642 0.4592 -0.2058
vn -0.7421 -0.1467 0.6540
vn -0.6553 -0.2187 0.7230
vn -0.6290 0.5397 0.5595
vn -0.6291 0.5397 0.5595
vn -0.6246 0.5420 0.5623
vn -0.0259 -0.9966 0.0788
vn -0.1201 -0.9788 0.1657
vn -0.6592 0.1711 0.7323
vn -0.6235 0.5424 0.5630
vn -0.3302 -0.1917 0.9243
vn 0.0130 -0.9997 0.0206
vn -0.2948 0.4249 0.8559
vn -0.1820 -0.3601 0.9150
vn -0.2901 0.4879 0.8233
vn -0.1998 0.1720 0.9646
vn 0.1243 -0.5702 0.8121
vn 0.0601 -0.2609 0.9635
vn 0.3050 -0.2550 0.9176
vn -0.9944 -0.0578 0.0887
vn -0.8588 -0.4687 0.2068
vn -0.9895 0.0563 -0.1328
vn -0.9538 -0.1796 -0.2408
vn -0.7285 0.1027 -0.6772
vn -0.6228 0.5427 0.5635
vn -0.1610 -0.4442 0.8814
vn -0.1851 0.1238 0.9749
vn -0.1237 0.0965 0.9876
vn -0.0322 0.0223 0.9992
vn -0.0987 -0.6709 0.7349
vn 0.6637 0.0675 0.7450
vn 0.3635 0.1238 0.9233
vn -0.8741 -0.1179 0.4711
vn -0.8736 -0.1183 0.4720
vn -0.8717 -0.1200 0.4751
vn -0.8270 0.0698 0.5579
vn -0.6802 -0.7312 0.0525
vn -0.9863 -0.0207 0.1634
vn -0.9571 -0.2188 -0.1900
vn -0.9740 -0.2165 0.0670
vn -0.9571 0.0766 -0.2794
vn -0.9255 0.0577 -0.3744
vn -0.8710 -0.1207 0.4763
vn 0.8455 0.3440 0.4084
vn 0.4806 0.2732 0.8333
vn 0.4613 0.1645 0.8719
vn -0.5917 -0.8054 -0.0342
vn -0.7671 -0.5314 -0.3594
vn -0.8875 -0.2581 -0.3817
vn -0.7843 0.0773 0.6156
vn -0.3569 -0.8741 0.3295
vn -0.6980 0.0364 0.7152
vn -0.7985 -0.0958 -0.5943
vn -0.1612 0.9481 0.2741
vn -0.8881 0.0237 0.4591
vn -0.6421 0.7060 0.2987
vn -0.8431 -0.1130 0.5257
vn 0.4618 0.2468 0.8520
vn -0.3748 -0.0205 0.9269
vn -0.1660 -0.6596 0.7331
vn -0.8593 0.0810 -0.5049
vn -0.8954 0.3553 -0.2684
vn -0.3011 0.0618 0.9516
vn -0.0645 -0.9862 0.1524
vn -0.3437 -0.0591 0.9372
vn 0.2870 0.9552 0.0724
vn -0.0355 -0.0518 0.9980
vn 0.3300 -0.0176 0.9438
vn -0.1241 0.8855 -0.4477
vn 0.1695 -0.6797 0.7136
vn 0.1741 0.0788 0.9816
vn 0.2138 0.0089 0.9768
vn -0.2702 0.9397 0.2097
vn 0.0098 -0.9978 -0.0656
vn -0.1352 -0.3691 0.9195
vn 0.5932 0.3795 0.7100
vn -0.3588 0.2687 -0.8939
vn 0.8559 0.1973 -0.4780
vn 0.8614 0.3697 -0.3483
vn -0.9538 0.2881 -0.0855
vn -0.2171 0.4775 -0.8514
vn -0.1359 0.9877 0.0771
vn -0.8753 0.2478 -0.4153
vn -0.8128 -0.1613 -0.5597
vn -0.7530 0.1521 -0.6402
vn -0.7091 -0.3168 -0.6300
vn -0.5263 0.3312 -0.7832
vn -0.5411 -0.2611 -0.7994
vn -0.8291 0.3921 -0.3986
vn -0.0736 -0.9934 -0.0878
vn -0.0725 0.2542 -0.9644
vn -0.0552 -0.3338 -0.9410
vn 0.1929 0.2697 -0.9434
vn 0.2473 0.3974 -0.8837
vn 0.2472 -0.3460 -0.9051
vn 0.2025 0.0127 -0.9792
vn -0.6807 0.5778 -0.4502
vn -0.2468 0.3766 -0.8929
vn -0.1876 0.0741 -0.9794
vn 0.4041 -0.6883 -0.6025
vn 0.4029 -0.6882 -0.6033
vn 0.4057 -0.6885 -0.6012
vn 0.5320 -0.3500 -0.7710
vn -0.3726 -0.9259 -0.0623
vn -0.4240 0.3065 -0.8522
vn -0.9193 -0.0598 -0.3891
vn -0.6610 0.0269 -0.7499
vn 0.0848 0.1697 -0.9818
vn 0.5449 0.6063 -0.5792
vn -0.6380 0.2254 -0.7363
vn -0.8257 -0.2355 -0.5125
vn 0.2356 0.9249 0.2985
vn 0.3556 0.2696 -0.8949
vn -0.4419 -0.1875 -0.8773
vn -0.8545 0.2777 0.4390
vn -0.3191 -0.8298 -0.4578
vn -0.5034 -0.0598 -0.8620
vn -0.0267 0.2628 0.9645
vn -0.1118 0.9903 0.0828
vn -0.0253 -0.0188 -0.9995
vn -0.5170 0.0491 -0.8546
vn -0.0938 0.1524 -0.9839
vn 0.0757 -0.7681 -0.6359
vn 0.1896 0.0148 -0.9818
vn 0.0952 0.0652 -0.9933
vn 0.1175 -0.0168 -0.9929
vn 0.2982 -0.0813 -0.9510
vn 0.1683 -0.9453 0.2794
vn 0.5857 0.0531 0.8088
vn 0.5765 0.7792 0.2461
vn 0.8758 0.1579 0.4560
vn 0.7332 0.6225 -0.2735
vn 0.5398 0.6904 -0.4817
vn 0.8443 0.4445 0.2994
vn 0.8500 0.4261 0.3098
vn 0.7553 0.2759 -0.5944
vn 0.9026 0.4299 0.0221
vn 0.6601 0.0511 0.7495
vn -0.1642 0.2949 0.9413
vn 0.5986 0.2350 0.7658
vn 0.5831 0.0548 0.8105
vn 0.6345 0.4398 0.6356
vn 0.5424 0.0472 0.8388
vn 0.0559 -0.9919 0.1138
vn 0.6790 -0.2882 0.6753
vn 0.0717 -0.9955 0.0622
vn 0.7842 0.4445 0.4329
vn -0.0337 -0.9993 -0.0131
vn 0.9071 0.3926 0.1519
vn -0.0197 -0.9995 0.0228
vn 0.9058 -0.3724 0.2023
vn 0.9942 0.0676 0.0837
vn 0.9556 0.2827 -0.0829
vn 0.9098 -0.0889 -0.4054
vn 0.6328 -0.6519 0.4179
vn 0.9631 0.0330 0.2673
vn 0.9948 0.0926 0.0433
vn 0.7449 0.5543 -0.3713
vn 0.7045 -0.6173 -0.3501
vn 0.4874 0.2439 0.8384
vn 0.3003 -0.4677 0.8313
vn 0.4324 -0.0165 0.9015
vn 0.4325 -0.0165 0.9015
vn 0.5718 0.1745 0.8016
vn 0.3647 -0.8127 0.4545
vn 0.3656 -0.8104 0.4579
vn 0.3649 -0.8121 0.4554
vn 0.3658 -0.8100 0.4583
vn -0.0510 0.9987 0.0004
vn 0.3617 -0.8959 0.2578
vn 0.7137 0.0587 0.6980
vn 0.4589 0.4561 0.7625
vn 0.7170 -0.1876 0.6713
vn 0.5896 0.0349 0.8070
vn 0.7320 0.1011 -0.6737
vn -0.5049 0.1777 -0.8447
vn 0.6949 -0.1171 0.7095
vn 0.8728 -0.1620 0.4603
vn -0.4839 0.1704 0.8584
vn 0.4908 -0.2160 0.8441
vn 0.3095 -0.9442 0.1130
vn 0.8217 0.4383 0.3642
vn 0.5629 -0.8237 0.0675
vn 0.1862 0.9732 0.1351
vn 0.2032 0.9698 0.1349
vn 0.2030 0.9698 0.1350
vn 0.6550 0.7097 0.2593
vn 0.6551 0.7097 0.2593
vn -0.2182 0.9758 -0.0145
vn 0.0880 0.9960 0.0130
vn 0.4518 -0.8921 -0.0018
vn 0.9632 0.0341 -0.2665
vn 0.5712 -0.7974 -0.1947
vn 0.9910 0.0561 -0.1212
vn 0.1299 0.9892 -0.0679
vn 0.0004 -1.0000 -0.0060
vn 0.9675 -0.2376 0.0867
vn 0.9973 0.0325 0.0662
vn 0.6152 0.7779 0.1282
vn 0.9116 -0.2513 -0.3252
vn 0.9899 0.0623 0.1276
vn 0.9074 -0.3653 -0.2077
vn 0.4966 0.5316 -0.6861
vn -0.4468 0.8087 0.3826
vn 0.7668 -0.5342 -0.3559
vn 0.5311 0.5151 -0.6728
vn 0.7909 0.1047 -0.6029
vn 0.8886 -0.3364 -0.3119
vn 0.8416 0.4317 -0.3245
vn 0.4029 -0.6881 -0.6035
vn 0.6349 -0.4495 -0.6284
vn 0.4518 0.0757 -0.8889
vn 0.8059 0.3144 0.5017
vn 0.7046 0.3869 0.5949
vn -0.0062 -0.9975 0.0711
vn 0.9510 0.0003 -0.3091
vn -0.2830 -0.0000 -0.9591
vn 0.5051 0.2487 -0.8264
vn 0.5517 0.3267 -0.7674
vn 0.6232 -0.1569 -0.7661
vn 0.8282 0.0080 -0.5603
vn 0.8996 -0.1746 -0.4004
vn 0.9056 -0.1619 -0.3920
vn 0.9440 -0.2781 -0.1778
vn -0.8951 0.4133 -0.1670
vn 0.5075 -0.0080 -0.8616
vn 0.7503 -0.0714 -0.6572
vn 0.9676 -0.0536 -0.2465
s 1
f 1//1 2//1 3//1
f 33//2 1//2 3//2
f 1//3 8//3 7//3
f 9//4 4//4 12//4
f 4//5 9//5 6//5
f 8//6 6//6 7//6
f 11//7 5//7 90//7
f 5//8 6//8 90//8
f 3//9 11//10 10//11
f 17//12 20//12 24//12
f 53//13 20//13 17//13
f 16//14 19//14 23//14
f 29//15 16//15 23//15
f 22//16 110//16 23//16
f 18//17 24//17 21//17
f 24//18 26//18 25//18
f 110//19 28//19 30//19
f 29//20 30//20 166//20
f 33//21 46//22 37//23
f 32//24 1//24 33//24
f 34//25 4//25 8//25
f 35//26 33//26 40//26
f 40//27 36//27 35//27
f 38//28 37//23 46//22
f 41//29 40//29 38//29
f 40//30 41//30 36//30
f 36//31 41//31 42//31
f 42//32 134//32 36//32
f 94//33 39//34 134//35
f 48//36 41//36 38//36
f 38//37 46//37 48//37
f 43//38 94//33 134//35
f 135//39 43//39 42//39
f 137//40 138//40 48//40
f 138//41 41//41 48//41
f 44//42 45//42 13//42
f 46//43 33//43 45//43
f 44//44 13//44 15//44
f 44//45 47//45 49//45
f 3//46 10//46 45//46
f 49//47 50//47 139//47
f 55//48 51//48 56//48
f 61//49 16//49 51//49
f 61//50 18//50 16//50
f 51//51 55//51 54//51
f 51//52 58//52 59//52
f 60//53 56//53 51//53
f 60//54 51//54 59//54
f 62//55 15//55 53//55
f 57//56 56//56 60//56
f 70//57 63//57 59//57
f 47//58 15//58 68//58
f 68//59 62//59 73//59
f 64//60 66//60 57//60
f 65//61 59//61 71//61
f 66//62 73//62 57//62
f 64//63 74//63 66//63
f 71//64 168//64 170//64
f 72//65 217//65 70//65
f 76//66 75//66 78//66
f 77//67 78//67 75//67
f 224//68 221//69 77//70
f 79//71 81//71 80//71
f 249//72 82//72 83//72
f 84//73 75//73 76//73
f 84//74 76//74 85//74
f 84//75 85//75 86//75
f 86//76 79//76 80//76
f 87//77 224//77 84//78
f 6//79 89//79 90//79
f 6//80 9//80 89//80
f 11//81 90//81 91//81
f 92//82 9//82 12//82
f 91//83 90//83 93//83
f 93//84 96//84 91//84
f 107//85 91//85 96//85
f 95//86 89//86 92//86
f 95//87 97//87 93//87
f 103//88 98//88 99//88
f 97//89 95//89 102//89
f 99//90 96//90 97//90
f 99//91 97//91 102//91
f 102//92 95//92 101//92
f 10//93 11//93 88//93
f 105//94 14//94 104//94
f 104//95 88//95 105//95
f 106//96 105//96 88//96
f 107//97 88//97 91//97
f 88//98 107//98 106//98
f 105//99 108//99 125//99
f 161//100 106//100 98//100
f 110//101 21//101 111//101
f 110//102 111//102 116//102
f 14//103 105//103 113//103
f 111//104 115//104 116//104
f 115//105 111//105 118//105
f 114//106 115//106 118//106
f 114//107 118//107 119//107
f 114//108 119//109 128//110
f 114//108 128//110 122//111
f 126//112 112//112 125//112
f 123//113 128//113 129//113
f 108//114 109//114 127//114
f 119//115 124//115 128//115
f 125//116 127//116 126//116
f 212//117 129//117 124//117
f 128//118 124//118 129//118
f 130//119 212//119 119//119
f 130//120 126//121 132//122
f 207//123 129//123 212//123
f 133//124 28//124 116//124
f 117//125 31//125 133//125
f 116//126 122//126 133//126
f 41//127 138//127 42//127
f 42//128 138//128 135//128
f 231//129 142//129 136//129
f 136//130 144//130 94//130
f 142//131 231//131 141//131
f 142//132 144//132 136//132
f 140//133 159//133 143//133
f 149//134 140//134 143//134
f 145//135 152//135 144//135
f 150//136 147//136 146//136
f 147//137 151//138 146//139
f 155//140 103//140 99//140
f 151//141 154//141 145//141
f 148//142 156//142 151//142
f 155//143 156//143 148//143
f 149//144 155//144 148//144
f 102//145 101//145 153//145
f 153//146 353//146 102//146
f 101//147 100//147 152//147
f 153//148 101//148 154//148
f 156//149 354//149 151//149
f 139//150 46//150 49//150
f 69//151 158//151 50//151
f 158//152 157//152 50//152
f 157//153 143//153 159//153
f 109//154 108//154 161//154
f 162//155 109//155 161//155
f 143//156 165//157 163//158
f 162//159 98//159 103//159
f 103//160 149//161 163//162
f 165//163 162//163 103//163
f 165//164 164//164 162//164
f 167//165 72//165 166//165
f 168//166 217//166 167//166
f 169//167 67//167 71//167
f 168//168 171//168 170//168
f 168//169 167//169 173//169
f 74//170 174//170 73//170
f 176//171 169//171 71//171
f 175//172 177//172 74//172
f 194//173 69//173 174//173
f 179//174 175//174 169//174
f 167//175 172//175 173//175
f 195//176 194//176 174//176
f 195//177 174//177 177//177
f 180//178 175//178 179//178
f 189//179 179//179 176//179
f 189//180 184//180 179//180
f 181//181 179//181 184//181
f 180//182 179//182 181//182
f 123//183 178//183 117//183
f 168//184 187//184 182//184
f 183//185 195//185 177//185
f 180//186 183//186 177//186
f 187//187 185//187 186//187
f 190//188 182//188 187//188
f 184//189 203//189 181//189
f 208//190 194//190 195//190
f 129//191 207//191 220//191
f 189//192 193//192 192//192
f 164//193 109//193 162//193
f 164//194 194//194 208//194
f 191//195 208//195 195//195
f 200//196 199//196 202//197
f 204//198 205//198 211//198
f 203//199 204//199 211//199
f 192//200 205//200 204//200
f 132//201 126//201 131//201
f 130//120 132//122 206//202
f 164//203 208//203 131//203
f 209//204 214//204 208//204
f 191//205 210//206 209//207
f 196//208 216//208 211//208
f 196//209 213//209 216//209
f 213//210 206//210 132//210
f 207//211 212//211 219//211
f 214//212 132//212 131//212
f 219//213 212//213 213//213
f 215//214 213//214 214//214
f 215//215 216//215 213//215
f 210//216 216//216 215//216
f 170//217 218//217 176//217
f 185//218 188//218 186//218
f 218//219 182//219 189//219
f 189//220 182//220 190//220
f 186//221 220//221 219//221
f 219//222 220//222 207//222
f 226//223 222//223 230//223
f 229//224 226//224 228//224
f 230//225 222//225 233//225
f 228//226 230//226 237//226
f 221//227 232//227 233//227
f 225//228 235//228 232//228
f 235//229 225//229 224//229
f 234//230 233//230 236//230
f 235//231 224//231 238//231
f 230//232 233//232 234//232
f 281//233 237//233 240//233
f 236//234 232//234 241//234
f 239//235 241//235 243//235
f 299//236 243//236 235//236
f 255//237 256//237 254//237
f 246//238 252//238 258//238
f 249//239 255//239 247//239
f 248//240 83//240 82//240
f 82//241 247//241 253//241
f 265//242 82//242 253//242
f 260//243 252//243 246//243
f 254//244 256//244 263//244
f 302//245 256//245 255//245
f 266//246 254//246 263//246
f 229//247 228//247 260//247
f 259//248 263//248 256//248
f 227//249 229//250 260//251
f 267//252 264//252 263//252
f 228//253 268//253 260//253
f 268//254 228//254 269//254
f 259//255 258//255 270//255
f 268//256 270//256 262//256
f 263//257 259//258 267//259
f 259//260 270//260 278//260
f 267//259 259//258 272//261
f 274//262 272//262 278//262
f 274//263 273//263 272//263
f 273//264 274//264 275//264
f 281//265 269//265 237//265
f 282//266 272//266 273//266
f 282//267 280//267 272//267
f 308//268 277//269 285//270
f 275//271 282//271 273//271
f 284//272 265//272 283//272
f 288//273 283//273 279//273
f 312//274 278//274 277//274
f 312//275 274//275 278//275
f 286//276 287//276 288//276
f 248//277 289//277 290//277
f 289//278 265//279 284//280
f 290//281 284//281 318//281
f 318//282 284//282 287//282
f 80//283 227//283 306//283
f 87//284 84//284 86//284
f 86//285 294//285 87//285
f 297//286 294//286 86//286
f 306//287 293//287 80//287
f 294//288 295//288 87//288
f 298//289 294//289 297//289
f 296//290 240//290 242//290
f 297//291 296//291 242//291
f 297//292 242//292 298//292
f 295//293 238//293 87//293
f 298//294 242//294 300//294
f 298//295 300//295 238//295
f 245//296 299//296 238//296
f 301//297 302//297 255//297
f 255//298 249//298 301//298
f 301//299 249//299 83//299
f 304//300 250//300 251//300
f 304//301 251//301 307//301
f 310//302 302//302 303//302
f 305//303 301//303 315//303
f 309//304 306//304 261//304
f 309//305 293//305 306//305
f 310//306 307//306 302//306
f 291//307 317//307 315//307
f 308//308 296//308 293//308
f 311//309 304//309 310//309
f 296//310 308//310 281//310
f 275//311 274//311 276//311
f 316//312 308//312 309//312
f 250//313 316//313 309//313
f 312//314 311//314 276//314
f 317//315 314//315 315//315
f 276//316 274//316 312//316
f 275//317 310//317 313//317
f 314//318 317//318 286//318
f 311//319 312//319 316//319
f 312//320 277//320 316//320
f 318//321 287//321 317//321
f 83//322 248//322 291//322
f 318//323 291//323 290//323
f 319//324 326//324 337//324
f 326//325 319//325 355//325
f 320//326 324//326 323//326
f 327//327 355//327 325//327
f 328//328 323//329 324//330
f 330//331 323//331 497//331
f 323//332 329//332 497//332
f 330//333 334//333 333//333
f 321//334 329//335 328//334
f 337//336 326//337 338//338
f 338//338 326//337 331//339
f 331//340 335//340 337//340
f 340//341 336//341 342//341
f 339//342 343//343 402//344
f 341//345 340//345 344//345
f 339//346 344//346 343//346
f 340//347 342//347 346//347
f 344//348 340//348 346//348
f 343//349 344//349 345//349
f 507//350 347//350 346//350
f 349//351 346//351 331//351
f 350//352 343//353 352//354
f 350//352 352//354 351//355
f 352//356 343//356 345//356
f 415//357 351//357 352//357
f 152//358 154//358 101//358
f 354//359 353//359 153//359
f 155//360 99//360 353//360
f 359//361 355//361 319//361
f 357//362 320//363 322//364
f 359//365 356//365 355//365
f 361//366 324//366 320//366
f 321//367 324//368 361//369
f 357//370 322//371 355//372
f 358//373 357//373 360//373
f 322//371 325//374 355//372
f 366//375 321//367 361//369
f 365//376 362//376 363//376
f 367//377 366//377 358//377
f 368//378 364//378 369//378
f 364//379 387//379 369//379
f 370//380 368//380 369//380
f 372//381 366//381 367//381
f 374//382 370//382 369//382
f 398//383 374//383 369//383
f 518//384 372//385 367//386
f 380//387 376//388 377//389
f 336//390 377//391 376//392
f 376//388 380//387 335//393
f 377//394 379//395 384//396
f 378//397 377//397 384//397
f 380//398 377//399 387//400
f 339//401 402//401 381//401
f 382//402 381//402 402//402
f 389//403 391//403 381//403
f 364//404 380//404 387//404
f 386//405 336//405 341//405
f 386//406 339//407 379//408
f 384//409 379//409 381//409
f 383//410 384//410 381//410
f 378//411 385//411 387//411
f 385//412 378//412 393//412
f 390//413 391//413 389//413
f 388//414 390//414 389//414
f 390//415 397//415 391//415
f 395//416 390//416 394//416
f 396//417 393//417 383//417
f 399//418 385//418 393//418
f 400//419 399//419 393//419
f 404//420 403//420 402//420
f 407//421 403//421 406//421
f 382//422 402//422 405//422
f 403//423 404//423 419//423
f 406//424 403//424 419//424
f 407//425 405//425 403//425
f 404//426 351//426 409//426
f 381//427 382//427 410//427
f 389//428 381//428 410//428
f 405//429 410//429 382//429
f 408//430 407//430 412//430
f 412//431 407//431 406//431
f 410//432 388//432 389//432
f 406//433 411//433 421//433
f 413//434 416//434 405//434
f 406//435 421//435 414//435
f 351//436 415//436 409//436
f 388//437 410//437 394//437
f 416//438 394//438 410//438
f 417//439 418//439 413//439
f 421//440 556//440 414//440
f 419//441 409//441 420//441
f 411//442 420//442 421//442
f 423//443 426//443 422//443
f 424//444 422//444 425//444
f 424//445 425//445 428//445
f 422//446 426//446 427//446
f 432//447 425//447 427//447
f 428//448 425//448 429//448
f 430//449 427//449 426//449
f 431//450 425//450 432//450
f 429//451 433//451 434//451
f 433//452 452//452 434//452
f 455//453 474//453 434//453
f 432//454 430//454 564//454
f 431//455 437//455 433//455
f 452//456 433//456 436//456
f 432//457 564//457 562//457
f 435//458 433//458 437//458
f 444//459 439//459 440//459
f 461//460 457//460 438//460
f 440//461 450//461 456//461
f 440//462 458//462 444//462
f 442//463 441//463 448//463
f 445//464 450//464 443//464
f 446//465 449//465 441//465
f 450//466 438//466 457//466
f 456//467 450//467 457//467
f 486//468 452//468 449//468
f 449//469 452//469 459//469
f 454//470 442//470 453//470
f 455//471 434//471 486//471
f 442//472 454//472 483//472
f 436//473 462//474 463//475
f 436//473 464//476 465//477
f 462//474 436//473 465//477
f 436//478 459//478 464//478
f 464//479 462//479 465//479
f 453//480 460//480 451//480
f 461//481 575//481 457//481
f 457//482 575//482 467//482
f 458//483 574//483 573//483
f 460//484 461//484 451//484
f 575//485 460//485 468//485
f 574//486 440//486 466//486
f 468//487 572//487 579//487
f 469//488 436//488 435//488
f 414//489 408//489 412//489
f 417//490 413//490 408//490
f 414//491 417//491 408//491
f 480//492 444//492 470//492
f 573//493 470//493 458//493
f 472//494 426//495 423//496
f 428//497 473//497 471//497
f 471//498 477//498 472//498
f 476//499 592//499 472//499
f 477//500 476//500 472//500
f 479//501 476//501 477//501
f 478//502 582//502 455//502
f 475//503 455//503 594//503
f 477//504 473//504 479//504
f 479//505 593//505 476//505
f 591//506 479//506 473//506
f 594//507 591//507 475//507
f 441//508 442//508 483//508
f 445//509 443//509 484//509
f 446//510 441//510 483//510
f 480//511 485//511 439//511
f 488//512 454//512 447//512
f 446//513 487//513 449//513
f 482//514 488//514 447//514
f 489//515 478//515 487//515
f 446//516 489//516 487//516
f 484//517 492//517 481//517
f 582//518 478//518 489//518
f 577//519 490//519 488//519
f 481//520 491//520 482//520
f 495//521 600//521 485//521
f 496//522 497//522 329//522
f 333//523 334//523 332//523
f 499//524 333//524 498//524
f 498//525 333//525 332//525
f 334//526 497//526 503//526
f 334//527 503//527 502//527
f 498//528 501//528 499//528
f 506//529 500//529 502//529
f 502//530 503//531 505//531
f 503//532 504//532 526//532
f 535//533 607//533 609//533
f 508//534 507//534 349//534
f 348//535 509//535 516//535
f 509//536 508//536 510//536
f 508//537 349//538 512//539
f 514//540 510//540 508//540
f 511//541 499//542 501//543
f 513//544 514//544 512//544
f 553//545 352//545 515//545
f 515//546 348//546 516//546
f 518//384 375//547 372//385
f 522//548 371//548 372//548
f 374//549 519//549 373//549
f 371//550 521//550 321//550
f 373//551 520//551 375//551
f 522//552 521//552 371//552
f 519//553 523//553 373//553
f 523//554 520//554 373//554
f 521//555 504//555 496//555
f 521//556 496//556 321//556
f 523//557 549//557 528//557
f 524//558 505//558 526//558
f 524//559 526//559 527//559
f 525//560 504//561 521//562
f 521//563 527//563 525//563
f 525//564 527//564 526//564
f 520//565 523//565 524//565
f 609//566 610//566 530//566
f 531//567 529//567 532//567
f 533//568 531//568 532//568
f 538//569 535//569 530//569
f 537//570 531//570 533//570
f 537//571 536//571 531//571
f 397//572 390//572 395//572
f 395//573 543//573 397//573
f 374//574 398//574 540//574
f 539//575 401//575 399//575
f 554//576 543//576 395//576
f 401//577 539//577 550//577
f 545//578 543//578 516//578
f 554//579 516//579 543//579
f 550//580 539//580 541//580
f 547//581 540//581 401//581
f 545//582 516//582 509//582
f 544//583 510//583 514//583
f 544//584 509//584 510//584
f 545//585 544//585 541//585
f 550//586 541//586 514//586
f 546//587 519//587 540//587
f 547//588 549//588 546//588
f 511//541 501//543 548//589
f 545//590 509//590 544//590
f 547//591 552//592 549//593
f 550//594 514//594 551//594
f 547//595 550//595 552//595
f 528//596 549//596 548//596
f 549//597 551//597 548//597
f 555//598 554//598 416//598
f 417//599 559//599 418//599
f 561//600 556//600 421//600
f 554//601 555//601 558//601
f 557//602 556//602 559//602
f 414//603 556//603 557//603
f 517//604 515//605 516//606
f 558//607 553//607 515//607
f 559//608 558//608 555//608
f 553//609 558//609 560//609
f 559//610 560//610 558//610
f 553//611 560//611 556//611
f 561//612 420//612 415//612
f 421//613 420//613 561//613
f 568//614 435//614 565//614
f 435//615 568//615 563//615
f 567//616 564//617 426//495
f 562//618 566//618 565//618
f 594//619 563//619 568//619
f 567//616 426//495 472//494
f 811//620 804//621 802//622
f 469//623 581//623 572//623
f 575//624 579//625 576//626
f 578//627 466//627 467//627
f 583//628 579//628 587//628
f 587//629 579//630 584//631
f 467//632 575//632 580//632
f 580//633 585//633 467//633
f 585//634 578//634 467//634
f 585//635 580//635 599//635
f 603//636 588//636 586//636
f 574//637 578//637 588//637
f 588//638 578//638 586//638
f 606//639 590//639 588//639
f 589//640 587//641 601//642
f 601//643 587//643 581//643
f 590//644 470//644 573//644
f 494//645 470//645 590//645
f 557//646 559//646 417//646
f 557//647 417//647 414//647
f 455//648 582//648 594//648
f 593//649 592//649 476//649
f 597//650 479//650 591//650
f 596//651 592//651 593//651
f 479//652 597//652 593//652
f 568//653 570//653 595//653
f 595//654 570//654 571//654
f 597//655 571//655 596//655
f 598//656 592//656 596//656
f 596//657 571//657 598//657
f 493//658 577//658 587//658
f 489//659 490//659 493//659
f 495//660 605//660 600//660
f 601//661 581//661 582//661
f 493//662 587//662 589//662
f 482//663 602//663 599//663
f 602//664 482//664 491//664
f 602//665 600//665 603//665
f 600//666 605//666 603//666
f 493//667 589//640 601//642
f 602//668 603//668 604//668
f 605//669 588//669 603//669
f 606//670 588//670 605//670
f 608//671 613//671 610//671
f 610//672 613//672 536//672
f 613//673 616//673 612//673
f 608//674 617//675 613//676
f 612//677 621//677 618//677
f 611//678 612//678 618//678
f 617//679 620//679 616//679
f 620//680 617//680 615//680
f 624//681 615//681 619//681
f 621//682 616//682 623//682
f 623//683 616//683 625//683
f 621//684 623//684 622//684
f 625//685 616//685 620//685
f 909//686 622//686 623//686
f 611//687 618//687 631//687
f 630//688 669//688 632//688
f 631//689 622//689 633//689
f 634//690 632//690 631//690
f 691//691 632//691 634//691
f 909//692 635//692 622//692
f 633//693 635//693 634//693
f 699//694 634//694 635//694
f 638//695 636//695 637//695
f 776//696 640//696 643//696
f 640//697 639//697 643//697
f 643//698 639//698 645//698
f 637//699 641//699 638//699
f 639//700 728//701 650//702
f 650//703 645//703 639//703
f 641//704 636//704 644//704
f 642//705 641//705 646//705
f 641//706 644//706 648//706
f 649//707 646//707 648//707
f 643//708 645//708 651//708
f 684//709 652//709 644//709
f 651//710 645//710 650//710
f 652//711 649//711 644//711
f 531//712 536//712 612//712
f 534//713 655//713 530//713
f 654//714 533//714 671//714
f 655//715 538//715 530//715
f 655//716 534//716 537//716
f 657//717 656//717 537//718
f 538//719 619//719 535//719
f 655//720 659//720 538//720
f 662//721 538//721 659//721
f 664//722 658//722 660//722
f 660//723 663//723 664//723
f 662//724 661//724 538//724
f 664//725 662//725 658//725
f 661//726 666//726 538//726
f 665//727 662//727 664//727
f 661//728 662//728 665//728
f 663//729 696//729 667//729
f 538//730 931//730 619//730
f 667//731 696//731 690//731
f 930//732 933//732 665//732
f 673//733 529//733 614//733
f 674//734 670//734 626//734
f 668//735 673//735 670//735
f 671//736 668//736 672//736
f 669//737 626//737 670//737
f 674//738 626//738 680//738
f 674//739 680//739 676//739
f 670//740 614//740 669//740
f 626//741 630//741 680//741
f 683//742 674//742 676//742
f 675//743 680//743 681//743
f 736//744 675//744 681//744
f 676//745 680//745 675//745
f 683//746 672//746 674//746
f 682//747 676//748 679//749
f 682//750 683//750 676//750
f 682//751 685//751 683//751
f 687//752 630//752 691//752
f 681//753 630//753 687//753
f 691//754 688//754 687//754
f 692//755 746//755 695//755
f 695//756 693//756 692//756
f 696//757 677//757 690//757
f 691//758 634//758 699//758
f 635//759 909//759 697//759
f 697//760 699//760 635//760
f 694//761 699//761 955//761
f 693//762 698//762 686//762
f 698//763 690//763 686//763
f 938//764 700//764 697//764
f 694//765 955//765 698//765
f 701//766 708//766 711//766
f 729//767 736//767 701//767
f 703//768 711//768 706//768
f 704//769 710//769 705//769
f 707//770 706//770 711//770
f 715//771 703//771 706//771
f 711//772 708//772 709//772
f 702//773 640//773 713//773
f 707//774 709//774 724//774
f 729//775 701//775 717//775
f 636//776 638//776 708//776
f 728//701 639//700 721//777
f 639//778 710//778 721//778
f 721//779 710//779 723//779
f 709//780 720//780 724//780
f 724//781 720//781 722//781
f 724//782 722//782 725//782
f 717//783 735//783 729//783
f 707//784 716//784 718//784
f 717//785 715//785 726//785
f 741//786 704//786 727//786
f 704//787 705//787 727//787
f 718//788 726//788 715//788
f 720//789 709//789 734//789
f 712//790 730//790 714//790
f 741//791 732//791 704//791
f 716//792 740//792 718//792
f 726//793 733//793 717//793
f 684//794 636//794 736//794
f 734//795 719//795 720//795
f 786//796 730//796 712//796
f 740//797 716//797 731//797
f 740//798 731//798 738//798
f 732//799 739//799 725//799
f 718//800 740//800 726//800
f 734//801 642//801 742//801
f 719//802 734//802 647//802
f 721//803 719//803 647//803
f 730//804 786//804 737//804
f 726//805 740//805 733//805
f 727//806 743//806 741//806
f 735//807 692//807 682//807
f 732//808 760//808 739//808
f 751//809 732//809 741//809
f 642//810 646//810 742//810
f 738//811 750//811 769//811
f 739//812 760//812 738//812
f 751//813 760//813 732//813
f 769//814 747//814 740//814
f 687//815 755//815 684//815
f 747//816 773//816 733//816
f 646//817 649//817 762//817
f 769//818 750//818 757//818
f 759//819 760//819 751//819
f 769//820 773//820 747//820
f 743//821 753//821 752//821
f 766//822 748//822 754//822
f 650//823 748//823 766//823
f 766//824 756//824 650//824
f 755//825 687//825 688//825
f 688//826 746//826 755//826
f 753//827 744//827 745//827
f 759//828 751//828 752//828
f 793//829 744//830 753//831
f 649//832 652//832 761//832
f 650//833 756//833 763//833
f 766//834 754//834 758//834
f 767//835 758//835 757//835
f 769//836 757//836 765//836
f 773//837 769//837 765//837
f 772//838 752//838 753//838
f 652//839 770//839 761//839
f 759//840 763//840 756//840
f 759//841 772//841 763//841
f 801//842 764//843 768//844
f 768//845 774//846 772//847
f 771//848 770//848 652//848
f 713//849 776//849 779//849
f 779//850 776//850 780//850
f 781//851 783//851 789//851
f 780//852 783//852 779//852
f 788//853 779//853 781//853
f 777//854 730//854 737//854
f 778//855 786//855 713//855
f 788//856 781//856 785//856
f 789//857 780//857 782//857
f 787//858 779//858 788//858
f 791//859 788//859 785//859
f 794//860 778//860 787//860
f 784//861 789//861 795//861
f 778//862 794//862 737//862
f 785//863 784//863 799//863
f 793//829 777//864 744//830
f 789//865 782//865 795//865
f 782//866 800//866 796//866
f 792//867 797//867 790//867
f 799//868 792//869 785//870
f 785//871 792//871 791//871
f 797//872 800//872 794//872
f 737//873 801//874 749//875
f 794//876 764//843 801//842
f 802//877 804//877 806//877
f 817//878 807//878 806//878
f 875//879 808//879 815//879
f 808//880 807//880 813//880
f 815//881 808//881 813//881
f 809//882 810//882 806//882
f 815//883 813//883 814//883
f 810//884 809//884 816//884
f 819//885 817//885 810//885
f 810//886 816//886 819//886
f 809//887 821//887 816//887
f 818//888 817//888 819//888
f 821//889 1000//889 819//889
f 823//890 822//890 818//890
f 1000//891 821//892 824//893
f 824//894 821//895 812//896
f 825//897 830//898 831//899
f 825//900 890//900 826//900
f 828//901 835//901 850//901
f 837//902 842//902 835//902
f 825//903 832//903 890//903
f 831//904 839//905 832//906
f 833//907 828//908 850//909
f 893//910 841//910 836//910
f 832//906 839//905 844//911
f 840//912 833//912 848//912
f 845//913 842//913 846//914
f 850//915 854//915 848//915
f 858//916 830//916 814//916
f 858//917 839//917 830//917
f 835//918 845//918 849//918
f 835//919 849//919 850//919
f 850//920 849//920 854//920
f 858//921 855//921 839//921
f 851//922 845//922 844//922
f 814//923 820//923 852//923
f 852//924 858//924 814//924
f 853//925 851//925 844//925
f 844//926 839//926 855//926
f 853//927 844//927 859//927
f 854//928 856//928 871//928
f 849//929 845//930 851//931
f 904//932 857//932 858//932
f 858//933 852//933 904//933
f 865//934 899//934 853//934
f 856//935 849//935 861//935
f 865//936 855//936 857//936
f 862//937 856//937 863//937
f 861//938 851//938 853//938
f 862//939 863//939 866//939
f 901//940 868//941 861//942
f 863//943 868//943 866//943
f 869//944 847//944 870//944
f 847//945 871//945 870//945
f 872//946 873//946 876//946
f 875//947 815//947 893//947
f 893//948 878//948 875//948
f 878//949 877//949 875//949
f 877//950 880//950 876//950
f 882//951 879//951 878//951
f 877//952 879//952 880//952
f 880//953 874//953 876//953
f 880//954 883//954 874//954
f 879//955 882//955 881//955
f 900//956 822//956 881//956
f 883//957 885//957 874//957
f 884//958 883//958 880//958
f 881//959 823//959 884//959
f 884//960 885//960 883//960
f 885//961 812//961 811//961
f 837//962 834//962 886//962
f 890//963 887//963 826//963
f 888//964 827//964 891//964
f 890//965 832//966 843//967
f 843//968 842//968 837//968
f 889//969 888//969 891//969
f 889//970 896//970 886//970
f 892//971 891//971 827//971
f 843//972 897//972 890//972
f 895//973 843//973 886//973
f 895//974 897//974 843//974
f 887//975 898//975 894//975
f 903//976 891//976 892//976
f 838//977 900//977 893//977
f 894//978 900//978 838//978
f 896//979 901//979 895//979
f 902//980 889//980 903//980
f 894//981 904//981 900//981
f 905//982 901//982 896//982
f 853//983 899//983 901//983
f 906//984 904//984 894//984
f 906//985 899//985 865//985
f 906//986 865//986 864//986
f 905//987 902//987 868//987
f 866//988 868//988 902//988
f 866//989 903//989 867//989
f 867//990 907//990 870//990
f 620//991 908//991 625//991
f 912//992 917//992 922//992
f 914//993 915//994 916//995
f 913//996 915//996 911//996
f 917//997 912//997 918//997
f 1037//998 915//998 913//998
f 1039//999 1037//999 913//999
f 917//1000 918//1000 919//1000
f 956//1001 925//1001 960//1001
f 960//1002 925//1002 926//1002
f 917//1003 919//1003 924//1003
f 924//1004 919//1004 1051//1004
f 975//1005 1061//1006 1065//1007
f 928//1008 929//1008 1118//1008
f 933//1009 930//1009 935//1009
f 666//1010 931//1010 538//1010
f 938//1011 697//1011 909//1011
f 909//1012 625//1013 934//1014
f 667//1015 690//1016 938//1017
f 935//1018 938//1018 937//1018
f 932//1019 935//1019 937//1019
f 936//1020 932//1020 934//1020
f 931//1021 666//1021 936//1021
f 936//1022 933//1022 932//1022
f 933//1023 936//1023 661//1023
f 938//1024 909//1024 937//1024
f 936//1025 908//1025 931//1025
f 943//1026 910//1026 940//1026
f 940//1027 922//1027 941//1027
f 943//1028 914//1028 910//1028
f 913//1029 911//1029 939//1029
f 944//1030 939//1030 942//1030
f 945//1031 939//1032 944//1033
f 946//1034 941//1034 948//1034
f 940//1035 947//1035 943//1035
f 947//1036 946//1036 950//1036
f 953//1037 949//1037 944//1037
f 944//1038 947//1038 950//1038
f 946//1039 948//1039 954//1039
f 950//1040 952//1041 953//1042
f 954//1043 952//1043 946//1043
f 952//1044 950//1044 946//1044
f 953//1045 1076//1045 949//1045
f 949//1046 1076//1046 1075//1046
f 948//1047 951//1047 954//1047
f 690//1016 700//1048 938//1017
f 941//1049 922//1049 957//1049
f 959//1050 957//1050 956//1050
f 959//1051 956//1051 958//1051
f 959//1052 965//1052 948//1052
f 958//1053 960//1053 964//1053
f 958//1054 964//1054 961//1054
f 962//1055 963//1055 958//1055
f 958//1056 963//1056 959//1056
f 966//1057 965//1057 959//1057
f 964//1058 960//1058 926//1058
f 967//1059 969//1059 968//1059
f 969//1060 974//1060 927//1060
f 974//1061 969//1061 967//1061
f 967//1062 973//1062 974//1062
f 970//1063 967//1063 968//1063
f 974//1064 973//1064 1059//1064
f 961//1065 973//1065 972//1065
f 927//1066 974//1066 1059//1066
f 962//1067 961//1067 972//1067
f 1107//1068 972//1068 967//1068
f 1107//1069 967//1069 970//1069
f 976//1070 991//1070 929//1070
f 976//1071 929//1071 928//1071
f 977//1072 968//1072 969//1072
f 987//1073 980//1073 981//1073
f 976//1074 985//1074 991//1074
f 987//1075 985//1075 976//1075
f 1118//1076 929//1076 991//1076
f 982//1077 978//1077 983//1077
f 984//1078 983//1078 978//1078
f 979//1079 978//1079 982//1079
f 979//1080 982//1080 985//1080
f 986//1081 990//1081 984//1081
f 989//1082 978//1082 979//1082
f 975//1005 1065//1007 990//1083
f 1132//1084 983//1085 984//1086
f 990//1087 1132//1087 984//1087
f 1122//1088 986//1088 984//1088
f 993//1089 988//1089 981//1089
f 979//1090 1124//1090 989//1090
f 977//1091 1129//1091 971//1091
f 997//1092 999//1092 996//1092
f 996//1093 998//1093 997//1093
f 1001//1094 824//894 812//896
f 812//1095 1002//1095 1001//1095
f 1003//1096 823//1096 1002//1096
f 1004//1097 1005//1097 1006//1097
f 1007//1098 1006//1098 1013//1098
f 1005//1099 1185//1099 1015//1099
f 1006//1100 1007//1100 1014//1100
f 1014//1101 1008//1101 1006//1101
f 1010//1102 1009//1102 1011//1102
f 1010//1103 1015//1103 1009//1103
f 1014//1104 1007//1104 1016//1104
f 1013//1105 1009//1105 1186//1105
f 1019//1106 1024//1106 1030//1106
f 1019//1107 1030//1107 1021//1107
f 1023//1108 1022//1108 1020//1108
f 1025//1109 1033//1109 1024//1109
f 1019//1110 1025//1110 1024//1110
f 1209//1111 1207//1111 1033//1111
f 1026//1112 1019//1112 1021//1112
f 1028//1113 1030//1113 1226//1113
f 1205//1114 1030//1114 1028//1114
f 1033//1115 1204//1115 1029//1115
f 1207//1116 1023//1116 1206//1116
f 1207//1117 1206//1117 1033//1117
f 1246//1118 1021//1118 1205//1118
f 1246//1119 1214//1119 1021//1119
f 1018//1120 1249//1120 1035//1120
f 1035//1121 1248//1121 1012//1121
f 920//1122 1038//1122 921//1122
f 1038//1123 918//1123 921//1123
f 919//1124 918//1124 1043//1124
f 1042//1125 1043//1125 1047//1125
f 1044//1126 1040//1126 1037//1126
f 1047//1127 1043//1127 1041//1127
f 1041//1128 1046//1129 1045//1130
f 1041//1131 1045//1131 1047//1131
f 1050//1132 1047//1132 1045//1132
f 1049//1133 1050//1133 1045//1133
f 1042//1134 1047//1134 1048//1134
f 1049//1135 1045//1135 1046//1135
f 1086//1136 1049//1137 1046//1138
f 924//1139 1051//1139 925//1139
f 1052//1140 925//1140 1051//1140
f 926//1141 925//1141 1052//1141
f 926//1142 1052//1142 1055//1142
f 1051//1143 1042//1143 1054//1143
f 1054//1144 1042//1144 1048//1144
f 1060//1145 927//1145 1059//1145
f 1061//1146 927//1146 1060//1146
f 1063//1147 1060//1147 1059//1147
f 1118//1148 1117//1148 1070//1148
f 1118//1149 1064//1149 928//1149
f 1069//1150 983//1085 1132//1084
f 1067//1151 1069//1151 1068//1151
f 1067//1152 983//1152 1069//1152
f 1071//1153 1060//1153 1062//1153
f 1064//1154 1070//1154 1072//1154
f 1074//1155 953//1155 952//1155
f 1077//1156 1074//1156 954//1156
f 1078//1157 1079//1157 1080//1157
f 1076//1158 1080//1158 1075//1158
f 1083//1159 1081//1159 1180//1159
f 1039//1160 1075//1160 1044//1160
f 1079//1161 1077//1162 1081//1163
f 1083//1164 1085//1164 1081//1164
f 1080//1165 1082//1165 1092//1165
f 1081//1163 1085//1166 1079//1161
f 1082//1167 1079//1167 1085//1167
f 1084//1168 1092//1169 1082//1170
f 1089//1171 1090//1171 1085//1171
f 1088//1172 1050//1172 1049//1172
f 1084//1173 1090//1174 1088//1175
f 1088//1176 1090//1176 1050//1176
f 1092//1177 1086//1177 1087//1177
f 961//1178 964//1178 1106//1178
f 1106//1179 964//1179 1053//1179
f 1096//1180 963//1180 962//1180
f 1093//1181 966//1181 963//1181
f 1095//1182 965//1182 966//1182
f 1100//1183 1095//1183 966//1183
f 1106//1184 1053//1184 1094//1184
f 1093//1185 963//1185 1096//1185
f 1102//1186 1100//1186 966//1186
f 1108//1187 1106//1187 1094//1187
f 1096//1188 1098//1188 1093//1188
f 1097//1189 1094//1189 1056//1189
f 1098//1190 1101//1190 1093//1190
f 1097//1191 1056//1191 1101//1191
f 1093//1192 1101//1192 1102//1192
f 1102//1193 1101//1193 1058//1193
f 1103//1194 1102//1194 1058//1194
f 1103//1195 1100//1195 1102//1195
f 1103//1196 1099//1196 1100//1196
f 1056//1197 1055//1197 1058//1197
f 1103//1198 1104//1198 1099//1198
f 1103//1199 1058//1199 1057//1199
f 1103//1200 1057//1200 1104//1200
f 1104//1201 1089//1201 1099//1201
f 1104//1202 1105//1203 1091//1204
f 1104//1205 1057//1205 1105//1205
f 1091//1204 1105//1203 1048//1206
f 1059//1207 973//1207 1108//1207
f 973//1208 1106//1208 1108//1208
f 1112//1209 1108//1209 1094//1209
f 1109//1210 1098//1210 1096//1210
f 970//1211 1109//1212 1107//1213
f 1097//1214 1112//1214 1094//1214
f 1112//1215 1097//1215 1113//1215
f 1113//1216 1097//1216 1098//1216
f 1109//1217 1113//1217 1098//1217
f 1110//1218 1113//1218 1109//1218
f 1114//1219 1112//1219 1113//1219
f 1114//1220 1062//1220 1063//1220
f 1111//1221 1115//1221 1110//1221
f 1115//1222 1062//1222 1114//1222
f 1116//1223 1062//1223 1115//1223
f 983//1224 1067//1224 982//1224
f 1132//1225 990//1225 1065//1225
f 1066//1226 1117//1226 991//1226
f 980//1227 1120//1227 1128//1227
f 1124//1228 1123//1228 989//1228
f 991//1229 1067//1229 1066//1229
f 1134//1230 1125//1230 1119//1230
f 1147//1231 1128//1232 1121//1233
f 986//1234 1122//1234 1129//1234
f 979//1235 993//1236 1130//1237
f 1131//1238 993//1239 994//1240
f 1127//1241 1125//1241 1134//1241
f 1171//1242 1147//1242 1121//1242
f 1124//1243 979//1235 1130//1237
f 1124//1244 1130//1244 1135//1244
f 1140//1245 1131//1246 994//1247
f 1141//1248 1066//1248 1068//1248
f 928//1249 1072//1249 1073//1249
f 1134//1250 928//1251 1073//1252
f 1139//1253 1128//1232 1147//1231
f 1140//1254 994//1254 1164//1254
f 1158//1255 1111//1255 971//1255
f 1133//1256 1142//1256 1136//1256
f 1150//1257 1141//1257 1068//1257
f 1133//1258 1071//1259 1142//1260
f 1152//1261 1127//1261 1154//1261
f 1154//1262 1143//1262 1153//1262
f 1155//1263 1152//1263 1138//1263
f 1147//1264 1154//1265 1153//1266
f 1128//1267 1139//1268 1164//1269
f 1140//1245 1135//1270 1131//1246
f 1116//1271 1142//1272 1071//1273
f 1159//1274 1068//1274 1069//1274
f 1165//1275 1141//1275 1150//1275
f 1160//1276 1142//1276 1161//1276
f 1135//1277 1166//1277 1163//1277
f 1111//1278 1158//1278 1115//1278
f 1149//1279 1136//1279 1160//1279
f 1166//1280 1150//1280 1159//1280
f 1166//1281 1149//1282 1160//1283
f 1163//1284 1160//1284 1123//1284
f 1163//1285 1166//1285 1160//1285
f 1135//1286 1167//1286 1166//1286
f 1070//1287 1165//1287 1168//1287
f 1167//1288 1168//1288 1165//1288
f 1167//1289 1165//1289 1166//1289
f 1070//1290 1168//1290 1072//1290
f 1073//1291 1072//1291 1168//1291
f 1162//1292 1073//1292 1168//1292
f 1158//1293 1148//1294 1116//1295
f 992//1296 1126//1296 995//1296
f 1126//1297 1151//1297 995//1297
f 998//1298 996//1298 1172//1298
f 1171//1299 1120//1299 999//1299
f 1169//1300 1171//1300 999//1300
f 997//1301 998//1301 1170//1301
f 1151//1302 1126//1302 1137//1302
f 996//1303 995//1303 1151//1303
f 996//1304 1151//1304 1175//1304
f 1169//1305 1155//1305 1138//1305
f 1173//1306 1179//1306 1156//1306
f 1173//1307 1156//1307 1169//1307
f 1174//1308 1175//1308 1151//1308
f 1177//1309 1176//1309 1173//1309
f 1156//1310 1175//1310 1174//1310
f 1170//1311 1172//1311 1177//1311
f 1170//1312 1173//1312 1169//1312
f 1178//1313 1175//1313 1179//1313
f 1156//1314 1179//1314 1175//1314
f 1180//1315 1081//1315 1077//1315
f 1036//1316 1185//1317 1012//1318
f 1182//1319 1013//1319 1188//1319
f 1012//1320 1185//1320 1005//1320
f 1181//1321 1015//1321 1185//1321
f 1183//1322 1015//1322 1181//1322
f 1017//1323 1187//1323 1016//1323
f 1016//1324 1187//1324 1184//1324
f 1186//1325 1183//1325 1191//1325
f 1234//1326 1187//1326 1017//1326
f 1188//1327 1191//1327 1189//1327
f 1183//1328 1181//1328 1195//1328
f 1191//1329 1195//1329 1198//1329
f 1196//1330 1191//1330 1198//1330
f 1190//1331 1189//1331 1196//1331
f 1196//1332 1199//1332 1194//1332
f 1198//1333 1195//1333 1197//1333
f 1199//1334 1196//1334 1198//1334
f 1193//1335 1199//1335 1201//1335
f 1197//1336 1200//1336 1198//1336
f 1200//1337 1192//1337 1201//1337
f 1206//1338 1204//1338 1033//1338
f 1021//1339 1214//1339 1026//1339
f 1023//1340 1027//1340 1220//1340
f 1032//1341 1182//1341 1188//1341
f 1212//1342 1017//1342 1208//1342
f 1034//1343 1212//1343 1208//1343
f 1222//1344 1034//1344 1216//1344
f 1032//1345 1188//1345 1221//1345
f 1212//1346 1234//1346 1017//1346
f 1217//1347 1209//1347 1213//1347
f 1027//1348 1221//1348 1219//1348
f 1220//1349 1027//1349 1219//1349
f 1226//1350 1203//1350 1225//1350
f 1210//1351 1028//1351 1226//1351
f 1230//1352 1238//1352 1213//1352
f 1225//1353 1202//1353 1224//1353
f 1215//1354 1224//1354 1202//1354
f 1224//1355 1215//1355 1227//1355
f 1212//1356 1229//1356 1234//1356
f 1243//1357 1229//1357 1212//1357
f 1226//1358 1225//1358 1232//1358
f 1223//1359 1226//1359 1232//1359
f 1221//1360 1188//1360 1189//1360
f 1227//1361 1233//1361 1231//1361
f 1229//1362 1228//1362 1237//1362
f 1190//1363 1187//1363 1234//1363
f 1237//1364 1190//1364 1229//1364
f 1245//1365 1236//1365 1235//1365
f 1218//1366 1244//1366 1230//1366
f 1217//1367 1238//1367 1245//1367
f 1230//1368 1213//1368 1214//1368
f 1230//1369 1214//1369 1218//1369
f 1233//1370 1227//1370 1239//1370
f 1239//1371 1228//1371 1229//1371
f 1236//1372 1242//1372 1233//1372
f 1243//1373 1239//1373 1229//1373
f 1240//1374 1223//1374 1232//1374
f 1247//1375 1210//1375 1223//1375
f 1242//1376 1231//1376 1233//1376
f 1223//1377 1240//1377 1241//1377
f 1243//1378 1236//1379 1239//1380
f 1244//1381 1223//1381 1241//1381
f 1241//1382 1240//1382 1238//1382
f 1244//1383 1241//1383 1230//1383
f 1245//1384 1240//1384 1242//1384
f 1205//1385 1028//1385 1210//1385
f 1246//1386 1205//1386 1210//1386
f 1246//1387 1210//1387 1247//1387
f 1244//1388 1218//1388 1247//1388
f 1248//1389 1036//1389 1012//1389
f 1249//1390 1248//1390 1035//1390
f 1249//1391 1184//1392 1194//1393
f 1249//1394 1036//1394 1248//1394
f 1250//1395 1194//1393 1184//1392
f 1194//1396 1036//1396 1249//1396
f 1250//1397 1196//1397 1194//1397
f 1252//1398 1251//1398 1253//1398
f 1254//1399 1258//1400 1257//1401
f 1253//1402 1259//1402 1256//1402
f 1369//1403 1367//1403 1260//1403
f 1258//1404 1251//1404 1261//1404
f 1400//1405 1258//1405 1261//1405
f 1262//1406 1261//1407 1263//1408
f 1261//1409 1252//1409 1263//1409
f 1253//1410 1264//1410 1252//1410
f 1264//1411 1396//1411 1263//1411
f 1266//1412 1396//1412 1264//1412
f 1399//1413 1263//1413 1396//1413
f 1268//1414 1417//1414 1267//1414
f 1271//1415 1270//1415 1274//1415
f 1272//1416 1271//1416 1269//1416
f 1269//1417 1273//1417 1277//1417
f 1276//1418 1271//1418 1272//1418
f 1271//1419 1281//1419 1275//1419
f 1273//1420 1285//1420 1279//1420
f 1277//1421 1276//1421 1272//1421
f 1270//1422 1445//1422 1274//1422
f 1280//1423 1281//1423 1283//1423
f 1284//1424 1283//1424 1444//1424
f 1327//1425 1279//1426 1286//1427
f 1287//1428 1279//1428 1289//1428
f 1288//1429 1279//1429 1287//1429
f 1286//1430 1279//1431 1288//1432
f 1288//1433 1287//1433 1290//1433
f 1288//1434 1290//1434 1291//1434
f 1289//1435 1446//1435 1292//1435
f 1295//1436 1298//1436 1297//1436
f 1306//1437 1297//1438 1304//1439
f 1300//1440 1299//1440 1307//1440
f 1300//1441 1298//1441 1294//1441
f 1295//1442 1306//1442 1296//1442
f 1303//1443 1314//1443 1312//1443
f 1299//1444 1305//1445 1307//1446
f 1312//1447 1314//1447 1311//1447
f 1287//1448 1289//1448 1317//1448
f 1290//1449 1287//1449 1317//1449
f 1313//1450 1310//1450 1305//1450
f 1313//1451 1318//1451 1310//1451
f 1311//1452 1314//1452 1319//1452
f 1311//1453 1319//1453 1315//1453
f 1293//1454 1313//1454 1305//1454
f 1318//1455 1313//1455 1321//1455
f 1321//1456 1314//1456 1318//1456
f 1479//1457 1315//1457 1322//1457
f 1301//1458 1316//1458 1343//1458
f 1481//1459 1343//1459 1316//1459
f 1270//1460 1276//1460 1323//1460
f 1277//1461 1327//1461 1324//1461
f 1324//1462 1327//1462 1332//1462
f 1326//1463 1325//1463 1277//1463
f 1326//1464 1277//1464 1324//1464
f 1329//1465 1328//1465 1323//1465
f 1276//1466 1329//1466 1323//1466
f 1276//1467 1325//1467 1330//1467
f 1326//1468 1331//1468 1330//1468
f 1330//1469 1329//1469 1276//1469
f 1334//1470 1331//1471 1333//1472
f 1331//1471 1334//1470 1335//1473
f 1336//1474 1331//1471 1335//1473
f 1331//1475 1336//1475 1338//1475
f 1338//1476 1333//1476 1326//1476
f 1338//1477 1324//1477 1339//1477
f 1337//1478 1329//1478 1330//1478
f 1331//1479 1526//1479 1337//1479
f 1331//1480 1338//1480 1339//1480
f 1340//1481 1288//1481 1291//1481
f 1332//1482 1286//1430 1288//1432
f 1332//1483 1327//1425 1286//1427
f 1332//1484 1288//1484 1340//1484
f 1290//1485 1299//1485 1341//1485
f 1309//1486 1300//1486 1294//1486
f 1302//1487 1342//1488 1296//1489
f 1341//1490 1300//1491 1309//1492
f 1343//1493 1344//1493 1302//1493
f 1300//1491 1341//1490 1299//1494
f 1348//1495 1347//1495 1341//1495
f 1348//1496 1309//1496 1342//1496
f 1347//1497 1545//1498 1341//1499
f 1346//1500 1348//1500 1342//1500
f 1259//1501 1349//1501 1350//1501
f 1255//1502 1256//1502 1350//1502
f 1352//1503 1255//1504 1350//1505
f 1355//1506 1351//1506 1353//1506
f 1349//1507 1351//1507 1355//1507
f 1350//1508 1349//1508 1359//1508
f 1437//1509 1387//1509 1359//1509
f 1356//1510 1353//1510 1257//1510
f 1349//1511 1355//1511 1359//1511
f 1357//1512 1355//1512 1358//1512
f 1363//1513 1356//1513 1257//1513
f 1260//1514 1372//1514 1371//1514
f 1372//1515 1394//1515 1371//1515
f 1377//1516 1379//1516 1376//1516
f 1380//1517 1352//1503 1350//1505
f 1368//1518 1379//1518 1373//1518
f 1368//1519 1375//1519 1379//1519
f 1354//1520 1380//1520 1350//1520
f 1375//1521 1364//1521 1378//1521
f 1394//1522 1372//1522 1381//1522
f 1354//1523 1387//1523 1374//1523
f 1386//1524 1376//1524 1391//1524
f 1387//1525 1354//1525 1359//1525
f 1387//1526 1384//1526 1374//1526
f 1385//1527 1382//1527 1389//1527
f 1391//1528 1383//1528 1385//1528
f 1385//1529 1389//1529 1391//1529
f 1393//1530 1390//1530 1386//1530
f 1393//1531 1386//1531 1388//1531
f 1268//1532 1394//1532 1395//1532
f 1395//1533 1394//1533 1390//1533
f 1399//1534 1265//1534 1263//1534
f 1422//1535 1266//1536 1413//1537
f 1399//1538 1397//1538 1265//1538
f 1397//1539 1405//1539 1265//1539
f 1422//1540 1401//1540 1266//1540
f 1266//1541 1398//1541 1396//1541
f 1257//1542 1258//1542 1400//1542
f 1266//1543 1401//1543 1398//1543
f 1398//1544 1402//1544 1396//1544
f 1406//1545 1397//1545 1399//1545
f 1402//1546 1398//1546 1404//1546
f 1398//1547 1403//1547 1404//1547
f 1406//1548 1402//1548 1407//1548
f 1408//1549 1400//1550 1405//1551
f 1360//1552 1437//1552 1359//1552
f 1403//1553 1437//1553 1360//1553
f 1403//1554 1360//1554 1404//1554
f 1407//1555 1402//1555 1362//1555
f 1408//1556 1409//1557 1400//1558
f 1410//1559 1407//1559 1362//1559
f 1408//1560 1410//1560 1409//1560
f 1363//1561 1257//1561 1400//1561
f 1361//1562 1356//1562 1363//1562
f 1365//1563 1364//1563 1411//1563
f 1370//1564 1415//1564 1367//1564
f 1369//1565 1370//1565 1367//1565
f 1370//1566 1369//1566 1416//1566
f 1412//1567 1413//1567 1380//1567
f 1412//1568 1420//1568 1413//1568
f 1375//1569 1368//1569 1415//1569
f 1419//1570 1414//1571 1415//1572
f 1421//1573 1411//1573 1414//1573
f 1267//1574 1424//1574 1416//1574
f 1417//1575 1424//1575 1267//1575
f 1418//1576 1420//1576 1366//1576
f 1411//1577 1425//1577 1418//1577
f 1430//1578 1418//1578 1425//1578
f 1423//1579 1419//1579 1416//1579
f 1419//1580 1435//1580 1425//1580
f 1418//1581 1430//1581 1426//1581
f 1419//1582 1423//1582 1435//1582
f 1423//1583 1439//1583 1435//1583
f 1428//1584 1436//1584 1424//1584
f 1435//1585 1439//1585 1432//1585
f 1429//1586 1436//1586 1428//1586
f 1437//1587 1384//1587 1387//1587
f 1431//1588 1391//1588 1426//1588
f 1438//1589 1437//1589 1403//1589
f 1430//1590 1434//1590 1426//1590
f 1389//1591 1433//1591 1426//1591
f 1432//1592 1441//1592 1431//1592
f 1436//1593 1429//1593 1442//1593
f 1426//1594 1433//1594 1418//1594
f 1441//1595 1439//1595 1440//1595
f 1392//1596 1391//1596 1441//1596
f 1441//1597 1440//1598 1392//1599
f 1371//1600 1394//1600 1268//1600
f 1395//1601 1429//1601 1268//1601
f 1283//1602 1445//1602 1443//1602
f 1444//1603 1447//1603 1448//1603
f 1448//1604 1447//1604 1454//1604
f 1454//1605 1447//1605 1449//1605
f 1448//1606 1454//1606 1455//1606
f 1451//1607 1448//1608 1453//1609
f 1450//1610 1451//1610 1453//1610
f 1454//1611 1449//1611 1456//1611
f 1450//1612 1453//1612 1455//1612
f 1455//1613 1457//1613 1459//1613
f 1460//1614 1470//1614 1450//1614
f 1455//1615 1459//1615 1450//1615
f 1458//1616 1457//1616 1454//1616
f 1450//1617 1459//1618 1460//1619
f 1460//1619 1459//1618 1462//1620
f 1458//1621 1456//1621 1461//1621
f 1462//1622 1459//1622 1458//1622
f 1473//1623 1470//1623 1672//1623
f 1464//1624 1461//1624 1463//1624
f 1464//1625 1463//1625 1537//1625
f 1452//1626 1446//1626 1451//1626
f 1466//1627 1292//1627 1446//1627
f 1466//1628 1446//1628 1452//1628
f 1478//1629 1292//1629 1466//1629
f 1466//1630 1452//1630 1468//1630
f 1468//1631 1452//1631 1470//1631
f 1469//1632 1471//1632 1468//1632
f 1550//1633 1475//1633 1473//1633
f 1472//1634 1471//1634 1469//1634
f 1473//1635 1476//1635 1470//1635
f 1474//1636 1472//1636 1476//1636
f 1482//1637 1484//1637 1319//1637
f 1482//1638 1314//1638 1321//1638
f 1478//1639 1313//1639 1293//1639
f 1315//1640 1479//1640 1316//1640
f 1481//1641 1480//1641 1551//1641
f 1321//1642 1313//1642 1486//1642
f 1321//1643 1486//1643 1483//1643
f 1482//1644 1483//1644 1490//1644
f 1484//1645 1477//1645 1319//1645
f 1313//1646 1478//1646 1502//1646
f 1488//1647 1479//1647 1485//1647
f 1480//1648 1479//1648 1488//1648
f 1562//1649 1553//1649 1551//1649
f 1486//1650 1313//1651 1502//1652
f 1483//1653 1486//1653 1490//1653
f 1490//1654 1484//1654 1482//1654
f 1551//1655 1501//1655 1562//1655
f 1477//1656 1484//1656 1491//1656
f 1491//1657 1484//1657 1490//1657
f 1486//1650 1502//1652 1490//1658
f 1480//1659 1488//1659 1489//1659
f 1490//1660 1502//1660 1493//1660
f 1502//1661 1478//1661 1467//1661
f 1477//1662 1491//1662 1496//1662
f 1501//1663 1551//1663 1489//1663
f 1477//1664 1496//1664 1524//1664
f 1501//1665 1489//1665 1500//1665
f 1491//1666 1494//1666 1505//1666
f 1503//1667 1496//1668 1491//1669
f 1498//1670 1487//1670 1492//1670
f 1498//1671 1492//1671 1503//1671
f 1500//1672 1488//1672 1498//1672
f 1497//1673 1495//1673 1493//1673
f 1496//1674 1503//1674 1524//1674
f 1502//1675 1467//1675 1471//1675
f 1501//1676 1500//1676 1525//1676
f 1471//1677 1506//1677 1502//1677
f 1497//1678 1493//1678 1506//1678
f 1507//1679 1505//1679 1494//1679
f 1504//1680 1499//1680 1508//1680
f 1503//1681 1508//1681 1498//1681
f 1474//1682 1510//1682 1472//1682
f 1474//1683 1475//1683 1547//1683
f 1509//1684 1511//1684 1507//1684
f 1505//1685 1507//1686 1508//1687
f 1508//1687 1507//1686 1516//1688
f 1472//1689 1510//1689 1506//1689
f 1509//1690 1506//1690 1510//1690
f 1511//1691 1509//1691 1510//1691
f 1507//1692 1511//1692 1512//1692
f 1514//1693 1510//1693 1474//1693
f 1514//1694 1513//1694 1517//1694
f 1522//1695 1513//1695 1514//1695
f 1507//1696 1512//1696 1516//1696
f 1518//1697 1515//1697 1516//1697
f 1512//1698 1518//1698 1516//1698
f 1513//1699 1519//1699 1517//1699
f 1520//1700 1517//1700 1519//1700
f 1520//1701 1521//1701 1512//1701
f 1520//1702 1522//1702 1521//1702
f 1522//1703 1520//1703 1519//1703
f 1583//1704 1523//1704 1522//1704
f 1485//1705 1524//1705 1492//1705
f 1500//1706 1499//1706 1525//1706
f 1525//1707 1504//1707 1518//1707
f 1527//1708 1328//1708 1337//1708
f 1527//1709 1337//1709 1526//1709
f 1324//1710 1530//1710 1339//1710
f 1324//1711 1332//1711 1530//1711
f 1530//1712 1526//1712 1339//1712
f 1531//1713 1527//1713 1526//1713
f 1550//1714 1530//1715 1528//1716
f 1530//1717 1531//1717 1526//1717
f 1534//1718 1530//1718 1550//1718
f 1527//1719 1531//1719 1529//1719
f 1533//1720 1532//1720 1531//1720
f 1328//1721 1535//1722 1463//1723
f 1532//1724 1533//1725 1536//1725
f 1538//1726 1531//1726 1534//1726
f 1535//1727 1539//1727 1463//1727
f 1536//1725 1533//1725 1537//1728
f 1533//1729 1540//1729 1537//1729
f 1542//1730 1541//1730 1543//1730
f 1537//1731 1463//1731 1539//1731
f 1538//1732 1673//1732 1540//1732
f 1544//1733 1332//1733 1340//1733
f 1548//1734 1550//1734 1544//1734
f 1552//1735 1553//1735 1562//1735
f 1346//1736 1555//1736 1348//1736
f 1559//1737 1557//1737 1558//1737
f 1557//1738 1545//1498 1347//1497
f 1554//1739 1347//1739 1348//1739
f 1560//1740 1558//1740 1556//1740
f 1557//1741 1560//1742 1554//1743
f 1565//1744 1555//1744 1346//1744
f 1552//1745 1565//1745 1346//1745
f 1573//1746 1565//1746 1552//1746
f 1291//1747 1545//1747 1546//1747
f 1555//1748 1563//1748 1561//1748
f 1566//1749 1545//1749 1557//1749
f 1545//1750 1566//1750 1546//1750
f 1565//1751 1567//1751 1563//1751
f 1547//1752 1546//1752 1566//1752
f 1568//1753 1549//1753 1566//1753
f 1563//1754 1570//1754 1575//1754
f 1569//1755 1570//1755 1563//1755
f 1574//1756 1569//1756 1563//1756
f 1571//1757 1575//1757 1570//1757
f 1572//1758 1562//1758 1577//1758
f 1573//1759 1562//1759 1572//1759
f 1474//1760 1547//1760 1549//1760
f 1574//1761 1582//1761 1569//1761
f 1582//1762 1571//1762 1569//1762
f 1580//1763 1576//1763 1577//1763
f 1578//1764 1576//1764 1574//1764
f 1581//1765 1576//1765 1580//1765
f 1583//1766 1576//1767 1581//1768
f 1583//1769 1522//1769 1582//1769
f 1580//1770 1525//1770 1579//1770
f 1581//1768 1579//1771 1583//1766
f 1579//1772 1523//1772 1583//1772
f 1593//1773 1584//1773 1591//1773
f 1584//1774 1590//1775 1591//1776
f 1587//1777 1586//1778 1592//1779
f 1586//1780 1584//1780 1588//1780
f 1627//1781 1593//1781 1598//1781
f 1598//1782 1596//1782 1594//1782
f 1588//1783 1597//1783 1586//1783
f 1591//1784 1586//1784 1595//1784
f 1604//1785 1598//1785 1595//1785
f 1600//1786 1598//1786 1604//1786
f 1596//1787 1598//1787 1600//1787
f 1596//1788 1600//1788 1648//1788
f 1769//1789 1600//1789 1604//1789
f 1603//1790 1604//1790 1595//1790
f 1610//1791 1617//1791 1609//1791
f 1606//1792 1610//1792 1609//1792
f 1620//1793 1640//1793 1611//1793
f 1651//1794 1620//1794 1614//1794
f 1651//1795 1614//1795 1610//1795
f 1615//1796 1607//1796 1609//1796
f 1608//1797 1607//1797 1615//1797
f 1602//1798 1621//1798 1600//1798
f 1619//1799 1613//1799 1621//1799
f 1614//1800 1620//1800 1782//1800
f 1622//1801 1617//1801 1614//1801
f 1625//1802 1622//1802 1614//1802
f 1623//1803 1617//1803 1622//1803
f 1615//1804 1617//1804 1623//1804
f 1619//1805 1621//1806 1783//1807
f 1588//1808 1584//1808 1585//1808
f 1626//1809 1584//1809 1593//1809
f 1627//1810 1626//1810 1593//1810
f 1628//1811 1589//1812 1585//1813
f 1628//1814 1585//1814 1629//1814
f 1629//1815 1585//1815 1626//1815
f 1594//1816 1627//1816 1598//1816
f 1594//1817 1630//1817 1636//1817
f 1631//1818 1589//1812 1628//1811
f 1631//1819 1628//1819 1629//1819
f 1630//1820 1594//1820 1599//1820
f 1636//1821 1630//1821 1632//1821
f 1636//1822 1633//1822 1629//1822
f 1631//1823 1629//1823 1633//1823
f 1787//1824 1631//1824 1634//1824
f 1634//1825 1631//1825 1633//1825
f 1638//1826 1636//1826 1632//1826
f 1635//1827 1637//1827 1632//1827
f 1631//1828 1787//1828 1601//1828
f 1641//1829 1606//1830 1605//1831
f 1605//1832 1650//1833 1641//1834
f 1651//1835 1640//1835 1620//1835
f 1662//1836 1605//1836 1612//1836
f 1644//1837 1650//1833 1605//1832
f 1645//1838 1639//1838 1640//1838
f 1649//1839 1642//1839 1643//1839
f 1647//1840 1646//1841 1599//1842
f 1639//1843 1647//1843 1648//1843
f 1648//1844 1613//1844 1639//1844
f 1639//1845 1646//1841 1647//1840
f 1645//1846 1651//1846 1652//1846
f 1652//1847 1651//1847 1649//1847
f 1643//1848 1652//1848 1649//1848
f 1644//1849 1655//1849 1650//1849
f 1658//1850 1652//1850 1643//1850
f 1656//1851 1655//1851 1644//1851
f 1644//1852 1664//1852 1656//1852
f 1652//1853 1658//1853 1654//1853
f 1795//1854 1794//1854 1635//1854
f 1646//1855 1795//1855 1635//1855
f 1659//1856 1799//1856 1658//1856
f 1794//1857 1637//1857 1635//1857
f 1658//1858 1796//1858 1654//1858
f 1664//1859 1605//1859 1662//1859
f 1664//1860 1662//1860 1668//1860
f 1662//1861 1612//1861 1668//1861
f 1665//1862 1667//1862 1669//1862
f 1664//1863 1668//1863 1657//1863
f 1671//1864 1462//1864 1670//1864
f 1673//1865 1473//1866 1672//1867
f 1674//1868 1741//1868 1676//1868
f 1680//1869 1681//1870 1678//1871
f 1677//1872 1678//1872 1681//1872
f 1677//1873 1743//1873 1678//1873
f 1741//1874 1674//1874 1679//1874
f 1677//1875 1681//1875 1682//1875
f 1678//1876 1693//1877 1680//1878
f 1683//1879 1677//1879 1741//1879
f 1749//1880 1807//1880 1693//1880
f 1689//1881 1682//1882 1684//1883
f 1689//1881 1684//1883 1691//1884
f 1722//1885 1686//1885 1690//1885
f 1696//1886 1687//1886 1692//1886
f 1694//1887 1692//1887 1807//1887
f 1695//1888 1691//1888 1696//1888
f 1695//1889 1690//1889 1691//1889
f 1697//1890 1699//1890 1702//1890
f 1753//1891 1700//1891 1697//1891
f 1700//1892 1699//1892 1697//1892
f 1702//1893 1703//1894 1709//1895
f 1704//1896 1705//1896 1720//1896
f 1698//1897 1706//1897 1711//1897
f 1708//1898 1711//1899 1706//1900
f 1708//1898 1706//1900 1705//1901
f 1709//1895 1703//1894 1712//1902
f 1688//1903 1702//1903 1701//1903
f 1707//1904 1704//1904 1730//1905
f 1715//1906 1711//1907 1708//1908
f 1702//1909 1712//1909 1703//1909
f 1712//1910 1702//1910 1688//1910
f 1714//1911 1709//1911 1712//1911
f 1709//1912 1714//1912 1710//1912
f 1713//1913 1710//1913 1714//1913
f 1716//1914 1717//1914 1718//1914
f 1688//1915 1722//1915 1721//1915
f 1714//1916 1712//1916 1719//1916
f 1737//1917 1720//1917 1832//1917
f 1834//1918 1723//1918 1719//1918
f 1834//1919 1724//1920 1723//1921
f 1725//1922 1707//1922 1730//1922
f 1665//1923 1663//1924 1734//1925
f 1727//1926 1734//1926 1726//1926
f 1726//1927 1739//1927 1729//1927
f 1729//1928 1725//1928 1726//1928
f 1735//1929 1727//1929 1725//1929
f 1767//1930 1725//1930 1729//1930
f 1667//1931 1665//1931 1727//1931
f 1720//1896 1730//1896 1704//1896
f 1730//1932 1720//1932 1737//1932
f 1732//1933 1767//1933 1729//1933
f 1663//1934 1669//1935 1733//1935
f 1735//1936 1736//1936 1728//1936
f 1737//1937 1736//1937 1735//1937
f 1736//1938 1738//1939 1728//1940
f 1740//1941 1739//1941 1733//1941
f 1739//1942 1740//1942 1731//1942
f 1740//1943 1733//1943 1851//1943
f 1854//1944 1740//1944 1851//1944
f 1731//1945 1740//1945 1855//1945
f 1683//1946 1741//1946 1745//1946
f 1742//1947 1678//1947 1743//1947
f 1745//1948 1741//1948 1744//1948
f 1743//1949 1683//1949 1745//1949
f 1748//1950 1745//1950 1744//1950
f 1747//1951 1749//1951 1742//1951
f 1748//1952 1750//1952 1745//1952
f 1745//1953 1747//1953 1743//1953
f 1746//1954 1760//1955 1751//1956
f 1752//1957 1750//1957 1748//1957
f 1752//1958 1748//1958 1751//1958
f 1746//1959 1679//1959 1700//1959
f 1760//1960 1753//1960 1754//1960
f 1715//1906 1708//1908 1759//1961
f 1753//1962 1755//1962 1700//1962
f 1760//1963 1755//1963 1753//1963
f 1756//1964 1708//1964 1707//1964
f 1759//1965 1708//1965 1756//1965
f 1754//1966 1757//1966 1760//1966
f 1715//1967 1759//1968 1757//1969
f 1698//1970 1715//1967 1757//1969
f 1757//1971 1759//1971 1761//1971
f 1758//1972 1757//1972 1761//1972
f 1764//1973 1760//1974 1861//1975
f 1758//1976 1861//1976 1760//1976
f 1759//1977 1765//1977 1761//1977
f 1766//1978 1841//1978 1862//1978
f 1765//1979 1766//1979 1761//1979
f 1756//1980 1707//1980 1767//1980
f 1870//1981 1732//1981 1869//1981
f 1870//1982 1763//1983 1768//1984
f 1732//1985 1870//1982 1768//1984
f 1773//1986 1597//1986 1601//1986
f 1603//1987 1597//1987 1773//1987
f 1769//1988 1604//1988 1772//1988
f 1770//1989 1769//1989 1772//1989
f 1602//1990 1770//1990 1771//1990
f 1772//1991 1604//1991 1775//1991
f 1772//1992 1775//1992 1777//1992
f 1783//1807 1621//1806 1771//1993
f 1616//1994 1786//1994 1782//1994
f 1624//1995 1623//1995 1785//1995
f 1624//1996 1801//1996 1779//1996
f 1638//1997 1788//1997 1634//1997
f 1790//1998 1637//1998 1789//1998
f 1791//1999 1601//1999 1787//1999
f 1788//2000 1787//2000 1634//2000
f 1794//2001 1789//2001 1637//2001
f 1789//2002 1794//2002 1774//2002
f 1792//2003 1601//2003 1791//2003
f 1792//2004 1790//2004 1777//2004
f 1792//2005 1777//2005 1778//2005
f 1792//2006 1778//2006 1601//2006
f 1796//2007 1797//2007 1795//2007
f 1660//2008 1659//2008 1658//2008
f 1656//2009 1798//2009 1660//2009
f 1798//2010 1656//2011 1661//2012
f 1799//2013 1782//2013 1786//2013
f 1800//2014 1623//2014 1784//2014
f 1784//2015 1799//2015 1659//2015
f 1798//2016 1801//2016 1800//2016
f 1657//2017 1668//2017 1804//2017
f 1803//2018 1669//2018 1667//2018
f 1668//2019 1618//2019 1804//2019
f 1804//2020 1618//2020 1779//2020
f 1695//2021 1809//2021 1690//2021
f 1695//2022 1808//2023 1809//2024
f 1806//2025 1690//2025 1809//2025
f 1814//2026 1806//2027 1811//2028
f 1813//2029 1809//2024 1808//2023
f 1809//2030 1811//2030 1806//2030
f 1812//2031 1810//2031 1694//2031
f 1818//2032 1809//2032 1813//2032
f 1821//2033 1818//2033 1813//2033
f 1812//2034 1694//2034 1858//2034
f 1821//2035 1819//2035 1818//2035
f 1822//2036 1819//2036 1821//2036
f 1825//2037 1830//2037 1979//2037
f 1824//2038 1977//2038 1823//2038
f 1979//2039 1976//2039 1828//2039
f 1827//2040 1824//2040 1823//2040
f 1825//2041 1823//2041 1830//2041
f 1977//2042 1978//2042 1823//2042
f 1830//2043 1823//2043 1978//2043
f 1826//2044 1824//2044 1827//2044
f 1722//2045 1806//2045 1836//2045
f 1838//2046 1719//2046 1722//2046
f 1831//2047 1724//2047 1835//2047
f 1835//2048 1838//2048 1839//2048
f 1833//2049 1832//2049 1837//2049
f 1722//2050 1836//2050 1838//2050
f 1839//2051 1840//2051 1835//2051
f 1840//2052 1839//2052 1843//2052
f 1844//2053 1843//2053 1846//2053
f 1836//2054 1814//2054 1847//2054
f 1846//2055 1843//2055 1839//2055
f 1868//2056 1847//2056 1814//2056
f 1815//2057 1868//2057 1814//2057
f 1842//2058 1847//2059 1839//2060
f 1846//2061 1839//2061 1847//2061
f 1803//2062 1666//2062 1849//2062
f 1849//2063 1666//2064 1738//2065
f 1833//2066 1736//2066 1832//2066
f 1869//2067 1731//2067 1855//2067
f 1833//2068 1849//2068 1736//2068
f 1850//2069 1805//2069 1849//2069
f 1853//2070 1854//2070 1852//2070
f 1845//2071 1833//2071 1837//2071
f 1854//2072 1850//2072 1852//2072
f 1764//2073 1751//2073 1760//2073
f 1860//2074 1750//2075 1856//2076
f 1752//2077 1856//2077 1750//2077
f 1860//2078 1857//2078 1859//2078
f 1857//2079 1822//2079 1859//2079
f 1822//2080 1752//2080 1764//2080
f 1858//2081 1694//2081 1807//2081
f 1822//2082 1816//2082 1859//2082
f 1822//2083 1764//2083 1815//2083
f 1860//2084 1816//2084 1820//2084
f 1822//2085 1821//2085 1816//2085
f 1758//2086 1761//2086 1862//2086
f 1862//2087 1867//2088 1758//2089
f 1862//2090 1841//2090 1846//2090
f 1866//2091 1844//2091 1841//2091
f 1867//2092 1815//2093 1861//2094
f 1764//1973 1861//1975 1815//2095
f 1846//2096 1868//2096 1862//2096
f 1869//2097 1853//2097 1870//2097
f 1870//2098 1866//2098 1766//2098
f 1871//2099 1873//2099 1872//2099
f 1871//2100 1879//2100 1873//2100
f 1873//2101 1876//2101 1877//2101
f 1873//2102 1877//2102 1874//2102
f 1876//2103 1879//2103 1878//2103
f 1882//2104 1881//2104 1904//2104
f 1875//2105 1884//2105 1878//2105
f 1877//2106 1876//2106 1883//2106
f 1886//2107 1878//2107 1884//2107
f 1887//2108 1883//2108 1891//2108
f 1889//2109 1887//2109 1891//2109
f 2166//2110 1886//2110 1890//2110
f 1886//2111 2166//2111 1888//2111
f 1891//2112 2166//2112 2167//2112
f 1899//2113 1903//2113 1894//2113
f 1901//2114 1895//2114 1900//2114
f 1905//2115 1898//2115 1893//2115
f 1908//2116 1900//2116 1906//2116
f 1898//2117 1910//2117 1907//2117
f 1899//2118 1897//2118 1902//2118
f 1904//2119 1885//2119 1911//2119
f 1902//2120 1897//2120 1907//2120
f 1912//2121 1909//2121 1908//2121
f 1902//2122 1907//2122 1920//2122
f 1906//2123 1911//2123 1918//2123
f 1915//2124 1910//2124 1912//2124
f 1885//2125 1887//2125 1918//2125
f 1919//2126 1910//2126 1915//2126
f 1917//2127 1907//2127 1913//2127
f 1920//2128 1907//2128 1917//2128
f 1922//2129 1920//2129 1917//2129
f 1920//2130 1922//2130 1970//2130
f 1967//2131 1923//2131 1921//2131
f 1903//2132 1902//2133 1920//2132
f 1872//2134 1793//2134 1871//2134
f 1793//2135 1875//2135 1871//2135
f 1872//2136 1874//2136 1927//2136
f 1927//2137 1928//2137 1931//2137
f 1934//2138 1874//2138 1882//2138
f 1929//2139 1880//2139 1926//2139
f 1874//2140 1877//2140 1882//2140
f 1934//2141 1882//2141 1947//2141
f 1934//2142 1937//2142 1930//2142
f 1931//2143 1932//2143 1929//2143
f 1934//2144 1939//2144 1937//2144
f 1932//2145 1935//2145 1929//2145
f 1880//2146 1892//2146 1884//2146
f 1939//2147 1936//2147 1937//2147
f 1940//2148 1941//2148 1937//2148
f 1940//2149 1937//2149 1936//2149
f 1929//2150 1943//2150 2168//2150
f 1943//2151 1935//2151 1938//2151
f 1935//2152 1943//2152 1929//2152
f 1963//2153 1936//2153 1939//2153
f 2167//2154 1936//2154 1891//2154
f 1941//2155 1940//2155 2167//2155
f 1942//2156 1941//2156 2167//2156
f 1938//2157 1942//2157 1943//2157
f 1944//2158 1894//2158 1945//2158
f 1952//2159 1893//2159 1896//2159
f 1954//2160 1896//2160 1944//2160
f 1948//2161 1952//2161 1896//2161
f 1901//2162 1905//2162 1951//2162
f 1952//2163 1951//2164 1893//2165
f 1953//2166 1951//2166 1952//2166
f 1954//2167 1944//2167 1957//2167
f 1948//2168 1954//2168 1957//2168
f 1949//2169 1961//2169 1950//2169
f 1953//2170 1965//2170 1949//2170
f 1948//2171 1958//2171 1966//2171
f 1955//2172 1974//2172 1958//2172
f 1974//2173 1955//2173 1973//2173
f 1959//2174 1964//2174 1956//2174
f 1939//2175 1961//2175 1963//2175
f 1965//2176 1967//2176 1961//2176
f 1889//2177 1962//2177 1918//2177
f 1963//2178 1962//2178 1889//2178
f 1964//2179 1959//2179 1914//2179
f 1969//2180 1960//2180 1966//2180
f 1964//2181 1914//2181 1923//2181
f 1960//2182 1924//2182 1915//2182
f 1969//2183 1924//2183 1960//2183
f 1964//2184 1923//2184 1965//2184
f 1968//2185 1969//2185 1958//2185
f 1970//2186 1972//2186 1925//2186
f 1924//2187 1968//2187 1922//2187
f 1923//2188 1967//2188 1965//2188
f 1970//2189 1968//2189 1974//2189
f 1972//2190 1970//2190 1974//2190
f 1970//2191 1925//2191 1920//2191
f 1946//2192 1945//2192 1894//2192
f 1946//2193 1955//2193 1945//2193
f 1971//2194 1925//2194 1972//2194
f 1946//2195 1971//2195 1973//2195
f 1973//2196 1972//2196 1974//2196
f 1978//2197 1977//2197 1986//2197
f 1981//2198 1979//2198 1980//2198
f 1981//2199 1980//2199 1985//2199
f 1975//2200 1984//2200 1829//2200
f 1986//2201 1982//2201 1978//2201
f 1981//2202 1985//2202 1983//2202
f 1990//2203 1824//2203 1826//2203
f 1986//2204 1987//2204 1982//2204
f 1824//2205 1990//2205 1984//2205
f 1986//2206 1989//2206 1991//2206
f 1994//2207 1988//2207 1995//2207
f 1987//2208 1986//2208 1991//2208
f 1988//2209 1992//2209 1995//2209
f 1996//2210 1989//2210 1990//2210
f 1991//2211 1996//2211 2001//2211
f 2000//2212 1997//2212 1991//2212
f 1998//2213 1995//2213 2002//2213
f 2201//2214 2030//2214 2002//2214
f 1983//2215 2005//2215 2003//2215
f 2003//2216 2005//2216 2007//2216
f 1976//2217 2004//2217 1828//2217
f 2010//2218 2009//2218 1983//2218
f 2007//2219 2006//2219 2012//2219
f 2049//2220 2016//2220 2064//2220
f 2013//2221 2011//2221 2060//2221
f 2014//2222 2009//2222 2010//2222
f 2016//2223 2006//2223 2015//2223
f 2150//2224 2007//2224 2011//2224
f 2015//2225 2014//2225 2018//2225
f 2011//2226 2020//2226 2150//2226
f 2013//2227 2020//2227 2011//2227
f 2015//2228 2018//2228 2022//2228
f 2020//2229 2153//2229 2150//2229
f 2019//2230 2017//2230 2022//2230
f 2026//2231 2019//2231 2022//2231
f 2080//2232 2075//2232 2019//2232
f 2023//2233 2019//2233 2026//2233
f 2024//2234 2153//2234 2020//2234
f 1998//2235 2021//2235 1994//2235
f 2025//2236 2026//2236 2022//2236
f 2026//2237 2024//2237 2023//2237
f 2027//2238 2018//2238 2021//2238
f 2025//2239 2022//2239 2027//2239
f 2032//2240 2031//2240 2152//2240
f 2032//2241 2025//2241 2028//2241
f 2032//2242 2028//2242 2031//2242
f 2284//2243 2152//2244 2201//2245
f 2033//2246 2055//2246 2034//2246
f 2037//2247 2033//2247 2034//2247
f 2037//2248 2034//2248 2043//2248
f 2036//2249 2033//2249 2040//2249
f 2040//2250 2033//2250 2037//2250
f 2044//2251 2039//2251 2035//2251
f 2060//2252 2036//2252 2040//2252
f 2056//2253 2067//2253 2047//2253
f 2114//2254 2056//2254 2047//2254
f 2042//2255 2057//2255 2058//2255
f 2060//2256 2049//2256 2036//2256
f 2036//2257 2049//2257 2033//2257
f 2050//2258 2042//2258 2058//2258
f 2043//2259 2048//2259 2059//2259
f 2043//2260 2059//2260 2054//2260
f 2050//2261 2058//2261 2038//2261
f 2037//2262 2043//2262 2054//2262
f 2050//2263 2038//2263 2061//2263
f 2057//2264 2042//2264 2048//2264
f 2050//2265 2069//2265 2053//2265
f 2069//2266 2050//2266 2061//2266
f 2054//2267 2065//2267 2156//2267
f 2049//2268 2064//2268 2033//2268
f 2073//2269 2074//2269 2052//2269
f 2070//2270 2041//2270 2064//2270
f 2055//2271 2063//2271 2066//2271
f 2045//2272 2055//2272 2066//2272
f 2064//2273 2017//2273 2019//2273
f 2071//2274 2045//2274 2066//2274
f 2063//2275 2041//2275 2070//2275
f 2068//2276 2067//2276 2077//2276
f 2067//2277 2058//2277 2072//2277
f 2068//2278 2077//2278 2076//2278
f 2066//2279 2078//2279 2087//2279
f 2072//2280 2057//2280 2088//2280
f 2071//2281 2088//2281 2057//2281
f 2024//2282 2020//2282 2013//2282
f 2084//2283 2077//2283 2072//2283
f 2072//2284 2090//2284 2084//2284
f 2073//2285 2106//2285 2091//2285
f 2083//2286 2159//2287 2065//2288
f 2092//2289 2083//2289 2162//2289
f 2160//2290 2092//2290 2162//2290
f 2086//2291 2078//2291 2085//2291
f 2071//2292 2079//2293 2089//2294
f 2088//2295 2071//2295 2089//2295
f 2089//2296 2098//2296 2088//2296
f 2098//2297 2093//2297 2083//2297
f 2083//2298 2093//2298 2159//2298
f 2085//2299 2100//2299 2086//2299
f 2097//2300 2076//2301 2084//2302
f 2079//2303 2087//2303 2102//2303
f 2079//2304 2102//2304 2103//2304
f 2098//2305 2090//2305 2088//2305
f 2023//2306 2096//2306 2080//2307
f 2099//2308 2096//2306 2023//2306
f 2098//2309 2089//2309 2093//2309
f 2024//2310 2099//2310 2023//2310
f 2093//2311 2079//2311 2103//2311
f 2092//2312 2165//2312 2090//2312
f 2092//2313 2090//2313 2098//2313
f 2104//2314 2159//2314 2103//2314
f 2099//2315 2024//2315 2163//2315
f 2105//2316 2097//2300 2084//2302
f 2101//2317 2105//2317 2084//2317
f 2103//2318 2102//2318 2104//2318
f 2090//2319 2108//2319 2101//2319
f 2094//2320 2106//2320 2105//2320
f 2108//2321 2094//2321 2105//2321
f 2107//2322 2109//2322 2099//2322
f 2109//2323 2104//2323 2102//2323
f 2082//2324 2108//2324 2165//2324
f 2099//2325 2102//2325 2096//2325
f 2035//2326 2056//2326 2114//2326
f 2114//2327 2110//2327 2051//2327
f 2116//2328 2122//2328 2115//2328
f 2118//2329 2113//2329 2116//2329
f 2119//2330 2118//2330 2116//2330
f 2111//2331 2074//2332 2124//2333
f 2125//2334 2121//2334 2115//2334
f 2117//2335 2127//2335 2123//2335
f 2121//2336 2127//2336 2117//2336
f 2126//2337 2155//2337 2124//2337
f 2125//2338 2122//2338 2128//2338
f 2122//2339 2120//2339 2128//2339
f 2112//2340 2068//2340 2076//2340
f 2121//2341 2125//2341 2131//2341
f 2123//2342 2130//2342 2073//2342
f 2129//2343 2130//2343 2123//2343
f 2129//2344 2123//2344 2127//2344
f 2126//2345 2081//2345 2082//2345
f 2112//2346 2131//2347 2128//2348
f 2081//2349 2094//2349 2095//2349
f 2131//2347 2112//2346 2129//2350
f 2131//2351 2127//2351 2121//2351
f 2130//2352 2106//2352 2073//2352
f 2129//2353 2112//2353 2097//2353
f 1827//2354 1823//2354 2133//2354
f 1826//2355 1827//2355 2133//2355
f 2004//2356 2138//2356 1828//2356
f 2136//2357 2135//2357 2132//2357
f 2138//2358 2136//2358 2132//2358
f 2143//2359 2138//2359 2149//2359
f 2136//2360 2140//2360 2135//2360
f 2138//2361 2143//2361 2136//2361
f 2147//2362 2141//2362 2144//2362
f 2145//2363 2144//2363 2140//2363
f 2147//2364 2144//2364 2145//2364
f 2146//2365 2145//2366 2204//2367
f 2147//2368 2145//2368 2146//2368
f 2142//2369 2284//2369 2208//2369
f 2148//2370 2004//2370 2003//2370
f 2007//2371 2148//2371 2003//2371
f 2004//2372 2149//2372 2138//2372
f 2150//2373 2148//2373 2007//2373
f 2151//2374 2150//2374 2029//2374
f 2143//2375 2149//2375 2152//2375
f 2154//2376 2062//2376 2040//2376
f 2069//2377 2162//2377 2053//2377
f 2013//2378 2062//2378 2158//2378
f 2157//2379 2158//2379 2062//2379
f 2156//2380 2065//2288 2159//2287
f 2160//2381 2069//2382 2161//2383
f 2163//2384 2024//2384 2013//2384
f 2164//2385 2157//2385 2156//2385
f 2164//2386 2158//2386 2157//2386
f 2163//2387 2158//2387 2164//2387
f 2161//2388 2082//2388 2165//2388
f 2161//2389 2126//2389 2082//2389
f 2165//2390 2092//2390 2160//2390
f 2082//2391 2095//2391 2108//2391
f 2168//2392 1892//2392 1880//2392
f 2168//2393 2169//2393 1892//2393
f 2171//2394 2174//2394 2176//2394
f 2298//2395 2172//2395 2170//2395
f 2174//2396 2170//2396 2172//2396
f 2174//2397 2172//2397 2173//2397
f 2179//2398 2318//2398 2313//2398
f 2314//2399 2180//2399 2177//2399
f 2182//2400 2180//2400 2181//2400
f 2179//2401 2182//2401 2181//2401
f 2179//2402 2181//2402 2318//2402
f 2183//2403 2167//2403 2166//2403
f 1942//2404 2167//2404 2183//2404
f 1942//2405 2183//2405 2169//2405
f 2183//2406 1892//2406 2169//2406
f 2187//2407 2171//2407 2175//2407
f 2185//2408 2310//2409 2170//2410
f 2189//2411 2187//2411 2175//2411
f 2339//2412 2190//2412 2187//2412
f 2190//2413 2185//2413 2186//2413
f 2175//2414 2188//2414 2189//2414
f 2189//2415 2188//2415 2192//2415
f 2339//2416 2193//2416 2190//2416
f 2179//2417 2313//2417 2194//2417
f 2195//2418 2314//2418 2177//2418
f 2197//2419 2195//2419 2177//2419
f 2314//2420 2195//2420 2316//2420
f 2178//2421 2198//2421 2315//2421
f 2337//2422 2313//2422 2336//2422
f 2337//2423 2194//2423 2313//2423
f 2200//2424 2001//2424 1999//2424
f 2000//2425 2001//2425 2200//2425
f 2206//2426 1990//2426 2139//2426
f 2202//2427 2205//2427 2000//2427
f 2201//2428 2002//2428 2205//2428
f 2206//2429 2200//2429 1999//2429
f 2205//2430 2202//2430 2207//2430
f 2207//2431 2201//2431 2205//2431
f 2146//2432 2203//2432 2202//2432
f 2203//2433 2207//2433 2202//2433
f 2146//2434 2200//2434 2206//2434
f 2202//2435 2200//2435 2146//2435
f 2211//2436 2209//2436 2210//2436
f 2213//2437 2217//2438 2216//2439
f 2213//2440 2212//2440 2215//2440
f 2294//2441 2211//2441 2210//2441
f 2215//2442 2221//2442 2217//2442
f 2216//2439 2217//2438 2220//2443
f 2216//2444 2220//2444 2209//2444
f 2213//2445 2216//2445 2218//2445
f 2214//2446 2209//2446 2219//2446
f 2214//2447 2226//2447 2229//2447
f 2225//2448 2219//2448 2222//2448
f 2222//2449 2219//2449 2220//2449
f 2212//2450 2223//2450 2215//2450
f 2382//2451 2223//2451 2212//2451
f 2224//2452 2340//2453 2222//2454
f 2210//2455 2214//2455 2228//2455
f 2228//2456 2229//2456 2232//2456
f 2231//2457 2228//2457 2232//2457
f 2234//2458 2232//2458 2233//2458
f 2234//2459 2238//2460 2235//2461
f 2231//2462 2234//2462 2236//2462
f 2229//2463 2237//2463 2232//2463
f 2234//2464 2233//2464 2238//2464
f 2233//2465 2232//2465 2396//2465
f 2233//2466 2396//2466 2238//2466
f 2236//2467 2235//2468 2239//2469
f 2226//2470 2240//2471 2229//2472
f 2396//2473 2232//2473 2237//2473
f 2242//2474 2245//2474 2412//2474
f 2245//2475 2242//2475 2247//2475
f 2249//2476 2239//2476 2248//2476
f 2243//2477 2250//2477 2247//2477
f 2239//2478 2397//2478 2248//2478
f 2415//2479 2251//2479 2397//2479
f 2252//2480 2250//2480 2243//2480
f 2253//2481 2276//2481 2257//2481
f 2254//2482 2246//2482 2241//2482
f 2261//2483 2267//2483 2428//2483
f 2266//2484 2256//2485 2264//2486
f 2259//2487 2263//2487 2256//2487
f 2263//2488 2426//2488 2262//2488
f 2256//2489 2440//2489 2427//2489
f 2267//2490 2264//2490 2428//2490
f 2266//2491 2264//2491 2267//2491
f 2258//2492 2268//2492 2267//2492
f 2269//2493 2260//2493 2256//2493
f 2255//2494 2241//2495 2412//2496
f 2264//2497 2427//2497 2428//2497
f 2276//2498 2271//2498 2433//2498
f 2276//2499 2433//2499 2434//2499
f 2256//2500 2266//2500 2269//2500
f 2258//2501 2277//2501 2268//2501
f 2278//2502 2272//2502 2279//2502
f 2279//2503 2272//2503 2280//2503
f 2278//2504 2275//2504 2272//2504
f 2282//2505 2280//2505 2281//2505
f 2145//2506 2207//2507 2204//2508
f 2139//2509 2147//2509 2146//2509
f 2212//2510 2213//2510 2285//2510
f 2503//2511 2212//2511 2286//2511
f 2289//2512 2287//2512 2218//2512
f 2294//2513 2291//2513 2289//2513
f 2286//2514 2285//2514 2288//2514
f 2289//2515 2290//2515 2287//2515
f 2291//2516 2294//2516 2297//2516
f 2290//2517 2497//2517 2288//2517
f 2288//2518 2292//2518 2286//2518
f 2292//2519 2503//2519 2286//2519
f 2291//2520 2293//2520 2289//2520
f 2497//2521 2290//2521 2293//2521
f 2297//2522 2498//2522 2291//2522
f 2296//2523 2295//2523 2230//2524
f 2294//2525 2295//2526 2297//2527
f 2295//2523 2296//2523 2297//2528
f 2254//2529 2511//2529 2246//2529
f 2304//2530 2173//2530 2300//2530
f 2319//2531 2188//2531 2301//2531
f 2173//2532 2172//2532 2300//2532
f 2305//2533 2301//2533 2304//2533
f 2299//2534 2301//2534 2305//2534
f 2301//2535 2299//2535 2319//2535
f 2310//2536 2298//2536 2170//2536
f 2308//2537 2305//2537 2304//2537
f 2302//2538 2300//2538 2307//2538
f 2304//2539 2302//2539 2308//2539
f 2308//2540 2302//2540 2309//2540
f 2309//2541 2302//2541 2307//2541
f 2306//2542 2305//2542 2308//2542
f 2308//2543 2309//2543 2311//2543
f 2309//2544 2310//2544 2311//2544
f 2308//2545 2311//2545 2352//2545
f 2181//2546 2180//2546 2326//2546
f 2313//2547 2318//2547 2336//2547
f 2319//2548 2315//2548 2198//2548
f 2314//2549 2326//2549 2180//2549
f 2316//2550 2323//2550 2314//2550
f 2320//2551 2324//2551 2321//2551
f 2320//2552 2319//2552 2299//2552
f 2326//2553 2314//2553 2323//2553
f 2325//2554 2333//2554 2318//2554
f 2327//2555 2317//2555 2326//2555
f 2328//2556 2323//2556 2322//2556
f 2324//2557 2320//2557 2332//2557
f 2320//2558 2299//2558 2303//2558
f 2329//2559 2326//2559 2328//2559
f 2322//2560 2324//2560 2332//2560
f 2334//2561 2322//2561 2332//2561
f 2325//2562 2329//2562 2335//2562
f 2369//2563 2335//2563 2329//2563
f 2375//2564 2336//2564 2333//2564
f 2192//2565 2339//2565 2189//2565
f 2191//2566 2347//2566 2185//2566
f 2193//2567 2191//2567 2190//2567
f 2338//2568 2344//2568 2339//2568
f 2192//2569 2338//2569 2339//2569
f 2347//2570 2191//2570 2193//2570
f 2193//2571 2348//2571 2347//2571
f 2342//2572 2344//2572 2349//2572
f 2353//2573 2351//2573 2348//2573
f 2352//2574 2353//2574 2349//2574
f 2308//2575 2350//2576 2306//2577
f 2354//2578 2352//2578 2311//2578
f 2354//2579 2310//2579 2347//2579
f 2188//2580 2319//2580 2198//2580
f 2199//2581 2323//2581 2316//2581
f 2362//2582 2199//2582 2195//2582
f 2357//2583 2198//2583 2178//2583
f 2337//2584 2356//2584 2194//2584
f 2355//2585 2357//2585 2178//2585
f 2357//2586 2192//2586 2198//2586
f 2197//2587 2359//2587 2358//2587
f 2361//2588 2355//2589 2362//2590
f 2338//2591 2192//2591 2357//2591
f 2356//2592 2365//2592 2360//2592
f 2357//2593 2330//2593 2338//2593
f 2364//2594 2362//2594 2358//2594
f 2361//2588 2362//2590 2370//2595
f 2303//2596 2367//2596 2320//2596
f 2344//2597 2338//2597 2330//2597
f 2330//2598 2363//2598 2367//2598
f 2370//2599 2363//2599 2361//2599
f 2368//2600 2358//2600 2359//2600
f 2374//2601 2366//2601 2371//2601
f 2333//2602 2373//2602 2371//2602
f 2368//2603 2372//2603 2364//2603
f 2365//2604 2369//2604 2368//2604
f 2374//2605 2369//2605 2365//2605
f 2372//2606 2369//2606 2329//2606
f 2334//2607 2363//2607 2370//2607
f 2370//2608 2331//2608 2334//2608
f 2374//2609 2373//2609 2369//2609
f 2373//2610 2335//2610 2369//2610
f 2375//2611 2337//2611 2336//2611
f 2375//2612 2371//2612 2366//2612
f 2381//2613 2225//2613 2227//2613
f 2341//2614 2225//2614 2381//2614
f 2379//2615 2343//2615 2223//2615
f 2227//2616 2380//2616 2377//2616
f 2227//2617 2340//2618 2346//2619
f 2380//2620 2227//2617 2346//2619
f 2377//2621 2378//2621 2381//2621
f 2378//2622 2383//2622 2381//2622
f 2380//2623 2343//2624 2379//2625
f 2341//2626 2384//2626 2376//2626
f 2388//2627 2379//2627 2382//2627
f 2383//2628 2384//2628 2381//2628
f 2380//2629 2379//2629 2386//2629
f 2386//2630 2378//2631 2380//2632
f 2388//2633 2390//2633 2379//2633
f 2385//2634 2392//2634 2383//2634
f 2393//2635 2391//2635 2394//2635
f 2389//2636 2392//2636 2391//2636
f 2393//2637 2390//2637 2388//2637
f 2393//2638 2394//2638 2390//2638
f 2387//2639 2383//2639 2392//2639
f 2237//2640 2240//2641 2376//2642
f 2397//2643 2398//2643 2401//2643
f 2406//2644 2398//2644 2396//2644
f 2399//2645 2402//2645 2508//2645
f 2237//2646 2376//2646 2400//2646
f 2401//2647 2406//2647 2404//2647
f 2376//2648 2403//2648 2400//2648
f 2420//2649 2401//2649 2404//2649
f 2405//2650 2420//2650 2404//2650
f 2404//2651 2406//2651 2411//2651
f 2406//2652 2400//2652 2411//2652
f 2411//2653 2403//2653 2408//2653
f 2407//2654 2404//2654 2411//2654
f 2410//2655 2407//2655 2411//2655
f 2408//2656 2387//2656 2395//2656
f 2251//2657 2415//2657 2247//2657
f 2248//2658 2250//2658 2252//2658
f 2252//2659 2249//2659 2248//2659
f 2245//2660 2413//2661 2412//2662
f 2399//2663 2252//2663 2414//2663
f 2413//2664 2415//2665 2417//2666
f 2415//2667 2401//2667 2416//2667
f 2416//2668 2401//2668 2420//2668
f 2418//2669 2417//2669 2416//2669
f 2420//2670 2414//2670 2419//2670
f 2417//2666 2418//2671 2413//2664
f 2421//2672 2413//2673 2418//2674
f 2416//2675 2419//2675 2418//2675
f 2414//2676 2514//2676 2419//2676
f 2421//2677 2422//2678 2413//2679
f 2423//2680 2418//2680 2514//2680
f 2423//2681 2514//2681 2424//2681
f 2423//2682 2421//2672 2418//2674
f 2271//2683 2270//2683 2456//2683
f 2425//2684 2255//2684 2412//2684
f 2443//2685 2440//2685 2262//2685
f 2255//2686 2425//2686 2426//2686
f 2442//2687 2272//2687 2434//2687
f 2435//2688 2274//2688 2275//2688
f 2270//2689 2452//2689 2456//2689
f 2446//2690 2434//2690 2433//2690
f 2445//2691 2434//2691 2446//2691
f 2442//2692 2434//2692 2445//2692
f 2274//2693 2435//2694 2437//2695
f 2447//2696 2438//2696 2265//2696
f 2439//2697 2266//2698 2268//2699
f 2448//2700 2266//2698 2439//2697
f 2425//2701 2412//2701 2451//2701
f 2426//2702 2444//2702 2443//2702
f 2433//2703 2271//2703 2429//2703
f 2433//2704 2429//2704 2446//2704
f 2452//2705 2428//2705 2453//2705
f 2452//2706 2458//2706 2456//2706
f 2453//2707 2458//2707 2452//2707
f 2428//2708 2441//2708 2453//2708
f 2446//2709 2429//2709 2454//2709
f 2442//2710 2445//2710 2455//2710
f 2449//2711 2436//2711 2462//2711
f 2468//2712 2436//2712 2437//2712
f 2435//2694 2468//2713 2437//2695
f 2429//2714 2271//2714 2456//2714
f 2454//2715 2429//2715 2463//2715
f 2455//2716 2445//2716 2454//2716
f 2462//2717 2460//2717 2463//2717
f 2449//2718 2462//2718 2480//2718
f 2429//2719 2456//2719 2463//2719
f 2457//2720 2464//2720 2476//2720
f 2465//2721 2464//2721 2444//2721
f 2471//2722 2464//2723 2465//2724
f 2460//2725 2454//2725 2463//2725
f 2461//2726 2455//2726 2454//2726
f 2455//2727 2467//2727 2466//2727
f 2462//2728 2463//2728 2480//2728
f 2460//2729 2461//2729 2454//2729
f 2461//2730 2467//2730 2455//2730
f 2491//2731 2466//2731 2467//2731
f 2518//2732 2469//2732 2447//2732
f 2448//2733 2475//2733 2474//2733
f 2517//2734 2475//2734 2516//2734
f 2422//2735 2459//2735 2451//2735
f 2473//2736 2469//2736 2465//2736
f 2472//2737 2476//2737 2474//2737
f 2518//2738 2471//2738 2469//2738
f 2471//2739 2476//2739 2464//2739
f 2471//2722 2465//2724 2469//2740
f 2477//2741 2478//2741 2472//2741
f 2477//2742 2475//2742 2517//2742
f 2513//2743 2422//2744 2481//2745
f 2480//2746 2478//2746 2477//2746
f 2282//2747 2483//2747 2280//2747
f 2282//2748 2281//2748 2488//2748
f 2486//2749 2280//2749 2272//2749
f 2482//2750 2280//2750 2486//2750
f 2275//2751 2485//2751 2435//2751
f 2278//2752 2485//2752 2275//2752
f 2272//2753 2484//2753 2486//2753
f 2488//2754 2281//2754 2482//2754
f 2485//2755 2278//2756 2483//2757
f 2488//2758 2485//2758 2483//2758
f 2486//2759 2484//2759 2491//2759
f 2491//2760 2489//2760 2486//2760
f 2467//2761 2461//2761 2490//2761
f 2490//2762 2491//2762 2467//2762
f 2494//2763 2488//2763 2482//2763
f 2482//2764 2486//2764 2493//2764
f 2496//2765 2492//2765 2491//2765
f 2496//2766 2491//2766 2490//2766
f 2496//2767 2490//2767 2487//2767
f 2495//2768 2489//2768 2492//2768
f 2291//2769 2498//2769 2293//2769
f 2497//2770 2292//2770 2288//2770
f 2501//2771 2497//2771 2293//2771
f 2498//2772 2501//2772 2293//2772
f 2499//2773 2292//2773 2497//2773
f 2501//2774 2509//2774 2502//2775
f 2501//2776 2504//2776 2499//2776
f 2499//2777 2504//2778 2505//2779
f 2502//2780 2504//2781 2501//2782
f 2506//2783 2504//2781 2502//2780
f 2503//2784 2500//2784 2388//2784
f 2505//2779 2504//2778 2389//2785
f 2236//2786 2507//2786 2296//2786
f 2399//2787 2508//2787 2236//2787
f 2249//2788 2399//2788 2236//2788
f 2296//2789 2507//2789 2510//2789
f 2407//2790 2508//2790 2405//2790
f 2407//2791 2510//2791 2507//2791
f 2510//2792 2410//2792 2409//2792
f 2510//2793 2407//2793 2410//2793
f 2506//2794 2509//2794 2409//2794
f 2512//2795 2424//2795 2514//2795
f 2513//2796 2254//2797 2273//2798
f 2517//2799 2439//2799 2277//2799
f 2513//2796 2273//2798 2438//2800
f 2516//2801 2448//2802 2439//2803
f 2517//2804 2277//2804 2515//2804
f 2260//2805 2518//2805 2447//2805
f 2519//2806 2449//2806 2480//2806
f 2519//2807 2477//2807 2517//2807
f 2424//2808 2511//2808 2513//2808
f 2424//2809 2513//2809 2481//2809
f 2424//2810 2481//2810 2423//2810
f 2520//2811 2530//2811 2522//2811
f 2526//2812 2531//2812 2524//2812
f 2530//2813 2524//2814 2525//2815
f 2523//2816 2529//2817 2531//2818
f 2531//2819 2529//2819 2527//2819
f 2528//2820 2527//2820 2536//2820
f 2533//2821 2529//2821 2532//2821
f 2535//2822 2528//2822 2534//2822
f 2521//2823 2772//2823 2529//2823
f 2529//2824 2533//2824 2536//2824
f 2537//2825 2538//2825 2539//2825
f 2538//2826 2543//2826 2539//2826
f 2541//2827 2539//2827 2542//2827
f 2539//2828 2540//2828 2542//2828
f 2539//2829 2543//2829 2545//2829
f 2540//2830 2539//2831 2545//2832
f 2538//2833 2528//2833 2535//2833
f 2545//2834 2543//2834 2544//2834
f 2535//2835 2543//2835 2538//2835
f 2611//2836 2546//2836 2540//2836
f 2547//2837 2548//2838 2561//2839
f 2549//2840 2564//2841 2561//2842
f 2552//2843 2560//2843 2555//2843
f 2550//2844 2552//2845 2553//2846
f 2560//2847 2651//2847 2555//2847
f 2553//2848 2558//2848 2557//2848
f 2559//2849 2558//2849 2553//2849
f 2555//2850 2651//2850 2559//2850
f 2565//2851 2558//2852 2559//2853
f 2557//2854 2558//2855 2565//2856
f 2571//2857 2569//2857 2563//2857
f 2557//2854 2565//2856 2572//2858
f 2557//2859 2572//2859 2573//2859
f 2559//2860 2651//2860 2566//2860
f 2572//2861 2559//2861 2567//2861
f 2565//2851 2559//2853 2572//2862
f 2567//2863 2559//2863 2566//2863
f 2568//2864 2557//2864 2573//2864
f 2563//2865 2557//2865 2568//2865
f 2573//2866 2572//2867 2574//2868
f 2579//2869 2526//2869 2578//2869
f 2576//2870 2579//2870 2581//2870
f 2577//2871 2522//2872 2598//2873
f 2524//2874 2522//2875 2582//2876
f 2526//2877 2524//2877 2578//2877
f 2587//2878 2584//2878 2586//2878
f 2584//2879 2587//2879 2583//2879
f 2587//2880 2581//2881 2583//2882
f 2576//2883 2580//2884 2797//2885
f 2589//2886 2590//2887 2588//2888
f 2592//2889 2580//2889 2585//2889
f 2593//2890 2589//2890 2605//2890
f 2598//2873 2522//2872 2597//2891
f 2594//2892 2597//2892 2537//2892
f 2599//2893 2541//2893 2604//2893
f 2594//2894 2541//2894 2600//2894
f 2599//2895 2604//2895 2601//2895
f 2601//2896 2602//2896 2599//2896
f 2620//2897 2604//2897 2606//2897
f 2602//2898 2609//2898 2599//2898
f 2596//2899 2600//2899 2607//2899
f 2603//2900 2605//2900 2589//2900
f 2606//2901 2542//2901 2546//2901
f 2599//2902 2609//2902 2607//2902
f 2603//2903 2608//2903 2605//2903
f 2606//2904 2546//2904 2612//2904
f 2609//2905 2824//2905 2613//2905
f 2612//2906 2546//2906 2611//2906
f 2616//2907 2547//2907 2615//2907
f 2622//2908 2617//2909 2616//2910
f 2619//2911 2548//2838 2547//2837
f 2601//2912 2620//2912 2619//2912
f 2604//2913 2620//2913 2601//2913
f 2601//2914 2617//2914 2622//2914
f 2622//2908 2616//2910 2618//2915
f 2623//2916 2602//2916 2621//2916
f 2622//2917 2625//2917 2621//2917
f 2620//2918 2606//2918 2624//2918
f 2623//2919 2625//2919 2628//2919
f 2626//2920 2622//2908 2618//2915
f 2624//2921 2606//2921 2612//2921
f 2627//2922 2624//2922 2612//2922
f 2865//2923 2839//2923 2626//2923
f 2631//2924 2639//2924 2629//2924
f 2629//2925 2551//2925 2630//2925
f 2629//2926 2639//2926 2552//2926
f 2629//2927 2550//2927 2551//2927
f 2633//2928 2560//2928 2639//2928
f 2634//2929 2630//2930 2551//2931
f 2635//2932 2633//2932 2636//2932
f 2632//2933 2630//2933 2637//2933
f 2647//2934 2638//2935 2637//2936
f 2552//2937 2639//2937 2560//2937
f 2614//2938 2615//2938 2641//2938
f 2643//2939 2560//2939 2633//2939
f 2636//2940 2632//2940 2640//2940
f 2630//2930 2634//2929 2647//2941
f 2638//2942 2649//2942 2640//2942
f 2651//2943 2560//2943 2643//2943
f 2644//2944 2562//2944 2652//2944
f 2648//2945 2562//2945 2644//2945
f 2635//2946 2645//2946 2633//2946
f 2646//2947 2614//2948 2656//2949
f 2646//2950 2618//2950 2614//2950
f 2638//2951 2647//2951 2653//2951
f 2638//2952 2653//2953 2649//2954
f 2554//2955 2641//2955 2547//2955
f 2641//2956 2554//2957 2642//2958
f 2659//2959 2635//2959 2636//2959
f 2647//2960 2648//2960 2653//2960
f 2666//2961 2652//2961 2654//2961
f 2666//2962 2660//2962 2661//2962
f 2663//2963 2666//2963 2661//2963
f 2645//2964 2656//2964 2643//2964
f 2658//2965 2648//2965 2644//2965
f 2683//2966 2635//2966 2659//2966
f 2649//2954 2653//2953 2671//2967
f 2642//2958 2554//2957 2650//2968
f 2650//2969 2665//2969 2643//2969
f 2642//2970 2650//2970 2643//2970
f 2658//2971 2644//2971 2663//2971
f 2655//2972 2664//2972 2663//2972
f 2670//2973 2664//2973 2655//2973
f 2646//2947 2656//2949 2657//2974
f 2658//2975 2663//2975 2668//2975
f 2671//2976 2684//2976 2659//2976
f 2650//2977 2554//2977 2665//2977
f 2675//2978 2655//2978 2662//2978
f 2648//2979 2678//2979 2669//2979
f 2683//2980 2667//2980 2635//2980
f 2666//2981 2654//2981 2673//2981
f 2662//2982 2674//2982 2675//2982
f 2676//2983 2663//2983 2681//2983
f 2681//2984 2664//2984 2677//2984
f 2672//2985 2671//2985 2669//2985
f 2861//2986 2566//2986 2665//2986
f 2654//2987 2570//2987 2673//2987
f 2674//2988 2660//2988 2673//2988
f 2657//2989 2667//2989 2682//2989
f 2668//2990 2678//2991 2648//2992
f 2865//2993 2626//2993 2646//2993
f 2857//2994 2677//2994 2689//2994
f 2677//2995 2690//2995 2681//2995
f 2646//2996 2657//2996 2682//2996
f 2646//2997 2682//2997 2865//2997
f 2690//2998 2688//2998 2680//2998
f 2859//2999 2681//2999 2690//2999
f 2682//3000 2858//3000 2865//3000
f 2860//3001 2669//3001 2864//3001
f 2860//3002 2866//3002 2684//3002
f 2669//3003 2860//3003 2672//3003
f 2670//3004 2675//3004 2689//3004
f 2689//3005 2675//3005 2674//3005
f 2670//3006 2689//3006 2677//3006
f 2693//3007 2743//3007 2692//3007
f 2692//3008 2691//3008 2693//3008
f 2692//3009 2744//3009 2695//3009
f 2744//3010 2697//3010 2695//3010
f 2701//3011 2696//3011 2691//3011
f 2699//3012 2697//3012 2700//3012
f 2695//3013 2697//3013 2699//3013
f 2744//3014 2700//3014 2697//3014
f 2696//3015 2701//3015 2702//3015
f 2698//3016 2702//3016 2704//3016
f 2702//3017 2703//3017 2704//3017
f 2702//3018 2701//3018 2705//3018
f 2882//3019 2705//3019 2701//3019
f 2703//3020 2705//3020 2885//3020
f 2710//3021 2709//3021 2716//3021
f 2708//3022 2710//3022 2756//3022
f 2724//3023 2715//3023 2714//3023
f 2715//3024 2724//3024 2720//3024
f 2730//3025 2714//3025 2718//3025
f 2724//3026 2725//3026 2720//3026
f 2725//3027 2714//3027 2732//3027
f 2732//3028 2728//3028 2723//3028
f 2726//3029 2723//3029 2728//3029
f 2704//3030 2886//3031 2731//3032
f 2732//3033 2734//3033 2728//3033
f 2733//3034 2726//3034 2735//3034
f 2726//3035 2728//3035 2735//3035
f 2731//3036 2722//3036 2730//3036
f 2729//3037 2737//3037 2736//3037
f 2728//3038 2734//3039 2897//3040
f 2717//3041 2713//3041 2740//3041
f 2740//3042 2727//3042 2742//3042
f 2736//3043 2742//3043 2727//3043
f 2767//3044 2742//3044 2737//3044
f 2744//3045 2743//3045 2745//3045
f 2693//3046 2694//3046 2746//3046
f 2744//3047 2745//3047 2749//3047
f 2749//3048 2748//3048 2744//3048
f 2694//3049 2696//3049 2698//3049
f 2748//3050 2890//3050 2744//3050
f 2745//3051 2747//3051 2749//3051
f 2751//3052 2749//3053 2747//3054
f 2752//3055 2748//3055 2751//3055
f 2752//3056 2890//3056 2748//3056
f 2747//3054 2905//3057 2751//3052
f 2906//3058 2752//3058 2751//3058
f 2754//3059 2905//3059 2747//3059
f 2890//3060 2888//3060 2744//3060
f 2712//3061 2720//3061 2759//3061
f 2757//3062 2761//3062 2756//3062
f 2721//3063 2712//3063 2759//3063
f 2759//3064 2720//3064 2762//3064
f 2760//3065 2762//3065 2720//3065
f 2758//3066 2764//3066 2757//3066
f 2761//3067 2768//3067 2760//3067
f 2761//3068 2766//3068 2768//3068
f 2766//3069 2761//3069 2757//3069
f 2914//3070 2757//3070 2764//3070
f 2898//3071 2753//3071 2763//3071
f 2759//3072 2762//3072 2765//3072
f 2768//3073 2765//3073 2762//3073
f 2770//3074 2738//3074 2721//3074
f 2769//3075 2765//3075 2768//3075
f 2767//3076 2764//3076 2741//3076
f 2773//3077 2771//3077 2536//3077
f 2533//3078 2532//3078 2772//3078
f 2771//3079 2774//3080 2536//3081
f 2802//3082 2774//3080 2771//3079
f 2775//3083 2772//3083 2800//3083
f 2775//3084 2804//3084 2772//3084
f 2776//3085 2774//3086 2802//3087
f 2773//3088 2772//3089 2804//3090
f 2773//3091 2804//3091 2802//3091
f 2778//3092 2811//3093 2919//3094
f 2919//3094 2811//3093 2781//3095
f 2783//3096 2916//3096 2781//3096
f 2813//3097 2784//3097 2777//3097
f 2787//3098 2785//3099 2786//3100
f 2785//3101 2774//3101 2832//3101
f 2832//3102 2786//3102 2785//3102
f 2832//3103 2788//3103 2786//3103
f 2679//3104 2554//3105 2575//3106
f 2789//3107 2790//3107 2567//3107
f 2573//3108 2791//3108 2794//3108
f 2792//3109 2789//3109 2566//3109
f 2574//3110 2567//3110 2791//3110
f 2567//3111 2790//3111 2791//3111
f 2793//3112 2791//3113 2790//3114
f 2798//3115 2591//3115 2795//3115
f 2798//3116 2797//3116 2591//3116
f 2593//3117 2795//3118 2796//3119
f 2828//3120 2801//3120 2825//3120
f 2593//3121 2801//3121 2795//3121
f 2808//3122 2799//3123 2795//3124
f 2801//3125 2808//3125 2795//3125
f 2803//3126 2804//3126 2809//3126
f 2805//3127 2808//3127 2828//3127
f 2776//3085 2802//3087 2805//3128
f 2804//3129 2775//3130 2807//3131
f 2803//3132 2805//3132 2802//3132
f 2808//3133 2805//3133 2803//3133
f 2804//3129 2807//3131 2809//3134
f 2812//3135 2778//3135 2815//3135
f 2782//3136 2811//3136 2810//3136
f 2812//3137 2811//3137 2778//3137
f 2812//3138 2816//3138 2811//3138
f 2814//3139 2816//3139 2812//3139
f 2818//3140 2813//3141 2810//3142
f 2810//3143 2811//3143 2816//3143
f 2810//3144 2816//3144 2817//3144
f 2814//3145 2817//3145 2816//3145
f 2810//3146 2817//3146 2819//3146
f 2812//3147 2815//3147 2820//3147
f 2819//3148 2817//3148 2955//3148
f 2819//3149 2784//3150 2813//3151
f 2824//3152 2628//3152 2612//3152
f 2609//3153 2628//3153 2824//3153
f 2608//3154 2613//3154 2823//3154
f 2610//3155 2822//3155 2825//3155
f 2833//3156 2823//3156 2611//3156
f 2825//3157 2822//3157 2831//3157
f 2611//3158 2788//3159 2829//3160
f 2833//3161 2830//3161 2827//3161
f 2822//3162 2826//3162 2831//3162
f 2833//3163 2831//3163 2826//3163
f 2826//3164 2608//3164 2833//3164
f 2833//3165 2829//3165 2788//3165
f 2830//3166 2805//3166 2828//3166
f 2830//3167 2832//3167 2805//3167
f 2815//3168 2779//3168 2834//3168
f 2815//3169 2834//3169 2835//3169
f 2837//3170 2836//3170 2936//3170
f 2835//3171 2836//3171 2978//3171
f 2626//3172 2838//3172 2625//3172
f 2840//3173 2564//2841 2549//2840
f 2842//3174 2549//3175 2838//3176
f 2858//3177 2842//3177 2839//3177
f 2854//3178 2843//3178 2849//3178
f 2844//3179 2845//3179 2852//3179
f 2945//3180 3004//3180 2843//3180
f 2843//3181 3004//3181 2847//3181
f 2848//3182 2846//3182 3004//3182
f 2853//3183 2845//3183 2844//3183
f 2843//3184 2854//3184 2855//3184
f 3009//3185 2843//3185 2855//3185
f 2568//3186 2794//3186 2863//3186
f 2687//3187 2686//3187 2863//3187
f 2856//3188 2858//3188 2682//3188
f 2864//3189 2678//3189 2862//3189
f 2867//3190 2682//3190 2683//3190
f 2860//3191 2864//3191 2866//3191
f 2841//3192 2856//3192 2679//3192
f 2861//3193 2679//3193 2856//3193
f 2863//3194 2794//3194 2862//3194
f 2867//3195 2861//3195 2856//3195
f 2862//3196 2687//3196 2863//3196
f 2859//3197 2690//3197 2862//3197
f 2683//3198 2685//3198 2867//3198
f 2685//3199 2872//3199 2867//3199
f 2566//3200 2869//3200 2792//3200
f 2862//3201 2794//3202 2868//3203
f 2869//3204 2861//3204 2867//3204
f 2864//3205 2875//3205 2871//3205
f 2685//3206 2866//3206 2877//3206
f 2866//3207 2864//3207 2877//3207
f 2874//3208 2793//3208 2869//3208
f 2875//3209 2868//3209 2794//3209
f 2876//3210 2873//3210 2793//3210
f 2876//3211 2793//3211 2874//3211
f 2875//3212 2873//3213 2878//3214
f 2882//3215 2885//3215 2705//3215
f 2703//3216 2885//3216 2883//3216
f 2882//3217 2707//3217 2887//3217
f 2887//3218 2707//3218 2884//3218
f 2882//3219 2887//3219 2885//3219
f 2884//3220 2706//3220 2888//3220
f 2907//3221 2885//3221 2887//3221
f 2883//3222 2885//3222 2907//3222
f 2889//3223 2887//3223 2884//3223
f 2907//3224 2887//3224 2889//3224
f 2908//3225 2889//3225 2891//3225
f 2894//3226 2893//3226 2892//3226
f 2893//3227 3094//3227 2892//3227
f 2894//3228 3088//3228 3087//3228
f 2735//3229 2728//3229 2896//3229
f 2897//3230 2896//3231 2728//3232
f 2729//3233 2896//3233 2899//3233
f 2900//3234 2734//3234 2739//3234
f 2769//3235 2739//3235 2913//3235
f 2769//3236 2900//3236 2739//3236
f 2897//3230 2900//3237 2896//3231
f 2731//3238 2901//3238 2895//3238
f 2739//3239 2895//3239 2901//3239
f 2903//3240 2902//3240 2896//3240
f 2734//3039 2900//3241 2897//3040
f 2904//3242 2755//3242 2883//3242
f 2908//3243 2906//3243 2905//3243
f 2890//3244 2752//3244 2906//3244
f 2905//3245 2906//3245 2751//3245
f 2904//3246 2883//3246 2907//3246
f 2906//3247 2908//3247 2890//3247
f 2908//3248 2891//3248 2890//3248
f 2893//3249 2909//3249 2910//3249
f 2901//3250 2738//3250 2770//3250
f 2901//3251 2770//3251 2913//3251
f 2902//3252 2903//3252 2914//3252
f 2912//3253 2903//3253 2900//3253
f 2902//3254 2767//3254 2737//3254
f 2921//3255 2916//3255 2783//3255
f 2919//3094 2781//3095 2916//3256
f 2915//3257 2777//3257 2784//3257
f 2920//3258 2783//3258 2777//3258
f 2924//3259 2919//3260 2923//3261
f 2919//3262 2922//3262 2923//3262
f 2919//3260 2924//3259 2917//3263
f 2916//3264 2921//3264 2925//3264
f 2926//3265 2920//3265 2915//3265
f 2921//3266 2783//3266 2920//3266
f 2927//3267 2925//3267 2921//3267
f 2930//3268 2923//3268 2928//3268
f 2927//3269 2928//3269 2925//3269
f 2931//3270 2928//3271 2927//3272
f 2932//3273 2926//3273 2957//3273
f 2934//3274 2927//3274 2929//3274
f 2927//3275 2934//3275 2970//3275
f 2931//3270 2927//3272 2933//3276
f 2937//3277 2936//3277 2935//3277
f 2918//3278 2917//3278 2935//3278
f 2936//3279 2937//3279 2986//3279
f 2938//3280 2937//3280 2935//3280
f 2938//3281 2930//3281 3000//3281
f 2981//3282 2952//3282 2945//3282
f 2948//3283 2945//3283 2952//3283
f 2944//3284 2943//3284 3055//3284
f 3005//3285 2948//3285 2949//3285
f 2944//3286 3055//3286 3056//3286
f 2944//3287 3056//3287 3083//3287
f 2942//3288 2944//3288 2954//3288
f 2954//3289 2944//3289 3083//3289
f 2820//3290 2984//3290 2959//3290
f 2819//3149 2956//3291 2784//3150
f 2821//3292 2955//3292 2814//3292
f 2962//3293 2784//3293 2956//3293
f 2819//3294 2960//3294 2956//3294
f 2957//3295 2915//3295 2784//3295
f 2960//3296 2958//3296 2956//3296
f 2958//3297 2962//3297 2956//3297
f 2955//3298 2960//3298 2819//3298
f 2959//3299 2963//3299 2961//3299
f 2958//3300 2974//3300 2962//3300
f 2974//3301 2958//3301 2960//3301
f 2964//3302 2963//3302 2969//3302
f 2974//3303 2965//3303 2962//3303
f 2966//3304 2971//3304 2969//3304
f 2974//3305 2968//3306 2967//3307
f 2965//3308 2974//3308 2972//3308
f 2927//3309 2970//3309 2933//3309
f 2939//3310 2933//3310 2971//3310
f 2934//3311 2932//3311 2972//3311
f 2972//3312 2932//3312 2957//3312
f 2967//3313 2975//3314 2973//3315
f 2967//3313 2968//3316 2975//3314
f 2975//3317 2971//3317 2933//3317
f 2975//3318 2970//3318 2973//3318
f 2977//3319 2837//3319 2979//3319
f 2820//3320 2815//3320 2984//3320
f 2936//3321 2986//3321 2979//3321
f 3014//3322 2985//3322 2981//3322
f 2982//3323 2979//3323 2985//3323
f 2977//3324 2980//3324 2978//3324
f 2978//3325 2980//3325 2984//3325
f 2985//3326 2986//3326 2981//3326
f 2990//3327 2984//3327 2980//3327
f 2982//3328 3016//3328 2989//3328
f 2981//3329 2986//3329 2991//3329
f 2987//3330 2938//3330 2993//3330
f 2996//3331 2988//3331 2987//3331
f 2997//3332 2989//3332 2992//3332
f 2966//3333 2963//3333 2990//3333
f 2980//3334 2983//3334 2994//3334
f 2959//3335 2990//3335 2963//3335
f 2998//3336 2996//3336 2997//3336
f 2997//3337 2999//3337 2983//3337
f 2995//3338 2996//3338 2993//3338
f 2997//3339 2996//3339 2995//3339
f 2997//3340 2995//3340 2999//3340
f 2993//3341 2940//3341 2995//3341
f 3003//3342 2995//3342 2940//3342
f 3002//3343 3001//3343 2966//3343
f 2966//3344 3001//3344 2971//3344
f 2994//3345 3002//3345 2966//3345
f 3000//3346 3003//3346 2940//3346
f 3002//3347 3003//3347 3001//3347
f 3004//3348 2945//3348 2948//3348
f 3004//3349 2948//3349 3005//3349
f 2941//3350 2942//3350 3006//3350
f 2850//3351 2851//3351 3067//3351
f 2853//3352 3008//3352 3024//3352
f 3012//3353 2844//3353 2852//3353
f 3020//3354 3010//3354 2855//3354
f 2855//3355 2854//3355 3020//3355
f 2947//3356 2943//3357 3023//3358
f 3013//3359 3022//3360 3011//3361
f 3013//3359 3011//3361 3007//3362
f 3005//3363 3022//3364 3015//3365
f 3007//3366 3015//3366 3013//3366
f 3018//3367 3015//3367 3007//3367
f 3016//3368 2982//3368 3014//3368
f 3019//3369 3018//3369 3012//3369
f 2849//3370 3017//3370 3020//3370
f 2849//3371 3015//3371 3017//3371
f 3026//3372 2852//3372 2845//3372
f 3020//3373 3009//3373 3010//3373
f 2951//3374 3011//3374 2950//3374
f 3017//3375 3015//3375 3025//3375
f 3019//3376 2852//3376 3026//3376
f 3022//3377 3005//3377 2950//3377
f 3025//3378 3029//3378 3017//3378
f 3027//3379 3029//3379 3025//3379
f 3017//3380 3032//3380 3020//3380
f 3030//3381 3026//3381 2845//3381
f 3035//3382 3009//3382 3020//3382
f 3036//3383 3035//3384 3020//3385
f 3021//3386 3030//3386 2845//3386
f 3032//3387 3017//3387 3029//3387
f 3037//3388 3055//3388 2951//3388
f 3042//3389 3027//3389 3034//3389
f 3043//3390 3042//3390 3034//3390
f 3027//3391 3033//3392 3029//3393
f 3030//3394 3082//3395 3038//3396
f 3038//3397 3043//3397 3030//3397
f 3047//3398 3055//3398 3037//3398
f 3041//3399 2991//3399 2988//3399
f 2992//3400 3052//3400 2998//3400
f 3032//3401 3048//3402 3051//3403
f 3052//3404 2992//3405 3035//3406
f 3083//3407 3056//3407 3085//3407
f 3042//3408 3046//3408 3040//3408
f 3046//3409 3085//3409 3040//3409
f 3041//3410 2988//3410 2996//3410
f 3042//3411 3040//3411 3047//3411
f 3052//3412 3061//3412 2998//3412
f 3033//3413 3049//3413 3048//3413
f 3053//3414 3042//3414 3043//3414
f 3052//3415 3036//3415 3032//3415
f 3059//3416 2953//3416 3039//3416
f 2953//3417 3059//3417 3054//3417
f 3055//3418 3085//3418 3056//3418
f 3049//3419 3042//3419 3047//3419
f 3031//3420 3050//3420 3062//3420
f 3048//3421 3044//3421 3051//3421
f 3058//3422 3062//3422 3053//3422
f 3052//3423 3051//3423 3064//3423
f 3052//3424 3064//3424 3061//3424
f 3044//3425 3054//3425 3060//3425
f 3063//3426 3044//3426 3060//3426
f 3063//3427 3060//3427 3064//3427
f 3064//3428 3060//3428 3061//3428
f 3006//3429 2942//3430 3065//3431
f 2845//3432 2853//3432 3021//3432
f 3065//3433 2851//3433 3006//3433
f 3065//3434 3071//3434 3066//3434
f 3066//3435 3079//3435 3068//3435
f 3066//3436 2851//3436 3065//3436
f 3067//3437 2851//3437 3075//3437
f 2942//3438 2954//3438 3069//3438
f 3072//3439 3070//3439 3069//3439
f 3070//3440 3072//3440 3079//3440
f 3028//3441 3024//3441 3067//3441
f 3078//3442 3028//3442 3067//3442
f 3068//3443 3076//3443 2851//3443
f 3082//3395 3030//3394 3021//3444
f 3073//3445 3074//3445 3072//3445
f 3074//3446 3073//3446 3077//3446
f 3072//3447 3074//3447 3080//3447
f 3078//3448 3031//3448 3028//3448
f 3076//3449 3081//3449 3075//3449
f 3074//3450 3077//3450 3084//3450
f 3081//3451 3079//3451 3080//3451
f 3075//3452 3081//3452 3080//3452
f 3078//3453 3084//3453 3057//3453
f 3086//3454 3089//3454 3090//3454
f 2892//3455 3086//3455 3090//3455
f 3094//3456 3086//3456 2892//3456
f 3155//3457 3094//3457 2893//3457
f 3090//3458 3092//3458 2894//3458
f 2894//3459 3092//3459 3088//3459
f 3089//3460 3086//3460 3091//3460
f 3088//3461 3093//3461 3087//3461
f 3093//3462 3088//3462 3095//3462
f 3089//3463 3105//3463 3096//3463
f 3155//3464 3101//3464 3094//3464
f 3099//3465 3095//3465 3098//3465
f 3100//3466 3099//3466 3135//3466
f 3102//3467 3098//3467 3106//3467
f 3105//3468 3101//3468 3104//3468
f 3102//3469 3106//3469 3107//3469
f 3103//3470 3102//3470 3107//3470
f 3108//3471 3109//3471 3106//3471
f 3110//3472 3106//3472 3104//3472
f 3110//3473 3104//3473 3164//3473
f 3108//3474 3106//3474 3110//3474
f 3111//3475 3120//3475 3115//3475
f 3114//3476 3119//3476 3118//3476
f 3115//3477 3117//3477 3113//3477
f 3124//3478 3119//3478 3114//3478
f 3120//3479 3117//3479 3115//3479
f 3115//3480 3113//3480 3116//3480
f 3148//3481 3116//3481 3113//3481
f 3112//3482 3117//3482 3120//3482
f 3166//3483 3114//3483 3118//3483
f 3118//3484 3122//3484 3121//3484
f 3126//3485 3112//3485 3127//3485
f 3126//3486 3117//3486 3112//3486
f 3125//3487 3156//3487 3097//3487
f 3125//3488 3097//3488 3124//3488
f 3118//3489 3119//3489 3129//3489
f 3127//3490 3122//3490 3130//3490
f 3113//3491 3117//3491 3123//3491
f 3124//3492 3132//3492 3119//3492
f 3132//3493 3124//3493 3097//3493
f 3131//3494 3119//3494 3132//3494
f 3129//3495 3130//3495 3118//3495
f 3130//3496 3129//3496 3133//3496
f 3136//3497 3131//3497 3132//3497
f 3132//3498 3100//3498 3136//3498
f 3136//3499 3100//3499 3135//3499
f 3129//3500 3131//3500 3139//3500
f 3137//3501 3135//3501 3141//3501
f 3151//3502 3123//3502 3142//3502
f 3143//3503 3134//3503 3140//3503
f 3128//3504 3143//3504 3144//3504
f 3145//3505 3151//3505 3142//3505
f 3138//3506 3143//3506 3140//3506
f 3146//3507 3179//3507 3139//3507
f 3150//3508 3148//3508 3149//3508
f 3113//3509 3123//3509 3149//3509
f 3149//3510 3123//3510 3151//3510
f 3150//3511 3149//3511 3151//3511
f 3154//3512 3153//3512 2910//3512
f 3152//3513 3087//3513 3156//3513
f 3158//3514 3161//3514 3153//3514
f 3159//3515 3160//3515 3157//3515
f 3175//3516 3160//3516 3159//3516
f 3103//3517 3160//3517 3175//3517
f 3161//3518 3163//3518 3162//3518
f 3160//3519 3163//3519 3158//3519
f 3160//3520 3109//3520 3163//3520
f 3109//3521 3160//3521 3107//3521
f 3164//3522 3155//3522 3162//3522
f 3155//3523 3164//3524 3104//3525
f 3114//3526 3125//3526 3124//3526
f 3166//3527 3172//3527 3114//3527
f 3168//3528 3111//3528 3167//3528
f 3167//3529 3115//3529 3116//3529
f 3171//3530 3168//3530 3167//3530
f 3173//3531 3167//3531 3116//3531
f 3175//3532 3156//3532 3125//3532
f 3166//3533 3174//3533 3176//3533
f 3173//3534 3171//3534 3167//3534
f 3168//3535 3173//3535 3170//3535
f 3177//3536 3180//3537 3125//3538
f 3178//3539 3173//3539 3169//3539
f 3173//3540 3178//3540 3181//3540
f 3138//3541 3179//3541 3174//3541
f 3183//3542 3176//3542 3179//3542
f 3181//3543 3178//3543 3184//3543
f 3141//3544 3175//3544 3180//3544
f 3169//3545 3184//3546 3178//3547
f 3141//3548 3135//3548 3103//3548
f 3184//3549 3185//3550 3187//3551
f 3183//3552 3146//3552 3141//3552
f 3182//3553 3186//3554 3138//3555
f 3184//3556 3187//3556 3186//3556
f 3187//3557 3147//3557 3144//3557
f 3188//3558 3148//3558 3150//3558
f 3190//3559 3191//3559 3192//3559
f 3194//3560 3190//3560 3196//3560
f 3192//3561 3198//3561 3201//3561
f 3197//3562 3199//3563 3193//3564
f 3200//3565 3193//3565 3199//3565
f 3198//3566 3202//3566 3201//3566
f 3196//3567 3201//3567 3303//3567
f 3203//3568 3226//3569 3204//3570
f 3204//3571 3226//3572 3205//3573
f 3204//3570 3207//3574 3203//3568
f 3207//3575 3204//3571 3205//3573
f 3231//3576 3206//3576 3317//3576
f 3241//3577 3315//3577 3329//3577
f 3190//3578 3209//3578 3208//3578
f 3190//3579 3208//3579 3191//3579
f 3211//3580 3191//3580 3212//3580
f 3209//3581 3228//3581 3214//3581
f 3212//3582 3208//3582 3214//3582
f 3193//3583 3189//3583 3211//3583
f 3212//3584 3191//3584 3208//3584
f 3210//3585 3211//3585 3212//3585
f 3228//3586 3209//3586 3190//3586
f 3236//3587 3214//3587 3228//3587
f 3215//3588 3216//3588 3197//3588
f 3218//3589 3216//3589 3215//3589
f 3217//3590 3221//3591 3210//3592
f 3222//3593 3210//3593 3221//3593
f 3224//3594 3228//3594 3227//3594
f 3224//3595 3203//3595 3225//3595
f 3190//3596 3194//3596 3228//3596
f 3229//3597 3236//3598 3224//3599
f 3231//3600 3315//3600 3232//3600
f 3232//3601 3234//3601 3231//3601
f 3234//3602 3230//3602 3231//3602
f 3230//3603 3203//3603 3235//3603
f 3239//3604 3238//3604 3240//3604
f 3229//3605 3225//3605 3238//3605
f 3233//3606 3240//3606 3234//3606
f 3229//3607 3238//3607 3350//3607
f 3232//3608 3315//3608 3241//3608
f 3242//3609 3245//3609 3241//3609
f 3242//3610 3241//3610 3329//3610
f 3247//3611 3243//3611 3242//3611
f 3248//3612 3247//3612 3242//3612
f 3374//3613 3371//3613 3243//3613
f 3387//3614 3377//3614 3247//3614
f 3375//3615 3246//3615 3247//3615
f 3244//3616 3386//3616 3248//3616
f 3387//3617 3247//3617 3248//3617
f 3164//3618 3108//3618 3110//3618
f 3250//3619 3253//3619 3255//3619
f 3249//3620 3253//3621 3250//3622
f 3285//3623 3252//3623 3253//3623
f 3285//3624 3253//3621 3249//3620
f 3287//3625 3250//3625 3254//3625
f 3289//3626 3253//3626 3252//3626
f 3255//3627 3263//3627 3251//3627
f 3254//3628 3257//3629 3258//3630
f 3269//3631 3268//3631 3265//3631
f 3270//3632 3272//3632 3268//3632
f 3269//3633 3275//3633 3270//3633
f 3267//3634 3266//3634 3278//3634
f 3274//3635 3281//3635 3271//3635
f 3274//3636 3270//3636 3275//3636
f 3262//3637 3258//3638 3276//3639
f 3297//3640 3274//3640 3275//3640
f 3272//3641 3282//3641 3268//3641
f 3268//3642 3403//3642 3280//3642
f 3278//3643 3266//3643 3407//3643
f 3273//3644 3267//3644 3278//3644
f 3297//3645 3273//3645 3279//3645
f 3279//3646 3274//3646 3297//3646
f 3266//3647 3261//3647 3407//3647
f 3261//3648 3404//3648 3407//3648
f 3405//3649 3283//3649 3278//3649
f 3257//3650 3389//3651 3261//3652
f 3261//3653 3389//3653 3404//3653
f 3279//3654 3273//3654 3278//3654
f 3373//3655 3243//3655 3246//3655
f 3375//3656 3373//3656 3246//3656
f 3291//3657 3249//3657 3287//3657
f 3291//3658 3287//3658 3256//3658
f 3249//3659 3291//3659 3288//3659
f 3286//3660 3288//3660 3252//3660
f 3252//3661 3285//3661 3286//3661
f 3289//3662 3252//3662 3431//3662
f 3431//3663 3252//3663 3288//3663
f 3256//3664 3429//3664 3291//3664
f 3297//3665 3275//3665 3269//3665
f 3265//3666 3302//3666 3296//3666
f 3294//3667 3265//3667 3300//3667
f 3262//3637 3276//3639 3277//3668
f 3299//3669 3262//3669 3277//3669
f 3301//3670 3299//3670 3297//3670
f 3298//3671 3300//3671 3296//3671
f 3265//3672 3284//3672 3302//3672
f 3305//3673 3198//3673 3200//3673
f 3200//3674 3304//3674 3309//3674
f 3307//3675 3303//3675 3202//3675
f 3304//3676 3306//3677 3309//3678
f 3308//3679 3200//3679 3309//3679
f 3307//3680 3312//3680 3341//3680
f 3313//3681 3310//3681 3309//3681
f 3306//3677 3313//3682 3309//3678
f 3312//3683 3307//3683 3314//3683
f 3203//3684 3207//3684 3316//3684
f 3317//3685 3316//3685 3318//3685
f 3317//3686 3318//3686 3321//3686
f 3320//3687 3316//3687 3207//3687
f 3320//3688 3325//3688 3318//3688
f 3325//3689 3321//3689 3318//3689
f 3320//3690 3207//3690 3323//3690
f 3322//3691 3320//3692 3326//3693
f 3325//3694 3320//3694 3322//3694
f 3319//3695 3307//3695 3341//3695
f 3326//3696 3327//3697 3328//3698
f 3329//3699 3315//3700 3330//3701
f 3315//3702 3332//3703 3330//3704
f 3330//3704 3332//3703 3331//3705
f 3321//3706 3315//3706 3317//3706
f 3335//3707 3332//3707 3334//3707
f 3335//3708 3333//3708 3332//3708
f 3325//3709 3334//3709 3321//3709
f 3222//3710 3221//3710 3337//3710
f 3342//3711 3223//3711 3349//3711
f 3349//3712 3358//3712 3342//3712
f 3339//3713 3337//3713 3340//3713
f 3336//3714 3340//3714 3337//3714
f 3339//3715 3338//3715 3219//3715
f 3340//3716 3345//3716 3338//3716
f 3367//3717 3344//3717 3342//3717
f 3197//3718 3346//3718 3313//3718
f 3341//3719 3312//3719 3367//3719
f 3346//3720 3197//3720 3216//3720
f 3367//3721 3348//3721 3344//3721
f 3345//3722 3347//3722 3216//3722
f 3347//3723 3313//3723 3346//3723
f 3348//3724 3314//3724 3310//3724
f 3350//3725 3353//3725 3229//3725
f 3351//3726 3350//3726 3239//3726
f 3360//3727 3356//3727 3352//3727
f 3357//3728 3353//3729 3351//3730
f 3239//3731 3354//3731 3351//3731
f 3358//3732 3349//3732 3355//3732
f 3354//3733 3364//3733 3357//3733
f 3362//3734 3363//3734 3364//3734
f 3364//3735 3354//3735 3362//3735
f 3358//3736 3366//3736 3342//3736
f 3370//3737 3358//3737 3355//3737
f 3363//3738 3359//3738 3326//3738
f 3363//3739 3326//3739 3365//3739
f 3362//3740 3361//3740 3359//3740
f 3370//3741 3368//3741 3366//3741
f 3370//3742 3365//3742 3369//3742
f 3341//3743 3368//3743 3328//3743
f 3369//3744 3328//3744 3368//3744
f 3341//3745 3367//3745 3368//3745
f 3369//3746 3368//3746 3370//3746
f 3244//3747 3331//3747 3333//3747
f 3376//3748 3374//3748 3372//3748
f 3382//3749 3352//3749 3371//3749
f 3380//3750 3375//3751 3377//3752
f 3382//3753 3371//3753 3374//3753
f 3376//3754 3378//3754 3383//3754
f 3382//3755 3324//3755 3360//3755
f 3379//3756 3378//3756 3381//3756
f 3385//3757 3324//3757 3382//3757
f 3335//3758 3334//3758 3385//3758
f 3379//3759 3384//3759 3378//3759
f 3377//3760 3248//3760 3386//3760
f 3388//3761 3335//3761 3384//3761
f 3404//3762 3389//3762 3259//3762
f 3390//3763 3251//3764 3263//3765
f 3264//3766 3390//3766 3391//3766
f 3392//3767 3264//3767 3391//3767
f 3404//3768 3259//3768 3393//3768
f 3396//3769 3253//3770 3399//3771
f 3404//3772 3393//3772 3408//3772
f 3396//3773 3390//3773 3263//3773
f 3391//3774 3390//3774 3396//3774
f 3393//3775 3392//3775 3395//3775
f 3394//3776 3395//3776 3391//3776
f 3392//3777 3391//3777 3395//3777
f 3399//3778 3398//3778 3396//3778
f 3433//3779 3395//3779 3394//3779
f 3400//3780 3398//3780 3399//3780
f 3400//3781 3394//3781 3398//3781
f 3401//3782 3400//3782 3399//3782
f 3280//3783 3403//3783 3409//3783
f 3405//3784 3278//3784 3406//3784
f 3409//3785 3403//3785 3282//3785
f 3409//3786 3282//3786 3402//3786
f 3404//3787 3408//3787 3407//3787
f 3414//3788 3407//3788 3408//3788
f 3414//3789 3408//3789 3421//3789
f 3420//3790 3402//3790 3405//3790
f 3416//3791 3411//3791 3441//3791
f 3416//3792 3439//3792 3411//3792
f 3420//3793 3410//3793 3439//3793
f 3409//3794 3418//3794 3419//3794
f 3406//3795 3414//3795 3422//3795
f 3420//3796 3418//3796 3402//3796
f 3421//3797 3432//3797 3415//3797
f 3415//3798 3414//3798 3421//3798
f 3422//3799 3414//3799 3415//3799
f 3411//3800 3406//3800 3422//3800
f 3441//3801 3411//3801 3422//3801
f 3441//3802 3422//3802 3424//3802
f 3413//3803 3419//3804 3444//3805
f 3302//3806 3284//3806 3426//3806
f 3428//3807 3372//3807 3373//3807
f 3412//3808 3284//3808 3280//3808
f 3381//3809 3428//3809 3375//3809
f 3429//3810 3292//3810 3430//3810
f 3292//3811 3290//3811 3432//3811
f 3432//3812 3430//3812 3292//3812
f 3293//3813 3431//3813 3288//3813
f 3433//3814 3432//3814 3421//3814
f 3289//3815 3397//3815 3399//3815
f 3436//3816 3435//3816 3430//3816
f 3397//3817 3435//3817 3436//3817
f 3436//3818 3400//3818 3401//3818
f 3440//3819 3262//3819 3299//3819
f 3298//3820 3437//3820 3438//3820
f 3299//3821 3439//3821 3441//3821
f 3417//3822 3298//3822 3438//3823
f 3438//3824 3437//3824 3443//3824
f 3415//3825 3432//3825 3440//3825
f 3417//3826 3420//3826 3439//3826
f 3417//3827 3438//3827 3423//3827
f 3443//3828 3444//3828 3425//3828
f 3445//3829 3427//3829 3444//3829
f 3445//3830 3426//3830 3427//3830
f 3442//3831 3296//3831 3445//3831
f 3516//3832 3448//3832 3452//3832
f 3451//3833 3449//3833 3448//3833
f 3452//3834 3448//3834 3449//3834
f 3452//3835 3449//3835 3453//3835
f 3449//3836 3456//3836 3453//3836
f 3446//3837 3459//3837 3451//3837
f 3453//3838 3455//3839 3458//3840
f 3449//3841 3459//3841 3456//3841
f 3447//3842 3454//3843 3450//3844
f 3462//3845 3454//3846 3447//3847
f 3462//3845 3464//3848 3454//3846
f 3461//3849 3456//3849 3457//3849
f 3466//3850 3458//3850 3460//3850
f 3457//3851 3465//3851 3461//3851
f 3466//3852 3463//3853 3697//3854
f 3468//3855 3499//3855 3470//3855
f 3473//3856 3468//3856 3471//3856
f 3499//3857 3468//3857 3473//3857
f 3471//3858 3458//3858 3466//3858
f 3507//3859 3472//3859 3473//3859
f 3473//3860 3474//3860 3476//3860
f 3488//3861 3477//3861 3478//3861
f 3544//3862 3486//3862 3480//3862
f 3478//3863 3481//3863 3487//3863
f 3488//3864 3478//3864 3487//3864
f 3496//3865 3486//3865 3479//3865
f 3480//3866 3486//3866 3497//3866
f 3483//3867 3484//3868 3481//3869
f 3488//3870 3487//3870 3490//3870
f 3498//3871 3489//3872 3485//3873
f 3490//3874 3487//3874 3485//3874
f 3490//3875 3485//3875 3489//3875
f 3498//3876 3483//3876 3491//3876
f 3492//3877 3490//3877 3489//3877
f 3500//3878 3491//3878 3497//3878
f 3498//3879 3501//3879 3494//3879
f 3497//3880 3495//3880 3500//3880
f 3491//3881 3500//3882 3501//3883
f 3503//3884 3500//3884 3505//3884
f 3500//3885 3504//3886 3505//3887
f 3476//3888 3507//3888 3473//3888
f 3502//3889 3506//3889 3501//3889
f 3505//3890 3720//3890 3503//3890
f 3577//3891 3712//3891 3715//3891
f 3493//3892 3489//3892 3494//3892
f 3493//3893 3494//3893 3577//3893
f 3510//3894 3448//3894 3516//3894
f 3512//3895 3510//3895 3516//3895
f 3447//3896 3508//3896 3511//3896
f 3508//3897 3447//3897 3446//3897
f 3446//3898 3451//3898 3508//3898
f 3452//3899 3536//3900 3533//3901
f 3533//3902 3516//3902 3452//3902
f 3512//3903 3519//3903 3509//3903
f 3519//3904 3511//3904 3509//3904
f 3519//3905 3512//3905 3513//3905
f 3513//3906 3512//3907 3515//3908
f 3447//3909 3514//3909 3517//3909
f 3519//3910 3518//3910 3511//3910
f 3518//3911 3519//3911 3522//3911
f 3522//3912 3519//3912 3513//3912
f 3515//3913 3615//3913 3520//3913
f 3724//3914 3517//3915 3521//3916
f 3615//3917 3526//3917 3520//3917
f 3517//3918 3462//3918 3447//3918
f 3612//3919 3521//3920 3518//3921
f 3526//3922 3518//3922 3522//3922
f 3462//3923 3517//3923 3724//3923
f 3724//3924 3729//3925 3462//3926
f 3529//3927 3724//3927 3612//3927
f 3531//3928 3529//3928 3528//3928
f 3533//3929 3467//3930 3532//3931
f 3536//3900 3452//3899 3469//3932
f 3532//3931 3467//3930 3470//3933
f 3535//3934 3532//3934 3470//3934
f 3533//3935 3534//3935 3515//3935
f 3538//3936 3515//3936 3537//3936
f 3538//3937 3537//3937 3540//3937
f 3542//3938 3735//3938 3540//3938
f 3538//3939 3540//3939 3541//3939
f 3545//3940 3480//3940 3478//3940
f 3545//3941 3478//3941 3477//3941
f 3544//3942 3545//3942 3552//3942
f 3543//3943 3545//3943 3477//3943
f 3479//3944 3552//3944 3546//3944
f 3552//3945 3545//3945 3548//3945
f 3551//3946 3553//3947 3549//3948
f 3551//3949 3548//3949 3554//3949
f 3552//3950 3479//3950 3544//3950
f 3546//3951 3547//3951 3553//3951
f 3553//3952 3547//3952 3549//3952
f 3550//3953 3553//3947 3551//3946
f 3554//3954 3567//3954 3551//3954
f 3470//3955 3496//3955 3557//3955
f 3561//3956 3553//3957 3556//3958
f 3556//3959 3553//3959 3550//3959
f 3550//3960 3551//3960 3567//3960
f 3482//3961 3488//3961 3492//3961
f 3594//3962 3482//3962 3565//3962
f 3539//3963 3535//3963 3558//3963
f 3562//3964 3563//3964 3556//3964
f 3567//3965 3562//3965 3550//3965
f 3488//3966 3490//3966 3492//3966
f 3482//3967 3492//3967 3565//3967
f 3567//3968 3560//3968 3566//3968
f 3564//3969 3567//3969 3566//3969
f 3563//3970 3570//3970 3556//3970
f 3562//3971 3571//3971 3563//3971
f 3567//3972 3571//3972 3562//3972
f 3568//3973 3566//3973 3565//3973
f 3570//3974 3561//3974 3556//3974
f 3574//3975 3571//3975 3567//3975
f 3566//3976 3568//3977 3583//3978
f 3584//3979 3559//3979 3570//3979
f 3572//3980 3570//3980 3563//3980
f 3578//3981 3573//3982 3575//3983
f 3573//3982 3578//3981 3579//3984
f 3580//3985 3573//3982 3579//3984
f 3581//3986 3573//3986 3580//3986
f 3582//3987 3573//3988 3581//3989
f 3568//3990 3565//3990 3576//3990
f 3559//3991 3540//3991 3539//3991
f 3584//3992 3540//3992 3559//3992
f 3588//3993 3584//3993 3570//3993
f 3571//3994 3588//3994 3572//3994
f 3583//3978 3568//3977 3587//3995
f 3591//3996 3740//3996 3571//3996
f 3583//3997 3587//3997 3590//3997
f 3586//3998 3583//3998 3590//3998
f 3593//3999 3482//3999 3555//3999
f 3555//4000 3482//4000 3594//4000
f 3586//4001 3582//4001 3583//4001
f 3596//4002 3603//4002 3595//4002
f 3603//4003 3596//4004 3597//4005
f 3603//4003 3597//4005 3598//4006
f 3603//4007 3599//4007 3600//4007
f 3603//4008 3600//4008 3595//4008
f 3597//4009 3604//4009 3598//4009
f 3599//4010 3603//4010 3608//4010
f 3608//4011 3603//4011 3602//4011
f 3602//4012 3604//4012 3610//4012
f 3605//4013 3604//4013 3668//4013
f 3615//4014 3613//4014 3526//4014
f 3608//4015 3602//4015 3611//4015
f 3611//4016 3602//4016 3616//4016
f 3613//4017 3528//4017 3526//4017
f 3616//4018 3602//4018 3607//4018
f 3620//4019 3611//4019 3618//4019
f 3622//4020 3626//4020 3623//4020
f 3624//4021 3627//4021 3631//4021
f 3629//4022 3625//4022 3626//4022
f 3629//4023 3624//4023 3625//4023
f 3632//4024 3645//4024 3630//4024
f 3626//4025 3636//4025 3641//4025
f 3643//4026 3606//4026 3599//4026
f 3628//4027 3632//4027 3630//4027
f 3631//4028 3635//4028 3625//4028
f 3599//4029 3614//4029 3643//4030
f 3642//4031 3644//4031 3627//4031
f 3627//4032 3644//4032 3631//4032
f 3637//4033 3627//4033 3639//4033
f 3636//4034 3640//4034 3641//4034
f 3643//4035 3645//4035 3632//4035
f 3635//4036 3631//4036 3644//4036
f 3646//4037 3644//4037 3642//4037
f 3645//4038 3647//4038 3649//4038
f 3635//4039 3644//4039 3650//4039
f 3635//4040 3650//4040 3640//4040
f 3640//4041 3650//4041 3652//4041
f 3642//4042 3648//4042 3646//4042
f 3648//4043 3642//4043 3649//4043
f 3656//4044 3652//4044 3650//4044
f 3650//4045 3657//4045 3656//4045
f 3620//4046 3618//4046 3654//4046
f 3647//4047 3654//4047 3662//4047
f 3655//4048 3653//4048 3688//4048
f 3648//4049 3657//4049 3646//4049
f 3652//4050 3656//4050 3658//4050
f 3659//4051 3660//4051 3647//4051
f 3647//4052 3662//4052 3659//4052
f 3661//4053 3653//4053 3655//4053
f 3660//4054 3653//4054 3649//4054
f 3663//4055 3656//4055 3657//4055
f 3658//4056 3767//4056 3652//4056
f 3663//4057 3657//4057 3661//4057
f 3695//4058 3660//4058 3659//4058
f 3653//4059 3660//4059 3689//4059
f 3666//4060 3641//4060 3651//4060
f 3690//4061 3666//4061 3651//4061
f 3651//4062 3652//4062 3767//4062
f 3690//4063 3651//4063 3667//4063
f 3595//4064 3668//4064 3596//4064
f 3669//4065 3668//4065 3595//4065
f 3669//4066 3595//4066 3600//4066
f 3601//4067 3600//4067 3670//4067
f 3671//4068 3601//4068 3670//4068
f 3669//4069 3601//4069 3672//4069
f 3673//4070 3668//4070 3669//4070
f 3671//4071 3675//4071 3601//4071
f 3675//4072 3672//4072 3601//4072
f 3672//4073 3680//4073 3673//4073
f 3674//4074 3677//4074 3671//4074
f 3681//4075 3678//4075 3605//4075
f 3680//4076 3679//4076 3673//4076
f 3677//4077 3676//4077 3771//4077
f 3680//4078 3675//4078 3770//4078
f 3770//4079 3769//4079 3679//4079
f 3682//4080 3683//4080 3629//4080
f 3633//4081 3643//4082 3634//4083
f 3628//4084 3634//4084 3632//4084
f 3628//4085 3637//4085 3639//4085
f 3683//4086 3682//4086 3687//4086
f 3639//4087 3683//4087 3687//4087
f 3634//4088 3638//4088 3633//4088
f 3685//4089 3634//4089 3628//4089
f 3686//4090 3684//4090 3622//4090
f 3628//4091 3639//4091 3688//4091
f 3628//4092 3688//4092 3685//4092
f 3685//4093 3693//4093 3638//4093
f 3692//4094 3684//4094 3686//4094
f 3676//4095 3609//4095 3693//4095
f 3687//4096 3694//4096 3688//4096
f 3694//4097 3687//4097 3691//4097
f 3688//4098 3694//4098 3655//4098
f 3686//4099 3690//4099 3692//4099
f 3695//4100 3693//4100 3685//4100
f 3693//4101 3695//4101 3659//4101
f 3667//4102 3768//4102 3690//4102
f 3691//4103 3665//4104 3663//4105
f 3623//4106 3666//4106 3690//4106
f 3623//4107 3690//4107 3686//4107
f 3698//4108 3697//4109 3463//4110
f 3465//4111 3457//4111 3464//4111
f 3698//4112 3465//4112 3702//4112
f 3701//4113 3699//4113 3700//4113
f 3702//4114 3465//4114 3704//4114
f 3702//4115 3704//4115 3705//4115
f 3703//4116 3707//4116 3697//4116
f 3465//4117 3464//4117 3706//4117
f 3706//4118 3704//4118 3465//4118
f 3466//4119 3697//4119 3475//4119
f 3707//4120 3475//4120 3697//4120
f 3714//4121 3502//4121 3503//4121
f 3503//4122 3713//4122 3714//4122
f 3716//4123 3589//4123 3715//4123
f 3713//4124 3720//4124 3717//4124
f 3507//4125 3709//4125 3720//4125
f 3717//4126 3719//4126 3714//4126
f 3719//4127 3502//4127 3714//4127
f 3719//4128 3718//4128 3502//4128
f 3721//4129 3716//4129 3757//4129
f 3531//4130 3723//4130 3529//4130
f 3723//4131 3531//4131 3530//4131
f 3529//4132 3722//4132 3724//4132
f 3723//4133 3530//4133 3726//4133
f 3722//4134 3731//4134 3729//4134
f 3731//4135 3730//4135 3708//4135
f 3725//4136 3732//4136 3726//4136
f 3727//4137 3704//4137 3708//4137
f 3727//4138 3705//4138 3704//4138
f 3705//4139 3727//4139 3707//4139
f 3725//4140 3728//4140 3730//4140
f 3730//4141 3728//4141 3727//4141
f 3735//4142 3737//4143 3733//4144
f 3734//4145 3736//4145 3737//4145
f 3734//4146 3737//4146 3735//4146
f 3737//4147 3725//4147 3530//4147
f 3738//4148 3710//4148 3475//4148
f 3737//4149 3738//4149 3725//4149
f 3589//4150 3716//4150 3739//4150
f 3741//4151 3748//4151 3587//4151
f 3741//4152 3587//4152 3759//4152
f 3742//4153 3740//4153 3591//4153
f 3586//4154 3590//4154 3744//4154
f 3588//4155 3753//4156 3752//4157
f 3592//4158 3744//4158 3743//4158
f 3756//4159 3740//4159 3742//4159
f 3748//4160 3745//4160 3744//4160
f 3747//4161 3746//4161 3709//4161
f 3747//4162 3709//4162 3711//4162
f 3734//4163 3747//4163 3736//4163
f 3747//4164 3711//4164 3736//4164
f 3748//4165 3749//4166 3745//4167
f 3742//4168 3745//4168 3754//4168
f 3750//4169 3719//4169 3717//4169
f 3754//4170 3758//4170 3755//4170
f 3749//4171 3741//4171 3754//4171
f 3741//4172 3758//4172 3754//4172
f 3760//4173 3757//4173 3718//4173
f 3760//4174 3718//4174 3751//4174
f 3758//4175 3751//4175 3750//4175
f 3758//4176 3750//4176 3753//4176
f 3741//4177 3760//4177 3758//4177
f 3759//4178 3760//4178 3741//4178
f 3662//4179 3765//4179 3771//4179
f 3617//4180 3761//4180 3762//4180
f 3764//4181 3621//4181 3605//4181
f 3771//4182 3765//4182 3762//4182
f 3763//4183 3762//4183 3761//4183
f 3764//4184 3761//4184 3621//4184
f 3766//4185 3762//4185 3763//4185
f 3677//4186 3771//4186 3766//4186
f 3769//4187 3678//4187 3681//4187
f 3766//4188 3769//4188 3770//4188
f 3772//4189 3777//4189 3779//4189
f 3779//4190 3773//4190 3774//4190
f 3772//4191 3775//4191 3777//4191
f 3777//4192 3778//4192 3779//4192
f 3777//4193 3776//4193 3778//4193
f 3839//4194 3779//4194 3780//4194
f 3839//4195 3780//4195 3782//4195
f 3775//4196 3776//4196 3777//4196
f 3778//4197 3776//4197 3781//4197
f 3782//4198 3780//4198 3784//4198
f 3840//4199 4025//4200 3775//4201
f 3840//4202 3775//4202 3774//4202
f 3776//4203 3775//4203 3788//4203
f 3781//4204 3776//4204 3791//4204
f 3788//4205 3775//4205 3783//4205
f 3788//4206 3783//4206 3789//4206
f 4025//4200 3790//4207 3775//4201
f 3783//4208 3790//4208 3789//4208
f 4022//4209 3822//4209 3781//4209
f 3802//4210 3800//4210 3793//4210
f 3809//4211 3798//4211 3794//4211
f 3795//4212 3802//4212 3796//4212
f 3796//4213 3802//4213 3793//4213
f 3811//4214 3794//4214 3801//4214
f 3817//4215 3795//4215 3797//4215
f 3800//4216 3805//4216 3806//4216
f 3808//4217 3804//4217 3795//4217
f 3795//4218 3799//4218 3802//4218
f 3799//4219 3805//4219 3802//4219
f 3801//4220 3815//4220 3811//4220
f 3817//4221 3811//4221 3815//4221
f 3794//4222 3811//4222 3803//4222
f 3812//4223 3817//4223 3797//4223
f 3815//4224 3816//4224 3808//4224
f 3815//4225 3808//4225 3795//4225
f 3810//4226 3786//4226 3782//4226
f 3829//4227 3805//4227 3814//4227
f 3819//4228 3798//4228 3809//4228
f 3807//4229 3798//4229 3813//4229
f 3809//4230 3787//4230 3822//4230
f 3853//4231 3786//4231 3810//4231
f 3819//4232 3813//4232 3798//4232
f 3787//4233 3781//4233 3822//4233
f 3821//4234 3808//4234 3820//4234
f 3818//4235 3814//4235 3823//4235
f 3814//4236 3821//4236 3823//4236
f 3805//4237 3829//4237 3837//4237
f 3820//4238 3807//4238 4029//4238
f 3812//4239 3825//4239 3817//4239
f 4029//4240 3807//4240 3813//4240
f 3821//4241 3820//4241 3823//4241
f 3829//4242 3818//4242 3828//4242
f 4029//4243 3819//4243 3826//4243
f 4030//4244 3853//4244 3824//4244
f 3800//4245 3806//4245 3834//4245
f 3834//4246 3806//4246 3835//4246
f 3835//4247 3806//4247 3836//4247
f 3852//4248 3835//4248 4039//4248
f 3840//4249 3774//4249 3838//4249
f 3773//4250 3839//4251 3843//4252
f 3842//4253 3841//4253 3838//4253
f 3841//4254 3840//4254 3838//4254
f 3843//4255 3839//4255 3786//4255
f 3773//4250 3843//4252 3842//4256
f 3843//4257 3786//4257 3845//4257
f 3844//4258 3843//4258 3845//4258
f 3844//4259 3846//4259 3843//4259
f 3786//4260 3853//4260 3845//4260
f 3846//4261 3842//4261 3843//4261
f 4040//4262 3840//4262 3841//4262
f 3803//4263 3811//4263 3825//4263
f 3796//4264 3851//4264 3797//4264
f 3847//4265 3793//4265 3834//4265
f 3796//4266 3848//4266 3851//4266
f 3827//4267 3812//4267 3851//4267
f 3855//4268 3851//4268 3848//4268
f 4033//4269 3827//4269 3851//4269
f 3851//4270 3855//4270 4033//4270
f 3854//4271 3824//4271 3803//4271
f 4033//4272 4032//4272 3827//4272
f 3857//4273 3860//4273 3856//4273
f 3857//4274 3865//4274 3860//4274
f 3867//4275 3860//4275 3865//4275
f 3862//4276 3868//4276 3859//4276
f 3860//4277 3869//4278 3862//4279
f 3864//4280 3862//4280 3863//4280
f 3857//4281 3993//4282 3865//4283
f 3856//4284 3862//4284 3864//4284
f 3993//4282 3873//4285 3865//4283
f 3859//4286 3868//4286 3871//4286
f 3874//4287 3868//4287 3875//4287
f 3874//4288 3871//4288 3868//4288
f 3871//4289 3870//4290 3888//4291
f 3873//4292 3875//4292 3867//4292
f 3874//4293 3875//4293 3879//4293
f 3875//4294 3873//4294 3876//4294
f 3879//4295 3880//4295 3877//4295
f 3877//4296 3870//4297 3879//4298
f 4053//4299 3876//4299 3873//4299
f 3866//4300 3885//4301 3886//4302
f 3889//4303 3881//4303 3886//4303
f 3881//4304 3889//4304 3891//4304
f 3883//4305 3881//4305 3884//4305
f 3885//4306 3859//4307 3888//4308
f 3895//4309 3896//4310 3891//4311
f 3884//4312 3891//4313 3892//4314
f 3889//4315 3886//4315 3893//4315
f 3886//4316 3887//4316 3893//4316
f 3896//4310 3892//4317 3891//4311
f 3888//4318 3878//4318 3887//4318
f 3899//4319 3887//4319 3878//4319
f 3898//4320 3893//4320 3897//4320
f 4078//4321 3878//4321 4052//4321
f 3896//4322 3925//4322 4006//4322
f 3899//4323 4078//4324 4079//4325
f 3925//4326 4081//4326 3900//4326
f 3907//4327 3903//4327 3908//4327
f 3903//4328 3905//4329 3913//4330
f 3907//4331 3908//4332 3909//4333
f 3895//4334 3916//4335 3910//4335
f 3910//4335 3916//4335 3911//4336
f 3916//4337 3919//4337 3911//4337
f 3914//4338 3915//4338 3903//4338
f 3912//4339 3911//4339 3913//4339
f 3913//4340 3914//4340 3903//4340
f 3911//4341 3915//4341 3914//4341
f 3919//4342 3915//4342 3911//4342
f 3895//4343 3894//4343 3916//4343
f 3916//4344 3894//4344 3918//4344
f 3917//4345 3913//4345 4008//4345
f 3908//4346 3915//4347 3920//4348
f 3919//4349 3916//4349 3918//4349
f 3917//4350 3912//4350 3913//4350
f 3924//4351 3922//4351 3918//4351
f 4095//4352 3912//4352 3917//4352
f 3920//4348 4093//4353 3921//4354
f 3924//4355 3918//4355 3898//4355
f 3923//4356 3920//4356 3922//4356
f 3926//4357 3929//4357 3927//4357
f 3929//4358 3937//4358 3928//4358
f 3929//4359 3928//4359 3927//4359
f 3938//4360 3931//4361 3935//4362
f 3930//4363 3936//4363 3929//4363
f 3933//4364 3932//4364 3931//4364
f 3940//4365 3928//4365 3937//4365
f 3950//4366 3935//4367 3949//4368
f 3936//4369 3937//4369 3929//4369
f 3941//4370 3936//4370 3930//4370
f 3941//4371 3930//4371 3939//4371
f 3930//4372 3931//4372 3939//4372
f 3934//4373 3940//4373 3943//4373
f 3940//4374 3934//4374 3928//4374
f 3927//4375 3934//4375 3942//4375
f 3949//4376 3942//4377 3981//4378
f 3950//4379 3952//4379 3944//4379
f 3962//4380 3936//4380 3941//4380
f 3957//4381 3906//4381 3904//4381
f 3942//4382 3948//4382 3947//4382
f 3967//4383 3904//4384 3907//4385
f 3945//4386 3944//4386 3946//4386
f 3960//4387 3945//4387 3946//4387
f 4009//4388 3906//4388 3957//4388
f 3933//4389 3945//4389 3960//4389
f 3942//4390 3947//4390 3981//4390
f 3950//4366 3949//4368 3981//4391
f 3907//4392 3909//4393 3967//4394
f 3961//4395 3952//4395 3951//4395
f 3952//4396 3961//4396 3959//4396
f 3951//4397 3952//4397 3950//4397
f 3953//4398 3940//4398 3957//4398
f 3944//4399 3959//4399 3958//4399
f 3946//4400 3958//4400 3963//4400
f 3947//4401 3948//4402 3965//4403
f 3981//4404 3965//4405 3979//4406
f 3943//4407 3940//4407 3948//4407
f 3942//4408 3943//4408 3948//4408
f 3981//4409 3951//4409 3950//4409
f 4009//4410 3957//4410 3962//4410
f 3953//4411 3966//4411 3940//4411
f 3974//4412 3961//4412 3951//4412
f 3959//4413 3961//4413 3969//4413
f 3948//4414 3940//4414 3966//4414
f 3955//4415 3969//4415 3977//4415
f 3970//4416 3964//4416 3954//4416
f 3909//4333 3908//4332 3980//4417
f 3969//4418 3976//4418 3977//4418
f 3973//4419 3990//4419 3991//4419
f 4109//4420 3964//4420 3970//4420
f 4109//4421 3971//4421 3964//4421
f 3979//4422 3986//4422 3987//4422
f 3975//4423 3967//4423 3980//4423
f 3982//4424 3981//4424 3988//4424
f 3982//4425 3974//4425 3951//4425
f 3951//4426 3981//4426 3982//4426
f 3968//4427 3967//4427 3975//4427
f 3977//4428 3976//4428 3990//4428
f 3970//4429 3991//4429 4109//4429
f 3962//4430 3972//4430 4110//4430
f 3980//4431 3921//4431 4092//4431
f 3985//4432 3976//4432 3983//4432
f 3990//4433 3976//4433 3985//4433
f 4109//4434 3991//4434 3990//4434
f 4109//4435 3985//4435 3971//4435
f 3997//4436 3856//4437 3994//4438
f 3864//4439 3858//4440 3995//4441
f 3995//4442 3996//4443 3864//4444
f 3856//4445 4000//4446 3994//4447
f 3997//4436 3994//4438 3999//4448
f 4001//4449 3995//4450 3998//4450
f 4002//4451 3997//4451 3999//4451
f 4004//4452 4001//4453 3998//4454
f 4000//4455 3995//4455 4001//4455
f 3993//4456 3997//4456 4002//4456
f 4002//4457 4062//4458 3993//4459
f 4005//4460 4001//4460 4004//4460
f 4005//4461 4004//4461 4141//4461
f 4005//4462 4130//4462 4000//4462
f 4132//4463 4002//4463 3999//4463
f 4129//4464 4005//4465 4141//4464
f 3882//4466 4004//4466 3995//4466
f 4003//4467 3883//4467 3884//4467
f 4003//4468 3882//4468 3883//4468
f 3892//4469 4006//4469 3884//4469
f 3896//4470 4006//4470 3892//4470
f 4007//4471 4003//4471 4006//4471
f 4007//4472 4004//4472 4003//4472
f 3902//4473 4007//4473 3900//4473
f 4141//4474 4004//4474 4007//4474
f 4009//4475 4008//4475 3905//4475
f 4008//4476 4143//4476 4010//4476
f 3931//4477 3932//4478 3939//4479
f 4011//4480 3939//4479 3932//4478
f 4011//4481 3932//4481 3933//4481
f 4013//4482 3939//4479 4011//4480
f 4014//4483 3939//4483 4013//4483
f 4011//4484 3933//4484 4015//4484
f 4012//4485 4013//4486 4011//4487
f 4020//4488 3962//4488 3941//4488
f 4016//4489 4014//4489 4013//4489
f 3960//4490 3963//4490 4017//4490
f 4009//4491 3962//4492 4143//4493
f 4019//4494 4020//4494 4014//4494
f 4015//4495 4018//4496 3992//4497
f 4016//4498 4144//4498 4014//4498
f 4144//4499 4019//4499 4014//4499
f 4145//4500 4016//4500 3992//4500
f 4144//4501 4016//4501 4145//4501
f 3978//4502 4111//4502 4017//4502
f 4144//4503 4021//4503 4019//4503
f 3792//4504 3791//4504 4023//4504
f 4022//4505 4024//4506 4031//4507
f 3833//4508 4024//4508 3844//4508
f 4022//4509 3792//4509 4023//4509
f 4024//4510 4028//4510 4026//4510
f 4028//4511 4023//4511 4025//4511
f 4027//4512 4026//4512 4028//4512
f 4029//4513 3813//4513 3819//4513
f 4029//4514 4030//4514 4034//4514
f 4030//4515 3826//4515 4031//4515
f 4034//4516 4030//4516 3854//4516
f 4033//4517 3832//4517 4032//4517
f 4032//4518 3832//4518 4034//4518
f 4037//4519 3832//4519 4033//4519
f 4035//4520 3830//4520 4036//4520
f 4038//4521 4035//4521 4036//4521
f 4035//4522 4039//4522 3830//4522
f 4032//4523 4034//4523 3854//4523
f 4038//4524 4037//4524 4033//4524
f 3855//4525 3850//4525 4038//4525
f 3842//4526 3846//4526 4040//4526
f 4024//4527 4026//4527 3844//4527
f 3840//4528 4041//4528 4025//4528
f 4041//4529 3846//4529 4026//4529
f 4041//4530 4027//4530 4025//4530
f 4026//4531 4027//4531 4041//4531
f 4039//4532 4035//4532 3850//4532
f 4043//4533 4048//4533 4044//4533
f 4044//4534 4050//4534 4051//4534
f 4046//4535 4045//4535 4044//4535
f 4046//4536 4047//4536 4045//4536
f 4042//4537 4150//4537 4048//4537
f 4049//4538 4044//4538 4160//4538
f 4050//4539 4044//4539 4049//4539
f 4047//4540 4043//4540 4045//4540
f 4057//4541 4053//4541 3872//4541
f 3880//4542 4054//4542 4058//4542
f 3876//4543 4053//4543 4054//4543
f 4053//4544 4057//4544 4054//4544
f 4057//4545 4058//4545 4054//4545
f 3880//4546 4058//4546 4056//4546
f 4055//4547 4052//4547 4059//4547
f 4065//4548 4061//4548 4060//4548
f 4060//4549 4064//4549 4063//4549
f 4069//4550 4068//4550 4075//4550
f 4069//4551 4075//4551 4072//4551
f 4087//4552 4070//4552 4067//4552
f 4067//4553 4073//4553 4071//4553
f 4072//4554 4073//4554 4067//4554
f 4069//4555 4072//4555 4074//4555
f 4138//4556 4069//4556 4074//4556
f 4074//4557 4072//4557 4070//4557
f 4137//4558 4074//4558 4070//4558
f 4248//4559 4249//4560 4076//4561
f 4077//4562 3901//4562 4082//4562
f 4080//4563 3900//4563 4081//4563
f 4077//4564 4083//4564 4080//4564
f 3902//4565 3900//4565 4080//4565
f 4082//4566 4055//4566 4083//4566
f 4055//4567 4059//4568 4084//4569
f 4083//4570 4055//4570 4084//4570
f 4087//4571 4067//4571 4071//4571
f 4085//4572 4281//4572 4086//4572
f 4090//4573 4087//4574 4085//4575
f 4251//4576 4085//4576 4089//4576
f 4092//4577 3921//4577 4093//4577
f 3923//4578 4093//4578 3920//4578
f 3923//4579 3922//4579 3924//4579
f 4094//4580 3898//4580 3897//4580
f 4096//4581 3924//4581 4094//4581
f 4096//4582 4094//4582 3925//4582
f 4098//4583 4092//4583 4093//4583
f 4118//4584 4092//4584 4098//4584
f 4097//4585 4098//4585 4093//4585
f 4093//4586 4096//4586 4010//4586
f 4097//4587 4093//4587 4010//4587
f 4338//4588 4316//4588 4101//4588
f 4105//4589 4312//4589 4104//4589
f 4103//4590 4099//4590 4100//4590
f 3968//4591 4108//4591 3966//4591
f 3988//4592 4107//4592 3982//4592
f 4119//4593 3968//4593 4120//4593
f 3983//4594 3989//4594 3982//4594
f 3972//4595 4119//4595 4110//4595
f 4125//4596 3988//4596 3979//4596
f 4107//4597 3988//4597 4125//4597
f 3966//4598 4108//4598 4116//4598
f 3975//4599 3980//4600 4092//4601
f 4118//4602 3975//4599 4092//4601
f 4120//4603 3975//4603 4118//4603
f 4113//4604 3985//4604 3983//4604
f 3983//4605 3982//4605 4113//4605
f 3985//4606 4113//4606 4115//4606
f 4119//4607 4123//4607 4108//4607
f 4114//4608 4120//4608 4118//4608
f 4117//4609 4113//4610 4107//4611
f 4114//4612 4119//4612 4120//4612
f 4146//4613 4119//4613 3972//4613
f 4122//4614 4112//4614 4116//4614
f 4123//4615 4119//4615 4124//4615
f 4098//4616 4114//4616 4118//4616
f 4125//4617 4112//4617 4121//4617
f 4121//4618 4107//4618 4125//4618
f 4121//4619 4112//4619 4122//4619
f 4122//4620 4107//4620 4121//4620
f 4128//4621 4122//4621 4123//4621
f 4124//4622 4128//4622 4123//4622
f 4127//4623 4126//4623 4128//4623
f 4130//4624 4129//4625 4133//4626
f 4132//4627 4130//4627 4134//4627
f 4133//4628 4134//4628 4130//4628
f 4141//4629 4136//4630 4133//4631
f 4135//4632 4132//4632 4134//4632
f 4133//4633 4136//4634 4134//4635
f 4065//4636 4135//4636 4134//4636
f 4136//4634 4064//4637 4134//4635
f 4139//4638 4069//4638 4138//4638
f 4145//4639 4147//4639 4144//4639
f 4145//4640 3992//4640 4147//4640
f 4110//4641 4098//4642 4143//4643
f 4148//4644 4124//4644 4146//4644
f 4127//4645 4147//4645 3992//4645
f 4147//4646 4127//4647 4149//4648
f 4151//4649 4152//4649 4153//4649
f 4173//4650 4151//4650 4153//4650
f 4042//4651 4157//4651 4150//4651
f 4049//4652 4161//4652 4050//4652
f 4046//4653 4051//4653 4162//4653
f 4162//4654 4159//4654 4047//4654
f 4162//4655 4047//4655 4046//4655
f 4050//4656 4161//4656 4197//4656
f 4158//4657 4050//4657 4197//4657
f 4245//4658 4159//4658 4162//4658
f 4163//4659 4160//4659 4167//4659
f 4049//4660 4163//4660 4165//4660
f 4166//4661 4158//4661 4164//4661
f 4158//4662 4245//4662 4162//4662
f 4170//4663 4203//4663 4165//4663
f 4167//4664 4165//4664 4163//4664
f 4218//4665 4168//4665 4164//4665
f 4164//4666 4168//4666 4166//4666
f 4172//4667 4245//4667 4166//4667
f 4245//4668 4158//4668 4166//4668
f 4174//4669 4167//4669 4173//4669
f 4170//4670 4165//4670 4167//4670
f 4168//4671 4169//4671 4175//4671
f 4175//4672 4172//4672 4166//4672
f 4169//4673 4170//4673 4174//4673
f 4156//4674 4181//4674 4179//4674
f 4181//4675 4156//4675 4245//4675
f 4175//4676 4169//4676 4176//4676
f 4175//4677 4176//4677 4180//4677
f 4172//4678 4175//4678 4180//4678
f 4176//4679 4174//4679 4173//4679
f 4177//4680 4155//4680 4179//4680
f 4176//4681 4154//4681 4178//4681
f 4178//4682 4155//4682 4177//4682
f 4180//4683 4178//4683 4177//4683
f 4180//4684 4176//4684 4178//4684
f 4183//4685 4182//4685 4192//4685
f 4190//4686 4194//4686 4241//4686
f 4205//4687 4184//4687 4211//4687
f 4186//4688 4190//4688 4241//4688
f 4192//4689 4182//4689 4201//4689
f 4183//4690 4193//4690 4189//4690
f 4187//4691 4194//4691 4189//4691
f 4184//4692 4188//4692 4211//4692
f 4190//4693 4189//4693 4194//4693
f 4185//4694 4198//4694 4184//4694
f 4184//4695 4205//4695 4191//4695
f 4191//4696 4183//4696 4192//4696
f 4199//4697 4197//4697 4198//4697
f 4192//4698 4200//4698 4191//4698
f 4242//4699 4214//4699 4186//4699
f 4198//4700 4203//4700 4188//4700
f 4211//4701 4188//4701 4195//4701
f 4191//4702 4196//4702 4183//4702
f 4198//4703 4197//4703 4161//4703
f 4186//4704 4226//4704 4201//4704
f 4202//4705 4187//4705 4216//4705
f 4188//4706 4203//4706 4207//4706
f 4185//4707 4200//4707 4209//4707
f 4212//4708 4209//4708 4200//4708
f 4199//4709 4185//4709 4209//4709
f 4210//4710 4201//4710 4226//4710
f 4214//4711 4226//4711 4186//4711
f 4161//4712 4165//4712 4203//4712
f 4205//4713 4211//4713 4195//4713
f 4196//4714 4208//4714 4206//4714
f 4209//4715 4218//4715 4199//4715
f 4205//4716 4195//4716 4224//4716
f 4205//4717 4224//4717 4208//4717
f 4223//4718 4206//4718 4208//4718
f 4171//4719 4168//4719 4218//4719
f 4219//4720 4218//4720 4209//4720
f 4213//4721 4210//4721 4221//4721
f 4226//4722 4214//4722 4222//4722
f 4216//4723 4215//4723 4217//4723
f 4220//4724 4209//4725 4212//4726
f 4195//4727 4228//4727 4224//4727
f 4171//4728 4229//4728 4227//4728
f 4230//4729 4208//4729 4224//4729
f 4232//4730 4208//4730 4230//4730
f 4219//4731 4220//4731 4225//4731
f 4233//4732 4225//4732 4220//4732
f 4216//4733 4236//4733 4202//4733
f 4235//4734 4217//4734 4223//4734
f 4217//4735 4235//4735 4231//4735
f 4235//4736 4230//4736 4225//4736
f 4233//4737 4240//4738 4225//4739
f 4219//4740 4230//4740 4238//4740
f 4238//4741 4229//4742 4219//4743
f 4223//4744 4208//4744 4235//4744
f 4227//4745 4237//4745 4204//4745
f 4236//4746 4244//4746 4202//4746
f 4237//4747 4229//4742 4238//4741
f 4240//4738 4235//4748 4225//4739
f 4238//4749 4230//4749 4237//4749
f 4222//4750 4244//4750 4236//4750
f 4232//4751 4235//4751 4208//4751
f 4235//4752 4240//4752 4239//4752
f 4186//4753 4241//4753 4242//4753
f 4242//4754 4241//4754 4202//4754
f 4244//4755 4243//4755 4202//4755
f 4222//4756 4243//4756 4244//4756
f 4245//4757 4156//4757 4159//4757
f 4139//4758 4260//4759 4247//4760
f 4260//4761 4139//4761 4252//4761
f 4260//4759 4254//4762 4247//4760
f 4256//4763 4246//4763 4255//4763
f 4249//4764 4248//4764 4253//4764
f 4253//4765 4248//4765 4258//4765
f 4259//4766 4255//4767 4254//4768
f 4257//4769 4253//4769 4262//4769
f 4258//4770 4261//4770 4262//4770
f 4253//4771 4258//4771 4262//4771
f 4264//4772 4261//4772 4256//4772
f 4256//4773 4259//4773 4264//4773
f 4264//4774 4259//4775 4265//4776
f 4269//4777 4261//4777 4264//4777
f 4267//4778 4269//4778 4480//4778
f 4263//4779 4266//4780 4272//4781
f 4271//4782 4479//4782 4267//4782
f 4085//4783 4274//4783 4281//4783
f 4275//4784 4090//4784 4088//4784
f 4276//4785 4086//4785 4283//4785
f 4280//4786 4086//4787 4276//4788
f 4086//4789 4281//4789 4283//4789
f 4276//4790 4283//4790 4317//4790
f 4279//4791 4276//4791 4319//4791
f 4088//4792 4086//4792 4280//4792
f 4280//4793 4091//4793 4088//4793
f 4282//4794 4281//4794 4278//4794
f 4282//4795 4278//4795 4293//4795
f 4285//4796 4283//4796 4284//4796
f 4279//4797 4288//4797 4280//4797
f 4288//4798 4091//4798 4280//4798
f 4294//4799 4287//4799 4282//4799
f 4410//4800 4091//4801 4288//4802
f 4290//4803 4278//4803 4250//4803
f 4290//4804 4250//4804 4257//4804
f 4295//4805 4284//4805 4287//4805
f 4296//4806 4300//4806 4289//4806
f 4294//4807 4282//4807 4291//4807
f 4300//4808 4410//4808 4288//4808
f 4299//4809 4300//4809 4296//4809
f 4296//4810 4292//4810 4299//4810
f 4263//4811 4301//4811 4290//4811
f 4299//4812 4292//4812 4305//4812
f 4296//4813 4298//4813 4294//4813
f 4293//4814 4290//4814 4301//4814
f 4300//4815 4299//4815 4303//4815
f 4410//4816 4303//4816 4411//4816
f 4302//4817 4305//4817 4263//4817
f 4303//4818 4299//4818 4305//4818
f 4407//4819 4411//4819 4272//4819
f 4099//4820 4306//4820 4307//4820
f 4100//4821 4311//4822 4103//4823
f 4310//4824 4319//4824 4102//4824
f 4324//4825 4102//4825 4285//4825
f 4105//4826 4101//4826 4326//4826
f 4318//4827 4307//4827 4327//4827
f 4318//4828 4314//4828 4308//4828
f 4102//4829 4319//4829 4317//4829
f 4321//4830 4318//4830 4308//4830
f 4310//4831 4323//4832 4319//4833
f 4330//4834 4306//4834 4324//4834
f 4101//4835 4325//4835 4326//4835
f 4307//4836 4306//4836 4330//4836
f 4327//4837 4307//4837 4330//4837
f 4320//4838 4318//4838 4321//4838
f 4333//4839 4321//4839 4328//4839
f 4310//4840 4322//4840 4413//4840
f 4329//4841 4324//4841 4285//4841
f 4339//4842 4315//4842 4327//4842
f 4333//4843 4320//4843 4321//4843
f 4331//4844 4324//4844 4340//4844
f 4339//4845 4330//4845 4331//4845
f 4315//4846 4339//4846 4336//4846
f 4343//4847 4335//4847 4334//4847
f 4329//4848 4285//4848 4295//4848
f 4336//4849 4325//4849 4313//4849
f 4286//4850 4297//4850 4289//4850
f 4341//4851 4351//4851 4337//4851
f 4412//4852 4297//4852 4286//4852
f 4341//4853 4337//4853 4328//4853
f 4339//4854 4346//4854 4336//4854
f 4334//4855 4336//4855 4347//4855
f 4350//4856 4349//4857 4348//4858
f 4364//4859 4357//4859 4351//4859
f 4365//4860 4364//4860 4341//4860
f 4343//4861 4334//4861 4355//4861
f 4336//4862 4346//4862 4356//4862
f 4298//4863 4296//4863 4297//4863
f 4359//4864 4342//4864 4369//4864
f 4360//4865 4354//4865 4343//4865
f 4334//4866 4347//4866 4355//4866
f 4362//4867 4360//4867 4343//4867
f 4356//4868 4353//4868 4363//4868
f 4347//4869 4356//4869 4364//4869
f 4357//4870 4363//4870 4372//4870
f 4357//4871 4364//4871 4356//4871
f 4364//4872 4365//4872 4347//4872
f 4352//4873 4361//4873 4297//4873
f 4374//4874 4352//4874 4372//4874
f 4417//4875 4372//4876 4358//4877
f 4415//4878 4370//4878 4420//4878
f 4358//4877 4372//4876 4352//4879
f 4355//4880 4362//4880 4343//4880
f 4368//4881 4369//4881 4373//4881
f 4365//4882 4370//4882 4355//4882
f 4372//4883 4363//4883 4368//4883
f 4371//4884 4366//4885 4370//4886
f 4372//4887 4368//4887 4374//4887
f 4365//4888 4420//4888 4370//4888
f 4369//4889 4361//4889 4374//4889
f 4373//4890 4369//4890 4374//4890
f 4106//4891 4375//4891 4382//4891
f 4326//4892 4376//4892 4312//4892
f 4379//4893 4377//4893 4387//4893
f 4381//4894 4380//4894 4104//4894
f 4387//4895 4377//4895 4395//4895
f 4381//4896 4390//4896 4389//4896
f 4382//4897 4375//4897 4384//4897
f 4386//4898 4376//4898 4354//4898
f 4388//4899 4350//4899 4384//4899
f 4381//4900 4389//4900 4380//4900
f 4376//4901 4335//4901 4354//4901
f 4394//4902 4386//4902 4354//4902
f 4398//4903 4380//4903 4389//4903
f 4392//4904 4398//4904 4390//4904
f 4392//4905 4396//4905 4398//4905
f 4343//4906 4354//4906 4335//4906
f 4387//4907 4395//4907 4396//4907
f 4393//4908 4397//4908 4398//4908
f 4396//4909 4393//4909 4398//4909
f 4398//4910 4397//4910 4380//4910
f 4395//4911 4394//4911 4396//4911
f 4350//4856 4348//4858 4371//4912
f 4140//4913 4074//4913 4137//4913
f 4400//4914 4139//4914 4138//4914
f 4404//4915 4403//4915 4399//4915
f 4406//4916 4268//4916 4404//4916
f 4407//4917 4273//4917 4406//4917
f 4408//4918 4480//4918 4252//4918
f 4409//4919 4275//4919 4277//4919
f 4277//4920 4411//4920 4409//4920
f 4407//4921 4404//4921 4411//4921
f 4391//4922 4414//4922 4382//4922
f 4412//4923 4319//4833 4323//4832
f 4416//4924 4413//4924 4417//4924
f 4413//4925 4418//4925 4412//4925
f 4391//4926 4415//4926 4414//4926
f 4352//4927 4297//4927 4412//4927
f 4416//4928 4358//4928 4419//4928
f 4423//4929 4421//4929 4422//4929
f 4422//4930 4425//4930 4432//4930
f 4424//4931 4422//4931 4429//4931
f 4424//4932 4429//4933 4433//4934
f 4432//4935 4431//4936 4434//4937
f 4428//4938 4434//4939 4431//4940
f 4461//4941 4434//4941 4428//4941
f 4432//4942 4434//4942 4559//4942
f 4441//4943 4438//4943 4436//4943
f 4436//4944 4438//4944 4442//4944
f 4444//4945 4438//4945 4465//4945
f 4443//4946 4440//4946 4452//4946
f 4439//4947 4437//4947 4448//4947
f 4444//4948 4439//4948 4445//4948
f 4449//4949 4443//4949 4452//4949
f 4443//4950 4575//4950 4437//4950
f 4458//4951 4560//4951 4452//4951
f 4575//4952 4448//4952 4437//4952
f 4452//4953 4451//4953 4449//4953
f 4454//4954 4453//4954 4423//4954
f 4457//4955 4426//4955 4427//4955
f 4428//4956 4454//4957 4456//4958
f 4457//4959 4427//4959 4458//4959
f 4459//4960 4460//4960 4457//4960
f 4457//4961 4588//4961 4455//4961
f 4461//4962 4428//4962 4462//4962
f 4468//4963 4438//4963 4441//4963
f 4467//4964 4437//4964 4439//4964
f 4466//4965 4464//4965 4440//4965
f 4468//4966 4465//4966 4438//4966
f 4473//4967 4468//4967 4441//4967
f 4440//4968 4443//4968 4447//4968
f 4464//4969 4470//4969 4440//4969
f 4466//4970 4440//4970 4447//4970
f 4472//4971 4471//4971 4467//4971
f 4473//4972 4469//4972 4468//4972
f 4447//4973 4437//4973 4467//4973
f 4458//4974 4470//4974 4459//4974
f 4472//4975 4447//4975 4471//4975
f 4594//4976 4470//4976 4464//4976
f 4472//4977 4474//4977 4447//4977
f 4475//4978 4469//4978 4473//4978
f 4477//4979 4473//4979 4441//4979
f 4482//4980 4481//4980 4485//4980
f 4490//4981 4481//4981 4495//4981
f 4486//4982 4491//4982 4495//4982
f 4488//4983 4486//4984 4481//4985
f 4488//4986 4481//4986 4482//4986
f 4491//4987 4488//4987 4542//4987
f 4485//4988 4487//4988 4507//4988
f 4494//4989 4495//4989 4491//4989
f 4493//4990 4489//4990 4483//4990
f 4486//4984 4495//4991 4481//4985
f 4509//4992 4487//4992 4492//4992
f 4502//4993 4490//4993 4495//4993
f 4495//4994 4494//4995 4497//4996
f 4495//4997 4497//4998 4502//4999
f 4521//5000 4492//5001 4499//5002
f 4500//5003 4494//5003 4489//5003
f 4617//5004 4494//5004 4500//5004
f 4494//5005 4617//5005 4496//5005
f 4502//5006 4613//5006 4499//5006
f 4505//5007 4503//5007 4506//5007
f 4509//5008 4506//5009 4487//5010
f 4507//5011 4487//5011 4503//5011
f 4505//5012 4517//5012 4519//5012
f 4510//5013 4506//5014 4508//5015
f 4518//5016 4511//5016 4512//5016
f 4509//5008 4521//5017 4506//5009
f 4506//5018 4521//5018 4513//5018
f 4521//5019 4527//5020 4513//5021
f 4510//5013 4508//5015 4513//5022
f 4522//5023 4510//5024 4513//5025
f 4511//5026 4518//5026 4537//5026
f 4518//5027 4524//5027 4537//5027
f 4513//5025 4526//5028 4522//5023
f 4521//5029 4499//5029 4527//5029
f 4527//5020 4614//5030 4513//5021
f 4522//5031 4523//5032 4510//5033
f 4511//5034 4537//5034 4530//5034
f 4553//5035 4511//5035 4530//5035
f 4532//5036 4476//5036 4534//5036
f 4478//5037 4476//5037 4532//5037
f 4532//5038 4535//5038 4530//5038
f 4530//5039 4535//5039 4533//5039
f 4536//5040 4648//5040 4532//5040
f 4648//5041 4478//5041 4532//5041
f 4533//5042 4535//5042 4539//5042
f 4531//5043 4476//5044 4608//5045
f 4539//5046 4534//5046 4538//5046
f 4542//5047 4484//5047 4491//5047
f 4482//5048 4545//5048 4488//5048
f 4543//5049 4548//5049 4545//5049
f 4544//5050 4545//5051 4547//5052
f 4541//5053 4549//5053 4543//5053
f 4549//5054 4548//5054 4543//5054
f 4550//5055 4504//5055 4505//5055
f 4551//5056 4507//5056 4504//5056
f 4505//5057 4519//5057 4520//5057
f 4511//5058 4552//5058 4512//5058
f 4520//5059 4519//5059 4512//5059
f 4556//5060 4555//5060 4550//5060
f 4520//5061 4554//5062 4556//5063
f 4670//5064 4554//5064 4552//5064
f 4558//5065 4553//5065 4533//5065
f 4434//5066 4562//5066 4559//5066
f 4560//5067 4430//5067 4561//5067
f 4561//5068 4430//5068 4435//5068
f 4461//5069 4562//5069 4434//5069
f 4561//5070 4563//5070 4585//5070
f 4559//5071 4562//5071 4564//5071
f 4435//5072 4559//5072 4564//5072
f 4561//5073 4435//5073 4563//5073
f 4435//5074 4564//5074 4569//5074
f 4435//5075 4569//5075 4563//5075
f 4568//5076 4565//5076 4562//5076
f 4569//5077 4568//5077 4570//5077
f 4451//5078 4571//5078 4449//5078
f 4575//5079 4443//5079 4449//5079
f 4448//5080 4575//5080 4577//5080
f 4445//5081 4448//5081 4574//5081
f 4450//5082 4442//5082 4576//5082
f 4575//5083 4449//5083 4573//5083
f 4572//5084 4560//5084 4561//5084
f 4581//5085 4574//5085 4582//5085
f 4442//5086 4581//5086 4576//5086
f 4580//5087 4450//5087 4576//5087
f 4574//5088 4577//5088 4582//5088
f 4585//5089 4578//5089 4572//5089
f 4578//5090 4571//5090 4572//5090
f 4581//5091 4582//5091 4584//5091
f 4587//5092 4583//5092 4571//5092
f 4582//5093 4577//5093 4586//5093
f 4584//5094 4582//5094 4586//5094
f 4436//5095 4442//5095 4450//5095
f 4457//5096 4460//5096 4588//5096
f 4455//5097 4590//5097 4463//5097
f 4599//5098 4588//5098 4460//5098
f 4592//5099 4589//5099 4463//5099
f 4592//5100 4593//5100 4589//5100
f 4599//5101 4566//5101 4591//5101
f 4566//5102 4599//5102 4585//5102
f 4590//5103 4599//5103 4591//5103
f 4591//5104 4593//5104 4592//5104
f 4566//5105 4567//5105 4591//5105
f 4593//5106 4591//5106 4570//5106
f 4459//5107 4470//5107 4594//5107
f 4595//5108 4474//5108 4472//5108
f 4459//5109 4594//5109 4460//5109
f 4475//5110 4596//5110 4472//5110
f 4474//5111 4595//5111 4598//5111
f 4600//5112 4594//5112 4598//5112
f 4604//5113 4596//5113 4475//5113
f 4605//5114 4604//5114 4475//5114
f 4597//5115 4599//5115 4460//5115
f 4596//5116 4602//5116 4595//5116
f 4595//5117 4579//5117 4587//5117
f 4600//5118 4597//5118 4594//5118
f 4598//5119 4595//5119 4587//5119
f 4596//5120 4604//5120 4603//5120
f 4602//5121 4586//5121 4577//5121
f 4600//5122 4587//5122 4571//5122
f 4603//5123 4604//5123 4584//5123
f 4607//5124 4604//5124 4605//5124
f 4606//5125 4580//5125 4607//5125
f 4477//5126 4609//5127 4601//5127
f 4608//5128 4611//5128 4612//5128
f 4608//5129 4612//5129 4610//5129
f 4502//5130 4496//5130 4501//5130
f 4614//5131 4499//5131 4613//5131
f 4500//5132 4615//5132 4617//5132
f 4615//5133 4489//5134 4498//5135
f 4613//5136 4501//5136 4618//5136
f 4618//5137 4616//5137 4613//5137
f 4619//5138 4618//5138 4501//5138
f 4621//5139 4616//5139 4618//5139
f 4617//5140 4615//5140 4623//5140
f 4638//5141 4616//5141 4621//5141
f 4624//5142 4619//5142 4623//5142
f 4625//5143 4620//5143 4624//5143
f 4627//5144 4644//5144 4642//5144
f 4626//5145 4623//5145 4622//5145
f 4621//5146 4620//5146 4627//5146
f 4642//5147 4621//5147 4627//5147
f 4513//5148 4614//5148 4525//5148
f 4527//5149 4499//5149 4614//5149
f 4526//5150 4630//5150 4522//5150
f 4526//5151 4525//5151 4631//5151
f 4632//5152 4524//5152 4528//5152
f 4634//5153 4632//5153 4528//5153
f 4633//5154 4525//5154 4614//5154
f 4631//5155 4635//5155 4528//5155
f 4633//5156 4616//5157 4638//5158
f 4638//5159 4641//5160 4525//5161
f 4643//5162 4639//5162 4637//5162
f 4680//5163 4639//5163 4643//5163
f 4679//5164 4643//5164 4640//5164
f 4638//5159 4642//5165 4646//5166
f 4645//5167 4640//5167 4643//5167
f 4637//5168 4641//5169 4646//5170
f 4644//5171 4647//5171 4642//5171
f 4645//5172 4643//5172 4646//5172
f 4645//5173 4646//5173 4647//5173
f 4536//5174 4652//5174 4648//5174
f 4538//5175 4610//5175 4649//5175
f 4652//5176 4651//5177 4648//5178
f 4652//5179 4536//5179 4529//5179
f 4660//5180 4653//5180 4540//5180
f 4652//5181 4655//5181 4651//5181
f 4632//5182 4652//5182 4529//5182
f 4650//5183 4655//5183 4611//5183
f 4654//5184 4655//5184 4652//5184
f 4657//5185 4655//5185 4654//5185
f 4684//5186 4660//5186 4656//5186
f 4653//5187 4660//5187 4684//5187
f 4656//5188 4610//5188 4657//5188
f 4658//5189 4657//5189 4654//5189
f 4658//5190 4636//5190 4639//5190
f 4538//5191 4649//5191 4659//5191
f 4656//5192 4659//5192 4649//5192
f 4659//5193 4656//5193 4660//5193
f 4551//5194 4555//5195 4549//5196
f 4662//5197 4548//5197 4549//5197
f 4547//5052 4661//5198 4544//5050
f 4663//5199 4662//5199 4549//5199
f 4622//5200 4615//5200 4498//5200
f 4661//5201 4664//5201 4544//5201
f 4668//5202 4622//5203 4664//5204
f 4664//5205 4666//5205 4668//5205
f 4666//5206 4664//5206 4661//5206
f 4666//5207 4665//5207 4626//5207
f 4667//5208 4665//5208 4662//5208
f 4644//5209 4627//5209 4667//5209
f 4667//5210 4627//5210 4625//5210
f 4557//5211 4555//5211 4556//5211
f 4556//5063 4554//5062 4669//5212
f 4669//5213 4557//5213 4556//5213
f 4673//5214 4670//5214 4671//5214
f 4672//5215 4557//5215 4669//5215
f 4673//5216 4672//5216 4670//5216
f 4672//5217 4673//5217 4674//5217
f 4677//5218 4676//5218 4678//5218
f 4681//5219 4644//5219 4557//5219
f 4679//5220 4674//5220 4673//5220
f 4644//5221 4675//5222 4557//5222
f 4673//5223 4680//5223 4679//5223
f 4663//5224 4555//5224 4675//5224
f 4644//5225 4663//5225 4675//5225
f 4645//5226 4647//5226 4674//5226
f 4681//5227 4647//5227 4644//5227
f 4647//5228 4681//5228 4674//5228
f 4682//5229 4671//5229 4558//5229
f 4540//5230 4653//5230 4558//5230
f 4683//5231 4558//5232 4653//5233
f 4682//5234 4658//5234 4680//5234
f 4683//5235 4684//5236 4682//5237
f 4683//5235 4653//5238 4684//5236
f 4684//5239 4658//5239 4682//5239
f 4742//5240 4685//5241 4743//5242
f 4687//5243 4691//5243 4685//5243
f 4696//5244 4687//5245 4744//5246
f 4687//5247 4688//5247 4691//5247
f 4690//5248 4689//5248 4692//5248
f 4693//5249 4690//5249 4692//5249
f 4693//5250 4692//5250 4703//5250
f 4694//5251 4688//5252 4702//5251
f 4703//5253 4692//5253 4700//5253
f 4688//5254 4704//5254 4702//5254
f 4698//5255 4702//5255 4923//5255
f 4701//5256 4698//5256 4923//5256
f 4728//5257 4703//5257 4705//5257
f 4704//5258 4687//5258 4696//5258
f 4712//5259 4709//5259 4707//5259
f 4709//5260 4706//5260 4707//5260
f 4708//5261 4712//5261 4759//5261
f 4768//5262 4707//5262 4706//5262
f 4712//5263 4711//5263 4709//5263
f 4712//5264 4708//5264 4711//5264
f 4711//5265 4708//5265 4717//5265
f 4706//5266 4709//5266 4714//5266
f 4693//5267 4697//5267 4695//5267
f 4717//5268 4723//5268 4720//5268
f 4711//5269 4717//5269 4720//5269
f 4719//5270 4716//5270 4715//5270
f 4719//5271 4723//5271 4717//5271
f 4714//5272 4725//5272 4706//5272
f 4715//5273 4710//5273 4713//5273
f 4720//5274 4723//5274 4726//5274
f 4697//5275 4733//5275 4721//5275
f 4725//5276 4714//5276 4724//5276
f 4725//5277 4724//5277 4730//5277
f 4733//5278 4699//5278 4728//5278
f 4730//5279 4720//5279 4736//5279
f 4726//5280 4731//5280 4736//5280
f 4735//5281 4726//5281 4722//5281
f 4735//5282 4731//5282 4726//5282
f 4737//5283 4725//5283 4730//5283
f 4740//5284 4730//5284 4736//5284
f 4742//5285 4746//5285 4747//5285
f 4743//5286 4690//5286 4745//5286
f 4695//5287 4745//5287 4693//5287
f 4745//5288 4695//5288 4766//5288
f 4748//5289 4745//5289 4766//5289
f 4746//5290 4750//5290 4747//5290
f 4746//5291 4751//5291 4750//5291
f 4751//5292 4753//5293 4750//5294
f 4925//5295 4696//5244 4744//5246
f 4753//5293 4752//5296 4750//5294
f 4752//5297 4753//5297 4928//5297
f 4810//5298 4807//5298 4755//5298
f 4752//5299 4928//5299 4927//5299
f 4780//5300 4728//5300 4705//5300
f 4758//5301 4810//5301 4755//5301
f 4753//5302 4757//5302 4928//5302
f 4760//5303 4710//5303 4716//5303
f 4719//5304 4717//5304 4708//5304
f 4712//5305 4707//5305 4759//5305
f 4765//5306 4759//5306 4707//5306
f 4761//5307 4762//5307 4716//5307
f 4716//5308 4719//5308 4761//5308
f 4716//5309 4763//5309 4760//5309
f 4764//5310 4761//5310 4708//5310
f 4764//5311 4708//5311 4759//5311
f 4707//5312 4768//5312 4765//5312
f 4718//5313 4695//5313 4721//5313
f 4760//5314 4769//5314 4718//5314
f 4764//5315 4772//5315 4761//5315
f 4767//5316 4764//5316 4759//5316
f 4763//5317 4762//5317 4770//5317
f 4762//5318 4771//5318 4770//5318
f 4771//5319 4761//5319 4772//5319
f 4772//5320 4776//5320 4771//5320
f 4776//5321 4770//5321 4771//5321
f 4763//5322 4770//5322 4773//5322
f 4770//5323 4776//5323 4778//5323
f 4770//5324 4781//5324 4773//5324
f 4772//5325 4779//5325 4776//5325
f 4782//5326 4787//5326 4740//5326
f 4732//5327 4728//5327 4774//5327
f 4781//5328 4770//5328 4735//5328
f 4735//5329 4738//5329 4731//5329
f 4781//5330 4774//5330 4777//5330
f 4779//5331 4738//5331 4778//5331
f 4782//5332 4784//5332 4779//5332
f 4784//5333 4738//5333 4779//5333
f 4783//5334 4740//5334 4736//5334
f 4736//5335 4738//5335 4783//5335
f 4781//5336 4739//5336 4734//5336
f 4784//5337 4783//5337 4738//5337
f 4734//5338 4732//5338 4781//5338
f 4781//5339 4735//5339 4739//5339
f 4768//5340 4706//5340 4785//5340
f 4797//5341 4794//5341 4628//5341
f 4789//5342 4788//5342 4796//5342
f 4789//5343 4797//5343 4790//5343
f 4790//5344 4797//5344 4628//5344
f 4791//5345 4789//5345 4792//5345
f 4790//5346 4629//5346 4801//5346
f 4797//5347 4802//5347 4794//5347
f 4789//5348 4796//5348 4795//5348
f 4789//5349 4795//5349 4797//5349
f 4788//5350 4811//5350 4796//5350
f 4629//5351 4799//5351 4798//5351
f 4802//5352 4795//5352 4805//5352
f 4802//5353 4793//5353 4794//5353
f 4795//5354 4802//5354 4797//5354
f 4802//5355 4804//5355 4793//5355
f 4811//5356 4931//5356 4796//5356
f 4806//5357 4793//5357 4803//5357
f 4794//5358 4793//5358 4806//5358
f 4804//5359 4805//5359 4808//5359
f 4754//5360 4803//5360 4808//5360
f 4931//5361 4807//5362 4800//5363
f 4932//5364 4808//5364 4810//5364
f 4813//5365 4754//5365 4812//5365
f 4815//5366 4819//5366 4818//5366
f 4814//5367 4819//5367 4815//5367
f 4814//5368 4815//5368 4816//5368
f 4818//5369 4819//5369 4821//5369
f 4819//5370 4799//5371 4820//5372
f 4816//5373 4897//5373 4798//5373
f 4821//5374 4820//5372 4809//5375
f 4818//5376 4823//5376 4851//5376
f 4813//5377 4809//5377 4754//5377
f 4813//5378 4822//5378 4809//5378
f 4822//5379 4933//5379 4823//5379
f 4873//5380 4823//5380 4825//5380
f 4829//5381 4827//5381 4842//5381
f 4830//5382 4831//5382 4826//5382
f 4828//5383 4837//5383 4832//5383
f 4832//5384 4837//5384 4838//5384
f 4828//5385 4832//5386 4833//5387
f 4830//5388 4826//5388 4855//5388
f 4832//5389 4829//5389 4834//5389
f 4831//5390 4834//5390 4829//5390
f 4828//5391 4906//5391 4841//5391
f 4829//5392 4842//5392 4843//5392
f 4838//5393 4847//5393 4827//5393
f 4817//5394 4839//5394 4840//5394
f 4817//5395 4815//5395 4839//5395
f 4845//5396 4843//5396 4842//5396
f 4843//5397 4849//5397 4835//5397
f 4837//5398 4851//5398 4847//5398
f 4842//5399 4827//5399 4844//5399
f 4847//5400 4857//5400 4844//5400
f 4842//5401 4844//5401 4852//5401
f 4851//5402 4837//5402 4839//5402
f 4844//5403 4857//5403 4852//5403
f 4845//5404 4852//5404 4848//5404
f 4848//5405 4849//5405 4845//5405
f 4853//5406 4849//5406 4850//5406
f 4846//5407 4853//5407 4854//5407
f 4856//5408 4859//5408 4860//5408
f 4855//5409 4846//5409 4854//5409
f 4859//5410 4855//5410 4854//5410
f 4856//5411 4855//5411 4859//5411
f 4858//5412 4850//5412 4878//5412
f 4865//5413 4854//5413 4858//5413
f 4865//5414 4859//5414 4854//5414
f 4860//5415 4859//5415 4866//5415
f 4848//5416 4861//5416 4863//5416
f 4857//5417 4861//5417 4852//5417
f 4850//5418 4863//5418 4878//5418
f 4882//5419 4864//5419 4858//5419
f 4847//5420 4868//5420 4861//5420
f 4864//5421 4865//5421 4858//5421
f 4851//5422 4873//5422 4868//5422
f 4858//5423 4878//5423 4882//5423
f 4874//5424 4861//5424 4867//5424
f 4879//5425 4866//5425 4865//5425
f 4861//5426 4869//5426 4867//5426
f 4871//5427 4860//5427 4866//5427
f 4917//5428 4860//5428 4871//5428
f 4874//5429 4956//5429 4863//5429
f 4878//5430 4863//5430 4956//5430
f 4865//5431 4957//5431 4879//5431
f 4874//5432 4872//5432 4876//5432
f 4880//5433 4879//5433 4958//5433
f 4871//5434 4879//5434 4880//5434
f 4855//5435 4856//5435 4881//5435
f 4885//5436 4788//5436 4791//5436
f 4886//5437 4883//5437 4801//5437
f 4897//5438 4886//5438 4801//5438
f 4884//5439 4888//5439 4885//5439
f 4811//5440 4788//5440 4888//5440
f 4887//5441 4889//5441 4884//5441
f 4891//5442 4887//5442 4886//5442
f 4889//5443 4888//5443 4884//5443
f 4891//5444 4890//5444 4887//5444
f 4895//5445 4892//5446 4891//5447
f 4888//5448 4981//5449 4811//5450
f 4888//5451 4983//5452 4981//5453
f 4892//5454 4893//5454 4890//5454
f 4896//5455 4898//5455 4816//5455
f 4816//5456 4898//5456 4897//5456
f 4896//5457 4901//5457 4898//5457
f 4910//5458 4901//5458 4896//5458
f 4898//5459 4894//5459 4891//5459
f 4989//5460 4901//5460 4899//5460
f 4901//5461 4988//5461 4894//5461
f 4901//5462 4989//5462 4988//5462
f 4902//5463 4831//5464 4830//5465
f 4910//5466 4896//5466 4840//5466
f 4908//5467 4906//5467 4907//5467
f 4909//5468 4907//5468 4834//5468
f 4909//5469 4908//5469 4907//5469
f 4909//5470 4903//5470 4904//5470
f 4903//5471 4909//5471 4834//5471
f 4905//5472 4860//5472 4904//5472
f 4908//5473 4912//5474 4841//5475
f 4860//5476 4862//5476 4911//5476
f 4912//5477 4908//5477 4909//5477
f 4913//5478 4910//5478 4841//5478
f 4914//5479 4912//5479 4915//5479
f 4911//5480 4915//5480 4904//5480
f 4919//5481 4913//5481 4914//5481
f 4918//5482 4914//5482 4915//5482
f 4916//5483 4922//5483 4915//5483
f 4899//5484 4901//5484 4910//5484
f 4915//5485 4920//5485 4918//5485
f 4919//5486 4899//5486 4913//5486
f 4899//5487 4919//5487 4991//5487
f 4917//5488 4871//5488 4995//5488
f 4916//5489 4917//5489 4994//5489
f 4921//5490 4919//5490 4918//5490
f 4922//5491 4993//5491 4920//5491
f 4916//5492 4911//5492 4917//5492
f 4703//5493 4701//5493 4705//5493
f 4924//5494 4701//5494 4923//5494
f 4923//5495 4704//5495 4925//5495
f 4696//5496 4925//5496 4704//5496
f 4927//5497 4930//5497 4756//5497
f 4928//5498 4930//5498 4927//5498
f 4757//5499 4705//5499 4929//5499
f 4929//5500 4926//5500 4756//5500
f 4924//5501 4926//5501 4929//5501
f 4929//5502 4756//5502 4930//5502
f 4756//5503 4926//5503 4925//5503
f 4737//5504 4730//5504 4740//5504
f 4754//5505 4932//5505 4812//5505
f 4936//5506 4812//5506 4932//5506
f 4936//5507 4939//5508 4933//5509
f 4934//5510 4931//5510 4937//5510
f 4938//5511 4934//5511 4937//5511
f 4940//5512 4948//5513 4939//5514
f 4945//5515 4939//5515 4935//5515
f 4943//5516 4937//5516 4931//5516
f 4944//5517 4938//5517 4937//5517
f 4943//5518 4944//5518 4937//5518
f 4941//5519 4945//5519 4946//5519
f 4942//5520 4943//5521 4982//5522
f 4947//5523 4944//5523 4943//5523
f 4941//5524 4946//5524 4987//5524
f 4933//5525 4939//5514 4948//5513
f 4940//5526 4824//5527 4948//5528
f 4949//5529 4824//5529 4940//5529
f 4951//5530 4953//5530 4949//5530
f 4941//5531 4952//5531 4940//5531
f 4951//5532 4949//5532 4940//5532
f 4877//5533 4872//5533 4870//5533
f 4955//5534 4878//5534 4956//5534
f 4957//5535 4961//5535 4958//5535
f 4872//5536 4877//5536 4876//5536
f 4963//5537 4958//5537 4961//5537
f 4962//5538 4873//5538 4825//5538
f 4968//5539 4961//5539 4954//5539
f 4997//5540 4953//5540 4991//5540
f 4964//5541 4966//5541 4967//5541
f 4966//5542 4959//5542 4960//5542
f 4968//5543 4954//5543 4964//5543
f 4970//5544 4966//5544 4960//5544
f 4979//5545 4970//5545 4960//5545
f 4978//5546 4963//5546 4971//5546
f 4973//5547 4971//5547 4972//5547
f 4974//5548 4973//5549 4965//5550
f 4980//5551 4970//5551 4998//5551
f 4997//5552 4998//5552 4979//5552
f 4969//5553 4967//5553 4977//5553
f 4980//5554 4977//5554 4967//5554
f 4880//5555 4958//5555 4963//5555
f 4892//5556 4895//5556 4893//5556
f 4981//5453 4983//5452 4982//5557
f 4893//5558 4985//5558 4983//5558
f 4895//5559 4984//5559 4893//5559
f 4952//5560 4984//5560 4895//5560
f 4981//5449 4982//5561 4811//5450
f 4982//5562 4983//5562 4986//5562
f 4947//5563 4942//5564 4986//5565
f 4985//5566 4947//5566 4983//5566
f 4947//5567 4986//5567 4983//5567
f 4984//5568 4946//5568 4947//5568
f 4987//5569 4946//5569 4984//5569
f 4952//5570 4987//5570 4984//5570
f 4951//5571 4988//5571 4989//5571
f 4995//5572 4871//5572 4990//5572
f 4992//5573 4919//5573 4921//5573
f 4922//5574 4994//5574 4995//5574
f 4953//5575 4989//5575 4991//5575
f 4997//5576 4991//5576 4919//5576
f 4992//5577 4997//5577 4919//5577
f 4993//5578 5006//5578 4921//5578
f 4922//5579 5008//5579 4993//5579
f 4995//5580 4996//5580 4922//5580
f 5006//5581 4998//5581 4992//5581
f 4993//5582 5007//5582 5010//5582
f 4993//5583 5008//5583 5007//5583
f 5010//5584 5006//5584 4993//5584
f 4996//5585 5008//5585 4922//5585
f 4990//5586 4976//5586 5009//5586
f 5007//5587 4975//5587 5010//5587
f 5009//5588 4976//5589 4975//5590
f 8//5591 4//5591 6//5591
f 2//5592 1//5592 7//5592
f 3//5593 2//5593 5//5593
f 7//5594 5//5594 2//5594
f 5//5595 7//5595 6//5595
f 3//9 5//5596 11//10
f 13//5597 10//5597 104//5597
f 14//5598 13//5598 104//5598
f 16//5599 18//5599 19//5599
f 17//5600 24//5600 18//5600
f 19//5601 18//5601 22//5601
f 23//5602 19//5602 22//5602
f 18//5603 61//5603 17//5603
f 22//5604 18//5604 21//5604
f 20//5605 53//5605 27//5605
f 20//5606 27//5606 26//5606
f 21//5607 24//5607 25//5607
f 20//5608 26//5608 24//5608
f 110//5609 22//5609 21//5609
f 53//5610 14//5610 27//5610
f 53//5611 15//5611 14//5611
f 28//5612 110//5612 116//5612
f 23//5613 110//5613 29//5613
f 29//5614 110//5614 30//5614
f 15//5615 13//5615 14//5615
f 31//5616 30//5616 28//5616
f 12//5617 4//5617 34//5617
f 34//5618 8//5618 32//5618
f 35//5619 34//5619 32//5619
f 35//5620 32//5620 33//5620
f 35//5621 36//5621 34//5621
f 36//5622 12//5622 34//5622
f 40//5623 33//5623 37//5623
f 36//5624 39//5624 12//5624
f 38//5625 40//5625 37//5625
f 8//5626 1//5626 32//5626
f 39//34 94//33 12//5627
f 36//5628 134//5628 39//5628
f 42//5629 43//5629 134//5629
f 94//5630 92//5630 12//5630
f 45//5631 33//5631 3//5631
f 46//5632 45//5632 44//5632
f 46//5633 44//5633 49//5633
f 13//5634 45//5634 10//5634
f 47//5635 50//5635 49//5635
f 48//5636 46//5636 139//5636
f 58//5637 51//5637 16//5637
f 52//5638 17//5638 61//5638
f 55//5639 52//5639 61//5639
f 54//5640 55//5640 61//5640
f 52//5641 62//5641 53//5641
f 54//5642 61//5642 51//5642
f 62//5643 52//5643 55//5643
f 62//5644 55//5644 57//5644
f 58//5645 70//5645 59//5645
f 17//5646 52//5646 53//5646
f 47//5647 44//5647 15//5647
f 57//5648 73//5648 62//5648
f 56//5649 57//5649 55//5649
f 64//5650 57//5650 60//5650
f 59//5651 65//5651 60//5651
f 68//5652 15//5652 62//5652
f 64//5653 60//5653 67//5653
f 65//5654 67//5654 60//5654
f 65//5655 71//5655 67//5655
f 68//5656 50//5656 47//5656
f 71//5657 59//5657 63//5657
f 72//5658 29//5658 166//5658
f 68//5659 69//5659 50//5659
f 69//5660 68//5660 73//5660
f 66//5661 74//5661 73//5661
f 170//5662 176//5662 71//5662
f 72//5663 58//5663 16//5663
f 58//5664 72//5664 70//5664
f 72//5665 16//5665 29//5665
f 78//5666 77//5666 222//5666
f 75//5667 224//5667 77//5667
f 79//5668 76//5668 78//5668
f 79//5669 78//5669 223//5669
f 78//5670 222//5670 223//5670
f 81//5671 79//5671 223//5671
f 222//5672 77//5672 221//5672
f 226//5673 223//5673 222//5673
f 221//69 224//68 225//5674
f 227//5675 223//5675 226//5675
f 82//5676 249//5676 247//5676
f 84//5677 224//5677 75//5677
f 76//5678 79//5678 85//5678
f 79//5679 86//5679 85//5679
f 89//5680 9//5680 92//5680
f 88//5681 11//5681 91//5681
f 93//5682 90//5682 89//5682
f 93//5683 89//5683 95//5683
f 94//5684 100//5684 92//5684
f 97//5685 96//5685 93//5685
f 100//5686 95//5686 92//5686
f 107//5687 96//5687 98//5687
f 99//5688 98//5688 96//5688
f 95//5689 100//5689 101//5689
f 353//5690 99//5690 102//5690
f 10//5691 88//5691 104//5691
f 108//5692 105//5692 106//5692
f 161//5693 108//5693 106//5693
f 106//5694 107//5694 98//5694
f 111//5695 21//5695 25//5695
f 113//5696 27//5696 14//5696
f 31//5697 166//5697 30//5697
f 27//5698 113//5698 112//5698
f 120//5699 25//5699 27//5699
f 25//5700 26//5700 27//5700
f 27//5701 112//5701 120//5701
f 120//5702 111//5702 25//5702
f 116//5703 115//5703 114//5703
f 117//5704 178//5704 31//5704
f 118//5705 111//5705 120//5705
f 125//5706 112//5706 113//5706
f 125//5707 113//5707 105//5707
f 120//5708 121//5708 118//5708
f 116//5709 114//5709 122//5709
f 121//5710 120//5711 112//5712
f 127//5713 125//5713 108//5713
f 119//5714 118//5715 121//5716
f 128//5717 133//5717 122//5717
f 123//5718 117//5718 128//5718
f 117//5719 133//5719 128//5719
f 121//5710 112//5712 126//5720
f 119//5714 121//5716 130//5721
f 127//5722 109//5722 126//5722
f 126//5723 130//5723 121//5723
f 119//5724 212//5724 124//5724
f 109//5725 131//5725 126//5725
f 133//5726 31//5726 28//5726
f 136//5727 94//33 43//38
f 139//5728 137//5728 48//5728
f 43//5729 135//5729 136//5729
f 138//5730 231//5730 135//5730
f 137//5731 141//5731 138//5731
f 141//5732 231//5732 138//5732
f 137//5733 140//5733 141//5733
f 159//5734 140//5734 137//5734
f 150//5735 142//5735 141//5735
f 141//5736 140//5736 150//5736
f 94//5737 144//5737 152//5737
f 142//5738 145//5738 144//5738
f 142//5739 150//5739 146//5739
f 142//5740 146//5740 145//5740
f 150//5741 140//5741 148//5741
f 140//5742 149//5742 148//5742
f 147//5743 150//5743 148//5743
f 146//139 151//138 145//5744
f 148//5745 151//5745 147//5745
f 152//5746 100//5746 94//5746
f 145//5747 154//5747 152//5747
f 154//5748 151//5748 354//5748
f 159//5749 137//5749 139//5749
f 50//5750 157//5750 139//5750
f 194//5751 160//5751 158//5751
f 139//5752 157//5752 159//5752
f 158//5753 160//5753 157//5753
f 160//5754 143//5754 157//5754
f 143//5755 160//5755 165//5755
f 163//162 149//161 143//5756
f 164//5757 165//5757 160//5757
f 98//5758 162//5758 161//5758
f 103//160 155//5759 149//161
f 163//158 165//157 103//5760
f 217//5761 168//5761 70//5761
f 70//5762 168//5762 63//5762
f 71//5763 63//5763 168//5763
f 169//5764 74//5764 64//5764
f 67//5765 169//5765 64//5765
f 172//5766 166//5766 31//5766
f 169//5767 175//5767 74//5767
f 31//5768 178//5768 172//5768
f 172//5769 167//5769 166//5769
f 174//5770 69//5770 73//5770
f 74//5771 177//5771 174//5771
f 69//5772 194//5772 158//5772
f 175//5773 180//5773 177//5773
f 176//5774 179//5774 169//5774
f 176//5775 218//5775 189//5775
f 172//5776 178//5776 123//5776
f 187//5777 168//5777 173//5777
f 185//5778 173//5778 172//5778
f 173//5779 185//5779 187//5779
f 185//5780 172//5780 123//5780
f 185//5781 123//5781 188//5781
f 188//5782 123//5782 129//5782
f 186//5783 205//5783 187//5783
f 194//5784 164//5784 160//5784
f 183//5785 210//206 191//205
f 180//5786 210//5786 183//5786
f 210//5787 180//5787 181//5787
f 189//5788 192//5788 184//5788
f 205//5789 190//5789 187//5789
f 191//5790 195//5790 183//5790
f 203//5791 210//5791 181//5791
f 184//5792 192//5792 203//5792
f 193//5793 189//5794 190//5795
f 190//5796 205//5796 192//5796
f 192//5797 193//5793 190//5795
f 164//5798 131//5798 109//5798
f 208//5799 191//5799 209//5799
f 186//5800 196//5800 205//5800
f 198//5801 201//5801 197//5801
f 192//5802 204//5802 203//5802
f 206//5803 212//5803 130//5803
f 214//5804 131//5804 208//5804
f 196//5805 219//5805 213//5805
f 210//5806 203//5806 216//5806
f 203//5807 211//5807 216//5807
f 211//5808 205//5808 196//5808
f 213//5809 212//5809 206//5809
f 214//5810 213//5810 132//5810
f 209//5811 215//5811 214//5811
f 209//5812 210//5812 215//5812
f 167//5813 217//5813 72//5813
f 170//5814 171//5814 182//5814
f 182//5815 171//5815 168//5815
f 182//5816 218//5816 170//5816
f 188//5817 220//5817 186//5817
f 220//5818 188//5818 129//5818
f 196//5819 186//5819 219//5819
f 81//5820 223//5820 227//5820
f 227//5821 80//5821 81//5821
f 233//5822 222//5822 221//5822
f 229//250 227//249 226//5823
f 228//5824 226//5824 230//5824
f 231//5825 136//5825 135//5825
f 221//5826 225//5826 232//5826
f 237//5827 269//5827 228//5827
f 236//5828 233//5828 232//5828
f 237//5829 230//5829 234//5829
f 240//5830 237//5830 234//5830
f 281//5831 240//5831 296//5831
f 241//5832 239//5832 236//5832
f 241//5833 232//5833 235//5833
f 239//5834 234//5834 236//5834
f 239//5835 240//5835 234//5835
f 240//5836 239//5836 242//5836
f 241//5837 235//5837 243//5837
f 244//5838 242//5838 239//5838
f 244//5839 239//5839 243//5839
f 242//5840 244//5840 300//5840
f 299//5841 245//5841 243//5841
f 245//5842 244//5842 243//5842
f 247//5843 255//5843 254//5843
f 250//5844 246//5844 251//5844
f 257//5845 251//5845 246//5845
f 250//5846 261//5846 246//5846
f 247//5847 254//5847 266//5847
f 247//5848 266//5848 253//5848
f 246//5849 258//5849 257//5849
f 261//5850 260//5850 246//5850
f 261//5851 227//5851 260//5851
f 302//5852 257//5852 256//5852
f 262//5853 258//5853 252//5853
f 260//5854 268//5854 252//5854
f 257//5855 258//5855 259//5855
f 257//5856 259//5856 256//5856
f 283//5857 265//5858 253//5859
f 252//5860 268//5860 262//5860
f 264//5861 266//5861 263//5861
f 253//5862 266//5862 264//5862
f 258//5863 262//5863 270//5863
f 283//5857 253//5859 264//5864
f 271//5865 268//5865 269//5865
f 268//5866 271//5866 270//5866
f 272//5867 259//5867 278//5867
f 271//5868 277//5868 270//5868
f 283//5869 264//5869 267//5869
f 278//5870 270//5870 277//5870
f 283//5871 267//5871 279//5871
f 271//5872 269//5872 281//5872
f 285//5873 271//5873 281//5873
f 281//5874 308//268 285//270
f 287//5875 284//5875 283//5875
f 272//5876 280//5876 267//5876
f 280//5877 279//5877 267//5877
f 277//5878 271//5878 285//5878
f 280//5879 288//5879 279//5879
f 288//5880 280//5881 282//5882
f 287//5883 283//5883 288//5883
f 289//5884 82//5884 265//5884
f 289//5885 248//5885 82//5885
f 284//280 290//5886 289//278
f 292//5887 86//5888 80//5889
f 297//5890 86//5890 292//5890
f 80//5889 293//5891 292//5887
f 293//5892 297//5892 292//5892
f 294//5893 298//5893 295//5893
f 297//5894 293//5894 296//5894
f 87//77 238//5895 224//77
f 298//5896 238//5896 295//5896
f 238//5897 299//5897 235//5897
f 238//5898 300//5898 245//5898
f 245//5899 300//5899 244//5899
f 261//5900 306//5900 227//5900
f 302//5901 251//5901 257//5901
f 301//5902 303//5902 302//5902
f 251//5903 302//5903 307//5903
f 250//5904 309//5904 261//5904
f 303//5905 301//5905 305//5905
f 83//5906 315//5906 301//5906
f 308//5907 293//5907 309//5907
f 307//5908 310//5908 304//5908
f 304//5909 311//5909 250//5909
f 315//5910 314//5910 305//5910
f 83//5911 291//5911 315//5911
f 310//5912 276//5912 311//5912
f 303//5913 313//5913 310//5913
f 275//5914 276//5914 310//5914
f 303//5915 305//5915 314//5915
f 316//5916 277//5916 308//5916
f 313//5917 282//5917 275//5917
f 311//5918 316//5918 250//5918
f 313//5919 314//5919 286//5919
f 313//5920 303//5920 314//5920
f 313//5921 286//5921 288//5921
f 313//5922 288//5880 282//5882
f 286//5923 317//5923 287//5923
f 248//5924 290//5924 291//5924
f 291//5925 318//5925 317//5925
f 322//364 320//363 325//5926
f 325//5927 330//5927 327//5927
f 355//5928 327//5928 326//5928
f 325//5929 320//5929 323//5929
f 330//5930 325//5930 323//5930
f 324//5931 321//334 328//334
f 326//5932 327//5932 333//5932
f 326//5933 333//5933 331//5933
f 333//5934 327//5934 330//5934
f 328//328 329//5935 323//329
f 333//5936 499//5936 331//5936
f 330//5937 497//5937 334//5937
f 321//5938 496//5938 329//5938
f 336//5939 335//5939 342//5939
f 338//5940 331//5940 337//5940
f 341//5941 336//5941 340//5941
f 344//5942 339//5942 341//5942
f 342//5943 335//5944 331//5945
f 342//5943 331//5945 346//5946
f 347//5947 344//5947 346//5947
f 345//5948 344//5948 347//5948
f 347//5949 509//5950 348//5951
f 347//5949 348//5951 345//5952
f 499//5953 349//5953 331//5953
f 402//344 343//343 404//5954
f 404//5955 343//5956 350//5957
f 404//5955 350//5957 351//5958
f 515//5959 352//5960 345//5961
f 354//5962 153//5962 154//5962
f 156//5963 353//5963 354//5963
f 155//5964 353//5964 156//5964
f 320//5965 357//5965 361//5965
f 356//5966 357//5966 355//5966
f 361//5967 357//5967 358//5967
f 380//5968 359//5969 319//5970
f 360//5971 357//5971 356//5971
f 364//5972 359//5972 380//5972
f 368//5973 360//5973 356//5973
f 364//5974 356//5974 359//5974
f 358//5975 366//5975 361//5975
f 360//5976 368//5976 358//5976
f 368//5977 367//5977 358//5977
f 356//5978 364//5978 368//5978
f 370//5979 373//5979 367//5979
f 368//5980 370//5980 367//5980
f 366//5981 371//5981 321//5981
f 372//5982 371//5982 366//5982
f 522//5983 372//5983 375//5983
f 374//5984 373//5984 370//5984
f 373//5985 518//5986 367//5987
f 379//395 377//394 336//5988
f 336//390 376//392 335//5989
f 335//5990 380//5990 337//5990
f 337//5991 380//5968 319//5970
f 378//5992 387//400 377//399
f 381//5993 379//5993 339//5993
f 386//5994 379//5994 336//5994
f 386//406 341//5995 339//407
f 378//5996 384//5997 383//5998
f 385//5999 392//6000 387//6001
f 393//6002 378//5996 383//5998
f 391//6003 383//6003 381//6003
f 398//6004 392//6000 385//5999
f 369//6005 387//6005 392//6005
f 398//6006 369//6006 392//6006
f 385//6007 401//6007 398//6007
f 391//6008 396//6008 383//6008
f 394//6009 390//6009 388//6009
f 391//6010 397//6010 396//6010
f 400//6011 393//6011 396//6011
f 399//6012 400//6012 539//6012
f 399//6013 401//6013 385//6013
f 403//6014 405//6014 402//6014
f 409//6015 419//6015 404//6015
f 408//6016 413//6016 407//6016
f 414//6017 412//6017 406//6017
f 405//6018 416//6018 410//6018
f 407//6019 413//6019 405//6019
f 416//6020 554//6020 394//6020
f 418//6021 416//6021 413//6021
f 416//6022 418//6022 555//6022
f 419//6023 411//6023 406//6023
f 411//6024 419//6024 420//6024
f 415//6025 420//6025 409//6025
f 424//6026 423//6026 422//6026
f 471//6027 424//6027 428//6027
f 422//6028 427//6028 425//6028
f 433//6029 425//6029 431//6029
f 429//6030 425//6030 433//6030
f 434//6031 474//6031 429//6031
f 427//6032 430//6032 432//6032
f 436//6033 433//6033 435//6033
f 431//6034 432//6034 562//6034
f 426//6035 564//6035 430//6035
f 437//6036 431//6036 562//6036
f 438//6037 453//6037 451//6037
f 451//6038 461//6038 438//6038
f 449//6039 448//6039 441//6039
f 453//6040 438//6040 447//6040
f 445//6041 438//6041 450//6041
f 443//6042 450//6042 440//6042
f 445//6043 447//6043 438//6043
f 439//6044 443//6044 440//6044
f 484//6045 443//6045 439//6045
f 442//6046 448//6046 468//6046
f 453//6047 442//6047 468//6047
f 486//6048 434//6048 452//6048
f 449//6049 459//6049 448//6049
f 460//6050 453//6050 468//6050
f 440//6051 456//6051 466//6051
f 466//6052 456//6052 457//6052
f 458//6053 440//6053 574//6053
f 572//6054 448//6054 459//6054
f 1347//6055 1556//6055 1558//6055 1557//6055
f 452//6056 436//473 463//475
f 459//6057 452//6058 464//6059
f 469//6060 459//6060 436//6060
f 460//6061 575//6061 461//6061
f 459//6062 469//6062 572//6062
f 466//6063 457//6063 467//6063
f 468//6064 448//6064 572//6064
f 575//6065 468//6065 579//6065
f 444//6066 458//6066 470//6066
f 423//6067 424//6067 471//6067
f 471//6068 472//6068 423//6068
f 428//6069 429//6069 474//6069
f 474//6070 473//6070 428//6070
f 471//6071 473//6071 477//6071
f 455//6072 475//6073 474//6074
f 475//6073 473//6075 474//6074
f 591//6076 473//6076 475//6076
f 480//6077 439//6077 444//6077
f 445//6078 484//6078 481//6078
f 485//6079 484//6079 439//6079
f 447//6080 454//6080 453//6080
f 483//6081 490//6081 446//6081
f 481//6082 447//6082 445//6082
f 455//6083 486//6083 478//6083
f 488//6084 483//6084 454//6084
f 481//6085 482//6085 447//6085
f 485//6086 492//6086 484//6086
f 487//6087 486//6087 449//6087
f 487//6088 478//6088 486//6088
f 446//6089 490//6089 489//6089
f 490//6090 483//6090 488//6090
f 481//6091 492//6091 491//6091
f 480//6092 495//6092 485//6092
f 488//6093 482//6093 577//6093
f 600//6094 491//6094 492//6094
f 485//6095 600//6095 492//6095
f 480//6096 470//6096 494//6096
f 495//6097 480//6097 494//6097
f 334//6098 500//6098 332//6098
f 500//6099 498//6099 332//6099
f 503//6100 497//6100 496//6100
f 504//6101 503//6101 496//6101
f 502//6102 500//6102 334//6102
f 506//6103 501//6103 500//6103
f 501//6104 498//6104 500//6104
f 507//6105 346//6105 349//6105
f 508//6106 509//6106 347//6106
f 507//6107 508//6107 347//6107
f 499//6108 511//6109 512//6110
f 512//6111 349//6111 499//6111
f 514//6112 508//537 512//539
f 348//6113 515//5959 345//5961
f 519//6114 374//6114 540//6114
f 518//5986 373//5985 375//6115
f 522//6116 375//6116 527//6116
f 375//6117 520//6117 527//6117
f 505//6118 524//6118 502//6118
f 523//6119 519//6119 549//6119
f 505//531 503//531 526//6120
f 524//6121 506//6121 502//6121
f 528//6122 501//6122 506//6122
f 504//561 525//560 526//6123
f 520//6124 524//6124 527//6124
f 522//6125 527//6125 521//6125
f 506//6126 523//6126 528//6126
f 524//6127 523//6127 506//6127
f 534//6128 530//6128 610//6128
f 530//6129 535//6129 609//6129
f 537//6130 534//6130 536//6130
f 610//6131 609//6131 608//6131
f 536//6132 534//6132 610//6132
f 398//6133 401//6133 540//6133
f 400//6134 542//6134 539//6134
f 397//6135 542//6135 396//6135
f 542//6136 400//6136 396//6136
f 543//6137 542//6137 397//6137
f 539//6138 542//6138 541//6138
f 545//6139 542//6139 543//6139
f 547//6140 401//6140 550//6140
f 541//6141 542//6141 545//6141
f 547//6142 546//6142 540//6142
f 548//6143 512//6110 511//6109
f 541//6144 544//6144 514//6144
f 549//6145 519//6145 546//6145
f 548//6146 513//6146 512//6146
f 528//6147 548//6147 501//6147
f 551//6148 513//6148 548//6148
f 551//6149 514//6149 513//6149
f 549//593 552//592 551//6150
f 552//6151 550//6151 551//6151
f 553//6152 415//6152 352//6152
f 394//6153 554//6153 395//6153
f 418//6154 559//6154 555//6154
f 561//6155 553//6155 556//6155
f 556//6156 560//6156 559//6156
f 554//6157 517//6158 516//6159
f 554//6157 558//6160 517//6158
f 558//6161 515//605 517//604
f 561//6162 415//6162 553//6162
f 562//6163 565//6163 437//6163
f 564//6164 566//6164 562//6164
f 565//6165 435//6165 437//6165
f 569//6166 566//6166 564//6166
f 564//6167 567//6167 569//6167
f 569//6168 570//6168 566//6168
f 570//6169 565//6169 566//6169
f 570//6170 568//6170 565//6170
f 570//6171 569//6171 567//6171
f 598//6172 571//6172 570//6172
f 563//6173 469//6173 435//6173
f 583//6174 577//6174 576//6174
f 579//630 572//6175 584//631
f 581//6176 584//6177 572//6178
f 466//6179 578//6179 574//6179
f 581//6180 469//6180 563//6180
f 575//6181 576//6181 580//6181
f 582//6182 581//6182 563//6182
f 583//6183 576//626 579//625
f 599//6184 580//6184 576//6184
f 588//6185 590//6185 573//6185
f 574//6186 588//6186 573//6186
f 585//6187 586//6187 578//6187
f 604//6188 586//6189 585//6190
f 581//6176 587//6191 584//6177
f 594//6192 582//6192 563//6192
f 594//6193 595//6193 591//6193
f 597//6194 596//6194 593//6194
f 591//6195 595//6195 597//6195
f 595//6196 594//6196 568//6196
f 592//6197 567//6197 472//6197
f 571//6198 597//6198 595//6198
f 567//6199 598//6199 570//6199
f 592//6200 598//6200 567//6200
f 803//6201 872//6201 811//6201
f 489//6202 601//6202 582//6202
f 482//6203 599//6203 577//6203
f 493//6204 490//6204 577//6204
f 577//6205 599//6205 576//6205
f 587//6206 577//6206 583//6206
f 493//6207 601//6207 489//6207
f 602//6208 491//6208 600//6208
f 604//6188 603//6209 586//6189
f 602//6210 604//6211 599//6212
f 495//6213 606//6213 605//6213
f 604//6211 585//6214 599//6212
f 495//6215 494//6215 606//6215
f 606//6216 494//6216 590//6216
f 608//6217 609//6217 607//6217
f 529//6218 531//6218 612//6218
f 612//6219 611//6219 529//6219
f 614//6220 529//6220 611//6220
f 617//6221 607//6221 615//6221
f 535//6222 619//6222 607//6222
f 608//674 607//6223 617//675
f 619//6224 615//6224 607//6224
f 616//6225 613//6225 617//6225
f 616//6226 621//6226 612//6226
f 622//6227 618//6227 621//6227
f 615//6228 624//6228 620//6228
f 631//6229 614//6229 611//6229
f 626//6230 669//6230 630//6230
f 628//6231 629//6231 627//6231
f 632//6232 669//6232 631//6232
f 631//6233 618//6233 622//6233
f 631//6234 633//6234 634//6234
f 635//6235 633//6235 622//6235
f 641//6236 637//6236 636//6236
f 638//6237 641//6237 642//6237
f 636//6238 684//6238 644//6238
f 646//6239 641//6239 648//6239
f 648//6240 644//6240 649//6240
f 653//6241 776//6241 643//6241
f 612//6242 536//6242 613//6242
f 671//6243 533//6244 532//6245
f 537//6246 533//6246 657//6246
f 655//6247 537//6248 656//6249
f 657//6250 533//6250 654//6250
f 658//6251 656//717 657//717
f 655//6247 656//6249 658//6252
f 659//6253 655//6253 658//6253
f 657//6254 660//6254 658//6254
f 654//6255 660//6255 657//6255
f 654//6256 696//6256 660//6256
f 659//6257 658//6257 662//6257
f 663//6258 660//6258 696//6258
f 664//6259 663//6259 665//6259
f 663//6260 930//6260 665//6260
f 665//6261 933//6261 661//6261
f 667//6262 930//6262 663//6262
f 671//6243 532//6245 673//6263
f 532//6264 529//6264 673//6264
f 668//6265 670//6265 674//6265
f 671//6266 673//6266 668//6266
f 673//6267 614//6267 670//6267
f 674//6268 672//6268 668//6268
f 614//6269 631//6269 669//6269
f 672//6270 677//6270 671//6270
f 654//6271 671//6271 677//6271
f 672//6272 678//6272 677//6272
f 678//6273 672//6273 683//6273
f 679//6274 676//6274 675//6274
f 729//6275 682//747 679//749
f 654//6276 677//6276 696//6276
f 680//6277 630//6277 681//6277
f 684//6278 736//6278 681//6278
f 682//6279 689//6279 685//6279
f 686//6280 678//6280 685//6280
f 683//6281 685//6281 678//6281
f 678//6282 686//6282 677//6282
f 684//6283 681//6283 687//6283
f 682//6284 693//6285 689//6285
f 691//6286 630//6286 632//6286
f 682//6287 692//6287 693//6287
f 685//6288 689//6285 693//6285
f 688//6289 694//6289 695//6289
f 746//6290 688//6290 695//6290
f 686//6291 690//6291 677//6291
f 693//6292 686//6292 685//6292
f 694//6293 688//6293 691//6293
f 695//6294 694//6294 693//6294
f 698//6295 693//6295 694//6295
f 694//6296 691//6296 699//6296
f 690//6297 698//6297 700//6297
f 697//6298 700//6298 699//6298
f 700//6299 955//6299 699//6299
f 698//6300 955//6300 700//6300
f 640//6301 702//6301 710//6301
f 703//6302 701//6302 711//6302
f 710//6303 702//6303 705//6303
f 715//6304 701//6304 703//6304
f 708//6305 701//6305 636//6305
f 709//6306 708//6306 638//6306
f 709//6307 707//6307 711//6307
f 722//6308 719//6308 721//6308
f 713//6309 712//6309 702//6309
f 723//6310 722//6310 721//6310
f 714//6311 702//6311 712//6311
f 714//6312 705//6312 702//6312
f 716//6313 707//6313 724//6313
f 723//6314 710//6314 704//6314
f 717//6315 701//6315 715//6315
f 707//6316 718//6316 706//6316
f 715//6317 706//6317 718//6317
f 640//6318 710//6318 639//6318
f 709//6319 638//6319 642//6319
f 719//6320 722//6320 720//6320
f 675//6321 736//6321 729//6321
f 713//6322 786//6322 712//6322
f 679//6323 675//6323 729//6323
f 723//6324 725//6324 722//6324
f 705//6325 714//6325 727//6325
f 701//6326 736//6326 636//6326
f 734//6327 709//6327 642//6327
f 731//6328 716//6328 724//6328
f 725//6329 731//6329 724//6329
f 725//6330 723//6330 732//6330
f 704//6331 732//6331 723//6331
f 717//6332 733//6332 735//6332
f 739//6333 731//6333 725//6333
f 647//6334 728//6335 721//6336
f 739//6337 738//6337 731//6337
f 734//6338 742//6338 647//6338
f 729//6339 735//6339 682//6339
f 740//6340 738//6340 769//6340
f 740//6341 747//6341 733//6341
f 650//6342 728//6335 647//6334
f 753//6343 743//6343 793//6343
f 762//6344 742//6345 646//6346
f 650//6347 647//6347 742//6347
f 744//6348 737//6348 768//6348
f 768//6349 737//6349 749//6349
f 745//6350 744//6350 768//6350
f 735//6351 746//6351 692//6351
f 773//6352 746//6352 735//6352
f 738//6353 760//6353 750//6353
f 733//6354 773//6354 735//6354
f 748//6355 742//6345 762//6344
f 748//6356 650//6356 742//6356
f 760//6357 757//6357 750//6357
f 741//6358 752//6358 751//6358
f 743//6359 752//6359 741//6359
f 755//6360 652//6360 684//6360
f 765//6361 757//6361 758//6361
f 760//6362 767//6362 757//6362
f 772//6363 753//6363 745//6363
f 763//6364 651//6364 650//6364
f 762//6365 754//6365 748//6365
f 765//6366 754//6366 762//6366
f 765//6367 758//6367 754//6367
f 746//6368 771//6368 755//6368
f 767//6369 766//6369 758//6369
f 766//6370 759//6370 756//6370
f 767//6371 759//6371 766//6371
f 801//6372 768//6372 749//6372
f 759//6373 767//6373 760//6373
f 746//6374 773//6374 771//6374
f 773//6375 765//6375 775//6375
f 761//6376 770//6376 649//6376
f 764//6377 651//6377 763//6377
f 770//6378 762//6378 649//6378
f 775//6379 762//6379 770//6379
f 771//6380 652//6380 755//6380
f 765//6381 762//6381 775//6381
f 775//6382 771//6382 773//6382
f 745//6383 768//845 772//847
f 759//6384 752//6384 772//6384
f 774//6385 764//6385 763//6385
f 772//6386 774//6386 763//6386
f 768//6387 764//6387 774//6387
f 775//6388 770//6388 771//6388
f 776//6389 713//6389 640//6389
f 714//6390 730//6390 777//6390
f 779//6391 778//6391 713//6391
f 779//6392 783//6392 781//6392
f 779//6393 787//6393 778//6393
f 714//6394 777//6394 727//6394
f 780//6395 776//6395 653//6395
f 789//6396 783//6396 780//6396
f 781//6397 789//6397 784//6397
f 785//6398 781//6398 784//6398
f 788//6399 790//6399 787//6399
f 778//6400 737//6400 786//6400
f 787//6401 790//6401 797//6401
f 791//6402 790//6402 788//6402
f 791//6403 792//6403 790//6403
f 777//6404 743//6404 727//6404
f 743//6405 777//6405 793//6405
f 653//6406 782//6406 780//6406
f 744//6407 777//6407 737//6407
f 797//6408 794//6408 787//6408
f 651//6409 653//6409 643//6409
f 764//6410 653//6410 651//6410
f 782//6411 653//6411 800//6411
f 795//6412 799//6412 784//6412
f 797//6413 792//6413 796//6413
f 795//6414 782//6414 796//6414
f 797//6415 796//6415 800//6415
f 798//6416 795//6416 796//6416
f 792//6417 798//6417 796//6417
f 799//6418 795//6418 798//6418
f 798//6419 792//869 799//868
f 737//873 794//6420 801//874
f 764//6421 794//6421 800//6421
f 653//6422 764//6422 800//6422
f 806//6423 804//6423 805//6423
f 805//6424 804//6424 811//6424
f 807//6425 802//6425 806//6425
f 808//6426 802//6426 807//6426
f 802//6427 808//6427 875//6427
f 806//6428 805//6428 809//6428
f 805//6429 811//6429 809//6429
f 813//6430 807//6430 817//6430
f 811//6431 821//6431 809//6431
f 812//6432 821//6432 811//6432
f 806//6433 810//6433 817//6433
f 820//6434 814//6434 813//6434
f 817//6435 820//6435 813//6435
f 818//6436 820//6436 817//6436
f 819//6437 816//6437 821//6437
f 822//6438 860//6438 820//6438
f 818//6439 819//6439 1000//6439
f 822//6440 820//6440 818//6440
f 823//6441 818//6441 1000//6441
f 826//6442 836//6442 825//6442
f 828//6443 829//6443 835//6443
f 829//6444 834//6444 835//6444
f 833//6445 829//6445 828//6445
f 827//6446 833//6446 840//6446
f 836//6447 830//6447 825//6447
f 833//6448 827//6448 829//6448
f 888//6449 834//6449 829//6449
f 888//6450 829//6450 827//6450
f 832//906 825//6451 831//904
f 893//6452 815//6452 841//6452
f 837//6453 835//6453 834//6453
f 830//898 839//6454 831//899
f 840//6455 848//6455 847//6455
f 814//6456 841//6456 815//6456
f 836//6457 841//6457 830//6457
f 832//6458 846//6458 842//6458
f 846//6459 832//6459 844//6459
f 838//6460 893//6460 836//6460
f 832//966 842//6461 843//967
f 845//913 835//6462 842//913
f 830//6463 841//6463 814//6463
f 846//6464 844//6464 845//6464
f 848//6465 833//907 850//909
f 858//6466 857//6466 855//6466
f 856//6467 854//6467 849//6467
f 871//6468 848//6468 854//6468
f 871//6469 847//6469 848//6469
f 859//6470 844//6470 855//6470
f 851//931 861//6471 849//929
f 860//6472 852//6472 820//6472
f 904//6473 852//6473 860//6473
f 862//6474 871//6474 856//6474
f 865//6475 859//6475 855//6475
f 865//6476 853//6476 859//6476
f 871//6477 862//6477 867//6477
f 861//6478 863//6478 856//6478
f 864//6479 857//6480 904//6481
f 864//6482 865//6482 857//6482
f 901//6483 861//6483 853//6483
f 866//6484 867//6484 862//6484
f 868//6485 863//6485 861//6485
f 827//6486 840//6486 847//6486
f 827//6487 847//6487 869//6487
f 803//6488 811//620 802//622
f 803//6489 802//6489 875//6489
f 885//6490 811//6490 872//6490
f 873//6491 872//6491 803//6491
f 803//6492 875//6492 873//6492
f 874//6493 885//6493 872//6493
f 873//6494 875//6494 877//6494
f 872//6495 876//6495 874//6495
f 877//6496 876//6496 873//6496
f 878//6497 879//6497 877//6497
f 900//6498 878//6498 893//6498
f 882//6499 878//6499 881//6499
f 900//6500 881//6500 878//6500
f 822//6501 900//6501 860//6501
f 884//6502 879//6502 881//6502
f 880//6503 879//6503 884//6503
f 823//6504 881//6504 822//6504
f 1003//6505 884//6505 823//6505
f 1003//6506 885//6506 884//6506
f 834//6507 888//6507 886//6507
f 826//6508 887//6508 836//6508
f 887//6509 838//6509 836//6509
f 888//6510 889//6510 886//6510
f 886//6511 843//6511 837//6511
f 894//6512 838//6512 887//6512
f 898//6513 890//6513 897//6513
f 898//6514 887//6514 890//6514
f 892//6515 827//6515 869//6515
f 896//6516 895//6516 886//6516
f 891//6517 903//6517 889//6517
f 901//6518 899//6518 897//6518
f 899//6519 898//6519 897//6519
f 899//6520 906//6520 898//6520
f 895//6521 901//6521 897//6521
f 896//6522 889//6522 902//6522
f 898//6523 906//6523 894//6523
f 905//6524 896//6524 902//6524
f 903//6525 866//6525 902//6525
f 900//6526 904//6526 860//6526
f 905//6527 868//941 901//940
f 906//6528 864//6479 904//6481
f 867//6529 870//6529 871//6529
f 892//6530 869//6530 907//6530
f 907//6531 869//6531 870//6531
f 892//6532 907//6532 903//6532
f 907//6533 867//6533 903//6533
f 623//6534 625//6534 909//6534
f 908//6535 620//6535 624//6535
f 922//6536 910//6536 912//6536
f 910//6537 914//6537 912//6537
f 914//6538 916//6538 912//6538
f 915//994 914//993 911//6539
f 920//6540 916//6540 915//6540
f 912//6541 916//6541 918//6541
f 918//6542 916//6542 921//6542
f 916//6543 920//6543 921//6543
f 924//6544 922//6544 917//6544
f 923//6545 922//6546 924//6547
f 956//6548 924//6548 925//6548
f 975//6549 927//6549 1061//6549
f 933//6550 935//6550 932//6550
f 667//6551 935//6551 930//6551
f 619//6552 931//6552 624//6552
f 935//6553 667//6553 938//6553
f 931//6554 908//6554 624//6554
f 934//6555 625//6555 908//6555
f 909//1012 934//1014 937//6556
f 934//6557 932//6557 937//6557
f 666//6558 661//6558 936//6558
f 908//6559 936//6559 934//6559
f 942//6560 939//6560 911//6560
f 940//6561 910//6561 922//6561
f 943//6562 942//6563 911//6564
f 949//6565 913//6565 939//6565
f 945//6566 949//6566 939//6566
f 947//6567 942//6567 943//6567
f 942//6568 947//6568 944//6568
f 946//6569 947//6569 940//6569
f 941//6570 946//6570 940//6570
f 943//6562 911//6564 914//6571
f 944//1033 949//6572 945//1031
f 953//1042 944//6573 950//1040
f 1039//6574 913//6574 949//6574
f 965//6575 951//6575 948//6575
f 954//6576 1074//6576 952//6576
f 959//6577 948//6577 941//6577
f 923//6545 957//6578 922//6546
f 956//6579 957//6580 923//6581
f 956//6579 923//6581 924//6582
f 958//6583 956//6583 960//6583
f 959//6584 941//6584 957//6584
f 962//6585 958//6585 961//6585
f 966//6586 959//6586 963//6586
f 967//6587 972//6587 973//6587
f 973//6588 961//6588 1106//6588
f 971//6589 1111//6589 968//6589
f 975//6590 969//6590 927//6590
f 977//6591 975//1005 990//1083
f 977//6592 969//6592 975//6592
f 987//6593 976//6593 980//6593
f 977//6594 990//6594 986//6594
f 988//6595 985//6595 987//6595
f 988//6596 979//6596 985//6596
f 989//6597 984//6597 978//6597
f 981//6598 988//6598 987//6598
f 968//6599 977//6599 971//6599
f 1120//6600 976//6600 928//6600
f 985//6601 982//6601 991//6601
f 999//6602 1120//6602 992//6602
f 980//6603 976//6603 1120//6603
f 989//6604 1122//6604 984//6604
f 979//6605 988//6605 993//6605
f 986//6606 1129//6606 977//6606
f 1164//6607 981//6608 980//6609
f 999//6610 992//6610 995//6610
f 996//6611 999//6611 995//6611
f 999//6612 997//6612 1169//6612
f 1002//6613 823//6613 1000//6613
f 1002//6614 1000//6614 1001//6614
f 1001//6615 1000//891 824//893
f 1002//6616 812//6616 885//6616
f 885//6617 1003//6617 1002//6617
f 1005//6618 1010//6618 1011//6618
f 1006//6619 1005//6619 1011//6619
f 1006//6620 1011//6620 1013//6620
f 1008//6621 1004//6621 1006//6621
f 1004//6622 1012//6622 1005//6622
f 1012//6623 1004//6623 1008//6623
f 1014//6624 1018//6624 1008//6624
f 1013//6625 1011//6625 1009//6625
f 1035//6626 1008//6626 1018//6626
f 1005//6627 1015//6627 1010//6627
f 1016//6628 1018//6628 1014//6628
f 1183//6629 1009//6629 1015//6629
f 1016//6630 1007//6630 1017//6630
f 1184//6631 1018//6631 1016//6631
f 1024//6632 1033//6632 1029//6632
f 1032//6633 1020//6633 1022//6633
f 1033//6634 1025//6634 1209//6634
f 1026//6635 1025//6635 1019//6635
f 1020//6636 1032//6636 1027//6636
f 1020//6637 1027//6637 1023//6637
f 1029//6638 1204//6638 1202//6638
f 1024//6639 1029//6639 1203//6639
f 1021//6640 1030//6640 1205//6640
f 1030//6641 1024//6641 1203//6641
f 1007//6642 1182//6642 1031//6642
f 1208//6643 1031//6643 1032//6643
f 1022//6644 1208//6644 1032//6644
f 1208//6645 1017//6645 1031//6645
f 1022//6646 1034//6646 1208//6646
f 1034//6647 1022//6647 1023//6647
f 1026//6648 1209//6648 1025//6648
f 1012//6649 1008//6649 1035//6649
f 920//6650 915//6650 1037//6650
f 1038//6651 1043//6651 918//6651
f 920//6652 1037//6652 1040//6652
f 919//6653 1043//6653 1042//6653
f 1051//6654 919//6654 1042//6654
f 1041//6655 1038//6655 920//6655
f 1043//6656 1038//6656 1041//6656
f 1040//6657 1041//6657 920//6657
f 1040//6658 1046//1129 1041//1128
f 1046//6659 1040//6659 1044//6659
f 1044//6660 1037//6660 1039//6660
f 1048//6661 1047//6661 1050//6661
f 1086//6662 1046//6662 1044//6662
f 1091//6663 1048//6663 1050//6663
f 1053//6664 964//6664 926//6664
f 1055//6665 1053//6665 926//6665
f 1054//6666 1052//6666 1051//6666
f 1054//6667 1057//6667 1052//6667
f 1105//6668 1054//6668 1048//6668
f 1057//6669 1054//6669 1105//6669
f 1057//6670 1058//6670 1052//6670
f 1059//6671 1108//6671 1063//6671
f 1062//6672 1060//6672 1063//6672
f 1064//6673 1118//6673 1070//6673
f 1068//6674 1066//6674 1067//6674
f 1070//6675 1117//6675 1141//6675
f 1133//1258 1061//6676 1071//1259
f 928//6677 1064//6677 1072//6677
f 1071//6678 1061//6678 1060//6678
f 1078//6679 1076//6679 953//6679
f 1074//6680 1078//6680 953//6680
f 1039//6681 949//6681 1075//6681
f 1076//6682 1078//6682 1080//6682
f 1180//6683 1077//6683 954//6683
f 1077//6684 1078//6684 1074//6684
f 1077//6685 1079//6685 1078//6685
f 1092//6686 1075//6686 1080//6686
f 1082//6687 1080//6687 1079//6687
f 1084//1173 1082//6688 1090//1174
f 1085//6689 1083//6689 1089//6689
f 1089//6690 1083//6691 1099//6692
f 1087//6693 1086//6693 1044//6693
f 1088//6694 1049//1137 1086//1136
f 1092//1169 1084//1168 1088//6695
f 1044//6696 1075//6697 1087//6698
f 1090//6699 1082//6699 1085//6699
f 1090//6700 1091//6700 1050//6700
f 1092//6701 1088//6701 1086//6701
f 1075//6697 1092//6702 1087//6698
f 1089//6703 1091//6703 1090//6703
f 951//6704 965//6704 1095//6704
f 1095//6705 1180//6705 951//6705
f 1093//6706 1102//6706 966//6706
f 1095//6707 1099//6707 1180//6707
f 1100//6708 1099//6708 1095//6708
f 1056//6709 1053//6709 1055//6709
f 1094//6710 1053//6710 1056//6710
f 1101//6711 1098//6711 1097//6711
f 1101//6712 1056//6712 1058//6712
f 1052//6713 1058//6713 1055//6713
f 1089//6714 1104//6714 1091//6714
f 1107//6715 962//6715 972//6715
f 1111//6716 970//6716 968//6716
f 1107//6717 1096//6717 962//6717
f 1063//6718 1108//6718 1112//6718
f 1107//6719 1109//6719 1096//6719
f 1114//6720 1063//6720 1112//6720
f 1110//6721 1109//1212 970//1211
f 970//6722 1111//6722 1110//6722
f 1110//6723 1114//6723 1113//6723
f 1115//6724 1114//6724 1110//6724
f 991//6725 982//6725 1067//6725
f 1118//6726 991//6726 1117//6726
f 1120//6727 928//6727 1119//6727
f 1120//6728 1125//6728 1126//6728
f 992//6729 1120//6729 1126//6729
f 1121//6730 1120//6730 1171//6730
f 1128//6731 1120//6731 1121//6731
f 994//6732 993//6732 981//6732
f 1119//6733 1125//6733 1120//6733
f 989//6734 1129//6734 1122//6734
f 1123//6735 1129//6735 989//6735
f 1131//1238 1130//6736 993//1239
f 994//6737 981//6608 1164//6607
f 1134//6738 1119//6738 928//6738
f 1127//6739 1126//6739 1125//6739
f 1128//6740 1164//6740 980//6740
f 971//6741 1129//6741 1148//6741
f 1131//6742 1135//6742 1130//6742
f 1132//6743 1065//6743 1133//6743
f 1133//1258 1065//6744 1061//6676
f 1117//6745 1066//6745 1141//6745
f 1126//6746 1127//6746 1137//6746
f 1147//6747 1171//6747 1138//6747
f 1123//6748 1157//6748 1129//6748
f 1129//6749 1157//6749 1148//6749
f 1163//6750 1124//6750 1135//6750
f 1148//1294 1158//1293 971//6751
f 1136//6752 1132//6752 1133//6752
f 1134//6753 1143//6753 1127//6753
f 1145//6754 1144//6754 1146//6754
f 1139//6755 1147//1264 1153//1266
f 1138//6756 1154//6756 1147//6756
f 1136//6757 1069//1150 1132//1084
f 1136//6758 1149//6758 1069//6758
f 1070//6759 1141//6759 1165//6759
f 1073//1252 1143//6760 1134//1250
f 1152//6761 1137//6761 1127//6761
f 1127//6762 1143//6762 1154//6762
f 1152//6763 1151//6763 1137//6763
f 1162//6764 1153//6764 1143//6764
f 1154//6765 1138//6765 1152//6765
f 1148//6766 1157//6766 1161//6766
f 1124//6767 1163//6767 1123//6767
f 1149//6768 1159//6768 1069//6768
f 1160//6769 1136//6769 1142//6769
f 1162//6770 1143//6770 1073//6770
f 1155//6771 1151//6771 1152//6771
f 1155//6772 1174//6773 1151//6774
f 1157//6775 1160//6775 1161//6775
f 1123//6776 1160//6776 1157//6776
f 1139//6777 1153//6777 1162//6777
f 1140//6778 1167//6778 1135//6778
f 1162//6779 1140//6779 1164//6779
f 1167//6780 1140//6780 1162//6780
f 1150//6781 1068//6781 1159//6781
f 1161//6782 1142//1272 1116//1271
f 1166//6783 1165//6783 1150//6783
f 1149//1282 1166//1281 1159//6784
f 1148//6785 1161//6785 1116//6785
f 1164//1269 1139//1268 1162//6786
f 1116//6787 1071//6787 1062//6787
f 1162//6788 1168//6788 1167//6788
f 1116//6789 1115//6789 1158//6789
f 1172//6790 996//6790 1175//6790
f 1170//6791 1169//6791 997//6791
f 1169//6792 1138//6792 1171//6792
f 1176//6793 1172//6793 1175//6793
f 1178//6794 1173//6794 1176//6794
f 1177//6795 1172//6795 1176//6795
f 1155//6772 1156//6796 1174//6773
f 1173//6797 1170//6797 1177//6797
f 1169//6798 1156//6798 1155//6798
f 1172//6799 1170//6799 998//6799
f 1178//6800 1176//6800 1175//6800
f 1173//6801 1178//6801 1179//6801
f 951//6802 1180//6802 954//6802
f 1099//6692 1083//6691 1180//6803
f 1009//6804 1183//6804 1186//6804
f 1182//6805 1007//6805 1013//6805
f 1188//6806 1013//6806 1186//6806
f 1184//6807 1187//6807 1250//6807
f 1188//6808 1186//6808 1191//6808
f 1250//6809 1187//6809 1190//6809
f 1250//6810 1190//6810 1196//6810
f 1191//6811 1183//6811 1195//6811
f 1195//6812 1181//6813 1185//6814
f 1185//6815 1192//6815 1197//6815
f 1196//6816 1189//6816 1191//6816
f 1036//1316 1193//6817 1185//1317
f 1195//6812 1185//6814 1197//6818
f 1194//6819 1193//6819 1036//6819
f 1193//6820 1201//6820 1192//6820
f 1194//6821 1199//6821 1193//6821
f 1185//1317 1193//6817 1192//6822
f 1192//6823 1200//6823 1197//6823
f 1199//6824 1198//6824 1200//6824
f 1201//6825 1199//6825 1200//6825
f 1203//6826 1226//6826 1030//6826
f 1211//6827 1202//6827 1204//6827
f 1029//6828 1202//6828 1203//6828
f 1032//6829 1031//6829 1182//6829
f 1206//6830 1211//6830 1204//6830
f 1206//6831 1023//6831 1211//6831
f 1031//6832 1017//6832 1007//6832
f 1034//6833 1023//6834 1207//6835
f 1216//6836 1034//6833 1207//6835
f 1209//6837 1216//6837 1207//6837
f 1225//6838 1203//6838 1202//6838
f 1032//6839 1221//6839 1027//6839
f 1220//6840 1211//6840 1023//6840
f 1209//6841 1217//6841 1216//6841
f 1026//6842 1214//6842 1209//6842
f 1214//6843 1213//6843 1209//6843
f 1215//6844 1202//6844 1211//6844
f 1215//6845 1211//6845 1220//6845
f 1034//6846 1222//6846 1212//6846
f 1216//6847 1217//6847 1235//6847
f 1214//6848 1246//6848 1218//6848
f 1227//6849 1215//6849 1220//6849
f 1222//6850 1216//6850 1235//6850
f 1217//6851 1213//6851 1238//6851
f 1228//6852 1221//6852 1189//6852
f 1222//6853 1243//6853 1212//6853
f 1219//6854 1239//6854 1220//6854
f 1232//6855 1225//6855 1224//6855
f 1221//6856 1228//6856 1219//6856
f 1231//6857 1224//6857 1227//6857
f 1227//6858 1220//6858 1239//6858
f 1234//6859 1229//6859 1190//6859
f 1243//6860 1235//6860 1236//6860
f 1235//6861 1243//6861 1222//6861
f 1217//6862 1245//6862 1235//6862
f 1228//6863 1239//6863 1219//6863
f 1231//6864 1232//6864 1224//6864
f 1237//6865 1228//6865 1189//6865
f 1190//6866 1237//6866 1189//6866
f 1231//6867 1242//6867 1232//6867
f 1240//6868 1232//6868 1242//6868
f 1236//1379 1233//6869 1239//1380
f 1238//6870 1240//6870 1245//6870
f 1238//6871 1230//6871 1241//6871
f 1236//6872 1245//6872 1242//6872
f 1247//6873 1218//6873 1246//6873
f 1223//6874 1210//6874 1226//6874
f 1223//6875 1244//6875 1247//6875
f 1018//6876 1184//6876 1249//6876
f 1253//6877 1251//6877 1254//6877
f 1251//6878 1258//1400 1254//1399
f 1255//6879 1253//6879 1256//6879
f 1259//6880 1254//6880 1257//6880
f 1254//6881 1259//6881 1253//6881
f 1413//6882 1264//6882 1255//6882
f 1373//6883 1260//6883 1367//6883
f 1252//6884 1261//6884 1251//6884
f 1261//6885 1262//6886 1400//6887
f 1264//6888 1253//6888 1255//6888
f 1264//6889 1263//6889 1252//6889
f 1263//1408 1265//6890 1262//1406
f 1262//6886 1265//6891 1400//6887
f 1267//6892 1369//6892 1260//6892
f 1267//6893 1260//6893 1371//6893
f 1285//6894 1269//6894 1275//6894
f 1273//6895 1269//6895 1285//6895
f 1269//6896 1271//6896 1275//6896
f 1275//6897 1281//6897 1278//6897
f 1285//6898 1282//6898 1279//6898
f 1275//6899 1278//6899 1285//6899
f 1281//6900 1271//6900 1274//6900
f 1327//6901 1273//6901 1279//6901
f 1272//6902 1269//6902 1277//6902
f 1270//6903 1271//6903 1276//6903
f 1327//6904 1277//6904 1273//6904
f 1278//6905 1280//6905 1285//6905
f 1281//6906 1274//6906 1445//6906
f 1278//6907 1281//6907 1280//6907
f 1280//6908 1284//6908 1285//6908
f 1281//6909 1445//6909 1283//6909
f 1283//6910 1284//6910 1280//6910
f 1282//6911 1285//6911 1284//6911
f 1289//6912 1282//6912 1446//6912
f 1317//6913 1289//6913 1293//6913
f 1293//6914 1289//6914 1292//6914
f 1279//6915 1282//6915 1289//6915
f 1282//6916 1284//6916 1446//6916
f 1298//6917 1307//6917 1308//6917
f 1295//6918 1294//6918 1298//6918
f 1308//6919 1303//6919 1297//6919
f 1298//6920 1308//6920 1297//6920
f 1295//6921 1297//6921 1306//6921
f 1300//6922 1307//6922 1298//6922
f 1301//6923 1296//6923 1306//6923
f 1296//6924 1342//6924 1295//6924
f 1302//1487 1296//1489 1301//6925
f 1305//1445 1310//6926 1307//1446
f 1307//6927 1310//6927 1303//6927
f 1297//1438 1312//6928 1304//1439
f 1311//6929 1304//6929 1312//6929
f 1311//6930 1306//6930 1304//6930
f 1315//6931 1306//6931 1311//6931
f 1317//6932 1305//6932 1299//6932
f 1308//6933 1307//6933 1303//6933
f 1297//6934 1303//6934 1312//6934
f 1299//6935 1290//6935 1317//6935
f 1318//6936 1303//6936 1310//6936
f 1303//6937 1318//6937 1314//6937
f 1301//6938 1306//6938 1316//6938
f 1316//6939 1306//6939 1315//6939
f 1319//6940 1314//6940 1482//6940
f 1322//6941 1319//6941 1320//6941
f 1322//6942 1315//6942 1319//6942
f 1293//6943 1305//6943 1317//6943
f 1277//6944 1325//6944 1276//6944
f 1328//6945 1270//6945 1323//6945
f 1330//6946 1325//6946 1326//6946
f 1326//6947 1333//1472 1331//1471
f 1338//6948 1334//6948 1333//6948
f 1338//6949 1335//6949 1334//6949
f 1338//6950 1336//6950 1335//6950
f 1338//6951 1326//6951 1324//6951
f 1331//6952 1337//6952 1330//6952
f 1339//6953 1526//6953 1331//6953
f 1342//6954 1294//6954 1295//6954
f 1294//6955 1342//6955 1309//6955
f 1301//6956 1343//6956 1302//6956
f 1341//6957 1345//6957 1290//6957
f 1346//6958 1302//6958 1344//6958
f 1309//6959 1348//6959 1341//6959
f 1302//6960 1346//6960 1342//6960
f 1291//6961 1290//6961 1345//6961
f 1341//6962 1545//6962 1345//6962
f 1413//6963 1255//6964 1352//6965
f 1351//6966 1349//6966 1259//6966
f 1350//6967 1256//6967 1259//6967
f 1351//6968 1259//6968 1257//6968
f 1351//6969 1257//6969 1353//6969
f 1359//6970 1354//6970 1350//6970
f 1355//6971 1353//6971 1358//6971
f 1356//6972 1358//6972 1353//6972
f 1357//6973 1359//6973 1355//6973
f 1360//6974 1359//6974 1357//6974
f 1358//6975 1361//6975 1357//6975
f 1361//6976 1360//6976 1357//6976
f 1356//6977 1361//6977 1358//6977
f 1373//6978 1367//6978 1368//6978
f 1372//6979 1373//6979 1377//6979
f 1364//6980 1365//6980 1374//6980
f 1373//6981 1379//6981 1377//6981
f 1260//6982 1373//6982 1372//6982
f 1413//6963 1352//6965 1380//6983
f 1374//6984 1365//6984 1380//6984
f 1364//6985 1374//6985 1382//6985
f 1379//6986 1383//6986 1376//6986
f 1380//6987 1354//6987 1374//6987
f 1378//6988 1379//6988 1375//6988
f 1381//6989 1372//6989 1377//6989
f 1384//6990 1382//6990 1374//6990
f 1385//6991 1378//6991 1364//6991
f 1378//6992 1383//6992 1379//6992
f 1385//6993 1364//6993 1382//6993
f 1378//6994 1385//6994 1383//6994
f 1383//6995 1391//6995 1376//6995
f 1386//6996 1377//6996 1376//6996
f 1381//6997 1377//6997 1386//6997
f 1390//6998 1381//6998 1386//6998
f 1384//6999 1389//6999 1382//6999
f 1391//7000 1392//7000 1386//7000
f 1392//7001 1388//7001 1386//7001
f 1390//7002 1394//7002 1381//7002
f 1266//1536 1264//7003 1413//1537
f 1265//7004 1405//1551 1400//1550
f 1399//7005 1396//7005 1402//7005
f 1397//7006 1406//7006 1405//7006
f 1399//7007 1402//7007 1406//7007
f 1398//7008 1401//7008 1403//7008
f 1362//7009 1402//7009 1404//7009
f 1407//7010 1405//7010 1406//7010
f 1407//7011 1408//7011 1405//7011
f 1362//7012 1404//7012 1360//7012
f 1407//7013 1410//7013 1408//7013
f 1360//7014 1361//7014 1362//7014
f 1361//7015 1410//7015 1362//7015
f 1409//1557 1363//7016 1400//1558
f 1410//7017 1361//7017 1363//7017
f 1409//7018 1410//7018 1363//7018
f 1380//7019 1365//7019 1366//7019
f 1411//7020 1366//7020 1365//7020
f 1367//7021 1415//7021 1368//7021
f 1412//7022 1380//7022 1366//7022
f 1371//7023 1268//7023 1267//7023
f 1419//7024 1370//7024 1416//7024
f 1267//7025 1416//7025 1369//7025
f 1411//7026 1364//7026 1414//7026
f 1414//7027 1375//7027 1415//7027
f 1412//7028 1366//7028 1420//7028
f 1419//7029 1415//7029 1370//7029
f 1419//1570 1421//7030 1414//1571
f 1418//7031 1366//7031 1411//7031
f 1375//7032 1414//7032 1364//7032
f 1413//7033 1420//7033 1422//7033
f 1419//1570 1425//7034 1421//7030
f 1420//7035 1427//7035 1422//7035
f 1418//7036 1427//7036 1420//7036
f 1411//7037 1421//7037 1425//7037
f 1416//7038 1424//7038 1423//7038
f 1424//7039 1436//7040 1423//7041
f 1422//7042 1427//7042 1401//7042
f 1427//7043 1418//7043 1433//7043
f 1424//7044 1417//7044 1428//7044
f 1417//7045 1268//7045 1428//7045
f 1425//7046 1435//7046 1430//7046
f 1435//7047 1432//7047 1430//7047
f 1268//7048 1429//7048 1428//7048
f 1434//7049 1430//7049 1431//7049
f 1432//7050 1431//7050 1430//7050
f 1433//7051 1438//7051 1427//7051
f 1427//7052 1438//7052 1401//7052
f 1436//7040 1439//7053 1423//7041
f 1437//7054 1438//7054 1384//7054
f 1384//7055 1438//7055 1389//7055
f 1401//7056 1438//7056 1403//7056
f 1434//7057 1431//7057 1426//7057
f 1439//7058 1441//7058 1432//7058
f 1389//7059 1426//7059 1391//7059
f 1431//7060 1441//7060 1391//7060
f 1438//7061 1433//7061 1389//7061
f 1436//7062 1440//7063 1439//7064
f 1436//7062 1393//7065 1440//7063
f 1436//7066 1442//7066 1393//7066
f 1442//7067 1390//7067 1393//7067
f 1393//7068 1388//7068 1440//7068
f 1392//1599 1440//1598 1388//7069
f 1395//7070 1390//7070 1429//7070
f 1442//7071 1429//7071 1390//7071
f 1451//7072 1284//7072 1444//7072
f 1446//7073 1284//7073 1451//7073
f 1447//7074 1283//7074 1443//7074
f 1444//7075 1283//7075 1447//7075
f 1445//7076 1270//7076 1449//7076
f 1445//7077 1449//7077 1443//7077
f 1451//1607 1444//7078 1448//1608
f 1328//7079 1449//7080 1270//7081
f 1447//7082 1443//7082 1449//7082
f 1452//7083 1451//7083 1450//7083
f 1455//7084 1453//7084 1448//7084
f 1457//7085 1455//7085 1454//7085
f 1470//7086 1452//7086 1450//7086
f 1328//7079 1461//7087 1449//7080
f 1672//7088 1470//7089 1460//7090
f 1458//7091 1454//7091 1456//7091
f 1458//7092 1459//7092 1457//7092
f 1449//7093 1461//7093 1456//7093
f 1672//7088 1460//7090 1671//7094
f 1462//7095 1671//7095 1460//7095
f 1670//7096 1462//7096 1458//7096
f 1464//7097 1670//7097 1458//7097
f 1537//7098 1465//7098 1464//7098
f 1467//7099 1466//7099 1468//7099
f 1471//7100 1467//7100 1468//7100
f 1469//7101 1468//7101 1470//7101
f 1476//7102 1469//7102 1470//7102
f 1476//7103 1473//7103 1475//7103
f 1476//7104 1472//7104 1469//7104
f 1475//7105 1474//7105 1476//7105
f 1482//7106 1321//7106 1483//7106
f 1320//7107 1485//7107 1322//7107
f 1485//7108 1479//7108 1322//7108
f 1480//7109 1316//7109 1479//7109
f 1481//7110 1316//7110 1480//7110
f 1481//7111 1551//7111 1343//7111
f 1478//7112 1293//7112 1292//7112
f 1485//7113 1320//7113 1524//7113
f 1489//7114 1551//7114 1480//7114
f 1477//7115 1320//7115 1319//7115
f 1320//7116 1477//7116 1524//7116
f 1487//7117 1488//7117 1485//7117
f 1466//7118 1467//7118 1478//7118
f 1485//7119 1492//7119 1487//7119
f 1498//7120 1488//7120 1487//7120
f 1491//7121 1490//7121 1493//7121
f 1489//7122 1488//7122 1500//7122
f 1495//7123 1491//7123 1493//7123
f 1503//1667 1491//1669 1505//7124
f 1500//7125 1498//7125 1499//7125
f 1495//7126 1494//7126 1491//7126
f 1503//7127 1492//7127 1524//7127
f 1501//7128 1525//7128 1580//7128
f 1494//7129 1495//7129 1497//7129
f 1493//7130 1502//7130 1506//7130
f 1509//7131 1497//7131 1506//7131
f 1509//7132 1494//7132 1497//7132
f 1509//7133 1507//7133 1494//7133
f 1472//7134 1506//7134 1471//7134
f 1503//7135 1505//7135 1508//7135
f 1499//7136 1498//7136 1508//7136
f 1515//7137 1504//7137 1508//7137
f 1515//7138 1508//7138 1516//7138
f 1515//7139 1518//7139 1504//7139
f 1522//7140 1519//7140 1513//7140
f 1549//7141 1514//7141 1474//7141
f 1523//7142 1525//7142 1518//7142
f 1517//7143 1511//7143 1510//7143
f 1514//7144 1517//7144 1510//7144
f 1511//7145 1517//7145 1512//7145
f 1520//7146 1512//7146 1517//7146
f 1512//7147 1521//7147 1523//7147
f 1523//7148 1518//7148 1512//7148
f 1521//7149 1522//7149 1523//7149
f 1525//7150 1499//7150 1504//7150
f 1337//7151 1328//7151 1329//7151
f 1527//7152 1529//7152 1328//7152
f 1332//7153 1528//7154 1530//7155
f 1529//7156 1535//7156 1328//7156
f 1532//7157 1535//7157 1529//7157
f 1532//7158 1529//7158 1531//7158
f 1530//7159 1534//7159 1531//7159
f 1550//7160 1538//7160 1534//7160
f 1328//1721 1463//1723 1461//7161
f 1473//7162 1538//7162 1550//7162
f 1531//7163 1538//7163 1533//7163
f 1536//7164 1535//7164 1532//7164
f 1539//7165 1536//7165 1537//7165
f 1536//7166 1539//7166 1535//7166
f 1540//7167 1465//7167 1537//7167
f 1533//7168 1538//7168 1540//7168
f 1540//7169 1673//7169 1465//7169
f 1673//1865 1538//7170 1473//1866
f 1544//7171 1340//7171 1291//7171
f 1332//7153 1544//7172 1528//7154
f 1291//7173 1546//7173 1544//7173
f 1546//7174 1548//7174 1544//7174
f 1550//1714 1528//1716 1544//7175
f 1546//7176 1547//7176 1548//7176
f 1550//7177 1548//7177 1475//7177
f 1547//7178 1475//7178 1548//7178
f 1551//7179 1344//7179 1343//7179
f 1346//7180 1344//7180 1551//7180
f 1345//7181 1545//7181 1291//7181
f 1552//7182 1346//7182 1551//7182
f 1553//7183 1552//7183 1551//7183
f 1348//7184 1555//7184 1561//7184
f 1573//7185 1552//7185 1562//7185
f 1348//7186 1561//7186 1554//7186
f 3580//7187 3579//7188 3574//7189 3581//7187
f 1347//7190 1554//1743 1556//7191
f 1560//7192 1559//7193 1558//7193
f 1560//7194 1557//7194 1559//7194
f 1554//1743 1560//1742 1556//7191
f 1561//7195 1563//7195 1554//7195
f 1557//7196 1568//7196 1566//7196
f 1554//7197 1563//7197 1557//7197
f 1557//7198 1563//7198 1564//7198
f 1555//7199 1565//7199 1563//7199
f 1557//7200 1564//7200 1568//7200
f 1501//7201 1577//7201 1562//7201
f 1564//7202 1575//7202 1568//7202
f 1563//7203 1575//7203 1564//7203
f 1566//7204 1549//7204 1547//7204
f 1563//7205 1567//7205 1574//7205
f 1572//7206 1565//7206 1573//7206
f 1577//7207 1501//7207 1580//7207
f 1568//7208 1575//7208 1549//7208
f 1569//7209 1571//7209 1570//7209
f 1567//7210 1572//7210 1574//7210
f 1565//7211 1572//7211 1567//7211
f 1572//7212 1578//7212 1574//7212
f 1578//7213 1572//7214 1577//7215
f 1575//7216 1514//7216 1549//7216
f 1576//7217 1583//7217 1582//7217
f 1582//7218 1574//7218 1576//7218
f 1577//7215 1576//7219 1578//7213
f 1579//7220 1581//7220 1580//7220
f 1571//7221 1582//7221 1575//7221
f 1523//7222 1579//7222 1525//7222
f 1575//7223 1582//7223 1514//7223
f 1514//7224 1582//7224 1522//7224
f 1587//1777 1584//7225 1586//1778
f 1590//7226 1587//7227 1592//7228
f 1590//7229 1584//7229 1587//7229
f 1593//7230 1591//7230 1598//7230
f 1591//1776 1590//1775 1586//7231
f 1592//1779 1586//1778 1590//7232
f 1595//7233 1586//7233 1597//7233
f 1598//7234 1591//7234 1595//7234
f 1599//7235 1594//7235 1596//7235
f 1588//7236 1589//7236 1597//7236
f 1589//7237 1601//7238 1597//7239
f 1603//7240 1595//7240 1597//7240
f 1605//1831 1606//1830 1607//7241
f 1607//7242 1606//7242 1609//7242
f 1612//7243 1605//7243 1607//7243
f 1612//7244 1607//7244 1608//7244
f 1640//7245 1613//7245 1611//7245
f 1614//7246 1617//7246 1610//7246
f 1639//7247 1613//7247 1640//7247
f 1599//7248 1596//7248 1648//7248
f 1620//7249 1611//7249 1616//7249
f 1615//7250 1609//7250 1617//7250
f 1612//7251 1608//7251 1618//7251
f 1611//7252 1613//7252 1619//7252
f 1621//7253 1648//7253 1600//7253
f 1611//7254 1619//7254 1616//7254
f 1621//7255 1613//7255 1648//7255
f 1624//7256 1615//7256 1623//7256
f 1618//7257 1608//7257 1780//7257
f 1625//7258 1614//7258 1782//7258
f 1626//7259 1585//7259 1584//7259
f 1588//7260 1585//7260 1589//7260
f 1629//7261 1626//7261 1627//7261
f 1636//7262 1629//7262 1627//7262
f 1594//7263 1636//7263 1627//7263
f 1599//7264 1653//7264 1630//7264
f 1653//7265 1632//7265 1630//7265
f 1634//7266 1633//7266 1638//7266
f 1635//7267 1632//7267 1653//7267
f 1633//7268 1636//7268 1638//7268
f 1632//7269 1637//7269 1638//7269
f 1641//7270 1610//7270 1606//7270
f 1641//7271 1642//7271 1610//7271
f 1642//7272 1649//7272 1610//7272
f 1641//7273 1650//7273 1642//7273
f 1605//7274 1664//7274 1644//7274
f 1645//7275 1640//7275 1651//7275
f 1643//7276 1642//7276 1650//7276
f 1610//7277 1649//7277 1651//7277
f 1647//7278 1599//7278 1648//7278
f 1639//7279 1654//7279 1646//7279
f 1645//7280 1654//7280 1639//7280
f 1653//7281 1599//7281 1646//7281
f 1654//7282 1645//7282 1652//7282
f 1643//7283 1650//7283 1655//7283
f 1646//7284 1635//7284 1653//7284
f 1656//7285 1658//7285 1643//7285
f 1655//7286 1656//7286 1643//7286
f 1654//7287 1795//7287 1646//7287
f 1656//7288 1660//7288 1658//7288
f 1657//7289 1656//7289 1664//7289
f 1656//7290 1657//7290 1661//7290
f 1663//1934 1665//7291 1669//1935
f 1667//7292 1728//1940 1666//7293
f 1618//7294 1668//7294 1612//7294
f 1461//7295 1464//7295 1458//7295
f 1672//7296 1671//7296 1670//7296
f 1465//7297 1670//7297 1464//7297
f 1465//7298 1672//7298 1670//7298
f 1465//7299 1673//7299 1672//7299
f 1674//7300 1676//7300 1675//7300
f 1677//7301 1682//7301 1676//7301
f 1741//7302 1677//7302 1676//7302
f 1674//7303 1675//7303 1699//7303
f 1679//7304 1674//7304 1699//7304
f 1681//1870 1680//1869 1684//7305
f 1682//7306 1681//7306 1684//7306
f 1680//1878 1693//1877 1684//7307
f 1743//7308 1677//7308 1683//7308
f 1676//7309 1686//7309 1675//7309
f 1686//7310 1676//7310 1685//7310
f 1682//7311 1685//7311 1676//7311
f 1688//7312 1675//7313 1686//7314
f 1701//7315 1675//7313 1688//7312
f 1684//7316 1693//7317 1687//7318
f 1689//7319 1685//7320 1682//7321
f 1722//7322 1688//7322 1686//7322
f 1685//7320 1689//7319 1691//7323
f 1696//7324 1684//7324 1687//7324
f 1690//7325 1685//7325 1691//7325
f 1686//7326 1685//7326 1690//7326
f 1693//7317 1692//7327 1687//7318
f 1691//7328 1684//7328 1696//7328
f 1693//7329 1807//7329 1692//7329
f 1806//7330 1722//7330 1690//7330
f 1698//7331 1697//7331 1702//7331
f 1698//7332 1753//7332 1697//7332
f 1699//7333 1675//7333 1701//7333
f 1700//7334 1679//7334 1699//7334
f 1702//7335 1699//7335 1701//7335
f 1720//7336 1705//7336 1713//7336
f 1709//7337 1698//7337 1702//7337
f 1704//1904 1707//1904 1705//7338
f 1708//7339 1705//7339 1707//7339
f 1710//7340 1713//7340 1705//7340
f 1705//7341 1706//7341 1710//7341
f 1698//7342 1709//7342 1710//7342
f 1706//7343 1698//7343 1710//7343
f 1715//7344 1698//7344 1711//7344
f 1688//7345 1721//7345 1712//7345
f 1712//7346 1722//7346 1719//7346
f 1722//7347 1712//7347 1721//7347
f 1720//7348 1713//7348 1724//7348
f 1724//7349 1713//7349 1723//7349
f 1714//7350 1719//7350 1713//7350
f 1723//7351 1713//7351 1719//7351
f 1832//7352 1720//7352 1724//7352
f 1767//7353 1707//7353 1725//7353
f 1734//7354 1727//7354 1665//7354
f 1726//7355 1734//7355 1739//7355
f 1735//7356 1728//7356 1727//7356
f 1726//7357 1725//7357 1727//7357
f 1725//7358 1730//7358 1735//7358
f 1727//7359 1728//7359 1667//7359
f 1731//7360 1729//7360 1739//7360
f 1731//7361 1732//7361 1729//7361
f 1734//1925 1663//1924 1733//7362
f 1737//7363 1735//7363 1730//7363
f 1733//7364 1669//7364 1850//7364
f 1738//1939 1666//7293 1728//1940
f 1851//7365 1733//7365 1850//7365
f 1731//7366 1869//7366 1732//7366
f 1737//7367 1832//7367 1736//7367
f 1739//7368 1734//7368 1733//7368
f 1679//7369 1746//7369 1741//7369
f 1742//7370 1693//7370 1678//7370
f 1744//7371 1741//7371 1746//7371
f 1749//7372 1693//7372 1742//7372
f 1748//7373 1744//7373 1746//7373
f 1743//7374 1747//7374 1742//7374
f 1745//7375 1750//7375 1747//7375
f 1751//7376 1748//7376 1746//7376
f 1749//7377 1747//7377 1750//7377
f 1753//7378 1698//7378 1754//7378
f 1746//1954 1700//7379 1755//7380
f 1757//1969 1754//7381 1698//1970
f 1746//1954 1755//7380 1760//1955
f 1758//7382 1760//7382 1757//7382
f 1762//7383 1759//7383 1756//7383
f 1763//7384 1756//7384 1767//7384
f 1763//7385 1762//7385 1756//7385
f 1759//7386 1762//7386 1765//7386
f 1766//7387 1762//7387 1763//7387
f 1758//7388 1867//2092 1861//2094
f 1761//7389 1766//7389 1862//7389
f 1762//7390 1766//7390 1765//7390
f 1732//7391 1768//7392 1767//7393
f 1768//7392 1763//7394 1767//7393
f 1870//7395 1766//7395 1763//7395
f 1602//7396 1600//7396 1769//7396
f 1775//7397 1603//7397 1773//7397
f 1770//7398 1602//7398 1769//7398
f 1775//7399 1604//7399 1603//7399
f 1770//7400 1774//7400 1771//7400
f 1774//7401 1770//7401 1772//7401
f 1776//7402 1775//7402 1773//7402
f 1601//7403 1776//7404 1773//7405
f 1777//7406 1775//7406 1778//7406
f 1774//7407 1772//7407 1777//7407
f 1775//7408 1776//7408 1778//7408
f 1778//7409 1776//7404 1601//7403
f 1790//7410 1774//7410 1777//7410
f 1780//7411 1615//7411 1779//7411
f 1608//7412 1615//7412 1780//7412
f 1779//7413 1615//7413 1624//7413
f 1771//7414 1621//7414 1602//7414
f 1616//7415 1782//7415 1620//7415
f 1619//7416 1781//7416 1616//7416
f 1623//7417 1622//7418 1625//7419
f 1781//7420 1619//7420 1783//7420
f 1783//7421 1797//7421 1781//7421
f 1784//7422 1625//7422 1782//7422
f 1779//7423 1618//7423 1780//7423
f 1786//7424 1616//7424 1781//7424
f 1797//7425 1786//7425 1781//7425
f 1784//7426 1623//7417 1625//7419
f 1801//7427 1624//7427 1785//7427
f 1637//7428 1790//7428 1638//7428
f 1794//7429 1771//7429 1774//7429
f 1601//7238 1589//7237 1631//7430
f 1788//7431 1638//7431 1790//7431
f 1791//7432 1787//7432 1788//7432
f 1790//7433 1789//7433 1774//7433
f 1788//7434 1792//7434 1791//7434
f 1792//7435 1788//7435 1790//7435
f 1654//7436 1796//7436 1795//7436
f 1799//7437 1784//7437 1782//7437
f 1783//7438 1771//7438 1794//7438
f 1796//7439 1658//7439 1799//7439
f 1797//7440 1783//7440 1794//7440
f 1795//7441 1797//7441 1794//7441
f 1659//7442 1800//7442 1784//7442
f 1797//7443 1796//7443 1799//7443
f 1659//7444 1660//7444 1800//7444
f 1800//7445 1660//7445 1798//7445
f 1802//7446 1779//7446 1801//7446
f 1797//7447 1799//7447 1786//7447
f 1623//7448 1800//7448 1785//7448
f 1800//7449 1801//7449 1785//7449
f 1798//7450 1802//7450 1801//7450
f 1802//7451 1804//7451 1779//7451
f 1804//7452 1802//7452 1661//7452
f 1661//2012 1802//7453 1798//2010
f 1667//7454 1666//7454 1803//7454
f 1669//7455 1803//7455 1805//7455
f 1804//7456 1661//7456 1657//7456
f 1696//7457 1692//7457 1694//7457
f 1810//7458 1695//7458 1696//7458
f 1808//7459 1695//7460 1810//7461
f 1810//7462 1696//7462 1694//7462
f 1813//7463 1808//7459 1810//7461
f 1818//7464 1811//7464 1809//7464
f 1817//7465 1810//7465 1812//7465
f 1820//7466 1810//7466 1817//7466
f 1820//7467 1813//7467 1810//7467
f 1820//7468 1816//7468 1813//7468
f 1814//7469 1811//7469 1819//7469
f 1819//7470 1815//7470 1814//7470
f 1816//7471 1821//7471 1813//7471
f 1815//7472 1819//7472 1822//7472
f 1819//7473 1811//7473 1818//7473
f 1820//7474 1817//7474 1812//7474
f 1812//7475 1858//7475 1820//7475
f 1824//7476 1975//7476 1977//7476
f 1979//7477 1830//7477 1978//7477
f 1825//7478 1979//7478 1828//7478
f 1977//7479 1975//7479 1829//7479
f 1976//7480 1979//7480 1981//7480
f 1832//7481 1724//7481 1831//7481
f 1838//7482 1834//7482 1719//7482
f 1724//1920 1834//1919 1835//7483
f 1832//7484 1831//7484 1837//7484
f 1835//7485 1834//7485 1838//7485
f 1835//7486 1840//7486 1831//7486
f 1840//7487 1837//7487 1831//7487
f 1836//7488 1842//7489 1838//7490
f 1814//2026 1836//7491 1806//2027
f 1845//7492 1837//7492 1840//7492
f 1866//7493 1845//7493 1840//7493
f 1844//7494 1866//7494 1843//7494
f 1866//7495 1840//7495 1843//7495
f 1839//2060 1838//7496 1842//2058
f 1847//7497 1842//7489 1836//7488
f 1868//7498 1848//7498 1847//7498
f 1847//7499 1848//7500 1846//7501
f 1868//7502 1846//7501 1848//7500
f 1736//7503 1849//2063 1738//2065
f 1850//7504 1669//7504 1805//7504
f 1854//7505 1851//7505 1850//7505
f 1869//7506 1855//7506 1853//7506
f 1849//7507 1805//7507 1803//7507
f 1833//7508 1852//7508 1849//7508
f 1854//7509 1853//7509 1855//7509
f 1845//7510 1870//7510 1853//7510
f 1852//7511 1850//7511 1849//7511
f 1845//7512 1852//7512 1833//7512
f 1845//7513 1853//7513 1852//7513
f 1855//7514 1740//7514 1854//7514
f 1858//7515 1807//7515 1749//7515
f 1856//7516 1752//7517 1857//7518
f 1751//7519 1764//7519 1752//7519
f 1860//7520 1749//7520 1750//7520
f 1858//7521 1749//7521 1860//7521
f 1857//7522 1860//2074 1856//2076
f 1752//7517 1822//7523 1857//7518
f 1816//7524 1860//7524 1859//7524
f 1858//7525 1860//7525 1820//7525
f 1825//7526 2133//7526 1823//7526
f 1766//7527 1866//7527 1841//7527
f 1864//7528 1863//7528 1865//7528
f 1841//7529 1844//7529 1846//7529
f 1868//7530 1867//2088 1862//2087
f 1815//7531 1867//7531 1868//7531
f 1870//7532 1845//7532 1866//7532
f 1872//7533 1873//7533 1874//7533
f 1876//7534 1873//7534 1879//7534
f 1879//7535 1871//7535 1875//7535
f 1879//7536 1875//7536 1878//7536
f 1877//7537 1881//7537 1882//7537
f 1875//7538 1880//7538 1884//7538
f 1883//7539 1876//7539 1878//7539
f 1883//7540 1881//7540 1877//7540
f 1883//7541 1878//7541 1888//7541
f 1886//7542 1888//7542 1878//7542
f 1885//7543 1881//7543 1883//7543
f 1887//7544 1885//7544 1883//7544
f 1890//7545 1886//7545 1884//7545
f 1883//7546 1888//7546 1891//7546
f 1884//7547 1892//7547 1890//7547
f 1936//7548 1889//7548 1891//7548
f 2166//7549 1890//7549 1892//7549
f 1891//7550 1888//7550 2166//7550
f 1894//7551 1944//7551 1899//7551
f 1899//7552 1944//7552 1897//7552
f 1901//7553 1900//7553 1908//7553
f 1897//7554 1893//7554 1898//7554
f 1895//7555 1904//7555 1900//7555
f 1907//7556 1897//7556 1898//7556
f 1903//7557 1899//7557 1902//7557
f 1898//7558 1905//7558 1909//7558
f 1904//7559 1911//7559 1900//7559
f 1905//7560 1901//7560 1908//7560
f 1910//7561 1898//7561 1909//7561
f 1881//7562 1885//7562 1904//7562
f 1909//7563 1905//7563 1908//7563
f 1900//7564 1911//7564 1906//7564
f 1909//7565 1912//7565 1910//7565
f 1916//7566 1908//7566 1906//7566
f 1907//7567 1910//7567 1913//7567
f 1912//7568 1908//7568 1916//7568
f 1925//7569 1903//2132 1920//2132
f 1918//7570 1911//7570 1885//7570
f 1924//7571 1917//7571 1913//7571
f 1906//7572 1918//7572 1921//7572
f 1914//7573 1912//7573 1916//7573
f 1910//7574 1919//7574 1913//7574
f 1889//7575 1918//7575 1887//7575
f 1918//7576 1962//7576 1921//7576
f 1916//7577 1906//7577 1921//7577
f 1914//7578 1916//7578 1923//7578
f 1919//7579 1924//7579 1913//7579
f 1922//7580 1917//7580 1924//7580
f 1923//7581 1916//7581 1921//7581
f 1971//7582 1894//7582 1903//7582
f 1971//7583 1903//7583 1925//7583
f 1880//7584 1875//7584 1793//7584
f 1872//7585 1926//7585 1793//7585
f 1927//7586 1926//7586 1872//7586
f 1926//7587 1880//7587 1793//7587
f 1928//7588 1927//7588 1874//7588
f 1929//7589 1927//7589 1931//7589
f 1928//7590 1874//7590 1934//7590
f 1927//7591 1929//7591 1926//7591
f 1934//7592 1930//7592 1928//7592
f 1933//7593 1928//7593 1930//7593
f 1939//7594 1934//7594 1947//7594
f 1933//7595 1931//7595 1928//7595
f 1929//7596 2168//7596 1880//7596
f 1933//7597 1930//7597 1937//7597
f 1933//7598 1932//7598 1931//7598
f 1932//7599 1933//7599 1941//7599
f 1937//7600 1941//7600 1933//7600
f 1932//7601 1938//7601 1935//7601
f 1941//7602 1938//7602 1932//7602
f 1942//7603 1938//7603 1941//7603
f 1963//7604 1889//7604 1936//7604
f 1940//7605 1936//7605 2167//7605
f 1897//7606 1896//7606 1893//7606
f 1944//7607 1896//7607 1897//7607
f 1951//2164 1905//7608 1893//2165
f 1949//7609 1950//7609 1895//7609
f 1949//7610 1895//7610 1953//7610
f 1953//7611 1895//7611 1951//7611
f 1951//7612 1895//7612 1901//7612
f 1895//7613 1950//7613 1904//7613
f 1948//7614 1896//7614 1954//7614
f 1904//7615 1950//7615 1882//7615
f 1947//7616 1882//7616 1950//7616
f 1957//7617 1944//7617 1945//7617
f 1953//7618 1952//7618 1956//7618
f 1952//7619 1948//7619 1956//7619
f 1939//7620 1947//7620 1950//7620
f 1956//7621 1964//7621 1953//7621
f 1956//7622 1948//7622 1966//7622
f 1965//7623 1961//7623 1949//7623
f 1957//7624 1958//7624 1948//7624
f 1945//7625 1955//7625 1957//7625
f 1950//7626 1961//7626 1939//7626
f 1964//7627 1965//7627 1953//7627
f 1955//7628 1958//7628 1957//7628
f 1915//7629 1912//7629 1914//7629
f 1961//7630 1962//7630 1963//7630
f 1956//7631 1960//7631 1959//7631
f 1956//7632 1966//7632 1960//7632
f 1959//7633 1915//7633 1914//7633
f 1960//7634 1915//7634 1959//7634
f 1961//7635 1967//7635 1962//7635
f 1969//7636 1966//7636 1958//7636
f 1958//7637 1974//7637 1968//7637
f 1962//7638 1967//7638 1921//7638
f 1915//7639 1924//7639 1919//7639
f 1922//7640 1968//7640 1970//7640
f 1969//7641 1968//7641 1924//7641
f 1971//7642 1946//7642 1894//7642
f 1946//7643 1973//7643 1955//7643
f 1973//7644 1971//7644 1972//7644
f 1979//7645 1978//7645 1980//7645
f 1978//7646 1982//7647 1980//7648
f 1976//7649 1981//7649 1983//7649
f 1829//7650 1984//7650 1986//7650
f 1986//7651 1977//7651 1829//7651
f 1987//7652 1980//7648 1982//7647
f 1975//7653 1824//7653 1984//7653
f 1985//7654 1980//7654 1988//7654
f 1989//7655 1986//7655 1984//7655
f 1988//7656 1980//7656 1992//7656
f 1990//7657 1989//7657 1984//7657
f 1992//7658 1980//7658 1987//7658
f 1993//7659 1987//7659 1991//7659
f 1992//7660 1987//7660 1993//7660
f 1991//7661 1989//7661 1996//7661
f 1992//7662 1993//7662 1995//7662
f 1993//7663 1997//7663 1995//7663
f 1997//7664 1993//7664 1991//7664
f 1994//7665 1995//7665 1998//7665
f 1999//7666 1996//7667 1990//7668
f 2001//7669 2000//7669 1991//7669
f 1995//7670 1997//7670 2000//7670
f 2007//7671 2005//7671 2006//7671
f 2008//7672 1976//7673 1983//7674
f 2008//7675 1983//7676 2003//7677
f 2004//7678 1976//7673 2008//7672
f 2006//7679 2005//7679 2009//7679
f 2009//7680 2005//7680 1983//7680
f 2004//7681 2008//7675 2003//7677
f 2011//7682 2007//7682 2012//7682
f 2010//7683 1983//7683 1985//7683
f 2006//7684 2009//7684 2015//7684
f 2060//7685 2012//7685 2049//7685
f 2060//7686 2011//7686 2012//7686
f 2010//7687 1994//7687 2014//7687
f 2015//7688 2009//7688 2014//7688
f 2012//7689 2016//7689 2049//7689
f 2006//7690 2016//7690 2012//7690
f 1994//7691 1985//7692 1988//7693
f 2064//7694 2016//7694 2017//7694
f 1994//7691 2010//7695 1985//7692
f 2017//7696 2016//7696 2015//7696
f 2014//7697 1994//7697 2021//7697
f 2018//7698 2014//7698 2021//7698
f 2017//7699 2015//7699 2022//7699
f 2153//7700 2024//7700 2026//7700
f 2025//7701 2153//7701 2026//7701
f 2028//7702 2021//7702 1998//7702
f 2028//7703 2027//7703 2021//7703
f 2027//7704 2022//7704 2018//7704
f 2152//2244 2031//7705 2201//2245
f 2028//7706 1998//7706 2030//7706
f 2201//7707 2031//7707 2030//7707
f 2030//7708 2031//7708 2028//7708
f 2028//7709 2025//7709 2027//7709
f 2035//7710 2038//7710 2046//7710
f 2035//7711 2039//7711 2038//7711
f 2061//7712 2038//7712 2039//7712
f 2155//7713 2061//7713 2039//7713
f 2055//7714 2033//7714 2041//7714
f 2056//7715 2035//7715 2046//7715
f 2034//7716 2055//7716 2043//7716
f 2046//7717 2038//7717 2058//7717
f 2114//7718 2051//7718 2035//7718
f 2052//7719 2035//7719 2051//7719
f 2044//7720 2035//7721 2052//7722
f 2048//7723 2043//7723 2055//7723
f 2042//7724 2053//7724 2048//7724
f 2053//7725 2059//7725 2048//7725
f 2053//7726 2042//7726 2050//7726
f 2040//7727 2062//7727 2060//7727
f 2056//7728 2046//7728 2067//7728
f 2033//7729 2064//7729 2041//7729
f 2045//7730 2048//7730 2055//7730
f 2045//7731 2057//7731 2048//7731
f 2051//7732 2073//7732 2052//7732
f 2074//7733 2044//7720 2052//7722
f 2054//7734 2059//7734 2065//7734
f 2063//7735 2055//7735 2041//7735
f 2058//7736 2067//7736 2046//7736
f 2058//7737 2057//7737 2072//7737
f 2062//7738 2013//7738 2060//7738
f 2053//7739 2065//7739 2059//7739
f 2075//7740 2070//7740 2064//7740
f 2045//7741 2071//7741 2057//7741
f 2075//7742 2064//7742 2019//7742
f 2074//7743 2073//7743 2091//7743
f 2063//7744 2070//7744 2066//7744
f 2067//7745 2072//7745 2077//7745
f 2162//7746 2083//7746 2065//7746
f 2078//7747 2066//7747 2070//7747
f 2071//2292 2066//7748 2079//2293
f 2081//7749 2074//7749 2091//7749
f 2087//7750 2078//7750 2086//7750
f 2084//7751 2076//7751 2077//7751
f 2087//7752 2079//7752 2066//7752
f 2081//7753 2091//7753 2094//7753
f 2070//7754 2085//7754 2078//7754
f 2070//7755 2075//7755 2096//7755
f 2070//7756 2096//7756 2085//7756
f 2075//7757 2080//7757 2096//7757
f 2019//7758 2023//7758 2080//7758
f 2092//7759 2098//7759 2083//7759
f 2087//7760 2086//7760 2100//7760
f 2090//7761 2101//7761 2084//7761
f 2088//7762 2090//7762 2072//7762
f 2093//7763 2089//7763 2079//7763
f 2103//7764 2159//7764 2093//7764
f 2107//7765 2099//7765 2163//7765
f 2104//7766 2164//7766 2159//7766
f 2096//7767 2102//7767 2085//7767
f 2102//7768 2100//7768 2085//7768
f 2102//7769 2087//7769 2100//7769
f 2130//7770 2129//7770 2097//7770
f 2106//7771 2130//7771 2097//7771
f 2106//7772 2097//7772 2105//7772
f 2094//7773 2091//7773 2106//7773
f 2165//7774 2108//7774 2090//7774
f 2107//7775 2164//7775 2104//7775
f 2109//7776 2107//7776 2104//7776
f 2108//7777 2105//7777 2101//7777
f 2109//7778 2102//7778 2099//7778
f 2155//7779 2039//7779 2044//7779
f 2111//2331 2044//7780 2074//2332
f 2111//7781 2155//7781 2044//7781
f 2110//7782 2073//7782 2051//7783
f 2068//7784 2047//7784 2067//7784
f 2114//7785 2047//7785 2113//7785
f 2122//7786 2116//7786 2113//7786
f 2118//7787 2114//7787 2113//7787
f 2117//7788 2110//7788 2114//7788
f 2117//7789 2118//7789 2119//7789
f 2119//7790 2116//7790 2115//7790
f 2119//7791 2115//7791 2121//7791
f 2112//7792 2047//7792 2068//7792
f 2120//7793 2113//7793 2047//7793
f 2112//7794 2120//7794 2047//7794
f 2114//7795 2118//7795 2117//7795
f 2117//7796 2123//7796 2110//7796
f 2121//7797 2117//7797 2119//7797
f 2111//7798 2124//7798 2155//7798
f 2122//7799 2113//7799 2120//7799
f 2125//7800 2115//7800 2122//7800
f 2123//7801 2073//7782 2110//7782
f 2081//7802 2124//7802 2074//7802
f 2126//7803 2124//7803 2081//7803
f 2112//7804 2076//7804 2097//7804
f 2128//7805 2120//7805 2112//7805
f 2125//7806 2128//7806 2131//7806
f 2127//7807 2131//7807 2129//7807
f 2082//7808 2081//7808 2095//7808
f 2108//7809 2095//7809 2094//7809
f 2133//7810 1825//7811 2134//7812
f 2132//7813 1825//7813 1828//7813
f 2134//7814 1825//7815 2132//7816
f 2133//7810 2134//7812 2135//7817
f 1828//7818 2138//7818 2132//7818
f 2137//7819 1826//7819 2133//7819
f 2132//7816 2135//7820 2134//7814
f 2133//7821 2135//7821 2137//7821
f 2137//7822 2141//7822 1826//7822
f 2141//7823 2139//7823 1826//7823
f 2144//7824 2137//7824 2135//7824
f 2135//7825 2140//7825 2144//7825
f 1826//7826 2139//7826 1990//7826
f 2137//7827 2144//7827 2141//7827
f 2140//7828 2136//7828 2142//7828
f 2147//7829 2139//7829 2141//7829
f 2136//7830 2143//7830 2142//7830
f 2142//7831 2208//7831 2145//7831
f 2152//7832 2284//7832 2143//7832
f 2142//7833 2145//7833 2140//7833
f 2143//7834 2284//7834 2142//7834
f 2149//7835 2004//7835 2148//7835
f 2150//7836 2151//7836 2148//7836
f 2151//7837 2149//7837 2148//7837
f 2151//7838 2029//7838 2149//7838
f 2029//7839 2150//7839 2153//7839
f 2029//7840 2152//7840 2149//7840
f 2029//7841 2153//7841 2025//7841
f 2025//7842 2032//7842 2029//7842
f 2029//7843 2032//7843 2152//7843
f 2037//7844 2154//7844 2040//7844
f 2054//7845 2156//7845 2037//7845
f 2037//7846 2062//7846 2154//7846
f 2037//7847 2156//7847 2062//7847
f 2155//7848 2161//7848 2061//7848
f 2156//7849 2157//7849 2062//7849
f 2162//7850 2065//7850 2053//7850
f 2155//7851 2126//7851 2161//7851
f 2162//7852 2069//7852 2160//7852
f 2061//7853 2161//2383 2069//2382
f 2158//7854 2163//7854 2013//7854
f 2156//7855 2159//7855 2164//7855
f 2161//7856 2165//7856 2160//7856
f 2164//7857 2107//7857 2163//7857
f 2183//7858 2166//7858 1892//7858
f 2171//7859 2170//7859 2174//7859
f 2175//7860 2171//7860 2176//7860
f 2301//7861 2175//7861 2176//7861
f 2176//7862 2174//7862 2173//7862
f 2176//7863 2173//7863 2304//7863
f 2315//7864 2312//7864 2178//7864
f 2194//7865 2182//7865 2179//7865
f 2182//7866 2177//7866 2180//7866
f 2169//7867 2168//7867 1943//7867
f 1942//7868 2169//7868 1943//7868
f 2171//7869 2184//7869 2170//7869
f 2184//7870 2171//7870 2186//7870
f 2185//7871 2184//7871 2186//7871
f 2184//7872 2185//7872 2170//7872
f 2187//7873 2186//7873 2171//7873
f 2187//7874 2190//7874 2186//7874
f 2301//7875 2188//7875 2175//7875
f 2190//7876 2191//7876 2185//7876
f 2185//2408 2347//7877 2310//2409
f 2194//7878 2196//7878 2182//7878
f 2182//7879 2196//7879 2177//7879
f 2197//7880 2177//7880 2196//7880
f 2198//7881 2192//7881 2188//7881
f 2199//7882 2178//7882 2312//7882
f 2178//7883 2199//7883 2355//7883
f 2197//7884 2196//7884 2360//7884
f 2194//7885 2360//7885 2196//7885
f 1996//7886 1999//7886 2001//7886
f 2030//7887 1998//7887 2002//7887
f 2206//7888 1999//7666 1990//7668
f 2205//7889 1995//7889 2000//7889
f 2002//7890 1995//7890 2205//7890
f 2202//7891 2000//7891 2200//7891
f 2204//2508 2207//2507 2203//7892
f 2146//2365 2204//2367 2203//7893
f 2208//7894 2207//7894 2145//7894
f 2210//7895 2209//7895 2214//7895
f 2213//7896 2215//7896 2217//7896
f 2211//7897 2216//7897 2209//7897
f 2228//7898 2214//7898 2229//7898
f 2218//7899 2216//7899 2211//7899
f 2226//7900 2214//7900 2219//7900
f 2224//7901 2217//7901 2221//7901
f 2220//7902 2217//7903 2224//7904
f 2220//7905 2219//7905 2209//7905
f 2222//7906 2220//7902 2224//7904
f 2223//7907 2224//7907 2221//7907
f 2221//7908 2215//7908 2223//7908
f 2382//7909 2212//7909 2503//7909
f 2226//7910 2219//7910 2225//7910
f 2222//7911 2227//7911 2225//7911
f 2340//7912 2224//7912 2223//7912
f 2227//7913 2222//2454 2340//2453
f 2231//7914 2230//7914 2228//7914
f 2230//7915 2210//7915 2228//7915
f 2234//7916 2231//7916 2232//7916
f 2236//2467 2234//7917 2235//2468
f 2237//7918 2229//2472 2240//2471
f 2239//7919 2235//2461 2238//2460
f 2249//7920 2236//7920 2239//7920
f 2376//2642 2240//2641 2226//7921
f 2243//7922 2247//7922 2242//7922
f 2244//7923 2242//7924 2241//7925
f 2244//7926 2243//7927 2242//7928
f 2250//7929 2251//7929 2247//7929
f 2250//7930 2248//7930 2251//7930
f 2251//7931 2248//7931 2397//7931
f 2512//7932 2252//7932 2243//7932
f 2246//7933 2244//7923 2241//7925
f 2270//7934 2253//7934 2261//7934
f 2258//7935 2261//7935 2253//7935
f 2253//7936 2257//7936 2258//7936
f 2271//7937 2253//7937 2270//7937
f 2256//7938 2262//7938 2440//7938
f 2267//7939 2261//7939 2258//7939
f 2255//2494 2254//7940 2241//2495
f 2263//7941 2262//7941 2256//7941
f 2276//7942 2253//7942 2271//7942
f 2260//7943 2259//7943 2256//7943
f 2449//7944 2257//7945 2276//7946
f 2412//7947 2241//7947 2242//7947
f 2427//7948 2264//2486 2256//2485
f 2273//7949 2255//7949 2263//7949
f 2265//7950 2273//7950 2263//7950
f 2268//7951 2266//7951 2267//7951
f 2263//7952 2259//7953 2265//7954
f 2273//7955 2254//7940 2255//2494
f 2270//7956 2261//7956 2428//7956
f 2262//7957 2426//7957 2443//7957
f 2263//7958 2255//7958 2426//7958
f 2274//7959 2276//7959 2434//7959
f 2260//7960 2265//7954 2259//7953
f 2439//7961 2268//7961 2277//7961
f 2283//7962 2278//7962 2279//7962
f 2283//7963 2279//7963 2280//7963
f 2283//7964 2483//2757 2278//2756
f 2284//7965 2207//7965 2208//7965
f 2201//7966 2207//7966 2284//7966
f 2139//7967 2146//7967 2206//7967
f 2285//7968 2213//7968 2218//7968
f 2285//7969 2218//7969 2287//7969
f 2211//7970 2289//7970 2218//7970
f 2289//7971 2211//7971 2294//7971
f 2285//7972 2286//7972 2212//7972
f 2285//7973 2287//7974 2290//7975
f 2288//7976 2285//7973 2290//7975
f 2293//7977 2290//7977 2289//7977
f 2230//7978 2294//7978 2210//7978
f 2296//7979 2230//7979 2231//7979
f 2294//2525 2230//7980 2295//2526
f 2236//7981 2296//7981 2231//7981
f 2246//7982 2243//7927 2244//7926
f 2246//7983 2512//7983 2243//7983
f 2277//7984 2258//7984 2257//7984
f 2257//7985 2515//7985 2277//7985
f 2515//7986 2257//7945 2449//7944
f 2298//7987 2300//7987 2172//7987
f 2176//7988 2304//7988 2301//7988
f 2304//7989 2300//7989 2302//7989
f 2310//7990 2307//7990 2298//7990
f 2306//7991 2299//7991 2305//7991
f 2298//7992 2307//7992 2300//7992
f 2303//7993 2299//7993 2306//7993
f 2309//7994 2307//7994 2310//7994
f 2315//7995 2321//7995 2312//7995
f 2315//7996 2319//7996 2320//7996
f 2199//7997 2312//7997 2323//7997
f 2323//7998 2312//7998 2321//7998
f 2318//7999 2181//7999 2317//7999
f 2315//8000 2320//8000 2321//8000
f 2322//8001 2323//8001 2321//8001
f 2317//8002 2181//8002 2326//8002
f 2324//8003 2322//8003 2321//8003
f 2325//8004 2318//8004 2317//8004
f 2323//8005 2328//8005 2326//8005
f 2329//8006 2327//8006 2326//8006
f 2317//8007 2327//8007 2325//8007
f 2320//8008 2367//8008 2332//8008
f 2331//8009 2328//8009 2322//8009
f 2325//8010 2327//8010 2329//8010
f 2335//8011 2333//8011 2325//8011
f 2367//8012 2334//8012 2332//8012
f 2329//8013 2328//8013 2364//8013
f 2373//8014 2333//8014 2335//8014
f 2333//8015 2336//8015 2318//8015
f 2187//8016 2189//8016 2339//8016
f 2339//8017 2345//8017 2193//8017
f 2223//8018 2343//8018 2340//8018
f 2339//8019 2344//8019 2342//8019
f 2339//8020 2342//8020 2345//8020
f 2193//8021 2345//8021 2348//8021
f 2346//8022 2340//8023 2343//2624
f 2345//8024 2342//8024 2349//8024
f 2349//8025 2353//8025 2345//8025
f 2353//8026 2348//8026 2345//8026
f 2350//8027 2303//8027 2306//8027
f 2330//8028 2303//8028 2350//8028
f 2330//8029 2350//8029 2344//8029
f 2349//8030 2344//8030 2350//8030
f 2348//8031 2351//8031 2347//8031
f 2352//8032 2349//8032 2350//8032
f 2347//8033 2351//8033 2354//8033
f 2352//8034 2350//2576 2308//2575
f 2353//8035 2352//8035 2354//8035
f 2354//8036 2311//8036 2310//8036
f 2354//8037 2351//8037 2353//8037
f 2195//8038 2199//8038 2316//8038
f 2197//8039 2358//8039 2195//8039
f 2356//8040 2360//8040 2194//8040
f 2358//8041 2362//8041 2195//8041
f 2359//8042 2197//8042 2360//8042
f 2361//8043 2363//8043 2355//8043
f 2362//8044 2355//8044 2199//8044
f 2355//8045 2363//8045 2357//8045
f 2360//8046 2365//8046 2359//8046
f 2337//8047 2366//8047 2356//8047
f 2356//8048 2374//8048 2365//8048
f 2363//8049 2330//8049 2357//8049
f 2362//8050 2331//8050 2370//8050
f 2362//8051 2364//8051 2331//8051
f 2364//8052 2328//8052 2331//8052
f 2368//8053 2359//8053 2365//8053
f 2366//8054 2374//8054 2356//8054
f 2367//8055 2303//8055 2330//8055
f 2334//8056 2331//8056 2322//8056
f 2363//8057 2334//8057 2367//8057
f 2358//8058 2368//8058 2364//8058
f 2372//8059 2329//8059 2364//8059
f 2372//8060 2368//8060 2369//8060
f 2371//8061 2373//8061 2374//8061
f 2366//8062 2337//8062 2375//8062
f 2371//8063 2375//8063 2333//8063
f 2341//8064 2226//8064 2225//8064
f 2376//8065 2226//8065 2341//8065
f 2346//8022 2343//2624 2380//2623
f 2227//8066 2377//8066 2381//8066
f 2378//8067 2377//8067 2380//8067
f 2382//8068 2379//8068 2223//8068
f 2503//8069 2388//8069 2382//8069
f 2384//8070 2341//8070 2381//8070
f 2378//8071 2385//8071 2383//8071
f 2386//2630 2385//8072 2378//2631
f 2387//8073 2384//8073 2383//8073
f 2394//8074 2391//8075 2386//8076
f 2391//8075 2385//8077 2386//8076
f 2391//8078 2393//8078 2389//8078
f 2390//8079 2386//8079 2379//8079
f 2391//8080 2392//8080 2385//8080
f 2390//8081 2394//8081 2386//8081
f 2504//8082 2395//8082 2392//8082
f 2387//8083 2392//8083 2395//8083
f 2238//8084 2396//8084 2398//8084
f 2252//8085 2399//8085 2249//8085
f 2398//8086 2397//8086 2238//8086
f 2400//8087 2396//8087 2237//8087
f 2406//8088 2396//8088 2400//8088
f 2401//8089 2398//8089 2406//8089
f 2508//8090 2402//8090 2405//8090
f 2402//8091 2420//8091 2405//8091
f 2403//8092 2376//8092 2384//8092
f 2407//8093 2405//8093 2404//8093
f 2387//8094 2403//8095 2384//8096
f 2411//8097 2400//8097 2403//8097
f 2410//8098 2411//8098 2409//8098
f 2387//8094 2408//8099 2403//8095
f 2409//8100 2411//8100 2408//8100
f 2395//8101 2409//8101 2408//8101
f 2415//8102 2397//8102 2401//8102
f 2415//8103 2245//8103 2247//8103
f 2239//8104 2238//8104 2397//8104
f 2252//8105 2512//8105 2414//8105
f 2415//8106 2413//8106 2245//8106
f 2417//8107 2415//8107 2416//8107
f 2414//8108 2402//8108 2399//8108
f 2402//8109 2414//8109 2420//8109
f 2419//8110 2416//8110 2420//8110
f 2514//8111 2418//8111 2419//8111
f 2432//8112 2431//8112 2430//8112
f 2442//8113 2484//8113 2272//8113
f 2275//8114 2434//8114 2272//8114
f 2275//8115 2274//8115 2434//8115
f 2436//8116 2449//8116 2276//8116
f 2437//8117 2276//8117 2274//8117
f 2265//8118 2438//8118 2273//8118
f 2427//8119 2440//8119 2441//8119
f 2428//8120 2427//8120 2441//8120
f 2276//8121 2437//8121 2436//8121
f 2450//8122 2412//2662 2413//2661
f 2412//8123 2450//8124 2451//8125
f 2270//8126 2428//8126 2452//8126
f 2445//8127 2446//8127 2454//8127
f 2444//8128 2457//8128 2443//8128
f 2457//8129 2440//8129 2443//8129
f 2426//8130 2425//8130 2451//8130
f 2451//8131 2444//8131 2426//8131
f 2441//8132 2440//8132 2457//8132
f 2453//8133 2441//8133 2457//8133
f 2468//8134 2462//8134 2436//8134
f 2458//8135 2453//8135 2457//8135
f 2459//8136 2444//8136 2451//8136
f 2484//8137 2442//8137 2455//8137
f 2462//8138 2468//8138 2460//8138
f 2438//8139 2447//8139 2469//8139
f 2470//8140 2463//8140 2456//8140
f 2457//8141 2444//8141 2464//8141
f 2476//8142 2458//8142 2457//8142
f 2472//8143 2479//8143 2458//8143
f 2479//8144 2456//8144 2458//8144
f 2465//8145 2444//8145 2459//8145
f 2472//8146 2458//8146 2476//8146
f 2491//8147 2484//8147 2455//8147
f 2466//8148 2491//8148 2455//8148
f 2468//8149 2461//8149 2460//8149
f 2513//8150 2469//8150 2473//8150
f 2513//8151 2438//8151 2469//8151
f 2516//8152 2475//8152 2448//8152
f 2473//8153 2465//8153 2459//8153
f 2475//8154 2472//8154 2474//8154
f 2422//2744 2513//2743 2473//8155
f 2518//8156 2474//8156 2471//8156
f 2470//8157 2456//8157 2479//8157
f 2450//8124 2422//8158 2451//8125
f 2422//2735 2473//2735 2459//2735
f 2474//8159 2476//8159 2471//8159
f 2480//8160 2463//8160 2470//8160
f 2475//8161 2477//8161 2472//8161
f 2422//8162 2450//8162 2413//8162
f 2480//8163 2470//8163 2479//8163
f 2477//8164 2519//8164 2480//8164
f 2472//8165 2478//8165 2479//8165
f 2478//8166 2480//8166 2479//8166
f 2423//8167 2481//8167 2422//8167
f 2421//2677 2423//8168 2422//2678
f 2483//8169 2283//8169 2280//8169
f 2282//8170 2488//8170 2483//8170
f 2482//8171 2281//8171 2280//8171
f 2485//8172 2461//8172 2435//8172
f 2485//8173 2488//8173 2487//8173
f 2435//8174 2461//8174 2468//8174
f 2485//8175 2490//8175 2461//8175
f 2488//8176 2494//8176 2487//8176
f 2487//8177 2494//8177 2493//8177
f 2487//8178 2490//8178 2485//8178
f 2489//8179 2491//8179 2492//8179
f 2486//8180 2489//8180 2493//8180
f 2487//8181 2493//8181 2495//8181
f 2494//8182 2482//8182 2493//8182
f 2496//8183 2495//8183 2492//8183
f 2493//8184 2489//8184 2495//8184
f 2487//8185 2495//8185 2496//8185
f 2501//8186 2499//8186 2497//8186
f 2501//2774 2498//8187 2509//2774
f 2292//8188 2499//8188 2500//8188
f 2500//8189 2503//8189 2292//8189
f 2499//8190 2505//8190 2500//8190
f 2502//8191 2509//8191 2506//8191
f 2500//8192 2505//8192 2389//8192
f 2500//8193 2393//8193 2388//8193
f 2500//8194 2389//8194 2393//8194
f 2504//8195 2392//8195 2389//8195
f 2504//8196 2506//8196 2395//8196
f 2509//8197 2498//8197 2297//8197
f 2236//8198 2508//8198 2507//8198
f 2407//8199 2507//8199 2508//8199
f 2509//8200 2510//8200 2409//8200
f 2297//8201 2510//8201 2509//8201
f 2296//8202 2510//8202 2297//8202
f 2395//8203 2506//8203 2409//8203
f 2246//8204 2511//8204 2512//8204
f 2512//8205 2514//8205 2414//8205
f 2511//8206 2424//8206 2512//8206
f 2511//8207 2254//8207 2513//8207
f 2260//7960 2447//8208 2265//7954
f 2269//8209 2266//8209 2448//8209
f 2269//8210 2474//8210 2260//8210
f 2474//8211 2269//8211 2448//8211
f 2517//8212 2516//2801 2439//2803
f 2260//8213 2474//8213 2518//8213
f 2517//8214 2515//8214 2519//8214
f 2519//8215 2515//8215 2449//8215
f 2520//8216 2522//8217 2524//8218
f 2520//8216 2524//8218 2530//8219
f 2526//8220 2521//8220 2531//8220
f 2531//2818 2521//8221 2523//2816
f 2524//8222 2531//8222 2525//8222
f 2527//8223 2525//8223 2531//8223
f 2527//8224 2528//8224 2530//8224
f 2538//8225 2530//8225 2528//8225
f 2525//2815 2527//8226 2530//2813
f 2523//8227 2521//8227 2529//8227
f 2536//8228 2527//8228 2529//8228
f 2536//8229 2534//8229 2528//8229
f 2529//8230 2772//8230 2532//8230
f 2538//8231 2597//8231 2530//8231
f 2597//8232 2538//8232 2537//8232
f 2541//8233 2537//8233 2539//8233
f 2540//8234 2546//8234 2542//8234
f 2787//8235 2545//8235 2544//8235
f 2787//8236 2540//2830 2545//2832
f 2544//8237 2543//8238 2535//8239
f 2786//8240 2540//2830 2787//8236
f 2611//8241 2540//8241 2786//8241
f 2561//8242 2554//8242 2547//8242
f 2548//8243 2620//8243 2624//8243
f 2548//2838 2549//8244 2561//2839
f 2548//8245 2624//8245 2549//8245
f 2551//8246 2553//8247 2556//8248
f 2555//8249 2553//8249 2552//8249
f 2553//8250 2551//8250 2550//8250
f 2553//8247 2557//8251 2556//8248
f 2553//8252 2555//8252 2559//8252
f 2557//8253 2562//8254 2556//8255
f 2557//8256 2563//8256 2562//8256
f 2563//8257 2654//8257 2652//8257
f 2563//8258 2569//8258 2654//8258
f 2554//8259 2561//8259 2564//8259
f 2570//8260 2654//8260 2569//8260
f 2651//8261 2665//8261 2566//8261
f 2569//8262 2571//8262 2570//8262
f 2563//8263 2568//8263 2571//8263
f 2567//8264 2574//8264 2572//8264
f 2567//8265 2566//8265 2789//8265
f 2575//8266 2554//8266 2564//8266
f 2579//8267 2576//8267 2526//8267
f 2581//8268 2580//8268 2576//8268
f 2576//8269 2521//8269 2526//8269
f 2577//8270 2578//8270 2522//8270
f 2584//8271 2578//8271 2577//8271
f 2577//8272 2598//8272 2595//8272
f 2581//8273 2579//8273 2578//8273
f 2584//8274 2577//8274 2595//8274
f 2582//8275 2578//8275 2524//8275
f 2522//2875 2578//8276 2582//2876
f 2584//8277 2583//8277 2578//8277
f 2583//2882 2581//2881 2578//8278
f 2585//8279 2580//8279 2581//8279
f 2586//8280 2584//8280 2595//8280
f 2772//8281 2521//8282 2576//2883
f 2585//8283 2581//8283 2587//8283
f 2589//2886 2588//2888 2587//8284
f 2586//8285 2589//8285 2587//8285
f 2595//8286 2603//8286 2589//8286
f 2589//8287 2586//8287 2595//8287
f 2585//8288 2587//8289 2588//8290
f 2585//8288 2588//8290 2590//8291
f 2590//8292 2591//8292 2585//8292
f 2592//8293 2797//8293 2580//8293
f 2591//8294 2592//8294 2585//8294
f 2590//8295 2796//8295 2591//8295
f 2590//8296 2593//3117 2796//3119
f 2593//8297 2590//8297 2589//8297
f 2591//8298 2797//8298 2592//8298
f 2522//8299 2530//8299 2597//8299
f 2594//8300 2598//8300 2597//8300
f 2596//8301 2598//8301 2594//8301
f 2541//8302 2594//8302 2537//8302
f 2599//8303 2600//8303 2541//8303
f 2595//8304 2598//8304 2603//8304
f 2603//8305 2598//8305 2596//8305
f 2596//8306 2594//8306 2600//8306
f 2541//8307 2542//8307 2604//8307
f 2600//8308 2599//8308 2607//8308
f 2542//8309 2606//8309 2604//8309
f 2596//8310 2608//8310 2603//8310
f 2596//8311 2607//8311 2608//8311
f 2605//8312 2608//8312 2610//8312
f 2623//8313 2609//8313 2602//8313
f 2609//8314 2613//8314 2607//8314
f 2593//8315 2605//8315 2610//8315
f 2613//8316 2608//8316 2607//8316
f 2608//8317 2826//8318 2610//8319
f 2614//8320 2616//8320 2615//8320
f 2615//8321 2547//8321 2641//8321
f 2618//8322 2616//8322 2614//8322
f 2616//8323 2619//2911 2547//2837
f 2601//8324 2619//8324 2617//8324
f 2616//8325 2617//8325 2619//8325
f 2601//8326 2622//8327 2621//8328
f 2620//8329 2548//8329 2619//8329
f 2621//8328 2602//8330 2601//8326
f 2646//8331 2626//8331 2618//8331
f 2621//8332 2625//8332 2623//8332
f 2622//8333 2626//8333 2625//8333
f 2623//8334 2628//8334 2609//8334
f 2628//8335 2627//8335 2612//8335
f 2630//8336 2631//8336 2629//8336
f 2629//8337 2552//2845 2550//2844
f 2631//8338 2632//8338 2639//8338
f 2633//8339 2639//8339 2632//8339
f 2562//8340 2634//8340 2551//8340
f 2630//8341 2632//8341 2631//8341
f 2636//8342 2633//8342 2632//8342
f 2647//2934 2637//2936 2630//8343
f 2640//8344 2637//8345 2638//8346
f 2562//8254 2551//8347 2556//8255
f 2641//8348 2642//8348 2614//8348
f 2647//8349 2634//8349 2562//8349
f 2640//8344 2632//8350 2637//8345
f 2649//8351 2659//8351 2640//8351
f 2633//8352 2645//8352 2643//8352
f 2648//8353 2647//8353 2562//8353
f 2666//8354 2644//8354 2652//8354
f 2656//8355 2614//8355 2642//8355
f 2640//8356 2659//8356 2636//8356
f 2562//8357 2563//8357 2652//8357
f 2644//8358 2666//8358 2663//8358
f 2661//8359 2655//8359 2663//8359
f 2655//8360 2661//8360 2662//8360
f 2642//8361 2643//8361 2656//8361
f 2645//8362 2657//8362 2656//8362
f 2671//8363 2659//8363 2649//8363
f 2662//8364 2661//8364 2660//8364
f 2670//8365 2655//8365 2675//8365
f 2665//8366 2651//8366 2643//8366
f 2681//8367 2663//8367 2664//8367
f 2667//8368 2645//8368 2635//8368
f 2645//8369 2667//8369 2657//8369
f 2648//2992 2658//8370 2668//2990
f 2653//8371 2648//8371 2669//8371
f 2659//8372 2684//8372 2683//8372
f 2671//8373 2653//8373 2669//8373
f 2673//8374 2660//8374 2666//8374
f 2662//8375 2660//8375 2674//8375
f 2676//8376 2668//8376 2663//8376
f 2664//8377 2670//8377 2677//8377
f 2671//8378 2672//8378 2684//8378
f 2674//8379 2673//8379 2688//8379
f 2679//8380 2665//8380 2554//8380
f 2673//8381 2570//8381 2680//8381
f 2571//8382 2680//8382 2570//8382
f 2688//8383 2673//8383 2680//8383
f 2689//8384 2674//8384 2688//8384
f 2857//8385 2690//8385 2677//8385
f 2676//8386 2681//8386 2859//8386
f 2667//8387 2683//8387 2682//8387
f 2678//8388 2668//8388 2676//8388
f 2678//8389 2864//8389 2669//8389
f 2680//8390 2571//8390 2686//8390
f 2571//8391 2568//8391 2686//8391
f 2861//8392 2665//8392 2679//8392
f 2686//8393 2687//8393 2680//8393
f 2688//8394 2857//8394 2689//8394
f 2859//8395 2678//8395 2676//8395
f 2685//8396 2683//8396 2684//8396
f 2684//8397 2866//8397 2685//8397
f 2672//8398 2860//8398 2684//8398
f 2691//8399 2692//8399 2695//8399
f 2693//8400 2691//8400 2696//8400
f 2696//8401 2694//8401 2693//8401
f 2691//8402 2695//8402 2699//8402
f 2702//8403 2698//8403 2696//8403
f 2701//8404 2691//8404 2699//8404
f 2707//8405 2701//8405 2699//8405
f 2703//8406 2702//8406 2705//8406
f 2707//8407 2699//8408 2706//8409
f 2882//8410 2701//8410 2707//8410
f 2710//8411 2708//8411 2709//8411
f 2717//8412 2710//8413 2716//8414
f 2718//8415 2714//8415 2712//8415
f 2712//8416 2714//8416 2715//8416
f 2711//8417 2710//8413 2717//8412
f 2715//8418 2720//8418 2712//8418
f 2711//8419 2756//8419 2710//8419
f 2708//8420 2756//8420 2720//8420
f 2716//8421 2709//8421 2723//8421
f 2717//8422 2716//8422 2713//8422
f 2719//8423 2698//8423 2718//8423
f 2712//8424 2719//8424 2718//8424
f 2730//8425 2722//8425 2714//8425
f 2727//8426 2713//8426 2733//8426
f 2723//8427 2709//8427 2708//8427
f 2726//8428 2716//8428 2723//8428
f 2713//8429 2716//8429 2726//8429
f 2725//8430 2724//8430 2714//8430
f 2708//8431 2725//8431 2723//8431
f 2698//8432 2704//8433 2718//8434
f 2720//8435 2725//8435 2708//8435
f 2732//8436 2714//8436 2722//8436
f 2730//8437 2718//8434 2704//8433
f 2732//8438 2723//8438 2725//8438
f 2733//8439 2713//8439 2726//8439
f 2733//8440 2729//8440 2727//8440
f 2736//8441 2727//8441 2729//8441
f 2731//3032 2730//8442 2704//3030
f 2729//8443 2733//8443 2735//8443
f 2734//8444 2732//8444 2722//8444
f 2734//8445 2722//8445 2895//8445
f 2729//8446 2735//8446 2896//8446
f 2737//8447 2729//8447 2899//8447
f 2703//8448 2886//8448 2704//8448
f 2898//8449 2731//8449 2886//8449
f 2731//8450 2898//8450 2738//8450
f 2740//8451 2713//8451 2727//8451
f 2741//8452 2758//8452 2740//8452
f 2740//8453 2742//8453 2741//8453
f 2737//8454 2742//8454 2736//8454
f 2693//8455 2745//8455 2743//8455
f 2744//8456 2692//8456 2743//8456
f 2745//8457 2693//8457 2746//8457
f 2694//8458 2750//8458 2746//8458
f 2746//8459 2747//8459 2745//8459
f 2750//8460 2747//8460 2746//8460
f 2749//8461 2751//8461 2748//8461
f 2747//8462 2750//8462 2754//8462
f 2694//8463 2763//8463 2750//8463
f 2763//8464 2753//8464 2750//8464
f 2754//8465 2750//8465 2753//8465
f 2755//8466 2754//8466 2753//8466
f 2898//8467 2755//8467 2753//8467
f 2904//8468 2754//8468 2755//8468
f 2904//8469 2905//8469 2754//8469
f 2758//8470 2757//8470 2711//8470
f 2757//8471 2756//8471 2711//8471
f 2758//8472 2711//8472 2717//8472
f 2740//8473 2758//8473 2717//8473
f 2694//8474 2698//8474 2719//8474
f 2712//8475 2721//8475 2719//8475
f 2760//8476 2756//8476 2761//8476
f 2756//8477 2760//8477 2720//8477
f 2694//8478 2719//8478 2763//8478
f 2760//8479 2768//8479 2762//8479
f 2721//8480 2763//8480 2719//8480
f 2764//8481 2767//8481 2914//8481
f 2721//8482 2738//8482 2763//8482
f 2770//8483 2759//8483 2765//8483
f 2759//8484 2770//8484 2721//8484
f 2769//8485 2770//8486 2765//8487
f 2768//8488 2766//8488 2911//8488
f 2763//8489 2738//8489 2898//8489
f 2769//8485 2913//8490 2770//8486
f 2768//8491 2912//8491 2769//8491
f 2912//8492 2768//8492 2911//8492
f 2757//8493 2914//8493 2766//8493
f 2766//8494 2914//8494 2911//8494
f 2764//8495 2758//8495 2741//8495
f 2767//8496 2741//8496 2742//8496
f 2534//8497 2774//8497 2535//8497
f 2773//8498 2536//8498 2533//8498
f 2536//8499 2774//8499 2534//8499
f 2772//3089 2773//3088 2533//8500
f 2773//8501 2802//8501 2771//8501
f 2778//8502 2919//8502 2779//8502
f 2780//8503 2777//8503 2783//8503
f 2781//8504 2811//8504 2783//8504
f 2782//8505 2780//8505 2783//8505
f 2919//8506 2918//8506 2779//8506
f 2774//8507 2785//8507 2535//8507
f 2544//8237 2535//8239 2785//8508
f 2787//3098 2544//8509 2785//3099
f 2573//2866 2574//2868 2791//8510
f 2794//8511 2568//8511 2573//8511
f 2789//8512 2792//8512 2790//8512
f 2793//8513 2790//8513 2792//8513
f 2793//3112 2873//8514 2791//3113
f 2873//8515 2794//8515 2791//8515
f 2797//2885 2772//8281 2576//2883
f 2796//8516 2795//8516 2591//8516
f 2797//8517 2798//8517 2800//8517
f 2825//8518 2801//8518 2593//8518
f 2772//8519 2797//8519 2800//8519
f 2808//3122 2803//8520 2799//3123
f 2795//8521 2809//8521 2798//8521
f 2809//8522 2795//8523 2799//8524
f 2799//8524 2803//8525 2809//8522
f 2798//8526 2809//8526 2800//8526
f 2803//8527 2802//8527 2804//8527
f 2800//8528 2809//8529 2806//8530
f 2808//8531 2801//8531 2828//8531
f 2776//8532 2805//8532 2774//8532
f 2806//8533 2775//8533 2800//8533
f 2806//8530 2807//8534 2775//8535
f 2806//8530 2809//8529 2807//8534
f 2810//8536 2780//8536 2782//8536
f 2811//8537 2782//8537 2783//8537
f 2815//8538 2778//8538 2779//8538
f 2813//8539 2780//8539 2810//8539
f 2780//8540 2813//8540 2777//8540
f 2819//8541 2813//3141 2818//3140
f 2810//8542 2819//8542 2818//8542
f 2812//8543 2820//8543 2814//8543
f 2821//8544 2814//8544 2820//8544
f 2814//8545 2955//8545 2817//8545
f 2823//8546 2612//8546 2611//8546
f 2824//8547 2612//8547 2823//8547
f 2824//8548 2823//8548 2613//8548
f 2610//8549 2825//8549 2593//8549
f 2826//8318 2822//8550 2610//8319
f 2828//8551 2825//8552 2827//8553
f 2825//8554 2831//8554 2827//8554
f 2611//8555 2786//8555 2788//8555
f 2828//8551 2827//8553 2830//8556
f 2830//8557 2788//8557 2832//8557
f 2830//8558 2833//8558 2788//8558
f 2829//3160 2833//8559 2611//3158
f 2827//8560 2831//8560 2833//8560
f 2833//8561 2608//8561 2823//8561
f 2805//8562 2832//8562 2774//8562
f 2836//8563 2835//8563 2834//8563
f 2918//8564 2834//8564 2779//8564
f 2834//8565 2918//8565 2836//8565
f 2978//8566 2836//8566 2837//8566
f 2549//8567 2624//8567 2627//8567
f 2838//8568 2549//8568 2627//8568
f 2838//8569 2627//8569 2628//8569
f 2628//8570 2625//8570 2838//8570
f 2840//8571 2575//8571 2564//8571
f 2858//8572 2839//8572 2865//8572
f 2838//3176 2626//8573 2842//3174
f 2839//8574 2842//8574 2626//8574
f 2842//8575 2840//3173 2549//2840
f 2842//8576 2841//8576 2840//8576
f 3004//8577 2846//8577 2847//8577
f 3006//8578 2850//8578 2941//8578
f 2844//8579 2941//8579 2850//8579
f 2848//8580 2847//8580 2846//8580
f 2844//8581 3012//8581 3023//8581
f 2941//8582 2844//8582 3023//8582
f 2851//8583 2850//8583 3006//8583
f 2843//8584 2847//8584 2848//8584
f 2849//8585 2843//8585 2848//8585
f 3008//8586 2853//8586 2850//8586
f 2849//8587 2848//8587 3004//8587
f 2853//8588 2844//8588 2850//8588
f 2863//8589 2686//8589 2568//8589
f 2680//8590 2687//8590 2690//8590
f 2690//8591 2857//8591 2688//8591
f 2862//8592 2678//8592 2859//8592
f 2856//8593 2841//8593 2858//8593
f 2862//8594 2690//8594 2687//8594
f 2682//8595 2867//8595 2856//8595
f 2685//8596 2877//8596 2872//8596
f 2861//8597 2869//8597 2566//8597
f 2841//8598 2679//3104 2575//3106
f 2867//8599 2874//8599 2869//8599
f 2875//8600 2864//8600 2862//8600
f 2867//8601 2870//8601 2874//8601
f 2867//8602 2872//8602 2870//8602
f 2793//8603 2792//8603 2869//8603
f 2840//8604 2841//8604 2575//8604
f 2858//8605 2841//8605 2842//8605
f 2875//8606 2862//3201 2868//3203
f 2877//8607 2876//8607 2872//8607
f 2871//8608 2877//8608 2864//8608
f 2873//8609 2875//8609 2794//8609
f 2876//8610 2878//8610 2873//8610
f 2876//8611 2874//8611 2870//8611
f 2870//8612 2872//8612 2876//8612
f 2871//8613 2875//3212 2878//3214
f 2876//8614 2871//8614 2878//8614
f 2876//8615 2877//8615 2871//8615
f 2881//8616 2880//8616 2879//8616
f 2699//8408 2700//8617 2706//8409
f 2884//8618 2707//8618 2706//8618
f 2755//8619 2898//8619 2883//8619
f 2700//8620 2888//8620 2706//8620
f 2888//8621 2700//8621 2744//8621
f 2908//8622 2907//8622 2889//8622
f 2888//8623 2889//8623 2884//8623
f 2890//8624 2891//8624 2888//8624
f 2891//8625 2889//8625 2888//8625
f 2892//8626 3090//8626 2894//8626
f 2895//8627 2722//8627 2731//8627
f 2883//8628 2886//8628 2703//8628
f 2895//8629 2739//8629 2734//8629
f 2883//8630 2898//8630 2886//8630
f 2902//8631 2737//8631 2899//8631
f 2738//8632 2901//8632 2731//8632
f 2896//8633 2902//8633 2899//8633
f 2913//8634 2739//8634 2901//8634
f 2900//8635 2903//8635 2896//8635
f 2904//8636 2907//8636 2905//8636
f 2905//8637 2907//8637 2908//8637
f 2909//8638 2893//8638 2894//8638
f 2893//8639 2910//8639 3155//8639
f 2912//8640 2900//8640 2769//8640
f 2912//8641 2911//8641 2903//8641
f 2914//8642 2903//8642 2911//8642
f 2914//8643 2767//8643 2902//8643
f 2917//3263 2918//8644 2919//3260
f 2919//8645 2916//8645 2922//8645
f 2915//8646 2920//8646 2777//8646
f 2916//8647 2925//8647 2922//8647
f 2924//8648 2923//8648 2930//8648
f 2921//8649 2920//8649 2926//8649
f 2923//8650 2922//8650 2928//8650
f 2926//8651 2929//8651 2921//8651
f 2925//8652 2928//8652 2922//8652
f 2957//8653 2926//8653 2915//8653
f 2927//8654 2921//8654 2929//8654
f 2932//8655 2929//8655 2926//8655
f 2934//8656 2929//8656 2932//8656
f 2836//8657 2918//8657 2935//8657
f 2936//8658 2836//8658 2935//8658
f 2938//8659 2935//8659 2924//8659
f 2935//8660 2917//8660 2924//8660
f 2987//8661 2986//8661 2937//8661
f 2938//8662 2987//8662 2937//8662
f 2938//8663 2924//8663 2930//8663
f 2939//8664 2930//8664 2928//8664
f 2941//8665 2943//8665 2942//8665
f 2944//8666 2942//8666 2943//8666
f 3023//8667 3011//8667 2951//8667
f 2947//3356 3055//8668 2943//3357
f 2951//8669 2947//8670 3023//8671
f 2946//8672 2948//8672 2952//8672
f 2949//8673 2948//8673 2946//8673
f 2952//8674 2991//8674 3039//8674
f 2953//8675 2949//8675 2946//8675
f 2950//8676 2949//8676 3037//8676
f 3055//8677 2947//8670 2951//8669
f 2953//8678 2946//8678 2952//8678
f 3039//8679 2953//8679 2952//8679
f 2820//8680 2959//8680 2821//8680
f 2821//8681 2961//8681 2955//8681
f 2962//8682 2957//8682 2784//8682
f 2959//8683 2961//8683 2821//8683
f 2955//8684 2961//8684 2960//8684
f 2961//8685 2968//8685 2960//8685
f 2961//8686 2963//8686 2968//8686
f 2974//8687 2960//8687 2968//8687
f 2969//8688 2963//8688 2966//8688
f 2963//8689 2964//8689 2968//8689
f 2962//8690 2965//8690 2957//8690
f 2957//8691 2965//8691 2972//8691
f 2964//8692 2969//8692 2975//8692
f 2964//8693 2975//8693 2968//8693
f 2974//3305 2967//3307 2976//8694
f 2976//8695 2973//8695 2970//8695
f 2976//8694 2967//3307 2973//8696
f 2969//8697 2971//8697 2975//8697
f 2970//8698 2975//8698 2933//8698
f 2976//8699 2970//8699 2934//8699
f 2972//8700 2976//8700 2934//8700
f 2972//8701 2974//8701 2976//8701
f 2984//8702 2815//8702 2835//8702
f 2978//8703 2984//8703 2835//8703
f 2977//8704 2978//8704 2837//8704
f 2979//8705 2837//8705 2936//8705
f 2985//8706 2979//8706 2986//8706
f 2982//8707 2977//8707 2979//8707
f 2983//8708 2980//8708 2977//8708
f 2989//8709 2983//8709 2977//8709
f 2982//8710 2989//8710 2977//8710
f 2990//8711 2959//8711 2984//8711
f 2986//8712 2987//8712 2988//8712
f 2992//8713 2989//8713 3016//8713
f 2991//8714 2986//8714 2988//8714
f 2994//8715 2966//8715 2990//8715
f 2994//8716 2990//8716 2980//8716
f 2997//8717 2983//8717 2989//8717
f 2983//8718 2999//8718 3002//8718
f 2993//8719 2938//8719 2940//8719
f 2993//8720 2996//8720 2987//8720
f 2995//8721 3003//8721 2999//8721
f 2983//8722 3002//8722 2994//8722
f 3000//8723 2930//8723 2939//8723
f 3000//8724 2940//8724 2938//8724
f 2931//8725 2939//8726 2928//8727
f 3001//8728 3000//8728 2939//8728
f 2933//8729 2939//8726 2931//8725
f 2971//8730 3001//8730 2939//8730
f 3001//8731 3003//8731 3000//8731
f 3002//8732 2999//8732 3003//8732
f 2941//8733 3023//8733 2943//8733
f 3005//8734 2849//8734 3004//8734
f 2850//8735 3067//8735 3008//8735
f 3009//8736 3014//8736 2843//8736
f 2855//8737 3010//8737 3009//8737
f 3007//8738 3011//8738 3023//8738
f 3012//8739 3007//8739 3023//8739
f 3014//8740 2981//8740 2843//8740
f 3014//8741 2982//8741 2985//8741
f 3015//3365 2849//8742 3005//3363
f 3012//8743 3018//8743 3007//8743
f 3009//8744 3016//8744 3014//8744
f 2849//8745 3020//8745 2854//8745
f 2843//8746 2981//8746 2945//8746
f 3013//8747 3015//8747 3022//8747
f 3018//8748 3025//8748 3015//8748
f 3012//8749 2852//8749 3019//8749
f 3022//8750 2950//8750 3011//8750
f 2991//8751 2952//8751 2981//8751
f 3018//8752 3019//8752 3027//8752
f 3018//8753 3027//8753 3025//8753
f 2949//8754 2950//8754 3005//8754
f 3026//8755 3034//8755 3019//8755
f 3009//8756 3035//8756 3016//8756
f 3019//8757 3034//8757 3027//8757
f 3032//8758 3036//3383 3020//3385
f 2950//8759 3037//8759 2951//8759
f 3016//8760 3035//3406 2992//3405
f 3026//8761 3043//8761 3034//8761
f 3026//8762 3030//8762 3043//8762
f 2991//8763 3041//8763 3039//8763
f 2997//8764 2992//8764 2998//8764
f 3038//8765 3028//8765 3031//8765
f 3048//3402 3032//3401 3033//8766
f 3029//8767 3033//8767 3032//8767
f 3047//8768 3040//8768 3055//8768
f 3027//3391 3049//8769 3033//3392
f 3035//8770 3036//8770 3052//8770
f 3044//8771 2949//8771 2953//8771
f 3037//8772 2949//8772 3044//8772
f 3085//8773 3055//8773 3040//8773
f 3037//8774 3045//8774 3047//8774
f 3044//8775 3045//8775 3037//8775
f 2998//8776 3041//8776 2996//8776
f 3045//8777 3048//8777 3047//8777
f 3042//8778 3049//8778 3027//8778
f 3052//8779 3032//8779 3051//8779
f 3043//8780 3038//8780 3053//8780
f 3041//8781 3061//8781 3039//8781
f 3054//8782 3044//8782 2953//8782
f 3048//8783 3045//8783 3044//8783
f 3049//8784 3047//8784 3048//8784
f 2998//8785 3061//8785 3041//8785
f 3051//8786 3044//8786 3063//8786
f 3053//8787 3046//8787 3042//8787
f 3057//8788 3062//8788 3050//8788
f 3058//8789 3031//8789 3062//8789
f 3051//8790 3063//8790 3064//8790
f 3039//8791 3060//8791 3059//8791
f 3060//8792 3039//8792 3061//8792
f 3060//8793 3054//8793 3059//8793
f 3046//8794 3062//8794 3085//8794
f 3053//8795 3062//8795 3046//8795
f 3066//8796 3071//8796 3070//8796
f 3079//8797 3066//8797 3070//8797
f 3069//8798 3065//3431 2942//3430
f 3069//8799 3070//8799 3071//8799
f 3071//8800 3065//8800 3069//8800
f 3008//8801 3067//8801 3024//8801
f 3024//8802 3021//8802 2853//8802
f 3068//8803 2851//8803 3066//8803
f 3024//8804 3028//8804 3021//8804
f 3073//8805 3069//8805 2954//8805
f 3073//8806 3072//8806 3069//8806
f 3079//8807 3072//8807 3080//8807
f 3038//8808 3021//8808 3028//8808
f 3076//8809 3075//8809 2851//8809
f 3068//8810 3081//8810 3076//8810
f 3038//8811 3082//8811 3021//8811
f 3077//8812 3073//8812 2954//8812
f 3075//8813 3078//8813 3067//8813
f 3081//8814 3068//8814 3079//8814
f 3077//8815 2954//8815 3083//8815
f 3084//8816 3077//8816 3083//8816
f 3075//8817 3080//8817 3084//8817
f 3078//8818 3050//8819 3031//8820
f 3078//8821 3075//8821 3084//8821
f 3085//8822 3084//8822 3083//8822
f 3084//8823 3080//8823 3074//8823
f 3038//8824 3031//8824 3058//8824
f 3057//8825 3050//8819 3078//8818
f 3057//8826 3084//8826 3062//8826
f 3038//8827 3058//8827 3053//8827
f 3062//8828 3084//8828 3085//8828
f 3152//8829 2894//8830 3087//8831
f 3089//8832 3092//8832 3090//8832
f 3094//8833 3091//8833 3086//8833
f 3087//8834 3093//8834 3097//8834
f 3088//8835 3092//8835 3095//8835
f 3101//8836 3091//8836 3094//8836
f 3096//8837 3092//8837 3089//8837
f 3092//8838 3096//8838 3095//8838
f 3093//8839 3095//8839 3099//8839
f 3098//8840 3095//8840 3096//8840
f 3100//8841 3093//8841 3099//8841
f 3089//8842 3091//8842 3101//8842
f 3155//3523 3104//3525 3101//8843
f 3096//8844 3105//8844 3098//8844
f 3102//8845 3135//8845 3099//8845
f 3101//8846 3105//8846 3089//8846
f 3098//8847 3102//8847 3099//8847
f 3103//8848 3135//8848 3102//8848
f 3106//8849 3098//8849 3105//8849
f 3106//8850 3105//8850 3104//8850
f 3109//8851 3107//8851 3106//8851
f 3120//8852 3111//8852 3112//8852
f 3148//8853 3113//8853 3149//8853
f 3111//8854 3122//8854 3112//8854
f 3156//8855 3087//8855 3097//8855
f 3111//8856 3121//8856 3122//8856
f 3121//8857 3166//8857 3118//8857
f 3112//8858 3122//8858 3127//8858
f 3130//8859 3134//8859 3127//8859
f 3128//8860 3126//8860 3127//8860
f 3117//8861 3126//8861 3128//8861
f 3128//8862 3123//8862 3117//8862
f 3130//8863 3122//8863 3118//8863
f 3132//8864 3097//8864 3093//8864
f 3131//8865 3129//8865 3119//8865
f 3134//8866 3128//8866 3127//8866
f 3132//8867 3093//8867 3100//8867
f 3134//8868 3130//8868 3133//8868
f 3134//8869 3133//8869 3140//8869
f 3143//8870 3128//8870 3134//8870
f 3136//8871 3139//8871 3131//8871
f 3137//8872 3139//8872 3136//8872
f 3133//8873 3129//8873 3139//8873
f 3137//8874 3136//8874 3135//8874
f 3138//8875 3140//8875 3133//8875
f 3179//8876 3138//8876 3133//8876
f 3142//8877 3123//8877 3128//8877
f 3133//8878 3139//8878 3179//8878
f 3128//8879 3144//8879 3142//8879
f 3146//8880 3139//8880 3137//8880
f 3144//8881 3143//8881 3186//8881
f 3141//8882 3146//8882 3137//8882
f 3186//8883 3187//8883 3144//8883
f 3142//8884 3147//8884 3145//8884
f 3138//8885 3186//8885 3143//8885
f 3147//8886 3142//8886 3144//8886
f 3145//8887 3150//8887 3151//8887
f 2909//8888 2894//8830 3152//8829
f 2909//8889 3152//8889 3157//8889
f 2910//8890 3153//8890 3155//8890
f 2909//8891 3154//8891 2910//8891
f 3154//8892 2909//8892 3157//8892
f 3158//8893 3154//8893 3157//8893
f 3153//8894 3154//8894 3158//8894
f 3156//8895 3175//8895 3152//8895
f 3157//8896 3152//8896 3159//8896
f 3158//8897 3157//8897 3160//8897
f 3162//8898 3153//8898 3161//8898
f 3153//8899 3162//8899 3155//8899
f 3158//8900 3163//8900 3161//8900
f 3160//8901 3103//8901 3107//8901
f 3163//8902 3165//8902 3162//8902
f 3165//8903 3164//8903 3162//8903
f 3165//8904 3163//8904 3109//8904
f 3165//8905 3108//8905 3164//8905
f 3165//8906 3109//8906 3108//8906
f 3115//8907 3167//8907 3111//8907
f 3168//8908 3121//8908 3111//8908
f 3169//8909 3173//8909 3116//8909
f 3188//8910 3169//8910 3116//8910
f 3168//8911 3170//8911 3121//8911
f 3172//8912 3166//8912 3176//8912
f 3174//8913 3166//8913 3121//8913
f 3172//8914 3125//8914 3114//8914
f 3171//8915 3173//8915 3168//8915
f 3170//8916 3174//8916 3121//8916
f 3125//3538 3172//8917 3177//3536
f 3125//8918 3180//8918 3175//8918
f 3152//8919 3175//8919 3159//8919
f 3176//8920 3177//8920 3172//8920
f 3174//8921 3179//8921 3176//8921
f 3174//8922 3170//8922 3138//8922
f 3170//8923 3182//3553 3138//3555
f 3173//8924 3181//8924 3170//8924
f 3183//8925 3177//8925 3176//8925
f 3177//8926 3183//8926 3180//8926
f 3170//8927 3181//8927 3182//8927
f 3185//8928 3169//8928 3188//8928
f 3183//8929 3141//8929 3180//8929
f 3182//8930 3181//8930 3186//8930
f 3186//8931 3181//8931 3184//8931
f 3185//8932 3184//3546 3169//3545
f 3141//8933 3103//8933 3175//8933
f 3145//8934 3147//8934 3185//8934
f 3179//8935 3146//8935 3183//8935
f 3185//3550 3147//8936 3187//3551
f 3188//8937 3116//8937 3148//8937
f 3188//8938 3150//8938 3145//8938
f 3188//8939 3145//8939 3185//8939
f 3196//8940 3190//8940 3192//8940
f 3191//8941 3198//8941 3192//8941
f 3195//8942 3189//8942 3193//8942
f 3195//8943 3191//8943 3189//8943
f 3191//8944 3195//8944 3198//8944
f 3200//8945 3195//8945 3193//8945
f 3198//8946 3195//8946 3200//8946
f 3196//8947 3192//8947 3201//8947
f 3205//8948 3196//8948 3303//8948
f 3205//8949 3194//8949 3196//8949
f 3194//8950 3205//8950 3226//8950
f 3206//8951 3203//8951 3316//8951
f 3317//8952 3206//8952 3316//8952
f 3315//8953 3231//8953 3317//8953
f 3191//8954 3211//8954 3189//8954
f 3209//8955 3214//8955 3208//8955
f 3211//8956 3215//8956 3193//8956
f 3210//8957 3215//8957 3211//8957
f 3212//8958 3217//3590 3210//3592
f 3214//8959 3236//8959 3213//8959
f 3214//8960 3217//8961 3212//8962
f 3210//8963 3218//8964 3215//8965
f 3213//8966 3220//8966 3214//8966
f 3215//8967 3197//8967 3193//8967
f 3221//8968 3217//8961 3214//8960
f 3210//8963 3222//8969 3218//8964
f 3219//8970 3216//8970 3218//8970
f 3222//8971 3219//8971 3218//8971
f 3220//8972 3221//8972 3214//8972
f 3220//8973 3336//8973 3221//8973
f 3220//8974 3213//8974 3223//8974
f 3203//8975 3227//8976 3226//8977
f 3224//8978 3227//8976 3203//8975
f 3227//8979 3228//8979 3226//8979
f 3226//8980 3228//8980 3194//8980
f 3236//3598 3228//8981 3224//3599
f 3229//8982 3224//8982 3225//8982
f 3231//8983 3230//8983 3235//8983
f 3230//8984 3225//8984 3203//8984
f 3234//8985 3225//8985 3230//8985
f 3206//8986 3235//8986 3203//8986
f 3235//8987 3206//8987 3231//8987
f 3234//8988 3232//8988 3233//8988
f 3238//8989 3225//8989 3234//8989
f 3236//8990 3349//8990 3213//8990
f 3236//8991 3229//8991 3237//8991
f 3240//8992 3238//8992 3234//8992
f 3229//8993 3349//8993 3237//8993
f 3239//8994 3350//8994 3238//8994
f 3349//8995 3236//8995 3237//8995
f 3241//8996 3233//8996 3232//8996
f 3245//8997 3233//8997 3241//8997
f 3242//8998 3243//8998 3245//8998
f 3248//8999 3242//8999 3329//8999
f 3371//9000 3233//9000 3245//9000
f 3248//9001 3329//9001 3244//9001
f 3243//9002 3371//9002 3245//9002
f 3372//9003 3374//9003 3243//9003
f 3246//9004 3243//9004 3247//9004
f 3329//9005 3331//9005 3244//9005
f 3373//9006 3372//9006 3243//9006
f 3251//9007 3250//9007 3255//9007
f 3250//9008 3251//9008 3260//9008
f 3249//9009 3250//9009 3287//9009
f 3253//9010 3263//9010 3255//9010
f 3260//9011 3254//9011 3250//9011
f 3258//9012 3287//9012 3254//9012
f 3261//9013 3258//3630 3257//3629
f 3390//3763 3264//9014 3251//3764
f 3260//9015 3251//9015 3259//9015
f 3257//3650 3254//9016 3389//3651
f 3290//9017 3258//9017 3262//9017
f 3254//9018 3260//9018 3259//9018
f 3254//9016 3259//9019 3389//3651
f 3265//9020 3268//9020 3284//9020
f 3261//9021 3266//9021 3267//9021
f 3271//9022 3272//9022 3270//9022
f 3268//9023 3269//9023 3270//9023
f 3272//9024 3271//9024 3281//9024
f 3268//9025 3280//9025 3284//9025
f 3258//9026 3261//9026 3276//9026
f 3274//9027 3271//9027 3270//9027
f 3277//9028 3261//9028 3267//9028
f 3405//9029 3281//9030 3283//9031
f 3268//9032 3282//9032 3403//9032
f 3282//9033 3272//9033 3281//9033
f 3279//9034 3281//9034 3274//9034
f 3281//9035 3279//9035 3283//9035
f 3279//9036 3278//9036 3283//9036
f 3286//9037 3285//9037 3249//9037
f 3256//9038 3287//9038 3258//9038
f 3249//9039 3288//9039 3286//9039
f 3258//9040 3290//9040 3256//9040
f 3256//9041 3290//9041 3292//9041
f 3256//9042 3292//9042 3429//9042
f 3288//9043 3291//9043 3293//9043
f 3273//9044 3277//9044 3267//9044
f 3276//9045 3261//9045 3277//9045
f 3295//9046 3297//9046 3269//9046
f 3295//9047 3269//9047 3294//9047
f 3265//9048 3294//9048 3269//9048
f 3265//9049 3296//9049 3300//9049
f 3295//9050 3298//9051 3297//9052
f 3299//9053 3277//9053 3273//9053
f 3298//9051 3301//9054 3297//9052
f 3273//9055 3297//9055 3299//9055
f 3295//9056 3294//9056 3298//9056
f 3300//9057 3298//9057 3294//9057
f 3296//9058 3442//9058 3298//9058
f 3304//9059 3200//9059 3199//9059
f 3305//9060 3202//9060 3198//9060
f 3197//3562 3304//9061 3199//3563
f 3303//9062 3201//9062 3202//9062
f 3306//9063 3304//9064 3197//9065
f 3308//9066 3305//9066 3200//9066
f 3319//9067 3303//9067 3307//9067
f 3305//9068 3308//9068 3202//9068
f 3307//9069 3202//9069 3308//9069
f 3309//9070 3311//9071 3308//9072
f 3310//9073 3311//9071 3309//9070
f 3311//9074 3314//9074 3308//9074
f 3314//9075 3307//9075 3308//9075
f 3311//9076 3310//9076 3314//9076
f 3197//9065 3313//9077 3306//9063
f 3318//9078 3316//9078 3320//9078
f 3319//9079 3205//9079 3303//9079
f 3319//9080 3323//9081 3207//9082
f 3207//9082 3205//9083 3319//9080
f 3326//3693 3320//3692 3323//9084
f 3326//3696 3323//9085 3327//3697
f 3319//9086 3341//9086 3323//9086
f 3327//9087 3323//9088 3341//9089
f 3341//9089 3328//9090 3327//9087
f 3329//3699 3330//3701 3331//9091
f 3333//9092 3331//9092 3332//9092
f 3332//9093 3315//9093 3321//9093
f 3321//9094 3334//9094 3332//9094
f 3324//9095 3334//9095 3325//9095
f 3221//9096 3336//9096 3337//9096
f 3213//9097 3349//9097 3223//9097
f 3223//9098 3342//9098 3336//9098
f 3339//9099 3219//9099 3222//9099
f 3223//9100 3336//9100 3220//9100
f 3219//9101 3338//9101 3216//9101
f 3222//9102 3337//9102 3339//9102
f 3338//9103 3339//9103 3340//9103
f 3344//9104 3340//9104 3336//9104
f 3336//9105 3342//9105 3344//9105
f 3338//9106 3345//9106 3216//9106
f 3343//9107 3345//9107 3340//9107
f 3340//9108 3344//9108 3343//9108
f 3342//9109 3368//9109 3367//9109
f 3347//9110 3310//9110 3313//9110
f 3310//9111 3343//9111 3348//9111
f 3347//9112 3343//9112 3310//9112
f 3343//9113 3347//9113 3345//9113
f 3344//9114 3348//9114 3343//9114
f 3367//9115 3312//9116 3314//9117
f 3348//9118 3367//9115 3314//9117
f 3216//9119 3347//9119 3346//9119
f 3352//9120 3239//9120 3240//9120
f 3351//9121 3353//9121 3350//9121
f 3356//9122 3239//9122 3352//9122
f 3229//9123 3355//9123 3349//9123
f 3229//9124 3353//9124 3355//9124
f 3351//3730 3354//9125 3357//3728
f 3356//9126 3354//9126 3239//9126
f 3365//9127 3353//9127 3357//9127
f 3353//9128 3365//9128 3355//9128
f 3359//9129 3325//9129 3322//9129
f 3365//9130 3357//9130 3364//9130
f 3326//9131 3359//9131 3322//9131
f 3325//9132 3361//9132 3324//9132
f 3360//9133 3324//9133 3361//9133
f 3360//9134 3362//9134 3356//9134
f 3360//9135 3361//9135 3362//9135
f 3365//9136 3364//9136 3363//9136
f 3370//9137 3366//9137 3358//9137
f 3354//9138 3356//9138 3362//9138
f 3370//9139 3355//9139 3365//9139
f 3359//9140 3361//9140 3325//9140
f 3369//9141 3365//9141 3326//9141
f 3363//9142 3362//9142 3359//9142
f 3366//9143 3368//9143 3342//9143
f 3369//9144 3326//9144 3328//9144
f 3233//9145 3371//9145 3240//9145
f 3352//9146 3240//9146 3371//9146
f 3387//9147 3248//9147 3377//9147
f 3377//9148 3375//9148 3247//9148
f 3383//9149 3382//9149 3374//9149
f 3376//9150 3383//9150 3374//9150
f 3352//9151 3382//9151 3360//9151
f 3380//9152 3377//9153 3379//9154
f 3388//9155 3379//9155 3377//9155
f 3380//9152 3379//9154 3381//9156
f 3375//3751 3380//3750 3381//9157
f 3382//9158 3383//9158 3385//9158
f 3384//9159 3335//9159 3385//9159
f 3378//9160 3385//9160 3383//9160
f 3378//9161 3384//9161 3385//9161
f 3385//9162 3334//9162 3324//9162
f 3386//9163 3244//9163 3333//9163
f 3335//9164 3388//9164 3333//9164
f 3388//9165 3386//9165 3333//9165
f 3386//9166 3388//9166 3377//9166
f 3388//9167 3384//9167 3379//9167
f 3253//3770 3289//9168 3399//3771
f 3392//9169 3251//9169 3264//9169
f 3392//9170 3259//9170 3251//9170
f 3253//9171 3396//9171 3263//9171
f 3393//9172 3259//9172 3392//9172
f 3393//9173 3421//9173 3408//9173
f 3398//9174 3391//9174 3396//9174
f 3394//9175 3391//9175 3398//9175
f 3421//9176 3393//9176 3395//9176
f 3401//9177 3399//9177 3397//9177
f 3406//9178 3278//9178 3407//9178
f 3282//9179 3281//9179 3402//9179
f 3281//9030 3405//9029 3402//9180
f 3280//9181 3409//9181 3412//9181
f 3407//9182 3414//9182 3406//9182
f 3411//9183 3405//9183 3406//9183
f 3413//9184 3412//9184 3409//9184
f 3410//9185 3405//9185 3411//9185
f 3410//9186 3420//9186 3405//9186
f 3439//9187 3410//9187 3411//9187
f 3409//9188 3402//9188 3418//9188
f 3419//9189 3413//9189 3409//9189
f 3419//9190 3418//9190 3423//9190
f 3420//9191 3423//9191 3418//9191
f 3417//9192 3423//9192 3420//9192
f 3427//9193 3413//9193 3444//9193
f 3373//9194 3375//9194 3428//9194
f 3284//9195 3412//9195 3426//9195
f 3428//9196 3376//9196 3372//9196
f 3427//9197 3426//9197 3412//9197
f 3428//9198 3378//9198 3376//9198
f 3428//9199 3381//9199 3378//9199
f 3427//9200 3412//9200 3413//9200
f 3291//9201 3429//9201 3293//9201
f 3293//9202 3435//9202 3431//9202
f 3431//9203 3434//9203 3289//9203
f 3293//9204 3429//9204 3430//9204
f 3435//9205 3434//9205 3431//9205
f 3293//9206 3430//9206 3435//9206
f 3289//9207 3434//9207 3397//9207
f 3433//9208 3421//9208 3395//9208
f 3430//9209 3432//9209 3433//9209
f 3435//9210 3397//9210 3434//9210
f 3430//9211 3433//9211 3436//9211
f 3394//9212 3436//9212 3433//9212
f 3436//9213 3394//9213 3400//9213
f 3436//9214 3401//9214 3397//9214
f 3262//9215 3440//9215 3290//9215
f 3437//9216 3298//9217 3442//9218
f 3301//9219 3439//9219 3299//9219
f 3440//9220 3432//9220 3290//9220
f 3301//9221 3417//9221 3439//9221
f 3417//3822 3301//9222 3298//3822
f 3299//9223 3424//9223 3440//9223
f 3441//9224 3424//9224 3299//9224
f 3442//9218 3444//9225 3437//9216
f 3415//9226 3424//9226 3422//9226
f 3424//9227 3415//9227 3440//9227
f 3441//9228 3439//9228 3416//9228
f 3437//9216 3444//9225 3443//9229
f 3442//9230 3445//9230 3444//9230
f 3443//9231 3425//9231 3423//9231
f 3423//9232 3425//9232 3419//9232
f 3444//3805 3419//3804 3425//9233
f 3423//9234 3438//9234 3443//9234
f 3302//9235 3426//9235 3445//9235
f 3302//9236 3445//9236 3296//9236
f 3469//9237 3452//9237 3453//9237
f 3449//9238 3451//9238 3459//9238
f 3447//3842 3450//3844 3446//9239
f 3456//9240 3455//9241 3453//9242
f 3459//9243 3446//9244 3450//9243
f 3469//9245 3453//9245 3458//9245
f 3459//9243 3450//9243 3454//9246
f 3459//9247 3454//9247 3457//9247
f 3456//9240 3460//9248 3455//9241
f 3464//9249 3457//9249 3454//9249
f 3458//3840 3455//3839 3460//9250
f 3456//9251 3459//9251 3457//9251
f 3456//9252 3461//9252 3460//9252
f 3461//9253 3463//9254 3460//9255
f 3466//3852 3460//9256 3463//3853
f 3698//9257 3461//9257 3465//9257
f 3461//9253 3698//9258 3463//9254
f 3462//3926 3729//3925 3464//9259
f 3468//9260 3467//9260 3469//9260
f 3470//9261 3467//9261 3468//9261
f 3469//9262 3458//9262 3468//9262
f 3471//9263 3468//9263 3458//9263
f 3474//9264 3473//9264 3471//9264
f 3472//9265 3499//9265 3473//9265
f 3474//9266 3471//9266 3466//9266
f 3482//9267 3477//9267 3488//9267
f 3483//9268 3480//9268 3497//9268
f 3480//9269 3483//9269 3481//9269
f 3544//9270 3479//9270 3486//9270
f 3485//9271 3487//9271 3484//9271
f 3487//9272 3481//9272 3484//9272
f 3498//3871 3485//3873 3483//3867
f 3483//9273 3497//9273 3491//9273
f 3485//3873 3484//3868 3483//3867
f 3470//9274 3499//9274 3496//9274
f 3495//9275 3497//9275 3486//9275
f 3472//9276 3496//9276 3499//9276
f 3493//9277 3492//9277 3489//9277
f 3496//9278 3495//9278 3486//9278
f 3494//9279 3489//9279 3498//9279
f 3495//9280 3496//9280 3472//9280
f 3498//9281 3491//9281 3501//9281
f 3495//9282 3472//9282 3504//9282
f 3503//9283 3501//3883 3500//3882
f 3500//3885 3495//9284 3504//3886
f 3504//9285 3472//9285 3507//9285
f 3503//9286 3502//9286 3501//9286
f 3720//9287 3505//9287 3504//9287
f 3715//9288 3501//9289 3506//9290
f 3720//9291 3504//9291 3507//9291
f 3712//9292 3577//9292 3494//9292
f 3448//9293 3508//9293 3451//9293
f 3510//9294 3508//9294 3448//9294
f 3510//9295 3509//9295 3508//9295
f 3511//9296 3514//9297 3447//9298
f 3509//9299 3511//9299 3508//9299
f 3512//9300 3509//9300 3510//9300
f 3515//9301 3512//9301 3516//9301
f 3511//9296 3517//9302 3514//9297
f 3518//9303 3517//9303 3511//9303
f 3515//3908 3520//9304 3513//3906
f 3521//3920 3517//9305 3518//3921
f 3513//9306 3520//9306 3522//9306
f 3525//9307 3524//9307 3523//9307
f 3520//9308 3526//9308 3522//9308
f 3518//9309 3527//9309 3612//9309
f 3526//9310 3527//9310 3518//9310
f 3526//9311 3528//9311 3527//9311
f 3528//9312 3529//9312 3527//9312
f 3615//9313 3541//9313 3530//9313
f 3528//9314 3619//9314 3531//9314
f 3530//9315 3541//9316 3733//9315
f 3613//9317 3530//9317 3619//9317
f 3533//9318 3536//9319 3467//9320
f 3534//9321 3533//9321 3532//9321
f 3534//9322 3532//9322 3535//9322
f 3536//9319 3469//9323 3467//9320
f 3557//9324 3535//9324 3470//9324
f 3515//9325 3516//9325 3533//9325
f 3615//9326 3515//9326 3538//9326
f 3534//9327 3537//9327 3515//9327
f 3535//9328 3537//9328 3534//9328
f 3539//9329 3537//9329 3535//9329
f 3540//9330 3537//9330 3539//9330
f 3541//9331 3615//9331 3538//9331
f 3541//9332 3735//4142 3733//4144
f 3540//9333 3735//9333 3541//9333
f 3543//9334 3548//9334 3545//9334
f 3548//9335 3543//9336 3554//9337
f 3545//9338 3544//9338 3480//9338
f 3546//9339 3557//9339 3479//9339
f 3547//9340 3546//9340 3552//9340
f 3552//9341 3549//9341 3547//9341
f 3548//9342 3549//9342 3552//9342
f 3548//9343 3551//9343 3549//9343
f 3554//9337 3543//9336 3593//9344
f 3593//9345 3555//9345 3554//9345
f 3478//9346 3480//9346 3481//9346
f 3561//9347 3558//9347 3546//9347
f 3554//9348 3555//9348 3560//9348
f 3561//3956 3546//9349 3553//3957
f 3535//9350 3557//9350 3558//9350
f 3546//9351 3558//9351 3557//9351
f 3557//9352 3496//9352 3479//9352
f 3559//9353 3539//9353 3558//9353
f 3562//9354 3556//9354 3550//9354
f 3567//9355 3554//9355 3560//9355
f 3566//9356 3560//9356 3555//9356
f 3567//9357 3564//9357 3581//9357
f 3566//9358 3594//9358 3565//9358
f 3564//9359 3566//9359 3569//9359
f 3558//9360 3561//9360 3559//9360
f 3493//9361 3577//9361 3492//9361
f 3492//9362 3576//9362 3565//9362
f 3569//9363 3566//9363 3583//9363
f 3561//9364 3570//9364 3559//9364
f 3563//9365 3571//9365 3572//9365
f 3573//9366 3571//9366 3574//9366
f 3574//9367 3575//3983 3573//3982
f 3492//9368 3577//9368 3576//9368
f 3574//9369 3578//9369 3575//9369
f 3574//7189 3579//7188 3578//9370
f 3567//9371 3581//9371 3574//9371
f 3572//9372 3588//9372 3570//9372
f 3585//9373 3568//9373 3576//9373
f 3582//9374 3592//9374 3573//9374
f 3584//9375 3542//9375 3540//9375
f 3571//9376 3740//9376 3588//9376
f 3571//9377 3592//9377 3591//9377
f 3577//9378 3589//9378 3576//9378
f 3585//9379 3576//9379 3589//9379
f 3573//9380 3592//9380 3571//9380
f 3587//9381 3568//9381 3585//9381
f 3589//9382 3577//9382 3715//9382
f 3587//9383 3585//9383 3759//9383
f 3740//9384 3756//9384 3588//9384
f 3592//9385 3586//9385 3744//9385
f 3593//9386 3543//9386 3477//9386
f 3593//9387 3477//9387 3482//9387
f 3594//9388 3566//9388 3555//9388
f 3564//9389 3582//3987 3581//3989
f 3582//9390 3564//9390 3569//9390
f 3569//9391 3583//9391 3582//9391
f 3582//9392 3586//9392 3592//9392
f 3596//9393 3668//9394 3597//9395
f 3603//9396 3598//9396 3602//9396
f 3604//9397 3597//9395 3668//9394
f 3604//9398 3602//9398 3598//9398
f 3606//9399 3600//9399 3599//9399
f 3607//9400 3602//9400 3610//9400
f 3621//9401 3604//9401 3605//9401
f 3611//9402 3599//9402 3608//9402
f 3614//4029 3599//4029 3611//9403
f 3612//9404 3724//3914 3521//3916
f 3527//9405 3529//9405 3612//9405
f 3613//9406 3615//9406 3530//9406
f 3617//9407 3607//9407 3610//9407
f 3620//9408 3614//9408 3611//9408
f 3613//9409 3619//9409 3528//9409
f 3604//9410 3621//9410 3610//9410
f 3616//9411 3607//9411 3617//9411
f 3618//9412 3616//9412 3765//9412
f 3611//9413 3616//9413 3618//9413
f 3617//9414 3610//9414 3621//9414
f 3765//9415 3616//9416 3617//9417
f 3654//9418 3618//9418 3662//9418
f 3662//9419 3618//9419 3765//9419
f 3622//9420 3629//9420 3626//9420
f 3625//9421 3624//9421 3631//9421
f 3623//9422 3626//9422 3666//9422
f 3683//9423 3624//9423 3629//9423
f 3625//9424 3636//9424 3626//9424
f 3666//9425 3626//9425 3641//9425
f 3633//4081 3606//9426 3643//4082
f 3633//9427 3638//9427 3606//9427
f 3632//9428 3634//9428 3643//9428
f 3637//9429 3628//9429 3630//9429
f 3683//9430 3627//9430 3624//9430
f 3683//9431 3639//9431 3627//9431
f 3636//9432 3625//9432 3635//9432
f 3637//9433 3642//9433 3627//9433
f 3638//9434 3609//9434 3606//9434
f 3640//9435 3636//9435 3635//9435
f 3643//9436 3614//9436 3620//9436
f 3637//9437 3630//9437 3642//9437
f 3645//9438 3620//9438 3654//9438
f 3620//9439 3645//9439 3643//9439
f 3641//9440 3640//9440 3652//9440
f 3644//9441 3646//9441 3657//9441
f 3647//9442 3645//9442 3654//9442
f 3649//9443 3642//9443 3630//9443
f 3630//9444 3645//9444 3649//9444
f 3644//9445 3657//9445 3650//9445
f 3641//9446 3652//9446 3651//9446
f 3660//9447 3649//9447 3647//9447
f 3648//9448 3649//9448 3653//9448
f 3653//9449 3661//9449 3648//9449
f 3648//9450 3661//9450 3657//9450
f 3688//9451 3653//9451 3689//9451
f 3663//9452 3661//9453 3655//9454
f 3664//9455 3658//9455 3656//9455
f 3664//9456 3656//9456 3663//9456
f 3667//9457 3651//9457 3767//9457
f 3601//9458 3669//9458 3600//9458
f 3673//9459 3605//9459 3668//9459
f 3669//9460 3672//9460 3673//9460
f 3670//9461 3600//9461 3606//9461
f 3670//9462 3606//9462 3609//9462
f 3670//9463 3609//9463 3674//9463
f 3671//9464 3670//9464 3674//9464
f 3673//9465 3681//9465 3605//9465
f 3674//9466 3609//9466 3676//9466
f 3676//9467 3677//9467 3674//9467
f 3671//9468 3677//9468 3675//9468
f 3675//9469 3680//9469 3672//9469
f 3770//9470 3675//9470 3677//9470
f 3679//9471 3769//9472 3681//9473
f 3673//9474 3679//9471 3681//9473
f 3771//9475 3676//9475 3662//9475
f 3659//9476 3662//9476 3676//9476
f 3680//9477 3770//9477 3679//9477
f 3622//9478 3682//9478 3629//9478
f 3684//9479 3682//9479 3622//9479
f 3685//9480 3638//9480 3634//9480
f 3687//9481 3682//9481 3684//9481
f 3638//9482 3693//9482 3609//9482
f 3639//9483 3687//9483 3688//9483
f 3689//9484 3685//9484 3688//9484
f 3691//9485 3687//9485 3684//9485
f 3676//9486 3693//9486 3659//9486
f 3684//9487 3696//9487 3691//9487
f 3684//9488 3692//9488 3696//9488
f 3694//9489 3663//9452 3655//9454
f 3768//9490 3665//9490 3696//9490
f 3685//9491 3689//9491 3695//9491
f 3768//9492 3692//9492 3690//9492
f 3663//9493 3665//9493 3664//9493
f 3665//9494 3768//9495 3664//9496
f 3695//9497 3689//9497 3660//9497
f 3694//9498 3691//9498 3663//9498
f 3691//4103 3696//9499 3665//4104
f 3692//9500 3768//9500 3696//9500
f 3622//9501 3623//9501 3686//9501
f 3698//4108 3702//9502 3697//4109
f 3702//9503 3703//9503 3697//9503
f 3705//9504 3703//9504 3702//9504
f 3705//9505 3707//9505 3703//9505
f 3708//9506 3704//9506 3706//9506
f 3466//9507 3475//9507 3474//9507
f 3710//9508 3476//9508 3474//9508
f 3474//9509 3475//9509 3710//9509
f 3710//9510 3711//9510 3476//9510
f 3711//9511 3709//9511 3476//9511
f 3709//9512 3507//9512 3476//9512
f 3501//9289 3715//9288 3712//9513
f 3720//9514 3713//9514 3503//9514
f 3716//9515 3715//9515 3506//9515
f 3502//9516 3718//9516 3506//9516
f 3713//9517 3717//9517 3714//9517
f 3716//9518 3506//9518 3718//9518
f 3494//9519 3501//9519 3712//9519
f 3619//9520 3530//9520 3531//9520
f 3529//9521 3723//9521 3731//9521
f 3738//9522 3475//9522 3728//9522
f 3529//9523 3731//9523 3722//9523
f 3530//9524 3725//9524 3726//9524
f 3724//9525 3722//9525 3729//9525
f 3726//9526 3730//9526 3731//9526
f 3726//9527 3732//9527 3730//9527
f 3723//9528 3726//9528 3731//9528
f 3729//9529 3706//9529 3464//9529
f 3725//9530 3738//9530 3728//9530
f 3731//9531 3708//9531 3729//9531
f 3732//9532 3725//9532 3730//9532
f 3728//9533 3707//9533 3727//9533
f 3708//9534 3730//9534 3727//9534
f 3729//9535 3708//9535 3706//9535
f 3542//9536 3734//9536 3735//9536
f 3530//9315 3733//9315 3737//9537
f 3728//9538 3475//9538 3707//9538
f 3736//9539 3711//9539 3710//9539
f 3710//9540 3738//9540 3736//9540
f 3737//9541 3736//9541 3738//9541
f 3721//9542 3739//9542 3716//9542
f 3585//9543 3589//9543 3739//9543
f 3590//9544 3587//9544 3748//9544
f 3588//9545 3542//9545 3584//9545
f 3734//9546 3542//9546 3747//9546
f 3590//9547 3748//9547 3744//9547
f 3588//9548 3752//9548 3542//9548
f 3588//4155 3756//9549 3753//4156
f 3592//9550 3743//9550 3591//9550
f 3591//9551 3743//9551 3742//9551
f 3743//9552 3744//9552 3745//9552
f 3745//9553 3742//9553 3743//9553
f 3542//9554 3752//9554 3747//9554
f 3745//9555 3749//9555 3754//9555
f 3749//4166 3748//4165 3741//9556
f 3709//9557 3746//9557 3720//9557
f 3717//9558 3720//9558 3746//9558
f 3718//9559 3757//9559 3716//9559
f 3750//9560 3717//9560 3746//9560
f 3750//9561 3751//9561 3719//9561
f 3747//9562 3752//9562 3746//9562
f 3752//9563 3750//9563 3746//9563
f 3752//9564 3753//9564 3750//9564
f 3755//9565 3758//9565 3753//9565
f 3756//9566 3755//9566 3753//9566
f 3742//9567 3755//9567 3756//9567
f 3755//9568 3742//9568 3754//9568
f 3719//9569 3751//9569 3718//9569
f 3758//9570 3760//9570 3751//9570
f 3759//9571 3585//9571 3739//9571
f 3759//9572 3739//9572 3721//9572
f 3759//9573 3721//9573 3760//9573
f 3760//9574 3721//9574 3757//9574
f 3761//9575 3617//9575 3621//9575
f 3762//9576 3765//9415 3617//9417
f 3763//9577 3761//9577 3764//9577
f 3678//9578 3764//9578 3605//9578
f 3678//9579 3763//9579 3764//9579
f 3667//9580 3767//9580 3658//9580
f 3667//9581 3658//9581 3768//9581
f 3768//9495 3658//9582 3664//9496
f 3766//9583 3771//9583 3762//9583
f 3677//9584 3766//9584 3770//9584
f 3678//9585 3766//9585 3763//9585
f 3769//9586 3766//9586 3678//9586
f 3774//9587 3772//9587 3779//9587
f 3773//9588 3779//9588 3839//9588
f 3772//9589 3774//9589 3775//9589
f 3780//9590 3779//9590 3778//9590
f 3784//9591 3780//9591 3787//9591
f 3790//9592 3783//9592 3775//9592
f 3787//9593 3780//9593 3778//9593
f 3839//9594 3782//9594 3786//9594
f 3791//9595 3776//9595 3788//9595
f 3787//9596 3778//9596 3781//9596
f 3789//9597 3791//9597 3788//9597
f 3792//9598 3781//9598 3791//9598
f 3801//9599 3794//9599 3798//9599
f 3785//9600 3809//9600 3794//9600
f 3794//9601 3810//9601 3785//9601
f 3797//9602 3795//9602 3796//9602
f 3834//9603 3793//9603 3800//9603
f 3795//9604 3804//9604 3799//9604
f 3801//9605 3798//9605 3807//9605
f 3802//9606 3805//9606 3800//9606
f 3817//9607 3815//9607 3795//9607
f 3806//9608 3805//9608 3837//9608
f 3814//9609 3805//9609 3799//9609
f 3814//9610 3799//9610 3804//9610
f 3809//9611 3785//9611 3787//9611
f 3807//9612 3815//9612 3801//9612
f 3785//9613 3784//9613 3787//9613
f 3785//9614 3810//9614 3784//9614
f 3784//9615 3810//9615 3782//9615
f 3816//9616 3815//9616 3807//9616
f 3808//9617 3816//9617 3820//9617
f 3821//9618 3804//9618 3808//9618
f 3814//9619 3804//9619 3821//9619
f 3829//9620 3814//9620 3818//9620
f 3809//9621 3822//9621 3819//9621
f 3820//9622 3816//9622 3807//9622
f 3825//9623 3811//9623 3817//9623
f 3810//9624 3824//9624 3853//9624
f 3812//9625 4032//9625 3825//9625
f 3827//9626 4032//9626 3812//9626
f 3823//9627 3820//9627 3831//9627
f 3828//9628 3818//9628 3823//9628
f 3830//9629 3829//9629 3828//9629
f 3837//9630 3829//9630 3830//9630
f 4034//9631 3820//9631 4029//9631
f 3831//9632 3820//9632 4034//9632
f 4022//9633 4031//9633 3822//9633
f 3819//9634 3822//9634 4031//9634
f 3826//9635 3819//9635 4031//9635
f 4030//9636 4031//9636 3833//9636
f 3853//9637 4030//9637 3833//9637
f 464//6059 452//6058 463//475 462//474
f 3849//9638 3834//9638 3835//9638
f 3849//9639 3835//9639 3852//9639
f 3836//9640 3806//9640 3837//9640
f 3836//9641 3837//9641 3830//9641
f 4039//9642 3836//9642 3830//9642
f 4039//9643 3835//9643 3836//9643
f 3773//9644 3838//9644 3774//9644
f 3773//9645 3842//9645 3838//9645
f 3845//9646 3853//9646 3833//9646
f 3842//9647 4040//9647 3841//9647
f 3833//9648 3844//9648 3845//9648
f 3794//9649 3803//9649 3810//9649
f 3797//9650 3851//9650 3812//9650
f 3847//9651 3848//9651 3793//9651
f 3793//9652 3848//9652 3796//9652
f 3850//9653 3848//9653 3847//9653
f 3852//9654 3847//9654 3849//9654
f 3847//9655 3852//9655 3850//9655
f 3803//9656 3824//9656 3810//9656
f 3825//9657 3854//9657 3803//9657
f 4033//9658 3855//9658 4038//9658
f 3848//9659 3850//9659 3855//9659
f 3847//9660 3834//9660 3849//9660
f 3858//9661 3863//9661 3861//9661
f 3861//9662 3862//9662 3859//9662
f 3861//9663 3859//9663 3866//9663
f 3856//9664 3860//9664 3862//9664
f 3863//9665 3862//9665 3861//9665
f 3861//9666 3866//9666 3882//9666
f 3882//9667 3995//9667 3861//9667
f 3860//9668 3867//9668 3868//9668
f 3873//9669 3867//9669 3865//9669
f 3869//4278 3860//4277 3868//9670
f 3862//9671 3869//9671 3868//9671
f 3993//9672 3872//9672 3873//9672
f 3993//9673 4057//9673 3872//9673
f 3868//9674 3867//9674 3875//9674
f 3870//4297 3871//9675 3879//4298
f 3879//9676 3871//9676 3874//9676
f 3877//9677 3888//4291 3870//4290
f 3878//9678 3888//9678 3877//9678
f 3872//9679 4053//9679 3873//9679
f 4052//9680 3878//9680 3877//9680
f 4054//9681 3879//9681 3875//9681
f 3885//4306 3866//9682 3859//4307
f 3881//9683 3866//9683 3886//9683
f 3881//9684 3882//9684 3866//9684
f 3884//4312 3881//9685 3891//4313
f 3883//9686 3882//9686 3881//9686
f 3859//9687 3871//9687 3888//9687
f 3885//4301 3888//9688 3886//4302
f 3886//9689 3888//9689 3887//9689
f 3891//9690 3889//9690 3890//9690
f 3895//9691 3891//9691 3890//9691
f 3890//9692 3889//9692 3893//9692
f 3890//9693 3893//9693 3894//9693
f 3895//9694 3890//9694 3894//9694
f 3899//9695 3893//9695 3887//9695
f 3897//9696 3893//9696 3901//9696
f 3894//9697 3893//9697 3898//9697
f 3893//9698 3899//9698 3901//9698
f 4006//9699 3925//9699 3900//9699
f 4079//9700 3901//9701 3899//9702
f 3897//9703 3901//9703 4077//9703
f 3906//9704 3903//9704 3904//9704
f 3905//9705 3903//9705 3906//9705
f 3903//9706 3907//9706 3904//9706
f 3908//9707 3903//9707 3915//9707
f 3912//9708 3910//9709 3911//9709
f 3912//9708 3895//9708 3910//9709
f 3913//9710 3911//9710 3914//9710
f 3895//9711 3912//9711 3896//9711
f 3922//9712 3919//9712 3918//9712
f 3918//9713 3894//9713 3898//9713
f 3919//9714 3920//9714 3915//9714
f 3908//4346 3920//4348 3921//4354
f 3980//9715 3908//9715 3921//9715
f 3912//9716 4095//9716 3896//9716
f 3920//9717 3919//9717 3922//9717
f 4095//9718 3925//9718 3896//9718
f 4096//9719 3925//9719 4095//9719
f 3935//9720 3926//9720 3927//9720
f 3926//9721 3931//9721 3929//9721
f 3931//9722 3926//9722 3935//9722
f 3935//9723 3927//9723 3942//9723
f 3931//9724 3930//9724 3929//9724
f 3938//4360 3933//9725 3931//4361
f 3927//9726 3928//9726 3934//9726
f 3935//9727 3942//4377 3949//4376
f 3950//9728 3938//9728 3935//9728
f 3936//9729 3940//9729 3937//9729
f 3945//9730 3950//9730 3944//9730
f 3950//9731 3945//9731 3933//9731
f 3942//9732 3934//9732 3943//9732
f 3957//9733 3940//9733 3936//9733
f 3904//4384 3967//4383 3957//9734
f 3957//9735 3967//9735 3953//9735
f 3959//9736 3944//9736 3952//9736
f 3954//9737 3959//9737 3955//9737
f 3954//9738 3955//9738 3956//9738
f 3954//9739 3958//9739 3959//9739
f 3936//9740 3962//9740 3957//9740
f 3946//9741 3944//9741 3958//9741
f 3965//4405 3981//4404 3947//9742
f 3973//9743 3956//9743 3955//9743
f 3954//9744 3964//9744 3958//9744
f 3960//9745 3946//9745 3963//9745
f 3965//4403 3948//4402 3986//9746
f 3968//9747 3953//9747 3967//9747
f 3955//9748 3977//9748 3973//9748
f 3969//9749 3955//9749 3959//9749
f 3956//9750 3973//9750 3970//9750
f 3956//9751 3970//9751 3954//9751
f 3971//9752 3984//9752 3958//9752
f 3958//9753 3984//9753 3978//9753
f 3964//9754 3971//9754 3958//9754
f 3963//9755 3958//9755 3978//9755
f 3965//9756 3986//9756 3979//9756
f 3986//9757 3948//9757 3966//9757
f 3967//4394 3909//4393 3980//9758
f 3961//9759 3974//9759 3976//9759
f 3976//9760 3969//9760 3961//9760
f 3977//9761 3990//9761 3973//9761
f 3970//9762 3973//9762 3991//9762
f 3988//9763 3981//9763 3979//9763
f 3953//9764 3968//9764 3966//9764
f 3986//9765 3966//9765 3987//9765
f 3974//9766 3982//9766 3989//9766
f 3976//9767 3974//9767 3989//9767
f 3989//9768 3983//9768 3976//9768
f 3984//9769 3971//9769 3985//9769
f 3993//9770 3857//9770 3856//9770
f 3858//9771 3861//9771 3995//9771
f 3997//9772 3993//9772 3856//9772
f 3864//4439 3863//9773 3858//4440
f 3995//9774 4004//4452 3998//4454
f 3856//9775 3864//9776 3996//9777
f 3856//9775 3996//9777 4000//9778
f 3995//4442 4000//9779 3996//4443
f 3999//9780 3994//4447 4000//4446
f 4130//9781 3999//9781 4000//9781
f 4001//9782 4005//9782 4000//9782
f 4132//9783 3999//9783 4130//9783
f 4005//9784 4129//4625 4130//4624
f 4003//9785 3884//9785 4006//9785
f 3882//9786 4003//9786 4004//9786
f 3900//9787 4007//9787 4006//9787
f 3905//9788 3906//9788 4009//9788
f 4008//9789 3913//4330 3905//4329
f 4009//9790 4143//9790 4008//9790
f 3917//9791 4008//9791 4095//9791
f 4008//9792 4010//9793 4095//9794
f 3939//9795 4014//9795 3941//9795
f 3933//9796 3938//9796 3950//9796
f 4015//9797 3933//9797 3960//9797
f 4014//9798 4020//9798 3941//9798
f 4012//9799 4011//9799 4015//9799
f 4012//4485 4016//9800 4013//4486
f 4016//9801 4012//9801 4015//9801
f 4017//9802 4018//9803 3960//9804
f 4018//4496 4015//4495 3960//9805
f 4020//9806 3972//9806 3962//9806
f 4017//9807 3963//9807 3978//9807
f 4016//9808 4015//9808 3992//9808
f 3962//4492 4110//9809 4143//4493
f 3992//9810 4018//9803 4017//9802
f 4019//9811 4021//9811 4146//9811
f 3781//9812 3792//9812 4022//9812
f 4031//9813 4024//9813 3833//9813
f 3790//9814 4023//9814 3789//9814
f 3791//9815 3789//9815 4023//9815
f 4024//4506 4022//4505 4023//9816
f 4028//9817 4024//9817 4023//9817
f 4023//9818 3790//9818 4025//9818
f 4028//9819 4025//9819 4027//9819
f 3831//9820 4036//9820 3823//9820
f 3826//9821 4030//9821 4029//9821
f 4036//9822 3828//9822 3823//9822
f 3832//9823 4036//9823 3831//9823
f 4034//9824 3832//9824 3831//9824
f 3824//9825 3854//9825 4030//9825
f 3830//9826 3828//9826 4036//9826
f 4037//9827 4036//9827 3832//9827
f 4038//9828 4036//9828 4037//9828
f 3850//9829 4035//9829 4038//9829
f 4040//9830 3846//9830 4041//9830
f 3840//9831 4040//9831 4041//9831
f 3844//9832 4026//9832 3846//9832
f 3825//9833 4032//9833 3854//9833
f 3852//9834 4039//9834 3850//9834
f 4048//9835 4043//9835 4042//9835
f 4044//9836 4048//9836 4160//9836
f 4044//9837 4045//9837 4043//9837
f 4043//9838 4047//9839 4156//9840
f 4044//9841 4051//9841 4046//9841
f 4052//9842 3877//9842 3880//9842
f 4054//9843 3875//9843 3876//9843
f 4054//9844 3880//9844 3879//9844
f 4059//9845 4052//9845 3880//9845
f 3880//9846 4056//9846 4059//9846
f 4056//9847 4063//9847 4059//9847
f 4061//9848 4064//9848 4060//9848
f 4142//9849 4084//9849 4064//9849
f 3993//4459 4062//4458 4057//9850
f 4060//9851 4063//9851 4056//9851
f 4056//9852 4058//9852 4065//9852
f 4057//9853 4065//9853 4058//9853
f 4063//9854 4084//4569 4059//4568
f 4084//9855 4063//9855 4064//9855
f 4065//9856 4134//9856 4061//9856
f 4134//9857 4064//9857 4061//9857
f 4065//9858 4057//9858 4062//9858
f 4060//9859 4056//9859 4065//9859
f 4066//9860 4075//9860 4068//9860
f 4070//9861 4072//9861 4067//9861
f 4068//9862 4069//9862 4139//9862
f 4072//9863 4075//9863 4076//9863
f 4072//9864 4076//9864 4073//9864
f 4068//9865 4247//9865 4066//9865
f 4246//9866 4075//9866 4066//9866
f 4076//4561 4249//4560 4073//9867
f 4068//9868 4139//4758 4247//4760
f 4246//9869 4066//9869 4247//9869
f 4075//9870 4246//9870 4076//9870
f 4248//9871 4076//9871 4246//9871
f 4073//9872 4249//9872 4071//9872
f 3899//9873 3878//9873 4078//9873
f 4080//9874 3897//9874 4077//9874
f 4081//9875 3897//9875 4080//9875
f 4081//9876 4094//9876 3897//9876
f 4078//9877 4052//9877 4055//9877
f 4079//4325 4078//4324 4082//9878
f 4078//9879 4055//9879 4082//9879
f 4082//9880 3901//9701 4079//9700
f 4077//9881 4082//9881 4083//9881
f 3902//9882 4080//9882 4083//9882
f 4083//9883 4084//9883 4142//9883
f 3902//9884 4083//9884 4142//9884
f 4071//9885 4249//9885 4251//9885
f 4086//9886 4088//9886 4085//9886
f 4088//9887 4090//9887 4085//9887
f 4087//9888 4071//9888 4089//9888
f 4251//9889 4089//9889 4071//9889
f 4085//9890 4251//9890 4274//9890
f 4087//9891 4089//9891 4085//9891
f 3924//9892 3898//9892 4094//9892
f 3925//9893 4094//9893 4081//9893
f 4095//9794 4010//9793 4096//9894
f 3923//9895 3924//9895 4096//9895
f 3923//9896 4096//9896 4093//9896
f 4010//9897 4098//9897 4097//9897
f 4099//9898 4102//9898 4306//9898
f 4103//9899 4102//9899 4099//9899
f 4105//9900 4104//9901 4309//9902
f 4338//9903 4101//9903 4105//9903
f 4382//9904 4338//9904 4105//9904
f 3968//9905 3975//9905 4120//9905
f 3985//9906 4109//9906 3990//9906
f 4119//9907 4114//9907 4110//9907
f 4111//9908 3984//9908 3985//9908
f 4111//9909 3985//9909 4115//9909
f 4111//9910 3978//9910 3984//9910
f 3987//9911 4116//9911 4112//9911
f 4116//9912 3987//9912 3966//9912
f 3982//9913 4107//9913 4113//9913
f 4113//9914 4111//9914 4115//9914
f 4098//4642 4110//4641 4114//9915
f 4113//9916 4017//9916 4111//9916
f 3992//9917 4017//9917 4113//9917
f 3979//9918 3987//9919 4125//9920
f 4123//9921 4116//9921 4108//9921
f 3968//9922 4119//9922 4108//9922
f 4125//9920 3987//9919 4112//9923
f 4122//9924 4117//9925 4107//9926
f 4119//9927 4146//9927 4124//9927
f 4127//9928 4113//4610 4117//4609
f 4123//9929 4122//9929 4116//9929
f 4126//9930 4127//9930 4122//9930
f 4127//9931 4117//9925 4122//9924
f 4128//9932 4126//9932 4122//9932
f 4124//9933 4148//9933 4128//9933
f 4149//9934 4128//9935 4148//9936
f 4149//4648 4127//4647 4128//9937
f 4132//9938 4131//9939 4002//9940
f 4002//9941 4131//9942 4062//9943
f 4132//9938 4135//9944 4131//9939
f 4133//9945 4129//4464 4141//4464
f 4131//9942 4135//9946 4062//9943
f 4141//9947 4142//9947 4064//9947
f 4135//9948 4065//9948 4062//9948
f 4064//9949 4136//4630 4141//4629
f 4087//9950 4137//9951 4070//9952
f 4140//9953 4138//9953 4074//9953
f 4137//9954 4401//9954 4399//9954
f 4399//9955 4140//9955 4137//9955
f 4141//9956 3902//9956 4142//9956
f 4007//9957 3902//9957 4141//9957
f 4143//9958 4098//9958 4010//9958
f 4020//9959 4146//9959 3972//9959
f 4019//9960 4146//9960 4020//9960
f 3992//9961 4113//9961 4127//9961
f 4148//9962 4021//9962 4144//9962
f 4144//9963 4147//9963 4148//9963
f 4021//9964 4148//9964 4146//9964
f 4147//9965 4149//9934 4148//9936
f 4150//9966 4157//9966 4151//9966
f 4151//9967 4157//9967 4152//9967
f 4179//9968 4152//9968 4157//9968
f 4155//9969 4154//9969 4152//9969
f 4153//9970 4152//9970 4154//9970
f 4043//9971 4157//9971 4042//9971
f 4160//9972 4048//9972 4150//9972
f 4043//9973 4179//9973 4157//9973
f 4156//9840 4179//9974 4043//9838
f 4158//9975 4051//9975 4050//9975
f 4158//9976 4162//9976 4051//9976
f 4047//9977 4159//9977 4156//9977
f 4160//9978 4163//9978 4049//9978
f 4164//9979 4158//9979 4197//9979
f 4151//9980 4160//9980 4150//9980
f 4049//9981 4165//9981 4161//9981
f 4167//9982 4160//9982 4151//9982
f 4167//9983 4151//9983 4173//9983
f 4175//9984 4166//9984 4168//9984
f 4170//9985 4167//9985 4174//9985
f 4152//9986 4179//9986 4155//9986
f 4172//9987 4181//9987 4245//9987
f 4154//9988 4173//9988 4153//9988
f 4176//9989 4169//9989 4174//9989
f 4172//9990 4180//9990 4181//9990
f 4173//9991 4154//9991 4176//9991
f 4178//9992 4154//9992 4155//9992
f 4181//9993 4177//9993 4179//9993
f 4180//9994 4177//9994 4181//9994
f 4184//9995 4198//9995 4188//9995
f 4182//9996 4183//9996 4189//9996
f 4190//9997 4182//9997 4189//9997
f 4191//9998 4185//9998 4184//9998
f 4186//9999 4201//9999 4190//9999
f 4190//10000 4201//10000 4182//10000
f 4187//10001 4241//10001 4194//10001
f 4193//10002 4183//10002 4196//10002
f 4199//10003 4198//10003 4185//10003
f 4185//10004 4191//10004 4200//10004
f 4241//10005 4187//10005 4202//10005
f 4204//10006 4195//10006 4188//10006
f 4193//10007 4196//10007 4206//10007
f 4215//10008 4189//10008 4193//10008
f 4198//10009 4161//10009 4203//10009
f 4205//10010 4196//10010 4191//10010
f 4164//10011 4197//10011 4199//10011
f 4192//10012 4201//10012 4200//10012
f 4216//10013 4187//10013 4215//10013
f 4215//10014 4187//10014 4189//10014
f 4207//10015 4204//10015 4188//10015
f 4199//10016 4218//10016 4164//10016
f 4201//10017 4213//10017 4200//10017
f 4213//10018 4201//10018 4210//10018
f 4208//10019 4196//10019 4205//10019
f 4200//10020 4213//10020 4212//10020
f 4213//10021 4220//10021 4212//10021
f 4215//10022 4193//10022 4223//10022
f 4193//10023 4206//10023 4223//10023
f 4213//10024 4233//10024 4220//10024
f 4217//10025 4215//10025 4223//10025
f 4227//10026 4207//10026 4203//10026
f 4221//10027 4233//10027 4213//10027
f 4210//10028 4226//10029 4221//10030
f 4226//10031 4222//10031 4234//10031
f 4204//10032 4207//10032 4227//10032
f 4195//10033 4204//10033 4228//10033
f 4231//10034 4216//10035 4217//10036
f 4203//10037 4170//10037 4227//10037
f 4218//10038 4229//10038 4171//10038
f 4219//10039 4225//10039 4230//10039
f 4219//10040 4229//10040 4218//10040
f 4219//10041 4209//4725 4220//4724
f 4226//10029 4234//10042 4221//10030
f 4216//10035 4231//10034 4236//10043
f 4237//10044 4228//10044 4204//10044
f 4171//10045 4227//10045 4170//10045
f 4169//10046 4171//10046 4170//10046
f 4235//10047 4232//10047 4230//10047
f 4168//10048 4171//10048 4169//10048
f 4240//10049 4233//10049 4221//10049
f 4237//10050 4224//10050 4228//10050
f 4237//10051 4227//10051 4229//10051
f 4230//10052 4224//10052 4237//10052
f 4221//10053 4239//10053 4240//10053
f 4221//10054 4234//10054 4239//10054
f 4234//10055 4236//10055 4239//10055
f 4222//10056 4236//10056 4234//10056
f 4239//10057 4236//10057 4231//10057
f 4235//10058 4239//10058 4231//10058
f 4243//10059 4242//10059 4202//10059
f 4243//10060 4214//10060 4242//10060
f 4222//10061 4214//10061 4243//10061
f 4248//10062 4246//10062 4256//10062
f 4255//10063 4246//10063 4247//10063
f 4247//10064 4254//10064 4255//10064
f 4249//10065 4253//10065 4257//10065
f 4249//10066 4257//10066 4250//10066
f 4258//10067 4248//10067 4256//10067
f 4259//10068 4256//10068 4255//10068
f 4261//10069 4258//10069 4256//10069
f 4290//10070 4257//10070 4262//10070
f 4260//10071 4270//10071 4254//10071
f 4290//10072 4262//10073 4266//10074
f 4263//10075 4290//10072 4266//10074
f 4254//4768 4265//10076 4259//4766
f 4266//10077 4262//10077 4261//10077
f 4267//10078 4261//10078 4269//10078
f 4254//10079 4270//10079 4265//10079
f 4480//10080 4268//10080 4271//10080
f 4273//10081 4271//10081 4268//10081
f 4269//10082 4264//4774 4265//4776
f 4266//10083 4261//10083 4267//10083
f 4479//10084 4266//10084 4267//10084
f 4270//10085 4269//10085 4265//10085
f 4480//10086 4271//10086 4267//10086
f 4272//4781 4266//4780 4479//10087
f 4271//10088 4273//10088 4479//10088
f 4273//10089 4272//10089 4479//10089
f 4275//10090 4087//4574 4090//4573
f 4278//10091 4274//10091 4251//10091
f 4278//10092 4281//10092 4274//10092
f 4319//10093 4276//10093 4317//10093
f 4250//10094 4251//10094 4249//10094
f 4278//10095 4251//10095 4250//10095
f 4317//10096 4283//10096 4285//10096
f 4276//4788 4279//10097 4280//4786
f 4283//10098 4281//10098 4282//10098
f 4283//10099 4282//10099 4284//10099
f 4295//10100 4285//10100 4284//10100
f 4284//10101 4282//10101 4287//10101
f 4289//10102 4300//10102 4288//10102
f 4289//10103 4288//10103 4279//10103
f 4286//10104 4289//10104 4279//10104
f 4293//10105 4278//10105 4290//10105
f 4291//10106 4282//10106 4293//10106
f 4292//10107 4291//10108 4293//10109
f 4297//10110 4296//10110 4289//10110
f 4294//10111 4291//10111 4292//10111
f 4295//10112 4287//10112 4294//10112
f 4292//10113 4296//10113 4294//10113
f 4298//10114 4295//10114 4294//10114
f 4292//10107 4293//10109 4301//10115
f 4301//10116 4305//10116 4292//10116
f 4272//10117 4304//10117 4302//10117
f 4304//10118 4303//10118 4302//10118
f 4272//10119 4411//10119 4304//10119
f 4411//10120 4303//10120 4304//10120
f 4305//10121 4301//10121 4263//10121
f 4303//10122 4305//10122 4302//10122
f 4272//10123 4302//10123 4263//10123
f 4099//10124 4307//10124 4100//10124
f 4318//10125 4100//10125 4307//10125
f 4308//10126 4314//10126 4313//10126
f 4106//10127 4105//10127 4309//10127
f 4382//10128 4105//10128 4106//10128
f 4102//10129 4103//10129 4310//10129
f 4311//4822 4310//10130 4103//4823
f 4102//10131 4324//10131 4306//10131
f 4312//10132 4105//10132 4326//10132
f 4315//10133 4313//10133 4314//10133
f 4317//10134 4285//10134 4102//10134
f 4318//10135 4327//10135 4314//10135
f 4316//10136 4308//10136 4313//10136
f 4101//10137 4316//10137 4313//10137
f 4100//10138 4318//10138 4320//10138
f 4316//10139 4321//10139 4308//10139
f 4311//10140 4100//10140 4322//10140
f 4311//10141 4322//10141 4310//10141
f 4414//10142 4338//10142 4382//10142
f 4101//10143 4313//10143 4325//10143
f 4314//10144 4327//10144 4315//10144
f 4104//9901 4332//10145 4309//9902
f 4322//10146 4100//10146 4320//10146
f 4321//10147 4316//10147 4328//10147
f 4322//10148 4320//10148 4333//10148
f 4338//10149 4328//10149 4316//10149
f 4330//10150 4324//10150 4331//10150
f 4335//10151 4326//10151 4325//10151
f 4332//10152 4106//10152 4309//10152
f 4322//10153 4333//10153 4337//10153
f 4335//10154 4325//10154 4334//10154
f 4339//10155 4327//10155 4330//10155
f 4313//10156 4315//10156 4336//10156
f 4286//10157 4279//10157 4319//10157
f 4319//10158 4412//10158 4286//10158
f 4417//10159 4322//10159 4337//10159
f 4337//10160 4333//10160 4328//10160
f 4340//10161 4324//10161 4329//10161
f 4344//10162 4417//10162 4337//10162
f 4340//10163 4329//10163 4342//10163
f 4350//10164 4388//10164 4349//10164
f 4341//10165 4364//10165 4351//10165
f 4344//10166 4337//10166 4351//10166
f 4345//10167 4340//10167 4342//10167
f 4295//10168 4342//10168 4329//10168
f 4340//10169 4353//10169 4331//10169
f 4334//10170 4325//10170 4336//10170
f 4353//10171 4346//10171 4331//10171
f 4346//10172 4339//10172 4331//10172
f 4357//10173 4344//10173 4351//10173
f 4341//10174 4420//10174 4365//10174
f 4415//10175 4391//10176 4350//10177
f 4353//10178 4340//10178 4345//10178
f 4356//10179 4347//10179 4336//10179
f 4295//10180 4298//10180 4342//10180
f 4348//10181 4349//10181 4366//10181
f 4388//10182 4366//10182 4349//10182
f 4371//10183 4415//10183 4350//10183
f 4415//10184 4371//10184 4370//10184
f 4359//10185 4345//10185 4342//10185
f 4359//10186 4353//10186 4345//10186
f 4298//10187 4361//10187 4342//10187
f 4361//10188 4369//10188 4342//10188
f 4363//10189 4353//10189 4359//10189
f 4359//10190 4369//10190 4363//10190
f 4356//10191 4346//10191 4353//10191
f 4363//10192 4357//10192 4356//10192
f 4297//10193 4361//10193 4298//10193
f 4372//10194 4344//10194 4357//10194
f 4352//10195 4374//10195 4361//10195
f 4344//10196 4372//4876 4417//4875
f 4366//10197 4360//10197 4362//10197
f 4368//10198 4363//10198 4369//10198
f 4365//10199 4355//10199 4347//10199
f 4355//10200 4370//10200 4362//10200
f 4362//10201 4370//4886 4366//4885
f 4366//10202 4367//10202 4360//10202
f 4371//10203 4348//10203 4366//10203
f 4368//10204 4373//10204 4374//10204
f 4104//10205 4312//10205 4378//10205
f 4378//10206 4312//10206 4376//10206
f 4378//10207 4377//10207 4379//10207
f 4381//10208 4104//10208 4378//10208
f 4375//10209 4106//10210 4388//10211
f 4376//10212 4326//10212 4335//10212
f 4377//10213 4383//10213 4395//10213
f 4377//10214 4378//10214 4386//10214
f 4388//10215 4332//10215 4104//10215
f 4379//10216 4381//10216 4378//10216
f 4380//10217 4388//10217 4104//10217
f 4385//10218 4381//10218 4379//10218
f 4385//10219 4379//10219 4387//10219
f 4383//10220 4377//10220 4386//10220
f 4386//10221 4378//10221 4376//10221
f 4388//10222 4106//10222 4332//10222
f 4384//10223 4375//10209 4388//10211
f 4385//10224 4390//10224 4381//10224
f 4392//10225 4390//10225 4385//10225
f 4391//10226 4382//10226 4384//10226
f 4395//10227 4383//10227 4386//10227
f 4391//10176 4384//10228 4350//10177
f 4390//10229 4398//10229 4389//10229
f 4396//10230 4392//10230 4387//10230
f 4392//10231 4385//10231 4387//10231
f 4395//10232 4386//10232 4394//10232
f 4393//10233 4394//10233 4354//10233
f 4396//10234 4394//10234 4393//10234
f 4397//10235 4388//10235 4380//10235
f 4360//10236 4393//10236 4354//10236
f 4397//10237 4367//10237 4388//10237
f 4367//10238 4366//10238 4388//10238
f 4360//10239 4367//10239 4397//10239
f 4360//10240 4397//10240 4393//10240
f 4137//9951 4087//9950 4401//10241
f 4402//10242 4400//10242 4138//10242
f 4138//10243 4140//10243 4402//10243
f 4403//10244 4140//10244 4399//10244
f 4399//10245 4401//10245 4404//10245
f 4402//10246 4140//10246 4403//10246
f 4402//10247 4408//10247 4400//10247
f 4402//10248 4403//10248 4405//10248
f 4405//10249 4408//10249 4402//10249
f 4252//10250 4139//10250 4400//10250
f 4404//10251 4407//10251 4406//10251
f 4405//10252 4403//10252 4268//10252
f 4403//10253 4404//10253 4268//10253
f 4268//10254 4408//10254 4405//10254
f 4408//10255 4252//10255 4400//10255
f 4406//10256 4273//10256 4268//10256
f 4270//10257 4260//10257 4252//10257
f 4273//10258 4407//10258 4272//10258
f 4270//10259 4252//10259 4480//10259
f 4480//10260 4408//10260 4268//10260
f 4275//10261 4401//10261 4087//10261
f 4088//10262 4277//10262 4275//10262
f 4091//10263 4277//10263 4088//10263
f 4401//10264 4275//10264 4409//10264
f 4091//4801 4410//4800 4277//10265
f 4409//10266 4404//10266 4401//10266
f 4277//10267 4410//10267 4411//10267
f 4303//10268 4410//10268 4300//10268
f 4411//10269 4404//10269 4409//10269
f 4413//10270 4412//10270 4323//10270
f 4310//10271 4413//10271 4323//10271
f 4413//10272 4322//10272 4417//10272
f 4338//10273 4414//10273 4328//10273
f 4341//10274 4328//10274 4414//10274
f 4414//10275 4420//10275 4341//10275
f 4415//10276 4420//10276 4414//10276
f 4416//10277 4418//10277 4413//10277
f 4418//10278 4352//10278 4412//10278
f 4416//10279 4419//10279 4418//10279
f 4418//10280 4358//10280 4352//10280
f 4419//10281 4358//10281 4418//10281
f 4416//10282 4417//10282 4358//10282
f 4422//10283 4421//10283 4425//10283
f 4421//10284 4428//10284 4425//10284
f 4422//10285 4424//10285 4426//10285
f 4425//10286 4428//4938 4431//4940
f 4422//10287 4432//10287 4429//10287
f 4424//10288 4427//10288 4426//10288
f 4432//4935 4425//10289 4431//4936
f 4429//10290 4432//10290 4430//10290
f 4424//4932 4433//4934 4458//10291
f 4435//10292 4430//10292 4432//10292
f 4458//10293 4433//10293 4560//10293
f 4435//10294 4432//10294 4559//10294
f 4430//10295 4433//10295 4429//10295
f 4433//10296 4430//10296 4560//10296
f 4442//10297 4438//10298 4444//10299
f 4445//10300 4442//10297 4444//10299
f 4445//10301 4439//10301 4448//10301
f 4446//10302 4441//10302 4436//10302
f 4447//10303 4443//10303 4437//10303
f 4450//10304 4446//10304 4436//10304
f 4452//10305 4560//10305 4451//10305
f 4453//10306 4428//10306 4421//10306
f 4423//10307 4453//10307 4421//10307
f 4426//10308 4423//10308 4422//10308
f 4454//10309 4428//10309 4453//10309
f 4423//10310 4455//10310 4454//10310
f 4455//10311 4423//10311 4426//10311
f 4455//10312 4456//10312 4454//10312
f 4455//10313 4426//10313 4457//10313
f 4458//10314 4427//10314 4424//10314
f 4459//10315 4457//10315 4458//10315
f 4456//4958 4462//10316 4428//4956
f 4455//10317 4462//10317 4456//10317
f 4455//10318 4463//10318 4462//10318
f 4465//10319 4439//10319 4444//10319
f 4465//10320 4467//10320 4439//10320
f 4469//10321 4465//10321 4468//10321
f 4475//10322 4472//10322 4467//10322
f 4469//10323 4467//10323 4465//10323
f 4440//10324 4470//10324 4452//10324
f 4467//10325 4471//10325 4447//10325
f 4470//10326 4458//10326 4452//10326
f 4474//10327 4466//10327 4447//10327
f 4464//10328 4466//10328 4598//10328
f 4469//10329 4475//10329 4467//10329
f 4474//10330 4598//10330 4466//10330
f 4441//10331 4446//10331 4477//10331
f 4609//10332 4477//10332 4446//10332
f 4476//10333 4478//10333 4608//10333
f 4270//10334 4480//10334 4269//10334
f 4492//10335 4481//10335 4490//10335
f 4481//10336 4492//10336 4487//10336
f 4491//10337 4484//10337 4483//10337
f 4484//10338 4493//10339 4483//10340
f 4485//10341 4481//10341 4487//10341
f 4488//10342 4491//10342 4486//10342
f 4494//10343 4491//10343 4489//10343
f 4491//10344 4483//10344 4489//10344
f 4492//10345 4490//10345 4499//10345
f 4498//5135 4489//5134 4493//10346
f 4499//10347 4490//10347 4502//10347
f 4496//10348 4497//4996 4494//4995
f 4503//10349 4487//10349 4506//10349
f 4504//10350 4507//10350 4503//10350
f 4505//10351 4504//10351 4503//10351
f 4510//10352 4518//10352 4517//10352
f 4517//10353 4505//10353 4506//10353
f 4512//10354 4519//10354 4518//10354
f 4508//10355 4506//10355 4513//10355
f 4518//10356 4510//10356 4523//10356
f 4509//10357 4492//5001 4521//5000
f 4506//10358 4510//10358 4517//10358
f 4516//10359 4515//10359 4514//10359
f 4519//10360 4517//10360 4518//10360
f 4524//10361 4523//10361 4528//10361
f 4518//10362 4523//10362 4524//10362
f 4525//10363 4526//10363 4513//10363
f 4532//10364 4534//10364 4535//10364
f 4536//10365 4532//10365 4530//10365
f 4537//10366 4536//10366 4530//10366
f 4533//10367 4553//10367 4530//10367
f 4531//10368 4534//10369 4476//10370
f 4535//10371 4534//10371 4539//10371
f 4537//10372 4529//10372 4536//10372
f 4608//5045 4538//10373 4531//5043
f 4534//10369 4531//10368 4538//10374
f 4529//10375 4537//10375 4524//10375
f 4540//10376 4558//10376 4533//10376
f 4540//10377 4533//10377 4539//10377
f 4485//10378 4541//10379 4482//10380
f 4482//10380 4541//10379 4543//10381
f 4543//10382 4545//10382 4482//10382
f 4542//10383 4493//10339 4484//10338
f 4507//10384 4541//10384 4485//10384
f 4542//10383 4546//10385 4493//10339
f 4544//10386 4546//10386 4542//10386
f 4545//10387 4542//10387 4488//10387
f 4546//10388 4498//10388 4493//10388
f 4545//10389 4544//10389 4542//10389
f 4548//10390 4547//10390 4545//10390
f 4546//10391 4544//10391 4498//10391
f 4549//5196 4541//10392 4551//5194
f 4504//10393 4550//10393 4555//10393
f 4553//10394 4552//10394 4511//10394
f 4504//10395 4555//10395 4551//10395
f 4507//10396 4551//5194 4541//10392
f 4552//10397 4554//10397 4512//10397
f 4556//10398 4505//10399 4520//10400
f 4556//10398 4550//10401 4505//10399
f 4554//10402 4520//10402 4512//10402
f 4671//10403 4552//10403 4553//10403
f 4553//10404 4558//10404 4671//10404
f 4564//10405 4562//10405 4565//10405
f 4569//10406 4564//10406 4565//10406
f 4567//10407 4566//10408 4563//10409
f 4585//10410 4563//10409 4566//10408
f 4569//10411 4567//10412 4563//10413
f 4461//10414 4568//10414 4562//10414
f 4568//10415 4569//10415 4565//10415
f 4572//10416 4451//10416 4560//10416
f 4574//10417 4448//10417 4577//10417
f 4442//10418 4445//10418 4574//10418
f 4442//10419 4574//10419 4581//10419
f 4573//10420 4449//10420 4571//10420
f 4577//10421 4575//10421 4573//10421
f 4572//10422 4561//10422 4585//10422
f 4451//10423 4572//10423 4571//10423
f 4583//10424 4573//10424 4571//10424
f 4579//10425 4602//10425 4577//10425
f 4607//10426 4580//10426 4576//10426
f 4607//10427 4576//10427 4581//10427
f 4607//10428 4581//10428 4584//10428
f 4446//10429 4450//10429 4580//10429
f 4588//10430 4590//10430 4455//10430
f 4463//10431 4589//10431 4462//10431
f 4462//10432 4593//10432 4461//10432
f 4599//10433 4590//10433 4588//10433
f 4590//10434 4592//10434 4463//10434
f 4589//10435 4593//10435 4462//10435
f 4592//10436 4590//10436 4591//10436
f 4461//10437 4593//10437 4568//10437
f 4570//10438 4567//10412 4569//10411
f 4570//10439 4591//10439 4567//10439
f 4593//10440 4570//10440 4568//10440
f 4464//10441 4598//10441 4594//10441
f 4477//10442 4601//10442 4473//10442
f 4460//10443 4594//10443 4597//10443
f 4472//10444 4596//10444 4595//10444
f 4601//10445 4605//10445 4475//10445
f 4473//10446 4601//10446 4475//10446
f 4573//10447 4579//10447 4577//10447
f 4597//10448 4600//10448 4578//10448
f 4578//10449 4599//10449 4597//10449
f 4578//10450 4585//10450 4599//10450
f 4583//10451 4579//10451 4573//10451
f 4600//10452 4571//10452 4578//10452
f 4595//10453 4602//10453 4579//10453
f 4600//10454 4598//10454 4587//10454
f 4596//10455 4603//10455 4602//10455
f 4606//10456 4605//10456 4601//10456
f 4602//10457 4584//10457 4586//10457
f 4587//10458 4579//10458 4583//10458
f 4603//10459 4584//10459 4602//10459
f 4604//10460 4607//10460 4584//10460
f 4605//10461 4606//10461 4607//10461
f 4609//10462 4446//10462 4580//10462
f 4611//10463 4608//10463 4478//10463
f 4580//10464 4606//10464 4609//10464
f 4606//10465 4601//10465 4609//10465
f 4613//10466 4502//10466 4501//10466
f 4496//10467 4502//4999 4497//4998
f 4489//10468 4615//10468 4500//10468
f 4614//10469 4613//10469 4616//10469
f 4501//10470 4496//10470 4617//10470
f 4633//5156 4614//10471 4616//5157
f 4623//10472 4501//10472 4617//10472
f 4619//10473 4501//10473 4623//10473
f 4615//10474 4622//10474 4623//10474
f 4620//10475 4621//10475 4618//10475
f 4618//10476 4619//10476 4620//10476
f 4621//10477 4642//10477 4638//10477
f 4626//10478 4624//10478 4623//10478
f 4626//10479 4665//10479 4624//10479
f 4665//10480 4625//10480 4624//10480
f 4624//10481 4620//10481 4619//10481
f 4620//10482 4625//10482 4627//10482
f 4799//10483 4629//10484 4628//10485
f 4629//10486 4790//10486 4628//10486
f 4522//5031 4630//10487 4523//5032
f 4526//10488 4631//10488 4630//10488
f 4630//10489 4631//10489 4528//10489
f 4523//10490 4630//10490 4528//10490
f 4529//10491 4524//10491 4632//10491
f 4635//10492 4631//10492 4525//10492
f 4633//10493 4638//10493 4525//10493
f 4635//10494 4634//10494 4528//10494
f 4636//10495 4632//10495 4634//10495
f 4637//10496 4635//10496 4525//10496
f 4639//10497 4634//10497 4635//10497
f 4637//10498 4639//10498 4635//10498
f 4639//10499 4636//10499 4634//10499
f 4679//10500 4680//10500 4643//10500
f 4680//10501 4658//10501 4639//10501
f 4637//5168 4525//10502 4641//5169
f 4643//10503 4637//10503 4646//10503
f 4638//5159 4646//5166 4641//5160
f 4647//10504 4646//10504 4642//10504
f 4538//10505 4608//10505 4610//10505
f 4648//10506 4650//10506 4478//10506
f 4478//10507 4650//10507 4611//10507
f 4648//5178 4651//5177 4650//10508
f 4651//10509 4655//10509 4650//10509
f 4655//10510 4610//10510 4612//10510
f 4655//10511 4612//10511 4611//10511
f 4657//10512 4610//10512 4655//10512
f 4684//10513 4656//10513 4657//10513
f 4632//10514 4654//10514 4652//10514
f 4636//10515 4654//10515 4632//10515
f 4654//10516 4636//10516 4658//10516
f 4658//10517 4684//10517 4657//10517
f 4659//10518 4540//10518 4539//10518
f 4659//10519 4539//10519 4538//10519
f 4540//10520 4659//10520 4660//10520
f 4656//10521 4649//10521 4610//10521
f 4548//10522 4661//10522 4547//10522
f 4544//10523 4664//10523 4498//10523
f 4548//10524 4662//10524 4661//10524
f 4498//10525 4664//10525 4622//10525
f 4663//10526 4549//10526 4555//10526
f 4663//10527 4667//10527 4662//10527
f 4662//10528 4665//10528 4661//10528
f 4665//10529 4666//10529 4661//10529
f 4667//10530 4663//10530 4644//10530
f 4668//5202 4626//10531 4622//5203
f 4667//10532 4625//10532 4665//10532
f 4668//10533 4666//10533 4626//10533
f 4670//10534 4669//10534 4554//10534
f 4552//10535 4671//10535 4670//10535
f 4670//10536 4672//10536 4669//10536
f 4673//10537 4671//10537 4682//10537
f 4557//5222 4675//5222 4555//10538
f 4557//10539 4672//10539 4674//10539
f 4681//10540 4557//10540 4674//10540
f 4674//10541 4679//10541 4645//10541
f 4673//10542 4682//10542 4680//10542
f 4645//10543 4679//10543 4640//10543
f 4683//5231 4682//10544 4558//5232
f 4686//10545 4687//10545 4685//10545
f 4744//10546 4687//10546 4686//10546
f 4742//5240 4686//10547 4685//5241
f 4743//10548 4685//10548 4690//10548
f 4691//10549 4689//10549 4685//10549
f 4690//10550 4685//10550 4689//10550
f 4691//10551 4688//10551 4694//10551
f 4698//10552 4691//10552 4694//10552
f 4692//10553 4689//10553 4700//10553
f 4689//10554 4691//10554 4698//10554
f 4704//10555 4688//10555 4687//10555
f 4700//10556 4689//10556 4698//10556
f 4699//10557 4693//10557 4703//10557
f 4698//10558 4694//5251 4702//5251
f 4701//10559 4700//10559 4698//10559
f 4703//10560 4700//10560 4701//10560
f 4709//10561 4711//10561 4714//10561
f 4721//10562 4713//10562 4710//10562
f 4715//10563 4716//10563 4710//10563
f 4721//10564 4695//10564 4697//10564
f 4714//10565 4711//10565 4720//10565
f 4714//10566 4720//10566 4724//10566
f 4718//10567 4721//10567 4710//10567
f 4719//10568 4715//10568 4723//10568
f 4723//10569 4715//10569 4722//10569
f 4727//10570 4706//10570 4725//10570
f 4713//10571 4722//10571 4715//10571
f 4726//10572 4723//10572 4722//10572
f 4699//10573 4697//10573 4693//10573
f 4733//10574 4729//10574 4721//10574
f 4699//10575 4733//10575 4697//10575
f 4713//10576 4721//10576 4729//10576
f 4730//10577 4724//10577 4720//10577
f 4736//10578 4720//10578 4726//10578
f 4722//10579 4713//10579 4729//10579
f 4729//10580 4733//10580 4734//10580
f 4735//10581 4722//10581 4729//10581
f 4728//10582 4699//10582 4703//10582
f 4732//10583 4733//10583 4728//10583
f 4732//10584 4734//10584 4733//10584
f 4735//10585 4729//10585 4739//10585
f 4738//10586 4736//10586 4731//10586
f 4734//10587 4739//10587 4729//10587
f 4785//10588 4706//10588 4727//10588
f 4737//10589 4785//10589 4727//10589
f 4786//10590 4785//10590 4737//10590
f 4727//10591 4725//10591 4737//10591
f 4741//10592 4786//10592 4737//10592
f 4746//10593 4742//10593 4743//10593
f 4742//10594 4744//10594 4686//10594
f 4746//10595 4743//10595 4745//10595
f 4748//10596 4746//10596 4745//10596
f 4746//10597 4748//10597 4751//10597
f 4747//10598 4744//10598 4742//10598
f 4693//10599 4745//10599 4690//10599
f 4747//10600 4749//10600 4744//10600
f 4748//10601 4766//10601 4751//10601
f 4747//10602 4750//10602 4749//10602
f 4750//10603 4752//10603 4749//10603
f 4749//10604 4927//10604 4744//10604
f 4744//10605 4756//10606 4925//10607
f 4744//10605 4927//10608 4756//10606
f 4752//10609 4927//10609 4749//10609
f 4751//10610 4775//10610 4753//10610
f 4780//10611 4757//10611 4753//10611
f 4753//10612 4775//10612 4780//10612
f 4761//10613 4719//10613 4708//10613
f 4760//10614 4718//10614 4710//10614
f 4766//10615 4695//10615 4718//10615
f 4763//10616 4716//10616 4762//10616
f 4718//10617 4769//10617 4766//10617
f 4765//10618 4767//10618 4759//10618
f 4768//10619 4787//10619 4765//10619
f 4769//10620 4775//10620 4766//10620
f 4761//10621 4771//10621 4762//10621
f 4763//10622 4773//10622 4760//10622
f 4760//10623 4773//10623 4769//10623
f 4769//10624 4777//10624 4775//10624
f 4773//10625 4777//10625 4769//10625
f 4782//10626 4764//10626 4767//10626
f 4765//10627 4782//10627 4767//10627
f 4751//10628 4766//10628 4775//10628
f 4782//10629 4772//10630 4764//10631
f 4765//10632 4787//10632 4782//10632
f 4775//10633 4777//10633 4774//10633
f 4773//10634 4781//10634 4777//10634
f 4779//10635 4772//10630 4782//10629
f 4770//10636 4778//10636 4735//10636
f 4774//10637 4780//10637 4775//10637
f 4780//10638 4774//10638 4728//10638
f 4779//10639 4778//10639 4776//10639
f 4778//10640 4738//10640 4735//10640
f 4781//10641 4732//10641 4774//10641
f 4782//10642 4740//10642 4784//10642
f 4783//10643 4784//10643 4740//10643
f 4740//10644 4787//10644 4741//10644
f 4786//10645 4768//10645 4785//10645
f 4787//10646 4768//10646 4786//10646
f 4787//10647 4786//10647 4741//10647
f 4799//10483 4628//10485 4794//10648
f 4790//10649 4792//10649 4789//10649
f 4789//10650 4791//10650 4788//10650
f 4883//10651 4790//10651 4801//10651
f 4798//10652 4801//10652 4629//10652
f 4796//10653 4800//10653 4795//10653
f 4802//10654 4805//10654 4804//10654
f 4799//10655 4794//10656 4806//10657
f 4796//10658 4931//5361 4800//5363
f 4804//10659 4803//10659 4793//10659
f 4805//10660 4795//10660 4800//10660
f 4820//10661 4799//10655 4806//10657
f 4805//10662 4800//10662 4807//10662
f 4804//10663 4808//10663 4803//10663
f 4806//10664 4803//10664 4754//10664
f 4808//10665 4805//10665 4810//10665
f 4806//10666 4754//10666 4809//10666
f 4810//10667 4805//10667 4807//10667
f 4931//10668 4755//10668 4807//10668
f 4754//10669 4808//10669 4932//10669
f 4758//10670 4932//10670 4810//10670
f 4798//10671 4799//10671 4819//10671
f 4814//10672 4798//10672 4819//10672
f 4817//10673 4816//10673 4815//10673
f 4816//10674 4798//10674 4814//10674
f 4817//10675 4896//10675 4816//10675
f 4820//5372 4821//5374 4819//5370
f 4806//10657 4809//10676 4820//10661
f 4822//10677 4821//10677 4809//10677
f 4822//10678 4823//10678 4821//10678
f 4823//10679 4818//10679 4821//10679
f 4823//10680 4873//10680 4851//10680
f 4933//10681 4822//10681 4813//10681
f 4825//10682 4933//10682 4824//10682
f 4825//10683 4823//10683 4933//10683
f 4826//10684 4829//10685 4836//10686
f 4847//10687 4838//10687 4837//10687
f 4828//10688 4839//10688 4837//10688
f 4831//10689 4829//10689 4826//10689
f 4838//10690 4827//10690 4829//10690
f 4832//10691 4838//10691 4829//10691
f 4834//10692 4833//5387 4832//5386
f 4833//10693 4906//10693 4828//10693
f 4829//10685 4843//10694 4836//10686
f 4835//10695 4836//10695 4843//10695
f 4846//10696 4826//10696 4836//10696
f 4835//10697 4846//10697 4836//10697
f 4828//10698 4840//10698 4839//10698
f 4840//10699 4828//10699 4841//10699
f 4906//10700 4833//10700 4834//10700
f 4844//10701 4827//10701 4847//10701
f 4845//10702 4842//10702 4852//10702
f 4849//10703 4843//10703 4845//10703
f 4840//10704 4896//10704 4817//10704
f 4846//10705 4835//10705 4849//10705
f 4815//10706 4851//10706 4839//10706
f 4853//10707 4846//10707 4849//10707
f 4815//10708 4818//10708 4851//10708
f 4855//10709 4826//10709 4846//10709
f 4863//10710 4849//10710 4848//10710
f 4851//10711 4868//10711 4847//10711
f 4853//10712 4850//10712 4858//10712
f 4853//10713 4858//10713 4854//10713
f 4857//10714 4847//10714 4861//10714
f 4852//10715 4861//10715 4848//10715
f 4863//10716 4850//10716 4849//10716
f 4866//10717 4859//10717 4865//10717
f 4874//10718 4863//10718 4861//10718
f 4869//10719 4861//10719 4868//10719
f 4957//10720 4865//10720 4864//10720
f 4873//10721 4875//10721 4868//10721
f 4870//10722 4868//10722 4875//10722
f 4869//10723 4868//10723 4870//10723
f 4871//10724 4866//10724 4879//10724
f 4869//10725 4870//10725 4872//10725
f 4867//10726 4869//10726 4872//10726
f 4874//10727 4867//10727 4872//10727
f 4882//10728 4957//10728 4864//10728
f 4882//10729 4878//10729 4955//10729
f 4882//10730 4955//10730 4957//10730
f 4879//10731 4957//10731 4958//10731
f 4871//10732 4880//10732 4990//10732
f 4881//10733 4830//10733 4855//10733
f 4883//10734 4792//10734 4790//10734
f 4885//10735 4791//10735 4792//10735
f 4884//10736 4885//10736 4792//10736
f 4884//10737 4792//10737 4883//10737
f 4884//10738 4883//10738 4887//10738
f 4886//10739 4887//10739 4883//10739
f 4886//10740 4897//10740 4898//10740
f 4888//10741 4788//10741 4885//10741
f 4887//10742 4890//10742 4889//10742
f 4892//10743 4890//10743 4891//10743
f 4889//10744 4983//10744 4888//10744
f 4891//5447 4894//10745 4895//5445
f 4890//10746 4893//10746 4889//10746
f 4893//10747 4983//10747 4889//10747
f 4801//10748 4798//10748 4897//10748
f 4898//10749 4891//10749 4886//10749
f 4901//10750 4894//10750 4898//10750
f 4988//10751 4900//10752 4894//10753
f 4894//10754 4900//10754 4950//10754
f 4903//10755 4834//10755 4831//10755
f 4881//10756 4902//10756 4830//10756
f 4903//10757 4831//5464 4902//5463
f 4902//10758 4904//10758 4903//10758
f 4902//10759 4881//10759 4905//10759
f 4860//10760 4881//10760 4856//10760
f 4908//5473 4841//5475 4906//10761
f 4907//10762 4906//10762 4834//10762
f 4905//10763 4904//10763 4902//10763
f 4860//10764 4905//10764 4881//10764
f 4912//10765 4913//10765 4841//10765
f 4904//10766 4860//10766 4911//10766
f 4840//10767 4841//10767 4910//10767
f 4904//10768 4915//10768 4909//10768
f 4862//10769 4860//10769 4917//10769
f 4911//10770 4862//10770 4917//10770
f 4912//10771 4914//10771 4913//10771
f 4915//10772 4912//10772 4909//10772
f 4911//10773 4916//10773 4915//10773
f 4913//10774 4899//10774 4910//10774
f 4922//10775 4920//10775 4915//10775
f 4914//10776 4918//10776 4919//10776
f 4916//10777 4994//10777 4922//10777
f 4993//10778 4921//10778 4918//10778
f 4920//10779 4993//10779 4918//10779
f 4704//10780 4923//10780 4702//10780
f 4926//10781 4924//10781 4923//10781
f 4925//10782 4926//10782 4923//10782
f 4757//10783 4780//10783 4705//10783
f 4929//10784 4928//10784 4757//10784
f 4701//10785 4929//10785 4705//10785
f 4924//10786 4929//10786 4701//10786
f 4928//10787 4929//10787 4930//10787
f 4741//10788 4737//10788 4740//10788
f 4931//10789 4758//10789 4755//10789
f 4813//10790 4812//10790 4933//10790
f 4932//10791 4758//10791 4934//10791
f 4934//10792 4758//10792 4931//10792
f 4936//5507 4933//5509 4812//10793
f 4935//10794 4932//10794 4934//10794
f 4935//10795 4936//10795 4932//10795
f 4935//10796 4934//10796 4938//10796
f 4939//10797 4936//10797 4935//10797
f 4938//10798 4945//10798 4935//10798
f 4943//10799 4931//10799 4811//10799
f 4941//10800 4940//10800 4939//10800
f 4982//5522 4943//5521 4811//10801
f 4944//10802 4945//10802 4938//10802
f 4941//10803 4939//10803 4945//10803
f 4944//10804 4946//10804 4945//10804
f 4942//5564 4947//5563 4943//10805
f 4948//5528 4824//5527 4933//10806
f 4949//10807 4962//10807 4824//10807
f 4953//10808 4962//10808 4949//10808
f 4952//10809 4950//10809 4940//10809
f 4951//10810 4940//10810 4950//10810
f 4877//10811 4870//10811 4875//10811
f 4874//10812 4876//10812 4954//10812
f 4874//10813 4954//10813 4955//10813
f 4956//10814 4874//10813 4955//10813
f 4875//10815 4959//10815 4877//10815
f 4962//10816 4960//10817 4873//10818
f 4960//10817 4875//10819 4873//10818
f 4957//10820 4955//10820 4961//10820
f 4876//10821 4964//10821 4954//10821
f 4954//10822 4961//10822 4955//10822
f 4964//10823 4877//10823 4959//10823
f 4876//10824 4877//10824 4964//10824
f 4962//10825 4825//10825 4824//10825
f 4951//10826 4989//10826 4953//10826
f 4880//10827 4976//10827 4990//10827
f 4959//10828 4875//10828 4960//10828
f 4966//10829 4964//10829 4959//10829
f 4963//10830 4961//10830 4965//10830
f 4965//10831 4961//10831 4968//10831
f 4969//10832 4968//10832 4964//10832
f 4969//10833 4964//10833 4967//10833
f 4979//10834 4960//10834 4962//10834
f 4971//10835 4963//10835 4965//10835
f 4972//10836 4971//10837 4965//5550
f 4973//5549 4972//10836 4965//5550
f 4974//10838 4971//10839 4973//10839
f 4978//10840 4971//10840 4974//10840
f 4978//10841 4880//10841 4963//10841
f 4953//10842 4979//10842 4962//10842
f 4979//10843 4998//10843 4970//10843
f 4979//10844 4953//10844 4997//10844
f 4976//10845 4978//10845 4977//10845
f 4976//10846 4880//10846 4978//10846
f 4966//10847 4970//10847 4967//10847
f 4977//10848 4968//10848 4969//10848
f 4978//10849 4965//10849 4968//10849
f 4978//10850 4974//10850 4965//10850
f 4970//10851 4980//10851 4967//10851
f 4978//10852 4968//10852 4977//10852
f 4980//10853 4975//10853 4977//10853
f 4950//10854 4895//10854 4894//10854
f 4985//10855 4893//10855 4984//10855
f 4982//10856 4986//10856 4942//10856
f 4952//10857 4895//10857 4950//10857
f 4985//10858 4984//10858 4947//10858
f 4946//10859 4944//10859 4947//10859
f 4987//10860 4952//10860 4941//10860
f 4988//10751 4950//10861 4900//10752
f 4988//10862 4951//10862 4950//10862
f 4991//10863 4989//10863 4899//10863
f 4995//10864 4994//10864 4917//10864
f 4996//10865 4995//10865 5008//10865
f 4921//10866 5006//10866 4992//10866
f 5004//10867 5002//10867 5001//10867
f 5000//10868 5003//10868 4999//10868
f 4995//10869 5005//10869 5008//10869
f 4995//10870 4990//10870 5005//10870
f 4998//10871 4997//10871 4992//10871
f 5005//10872 5007//10872 5008//10872
f 5006//10873 5010//10873 4998//10873
f 5010//10874 4975//10874 4998//10874
f 4998//10875 4975//10875 4980//10875
f 5009//10876 5005//10876 4990//10876
f 5005//10877 5009//10877 5007//10877
f 5007//10878 5009//5588 4975//5590
f 4975//10879 4976//10879 4977//10879
