# Blender 5.0.1
# www.blender.org
mtllib chess_outer_2500_rr.mtl
o chess_outer_2500
v -0.248684 0.016269 0.229141
v -0.248908 0.021749 0.208323
v -0.241472 0.024764 0.242083
v -0.228550 0.017214 0.245491
v -0.242126 0.021326 0.239398
v -0.240845 0.017067 0.200995
v -0.248480 0.024969 0.221004
v -0.243997 0.089114 0.221257
v -0.243083 0.096127 0.213419
v -0.241608 0.117751 0.207835
v -0.244720 0.098043 0.219482
v -0.244692 0.025594 0.204882
v -0.237739 0.096322 0.204528
v -0.237484 0.040821 0.207976
v -0.242442 0.014926 0.145861
v -0.232822 0.098030 0.241722
v -0.238350 0.041843 0.230235
v -0.229026 0.086653 0.237386
v -0.237274 0.085946 0.224160
v -0.235750 0.094969 0.236963
v -0.240212 0.115040 0.232400
v -0.232463 0.116344 0.240703
v -0.240600 0.046252 0.220031
v -0.236284 0.086201 0.209758
v -0.235793 0.089896 0.203559
v -0.220269 0.017242 0.190791
v -0.225992 0.042934 0.198638
v -0.220298 0.097540 0.192673
v -0.239655 0.109762 0.205998
v -0.228591 0.116388 0.196041
v -0.227041 0.023753 0.191808
v -0.230523 0.030909 0.192513
v -0.237590 0.013430 0.175375
v -0.239988 0.026211 0.163035
v -0.240090 0.024016 0.145872
v -0.231037 0.033066 0.148324
v -0.229036 0.025772 0.137496
v -0.218519 0.020217 0.248088
v -0.226203 0.045032 0.241509
v -0.230655 0.090007 0.241446
v -0.225180 0.096751 0.242452
v -0.225961 0.115305 0.230553
v -0.228155 0.108842 0.228850
v -0.222167 0.106392 0.226968
v -0.230353 0.116916 0.225986
v -0.228025 0.114989 0.208919
v -0.208909 0.014253 0.180186
v -0.215516 0.025929 0.178531
v -0.232025 0.026871 0.174068
v -0.219391 0.034334 0.169136
v -0.225860 0.063088 0.168814
v -0.226131 0.072867 0.173465
v -0.226603 0.080245 0.162172
v -0.228553 0.040275 0.153311
v -0.224317 0.047702 0.160484
v -0.224958 0.051886 0.167555
v -0.231027 0.063082 0.157525
v -0.227422 0.065238 0.165678
v -0.225540 0.056937 0.163424
v -0.231742 0.070270 0.162750
v -0.228984 0.050783 0.146841
v -0.230883 0.053075 0.158396
v -0.226886 0.059576 0.152279
v -0.228571 0.063103 0.149538
v -0.231223 0.076275 0.149248
v -0.218734 0.084104 0.156224
v -0.220852 0.057948 0.146568
v -0.222096 0.064068 0.143679
v -0.217781 0.025121 0.249374
v -0.217688 0.097838 0.246606
v -0.205358 0.089478 0.242505
v -0.219333 0.101603 0.243327
v -0.223325 0.114734 0.243601
v -0.211850 0.115221 0.230909
v -0.210910 0.109177 0.209743
v -0.212423 0.116638 0.207914
v -0.217394 0.046631 0.196542
v -0.224745 0.088563 0.197226
v -0.208723 0.086438 0.201703
v -0.222463 0.100988 0.194795
v -0.220318 0.025202 0.188713
v -0.213628 0.020511 0.191080
v -0.215167 0.047257 0.162138
v -0.214703 0.053952 0.168414
v -0.209756 0.079044 0.163932
v -0.219739 0.049249 0.163895
v -0.220081 0.055071 0.143527
v -0.222697 0.069856 0.143382
v -0.219042 0.079639 0.145702
v -0.220319 0.015052 0.131961
v -0.217661 0.040167 0.147172
v -0.211824 0.024971 0.133390
v -0.209608 0.017214 0.246733
v -0.214259 0.085959 0.237815
v -0.208117 0.095284 0.243809
v -0.210380 0.041262 0.239599
v -0.200853 0.086999 0.229096
v -0.206827 0.117553 0.240001
v -0.209914 0.109426 0.228384
v -0.207971 0.116955 0.213440
v -0.207249 0.030922 0.193255
v -0.208785 0.096070 0.198324
v -0.204885 0.115521 0.198467
v -0.204210 0.014700 0.139149
v -0.208234 0.025982 0.174119
v -0.210437 0.039792 0.157980
v -0.210303 0.063890 0.167021
v -0.209827 0.057172 0.161430
v -0.204942 0.065677 0.156131
v -0.215246 0.047373 0.147550
v -0.208566 0.055131 0.152116
v -0.211826 0.058360 0.153408
v -0.208519 0.063593 0.151967
v -0.211105 0.051186 0.148702
v -0.211485 0.064143 0.147144
v -0.195983 0.017261 0.234953
v -0.203418 0.025299 0.244915
v -0.203472 0.092867 0.242648
v -0.196987 0.114322 0.232793
v -0.199989 0.041138 0.230853
v -0.195111 0.099170 0.230999
v -0.198044 0.101051 0.231980
v -0.207327 0.117057 0.226739
v -0.203731 0.017182 0.196526
v -0.200920 0.086147 0.214091
v -0.197556 0.115101 0.206568
v -0.203993 0.041176 0.200974
v -0.207276 0.090101 0.197441
v -0.198297 0.097334 0.206885
v -0.200648 0.097958 0.199079
v -0.197048 0.014496 0.162523
v -0.197756 0.022828 0.164599
v -0.206506 0.054079 0.161361
v -0.204771 0.063832 0.165613
v -0.196763 0.013448 0.150935
v -0.208271 0.035670 0.152472
v -0.208625 0.077600 0.143645
v -0.199697 0.024683 0.148755
v -0.194162 0.021459 0.239465
v -0.192493 0.025104 0.233685
v -0.188901 0.017340 0.213908
v -0.189989 0.021783 0.209715
v -0.193525 0.089270 0.217724
v -0.193998 0.098131 0.225678
v -0.195941 0.115819 0.220305
v -0.196962 0.040928 0.220675
v -0.195155 0.094365 0.212007
v -0.196519 0.089869 0.212821
v -0.204573 0.022805 0.195211
v -0.195173 0.025475 0.201259
v -0.189186 0.025177 0.218614
v -0.180065 0.035545 0.235092
v -0.177200 0.044946 0.234081
v -0.183780 0.014253 0.229360
v -0.182747 0.022543 0.219412
v -0.182810 0.028704 0.229909
v -0.174979 0.050282 0.218333
v -0.161184 0.014732 0.189514
v -0.178982 0.016864 0.205295
v -0.177039 0.040363 0.209583
v -0.179064 0.045500 0.213697
v -0.174879 0.033856 0.197723
v -0.184068 0.035087 0.207963
v -0.178144 0.014369 0.165237
v -0.180107 0.014144 0.145275
v -0.179883 0.024283 0.149324
v -0.164462 0.032098 0.250155
v -0.180209 0.020176 0.231149
v -0.169075 0.024877 0.241967
v -0.172761 0.040197 0.238176
v -0.161806 0.050588 0.241383
v -0.171589 0.107490 0.215837
v -0.169330 0.048574 0.208147
v -0.166521 0.089919 0.211675
v -0.166172 0.090749 0.186979
v -0.163459 0.026130 0.194237
v -0.159887 0.040492 0.200653
v -0.169141 0.045383 0.200110
v -0.168145 0.015151 0.177538
v -0.174235 0.027560 0.167152
v -0.164450 0.032936 0.167531
v -0.168935 0.072047 0.150998
v -0.168939 0.065525 0.149995
v -0.168417 0.080911 0.162697
v -0.166290 0.014185 0.247926
v -0.156839 0.046520 0.244472
v -0.170779 0.062107 0.232362
v -0.169397 0.082354 0.228411
v -0.164877 0.119379 0.209542
v -0.169063 0.065583 0.206915
v -0.159048 0.082880 0.212343
v -0.159188 0.047885 0.199134
v -0.161139 0.084146 0.194581
v -0.142722 0.014778 0.177286
v -0.163669 0.024875 0.177208
v -0.167319 0.039313 0.154043
v -0.163085 0.041739 0.162197
v -0.167203 0.051012 0.156217
v -0.164286 0.053807 0.167085
v -0.166338 0.055292 0.158869
v -0.159435 0.056122 0.163961
v -0.167430 0.064037 0.163481
v -0.163340 0.037190 0.146993
v -0.165285 0.058140 0.151312
v -0.163816 0.058590 0.158800
v -0.157586 0.084963 0.156563
v -0.158082 0.047970 0.147675
v -0.167376 0.053725 0.147851
v -0.167667 0.063641 0.144233
v -0.165450 0.076243 0.143152
v -0.157374 0.014677 0.131482
v -0.162501 0.025039 0.134017
v -0.157161 0.054286 0.250784
v -0.154597 0.077516 0.249249
v -0.160258 0.086752 0.247133
v -0.140970 0.015029 0.240070
v -0.152065 0.024533 0.244090
v -0.149704 0.020309 0.245581
v -0.147904 0.040419 0.238680
v -0.151709 0.044855 0.243486
v -0.142662 0.049068 0.229061
v -0.160434 0.111716 0.231062
v -0.153494 0.100624 0.240392
v -0.154301 0.118132 0.218855
v -0.147269 0.119575 0.208639
v -0.153621 0.083625 0.204457
v -0.149633 0.086940 0.215785
v -0.160053 0.057672 0.198611
v -0.148600 0.084645 0.183043
v -0.145439 0.112028 0.205635
v -0.157211 0.094481 0.186393
v -0.153519 0.025111 0.176695
v -0.155001 0.037088 0.168654
v -0.152132 0.052921 0.168773
v -0.156691 0.048753 0.165957
v -0.150441 0.046171 0.159354
v -0.156721 0.064104 0.168348
v -0.151981 0.058723 0.162233
v -0.152686 0.070425 0.170323
v -0.148374 0.050029 0.151495
v -0.152347 0.052900 0.143534
v -0.153809 0.063607 0.144413
v -0.155055 0.058228 0.147835
v -0.151119 0.081592 0.145469
v -0.146803 0.027026 0.137372
v -0.133869 0.024378 0.229499
v -0.143230 0.093768 0.221237
v -0.143732 0.077152 0.233226
v -0.140218 0.040693 0.202988
v -0.144380 0.027857 0.194976
v -0.146791 0.035608 0.192305
v -0.140692 0.035128 0.159885
v -0.142557 0.054071 0.156788
v -0.147556 0.058836 0.157156
v -0.146728 0.063005 0.162962
v -0.143612 0.063999 0.160294
v -0.142406 0.070637 0.157537
v -0.150567 0.081016 0.162886
v -0.148553 0.063322 0.146270
v -0.148265 0.065730 0.150450
v -0.149277 0.037282 0.148187
v -0.150834 0.056243 0.149343
v -0.147848 0.069987 0.146278
v -0.141249 0.031555 0.245427
v -0.128528 0.034190 0.226156
v -0.137781 0.045327 0.233344
v -0.140986 0.049696 0.226022
v -0.140210 0.056155 0.211899
v -0.134419 0.045773 0.214489
v -0.143128 0.048059 0.206784
v -0.142167 0.044978 0.198231
v -0.153133 0.069444 0.203137
v -0.144557 0.048700 0.200521
v -0.139807 0.015490 0.195348
v -0.132883 0.014243 0.154665
v -0.140958 0.023881 0.171584
v -0.135629 0.023097 0.160846
v -0.139624 0.012890 0.140718
v -0.129961 0.017704 0.232231
v -0.133895 0.025436 0.210684
v -0.129796 0.031869 0.211452
v -0.135505 0.040272 0.230801
v -0.132465 0.015577 0.210315
v -0.137465 0.025687 0.147614
v -0.115548 0.033650 0.207655
v -0.100617 0.014852 0.247839
v -0.117006 0.020791 0.234079
v -0.121972 0.031972 0.224811
v -0.109766 0.027520 0.240075
v -0.116559 0.014868 0.230548
v -0.120041 0.023413 0.211299
v -0.119745 0.015066 0.213066
v -0.109999 0.018470 0.197957
v -0.104801 0.041971 0.202630
v -0.115095 0.015572 0.164035
v -0.116145 0.024557 0.154342
v -0.117533 0.013532 0.147759
v -0.100593 0.039364 0.150750
v -0.074561 0.013612 0.143480
v -0.105403 0.044708 0.233474
v -0.110205 0.047112 0.227366
v -0.110556 0.042999 0.222394
v -0.109449 0.084733 0.229905
v -0.104388 0.095059 0.221973
v -0.109061 0.104773 0.223909
v -0.104344 0.098550 0.227399
v -0.105657 0.118995 0.215167
v -0.106615 0.044438 0.204835
v -0.112043 0.047773 0.215415
v -0.111172 0.082799 0.217782
v -0.108400 0.091805 0.210563
v -0.107075 0.094857 0.214160
v -0.105502 0.099757 0.211182
v -0.112308 0.112798 0.217880
v -0.096989 0.121203 0.211826
v -0.106069 0.084325 0.207186
v -0.104666 0.111141 0.206464
v -0.097162 0.024420 0.193262
v -0.100656 0.065879 0.213243
v -0.107074 0.029747 0.193536
v -0.110373 0.024639 0.172075
v -0.103152 0.037862 0.158197
v -0.101863 0.080413 0.165532
v -0.104204 0.049745 0.154449
v -0.107876 0.024191 0.137922
v -0.093085 0.048676 0.148857
v -0.070109 0.014754 0.204487
v -0.097983 0.020970 0.245246
v -0.103587 0.034282 0.243642
v -0.087832 0.042814 0.237336
v -0.091609 0.084836 0.236285
v -0.102342 0.089992 0.232758
v -0.100318 0.105507 0.235287
v -0.105729 0.113936 0.228829
v -0.099998 0.015475 0.194234
v -0.102117 0.065554 0.221616
v -0.101408 0.080065 0.225236
v -0.095500 0.094116 0.230784
v -0.096413 0.112875 0.235222
v -0.100105 0.129704 0.218920
v -0.096173 0.129679 0.214486
v -0.096866 0.046589 0.201076
v -0.095592 0.084936 0.203183
v -0.093985 0.089825 0.200659
v -0.094457 0.021539 0.191558
v -0.105678 0.015149 0.176587
v -0.082764 0.014591 0.179037
v -0.089108 0.024521 0.179256
v -0.106447 0.053952 0.160850
v -0.096635 0.053847 0.169394
v -0.094562 0.057700 0.165930
v -0.102158 0.058736 0.158996
v -0.104886 0.066200 0.163971
v -0.104009 0.063428 0.165531
v -0.104597 0.061496 0.146496
v -0.099481 0.058704 0.148728
v -0.105887 0.075922 0.151961
v -0.102281 0.053742 0.143381
v -0.090125 0.056405 0.147865
v -0.087055 0.064101 0.141921
v -0.098717 0.076059 0.145440
v -0.100092 0.014016 0.134136
v -0.069463 0.014968 0.234189
v -0.093047 0.024540 0.243057
v -0.090097 0.047152 0.239376
v -0.096319 0.055620 0.229717
v -0.090850 0.095002 0.230222
v -0.086728 0.060348 0.226140
v -0.091701 0.127998 0.225496
v -0.088125 0.118911 0.211576
v -0.086582 0.057507 0.212166
v -0.093832 0.080089 0.209135
v -0.093021 0.093401 0.208995
v -0.092823 0.095681 0.205248
v -0.085693 0.095292 0.212574
v -0.094989 0.121096 0.212847
v -0.088300 0.123094 0.211643
v -0.083546 0.042293 0.206406
v -0.093985 0.065311 0.211225
v -0.087435 0.046328 0.201999
v -0.083629 0.085800 0.202281
v -0.089042 0.090038 0.203881
v -0.095024 0.099785 0.204508
v -0.093374 0.111456 0.202386
v -0.088910 0.030960 0.192491
v -0.098474 0.034409 0.169186
v -0.090194 0.064546 0.170994
v -0.097278 0.048012 0.163658
v -0.084238 0.059369 0.156784
v -0.091919 0.082859 0.158537
v -0.091810 0.083823 0.149363
v -0.087568 0.033904 0.142503
v -0.090131 0.065903 0.145351
v -0.091048 0.071168 0.143397
v -0.087211 0.027167 0.133540
v -0.087072 0.029900 0.245968
v -0.077282 0.046770 0.226100
v -0.076264 0.042702 0.219939
v -0.083605 0.089050 0.231414
v -0.081811 0.084978 0.231437
v -0.092095 0.079107 0.229377
v -0.077070 0.084214 0.221456
v -0.082076 0.092720 0.224701
v -0.084781 0.111277 0.233502
v -0.086084 0.097832 0.230134
v -0.079718 0.103323 0.224482
v -0.081505 0.097132 0.215919
v -0.078773 0.112278 0.224169
v -0.084568 0.060935 0.218236
v -0.083462 0.094423 0.219547
v -0.077628 0.112019 0.219166
v -0.075978 0.047716 0.214119
v -0.082423 0.085234 0.205839
v -0.078812 0.090030 0.211242
v -0.086027 0.114316 0.206748
v -0.079820 0.018132 0.195491
v -0.084519 0.034435 0.166481
v -0.080766 0.074458 0.168194
v -0.079866 0.033187 0.153850
v -0.089536 0.048776 0.163565
v -0.085442 0.053595 0.163936
v -0.081468 0.061277 0.156718
v -0.081746 0.076039 0.151298
v -0.085602 0.048170 0.154266
v -0.079338 0.052788 0.157420
v -0.084399 0.052840 0.146337
v -0.086544 0.059163 0.150944
v -0.083570 0.064444 0.150421
v -0.086391 0.015349 0.135091
v -0.080787 0.022334 0.241861
v -0.066588 0.031731 0.228587
v -0.079693 0.105458 0.206990
v -0.078787 0.023976 0.201212
v -0.071465 0.015416 0.160686
v -0.075211 0.025971 0.166416
v -0.069063 0.024401 0.219740
v -0.068560 0.020062 0.211351
v -0.070209 0.036341 0.207986
v -0.072454 0.027652 0.203716
v -0.071291 0.024598 0.149626
v -0.050582 0.016469 0.245692
v -0.061288 0.033901 0.210600
v -0.052426 0.050909 0.222566
v -0.061245 0.017967 0.215262
v -0.058260 0.024312 0.216891
v -0.055422 0.024940 0.203334
v -0.051547 0.024632 0.239233
v -0.046128 0.029724 0.248344
v -0.057445 0.022985 0.231542
v -0.048231 0.016272 0.194684
v -0.048129 0.050052 0.208056
v -0.046216 0.113361 0.206995
v -0.044965 0.036502 0.190952
v -0.033761 0.016570 0.251713
v -0.060173 0.036176 0.230203
v -0.041309 0.049917 0.239925
v -0.047582 0.117925 0.229061
v -0.042274 0.113908 0.236002
v -0.042618 0.077387 0.220924
v -0.041171 0.098479 0.225631
v -0.050391 0.112824 0.225137
v -0.046520 0.122142 0.223589
v -0.036859 0.091038 0.211067
v -0.043170 0.107681 0.214957
v -0.040946 0.123657 0.215425
v -0.024695 0.064220 0.208173
v -0.041747 0.119393 0.209351
v -0.036438 0.048903 0.199813
v -0.046262 0.118586 0.206915
v -0.037637 0.027840 0.190653
v -0.025758 0.024869 0.247342
v -0.042768 0.038645 0.248570
v -0.035860 0.074621 0.229659
v -0.032903 0.097522 0.230580
v -0.022663 0.119177 0.240249
v -0.036742 0.121932 0.231696
v -0.036640 0.144593 0.239155
v -0.039410 0.123948 0.226241
v -0.037537 0.108827 0.207431
v -0.023504 0.119462 0.207992
v -0.035423 0.124149 0.207786
v -0.024875 0.117778 0.203211
v -0.029617 0.015730 0.191660
v -0.026858 0.027041 0.192196
v -0.018272 0.018258 0.247458
v -0.006254 0.016605 0.231685
v -0.017049 0.106266 0.222359
v -0.032285 0.108678 0.237390
v -0.023949 0.120008 0.233027
v -0.033172 0.123601 0.232790
v -0.022563 0.123041 0.228356
v -0.025468 0.093188 0.211089
v -0.022194 0.108580 0.208930
v -0.024637 0.123469 0.210965
v -0.030171 0.113436 0.201553
v -0.018567 0.046035 0.202691
v -0.017613 0.032475 0.249565
v -0.017149 0.023042 0.240085
v -0.016681 0.022978 0.240318
v -0.021222 0.050285 0.238380
v -0.016681 0.023105 0.239851
v -0.012676 0.053191 0.223195
v -0.023173 0.068476 0.230047
v -0.017641 0.119382 0.225795
v -0.013709 0.113470 0.228887
v -0.024809 0.096238 0.227426
v -0.019011 0.068400 0.217621
v -0.014884 0.113324 0.209244
v -0.016540 0.123110 0.217702
v -0.021581 0.052271 0.200845
v -0.008518 0.025755 0.205414
v -0.004348 0.023396 0.230902
v -0.004235 0.036447 0.233667
v -0.013845 0.118599 0.215914
v -0.002348 0.017938 0.210088
v -0.013057 0.050291 0.211484
v -0.012075 0.018423 0.196731
v -0.020644 0.033137 0.191162
v -0.001071 0.032277 0.221861
v -0.000697 0.033085 0.220039
v -0.000236 0.029229 0.219363
v -0.007440 0.033838 0.200215
v -0.098986 0.128527 0.224535
v -0.100065 0.138639 0.214489
v -0.102662 0.140077 0.222692
v -0.089970 0.140974 0.229154
v -0.092745 0.142772 0.207450
v -0.089414 0.135458 0.212797
v -0.082973 0.139888 0.217525
v -0.049699 0.145985 0.226936
v -0.047132 0.144949 0.207746
v -0.040657 0.149599 0.217572
v -0.039818 0.168986 0.217926
v -0.025885 0.149472 0.234907
v -0.034062 0.149620 0.226564
v -0.039699 0.153551 0.223252
v -0.036168 0.152946 0.226579
v -0.027200 0.155779 0.223452
v -0.037921 0.154714 0.216812
v -0.023470 0.169619 0.217702
v -0.033363 0.144441 0.202642
v -0.031993 0.150136 0.213160
v -0.021355 0.145447 0.236465
v -0.027830 0.148162 0.225416
v -0.023078 0.154177 0.222346
v -0.025871 0.154969 0.227200
v -0.024999 0.153000 0.224005
v -0.022218 0.147648 0.217024
v -0.022809 0.154619 0.217166
v -0.024999 0.153000 0.224000
v -0.041058 0.170732 0.223625
v -0.023703 0.169059 0.222753
v -0.029524 0.147007 0.214598
v -0.013708 0.143648 0.226647
v -0.019837 0.124650 0.216648
v -0.022164 0.148185 0.204679
v -0.012595 0.147539 0.214446
v -0.052511 0.015139 0.105138
v -0.038719 0.015309 0.115156
v -0.046084 0.024783 0.110787
v -0.054998 0.027823 0.089128
v -0.053139 0.014777 0.080165
v -0.028985 0.015139 0.068518
v -0.036410 0.024969 0.070712
v -0.037310 0.042897 0.099776
v -0.040790 0.054489 0.104781
v -0.039739 0.062890 0.105302
v -0.040823 0.064134 0.100302
v -0.038198 0.058395 0.100602
v -0.041891 0.071494 0.102636
v -0.041372 0.078084 0.090143
v -0.042893 0.035962 0.087339
v -0.041160 0.036904 0.093255
v -0.044558 0.052477 0.088784
v -0.044545 0.064432 0.088342
v -0.030870 0.050609 0.083445
v -0.035393 0.056330 0.080216
v -0.043166 0.068620 0.085715
v -0.033139 0.065489 0.103964
v -0.038978 0.078919 0.103433
v -0.039279 0.058359 0.093672
v -0.033395 0.083230 0.089505
v -0.026682 0.082899 0.098987
v -0.037420 0.057491 0.086856
v -0.029546 0.037772 0.084577
v -0.032709 0.058777 0.083241
v -0.033533 0.072745 0.080709
v -0.022828 0.014357 0.115549
v -0.029162 0.026978 0.114509
v -0.028517 0.036139 0.102372
v -0.028135 0.070650 0.107211
v -0.025302 0.063322 0.104391
v -0.030363 0.051455 0.106934
v -0.020356 0.037760 0.099060
v -0.030274 0.059164 0.101505
v -0.022051 0.057159 0.097003
v -0.020037 0.075937 0.099305
v -0.023094 0.079738 0.086075
v -0.022058 0.052922 0.084092
v -0.026756 0.057674 0.085169
v -0.025999 0.063427 0.078052
v -0.030718 0.065630 0.081623
v -0.024619 0.066025 0.082336
v -0.020069 0.027249 0.075932
v -0.019055 0.026118 0.110774
v -0.014380 0.016158 0.108433
v -0.017838 0.053057 0.096426
v -0.016972 0.064753 0.094331
v -0.013867 0.015029 0.079060
v -0.023441 0.038584 0.090605
v -0.007243 0.014533 0.093584
v -0.009170 0.023060 0.100272
v -0.010138 0.025845 0.087288
v -0.247040 0.022972 -0.231129
v -0.244392 0.014876 -0.158146
v -0.238066 0.024014 -0.167977
v -0.236582 0.018536 -0.196629
v -0.240510 0.015918 -0.199895
v -0.246866 0.020990 -0.209647
v -0.243790 0.024706 -0.202791
v -0.245975 0.024219 -0.208850
v -0.246265 0.016222 -0.220615
v -0.248032 0.030696 -0.212028
v -0.240560 0.040042 -0.219033
v -0.239592 0.093588 -0.209257
v -0.242042 0.095250 -0.223168
v -0.244569 0.097785 -0.219661
v -0.241478 0.116847 -0.231797
v -0.242722 0.021193 -0.234715
v -0.239007 0.016673 -0.242371
v -0.237522 0.045315 -0.233169
v -0.236891 0.089089 -0.236369
v -0.236979 0.095701 -0.236818
v -0.239551 0.108701 -0.233493
v -0.234436 0.024203 -0.245395
v -0.233781 0.020973 -0.243722
v -0.237117 0.012968 -0.141509
v -0.224945 0.014743 -0.134472
v -0.242375 0.025086 -0.152300
v -0.233167 0.033927 -0.152173
v -0.221917 0.039810 -0.165425
v -0.232670 0.063492 -0.153865
v -0.229043 0.014757 -0.178495
v -0.224563 0.024559 -0.178506
v -0.216876 0.016067 -0.190966
v -0.235177 0.024888 -0.198109
v -0.234705 0.089216 -0.199539
v -0.232650 0.096801 -0.197844
v -0.236745 0.041831 -0.207451
v -0.236560 0.085176 -0.208416
v -0.236577 0.095422 -0.203154
v -0.242185 0.089157 -0.219727
v -0.239997 0.114101 -0.207209
v -0.227819 0.108046 -0.210832
v -0.232067 0.115484 -0.198681
v -0.230033 0.115979 -0.213706
v -0.236544 0.086182 -0.229661
v -0.220982 0.094342 -0.244100
v -0.228847 0.115481 -0.243297
v -0.228836 0.024121 -0.136971
v -0.222454 0.034687 -0.143046
v -0.230531 0.051872 -0.149696
v -0.221588 0.059466 -0.147295
v -0.229325 0.063329 -0.149667
v -0.218162 0.063143 -0.140294
v -0.231362 0.069889 -0.146897
v -0.226389 0.084199 -0.149118
v -0.222816 0.085678 -0.158944
v -0.227580 0.037449 -0.156016
v -0.232578 0.053283 -0.161484
v -0.222278 0.052769 -0.168321
v -0.227457 0.056785 -0.154546
v -0.230628 0.065167 -0.158078
v -0.226743 0.058982 -0.159981
v -0.224999 0.064066 -0.167691
v -0.232236 0.069970 -0.161336
v -0.225254 0.023556 -0.190233
v -0.231331 0.028750 -0.194555
v -0.226312 0.041449 -0.199998
v -0.219380 0.084628 -0.199780
v -0.225635 0.093992 -0.197728
v -0.223239 0.113742 -0.196020
v -0.227802 0.114110 -0.230522
v -0.225749 0.114710 -0.208969
v -0.225305 0.085037 -0.238212
v -0.220732 0.088349 -0.243350
v -0.224180 0.021769 -0.251016
v -0.222121 0.024288 -0.249183
v -0.213189 0.056480 -0.148154
v -0.217545 0.069387 -0.142460
v -0.221282 0.066231 -0.145006
v -0.213649 0.065094 -0.144627
v -0.225887 0.046126 -0.149307
v -0.215255 0.053735 -0.142207
v -0.205406 0.014132 -0.177094
v -0.213645 0.057165 -0.163230
v -0.220450 0.057225 -0.164914
v -0.218817 0.033632 -0.171252
v -0.220687 0.076599 -0.169410
v -0.208043 0.024977 -0.174411
v -0.216420 0.024559 -0.190007
v -0.214646 0.041068 -0.196164
v -0.213903 0.094695 -0.196840
v -0.221610 0.105461 -0.213161
v -0.210770 0.108193 -0.229749
v -0.212438 0.115757 -0.231476
v -0.209779 0.015568 -0.249134
v -0.209048 0.085215 -0.237884
v -0.220784 0.043095 -0.242366
v -0.221884 0.098717 -0.244810
v -0.204725 0.014985 -0.135361
v -0.213237 0.024929 -0.133821
v -0.195749 0.014174 -0.155952
v -0.198098 0.024764 -0.149068
v -0.213315 0.039480 -0.149878
v -0.207432 0.053812 -0.152309
v -0.210801 0.059522 -0.157499
v -0.206739 0.063396 -0.154124
v -0.208275 0.078133 -0.150789
v -0.204131 0.069103 -0.156507
v -0.214726 0.080614 -0.163794
v -0.211374 0.035848 -0.165154
v -0.209891 0.054786 -0.163989
v -0.210274 0.063241 -0.167406
v -0.211117 0.066840 -0.166299
v -0.205980 0.023450 -0.192298
v -0.211591 0.018792 -0.192985
v -0.197615 0.017041 -0.200617
v -0.201541 0.085134 -0.207967
v -0.205570 0.088445 -0.196208
v -0.207844 0.096992 -0.195658
v -0.206078 0.116463 -0.199848
v -0.211583 0.114289 -0.208798
v -0.209556 0.108649 -0.211138
v -0.207766 0.116021 -0.226132
v -0.206375 0.088972 -0.241256
v -0.204857 0.114523 -0.241243
v -0.208855 0.041618 -0.240029
v -0.207049 0.024156 -0.247517
v -0.206109 0.094627 -0.240863
v -0.211506 0.099039 -0.247008
v -0.207804 0.100365 -0.242132
v -0.207989 0.036941 -0.157605
v -0.202618 0.020972 -0.197274
v -0.190868 0.021462 -0.209321
v -0.202501 0.095911 -0.202233
v -0.199082 0.042155 -0.207100
v -0.197422 0.091913 -0.211781
v -0.196799 0.113519 -0.206642
v -0.206985 0.116160 -0.212749
v -0.195729 0.114926 -0.219134
v -0.197373 0.114212 -0.232997
v -0.200162 0.020446 -0.243007
v -0.200210 0.097260 -0.240351
v -0.199495 0.026334 -0.165901
v -0.188418 0.015462 -0.224965
v -0.188549 0.020921 -0.214721
v -0.188797 0.024059 -0.221087
v -0.196804 0.047076 -0.221102
v -0.193392 0.088909 -0.221759
v -0.193599 0.094898 -0.214897
v -0.200621 0.086146 -0.225661
v -0.193325 0.094015 -0.220602
v -0.198991 0.095579 -0.233121
v -0.195827 0.099807 -0.224339
v -0.199499 0.041172 -0.231244
v -0.195555 0.022483 -0.239230
v -0.179269 0.024823 -0.156934
v -0.178604 0.014673 -0.166223
v -0.174164 0.024931 -0.169612
v -0.176212 0.016509 -0.199562
v -0.183242 0.027612 -0.210396
v -0.181326 0.034096 -0.209880
v -0.184163 0.016476 -0.223870
v -0.182120 0.024107 -0.216719
v -0.180154 0.045523 -0.213679
v -0.175988 0.023292 -0.238686
v -0.184260 0.031615 -0.226169
v -0.180461 0.041073 -0.226578
v -0.177463 0.045155 -0.232309
v -0.178645 0.036763 -0.233140
v -0.170296 0.013491 -0.137902
v -0.171449 0.023882 -0.141137
v -0.165898 0.033015 -0.145554
v -0.177619 0.015807 -0.148547
v -0.159529 0.014540 -0.180879
v -0.172370 0.068520 -0.151319
v -0.163100 0.080252 -0.150339
v -0.171063 0.032302 -0.155717
v -0.170583 0.063593 -0.155486
v -0.166160 0.079118 -0.160752
v -0.167050 0.033641 -0.168812
v -0.162138 0.024240 -0.197009
v -0.172236 0.033444 -0.194610
v -0.158879 0.032571 -0.192212
v -0.169880 0.049197 -0.208352
v -0.168838 0.049334 -0.200185
v -0.162108 0.070123 -0.205425
v -0.174465 0.013783 -0.238377
v -0.171140 0.049914 -0.226218
v -0.172330 0.057473 -0.210472
v -0.168103 0.112504 -0.210912
v -0.170062 0.096018 -0.227933
v -0.159322 0.076715 -0.249638
v -0.173385 0.058895 -0.225826
v -0.158854 0.102967 -0.238256
v -0.155749 0.023650 -0.244021
v -0.169830 0.028498 -0.246778
v -0.157380 0.024705 -0.132979
v -0.159651 0.033701 -0.143141
v -0.160316 0.066685 -0.141859
v -0.162450 0.048126 -0.151598
v -0.162495 0.052505 -0.146507
v -0.163287 0.058213 -0.151583
v -0.163919 0.038270 -0.157956
v -0.169135 0.053515 -0.154168
v -0.166400 0.053576 -0.162476
v -0.158638 0.043640 -0.165261
v -0.164581 0.058297 -0.161209
v -0.162630 0.062924 -0.169313
v -0.166873 0.027257 -0.174467
v -0.166839 0.092309 -0.189001
v -0.161888 0.084069 -0.188413
v -0.157043 0.015325 -0.194742
v -0.167921 0.040187 -0.203375
v -0.155110 0.040599 -0.200312
v -0.166929 0.044921 -0.198808
v -0.166493 0.047080 -0.201077
v -0.156585 0.047019 -0.197949
v -0.161981 0.110901 -0.200492
v -0.148675 0.119434 -0.209235
v -0.163712 0.119537 -0.208459
v -0.165314 0.085806 -0.215602
v -0.157424 0.040988 -0.240259
v -0.157778 0.045638 -0.246068
v -0.160793 0.034955 -0.246620
v -0.150855 0.014860 -0.133240
v -0.151483 0.077772 -0.143928
v -0.155808 0.048749 -0.149390
v -0.153609 0.054305 -0.144364
v -0.153463 0.057854 -0.147478
v -0.147391 0.063817 -0.148439
v -0.154788 0.083595 -0.157729
v -0.155458 0.052187 -0.171609
v -0.159535 0.059606 -0.164740
v -0.150130 0.024764 -0.178823
v -0.159570 0.075650 -0.171869
v -0.156744 0.094573 -0.186508
v -0.148250 0.091126 -0.187131
v -0.150155 0.020127 -0.194169
v -0.154161 0.081692 -0.195022
v -0.160598 0.014831 -0.248170
v -0.154303 0.085468 -0.210761
v -0.143373 0.085270 -0.226127
v -0.154159 0.118957 -0.215962
v -0.154289 0.114987 -0.231364
v -0.153222 0.086568 -0.247268
v -0.136966 0.014112 -0.171792
v -0.133284 0.014191 -0.144398
v -0.146886 0.037649 -0.149247
v -0.147185 0.053000 -0.148917
v -0.148161 0.059173 -0.156607
v -0.144717 0.069776 -0.149698
v -0.145944 0.079370 -0.158514
v -0.143080 0.053569 -0.160490
v -0.144617 0.063995 -0.161447
v -0.143081 0.069064 -0.161479
v -0.145109 0.037781 -0.157264
v -0.150349 0.053016 -0.167008
v -0.149067 0.056168 -0.162465
v -0.151016 0.063825 -0.167700
v -0.145855 0.066427 -0.166513
v -0.140842 0.015567 -0.199702
v -0.150068 0.024410 -0.197414
v -0.141601 0.031809 -0.194523
v -0.144692 0.047109 -0.197755
v -0.150028 0.061963 -0.197801
v -0.145516 0.091141 -0.200789
v -0.137754 0.040259 -0.209314
v -0.140732 0.048212 -0.207052
v -0.144807 0.048993 -0.206486
v -0.140501 0.063839 -0.216925
v -0.142955 0.109588 -0.216092
v -0.141069 0.024856 -0.140671
v -0.135376 0.026748 -0.152102
v -0.127772 0.014722 -0.230589
v -0.132825 0.019862 -0.206911
v -0.134042 0.024452 -0.210586
v -0.127404 0.032159 -0.216870
v -0.134400 0.045384 -0.213506
v -0.135115 0.049219 -0.219886
v -0.139058 0.040704 -0.229582
v -0.141136 0.049216 -0.229316
v -0.142861 0.019674 -0.243640
v -0.132518 0.024626 -0.232726
v -0.142523 0.034648 -0.246009
v -0.143219 0.044974 -0.237662
v -0.154811 0.063226 -0.249185
v -0.136057 0.026356 -0.166778
v -0.134012 0.031225 -0.237799
v -0.136221 0.044970 -0.233661
v -0.122244 0.031967 -0.214948
v -0.122964 0.015433 -0.224506
v -0.116382 0.024783 -0.230446
v -0.115648 0.014102 -0.156367
v -0.115542 0.024964 -0.159088
v -0.109080 0.013891 -0.175701
v -0.108649 0.023816 -0.174260
v -0.110917 0.015012 -0.200579
v -0.118345 0.022712 -0.211758
v -0.114773 0.046195 -0.218699
v -0.097823 0.014762 -0.246693
v -0.107292 0.018132 -0.245480
v -0.115580 0.033727 -0.232134
v -0.103153 0.023681 -0.241357
v -0.107240 0.029664 -0.246091
v -0.114279 0.015538 -0.145168
v -0.095734 0.014447 -0.130837
v -0.110000 0.025657 -0.139889
v -0.107723 0.033703 -0.160604
v -0.105601 0.054001 -0.147303
v -0.105853 0.063725 -0.158182
v -0.105660 0.076273 -0.151977
v -0.107595 0.068368 -0.162852
v -0.101304 0.079034 -0.161787
v -0.092054 0.039463 -0.166059
v -0.100297 0.065806 -0.166486
v -0.109275 0.022495 -0.198425
v -0.104295 0.033875 -0.196363
v -0.111043 0.042754 -0.216962
v -0.110757 0.091690 -0.213593
v -0.101350 0.046454 -0.202667
v -0.110826 0.085133 -0.217805
v -0.099089 0.095480 -0.211074
v -0.104655 0.097693 -0.214191
v -0.108844 0.108444 -0.210203
v -0.099734 0.116827 -0.208528
v -0.101017 0.123911 -0.219489
v -0.105111 0.042094 -0.236790
v -0.099751 0.064911 -0.213717
v -0.104776 0.056172 -0.223698
v -0.106435 0.081326 -0.225178
v -0.107634 0.086997 -0.231089
v -0.112444 0.106770 -0.224861
v -0.106186 0.097401 -0.227841
v -0.110243 0.116097 -0.222360
v -0.105386 0.046818 -0.238940
v -0.101792 0.094406 -0.229527
v -0.103668 0.119786 -0.225938
v -0.091104 0.024521 -0.132098
v -0.104270 0.034052 -0.146764
v -0.089385 0.048012 -0.149414
v -0.099275 0.049062 -0.147565
v -0.102010 0.057824 -0.153113
v -0.104936 0.051303 -0.167086
v -0.102133 0.063883 -0.145202
v -0.095247 0.057790 -0.147510
v -0.095782 0.077311 -0.143079
v -0.102583 0.056468 -0.158613
v -0.094184 0.084397 -0.156357
v -0.100906 0.049175 -0.161146
v -0.100839 0.063089 -0.167361
v -0.090281 0.015453 -0.178246
v -0.093866 0.064080 -0.169118
v -0.092052 0.077816 -0.169985
v -0.094543 0.023974 -0.177623
v -0.087382 0.015097 -0.194037
v -0.098017 0.041949 -0.203251
v -0.093864 0.064561 -0.212456
v -0.101178 0.084121 -0.204808
v -0.097082 0.086222 -0.202328
v -0.095274 0.094881 -0.208471
v -0.097892 0.105397 -0.204582
v -0.100815 0.080993 -0.209556
v -0.104229 0.093676 -0.218599
v -0.096388 0.126794 -0.213670
v -0.103596 0.067958 -0.224932
v -0.096015 0.058183 -0.230812
v -0.093619 0.079526 -0.230093
v -0.094629 0.094014 -0.231958
v -0.089848 0.121865 -0.226861
v -0.095680 0.131748 -0.227957
v -0.100181 0.085728 -0.238007
v -0.099374 0.116301 -0.234348
v -0.089697 0.022162 -0.245573
v -0.089066 0.031013 -0.247268
v -0.091816 0.032426 -0.141796
v -0.076937 0.027978 -0.144339
v -0.087101 0.053380 -0.143797
v -0.089323 0.057269 -0.147965
v -0.088686 0.063362 -0.145640
v -0.084407 0.082012 -0.152418
v -0.089193 0.053514 -0.167116
v -0.097281 0.058759 -0.164214
v -0.087971 0.057007 -0.163431
v -0.085886 0.063155 -0.167122
v -0.077755 0.013357 -0.172512
v -0.088438 0.021198 -0.195088
v -0.086795 0.030135 -0.193469
v -0.086923 0.085226 -0.202807
v -0.089506 0.109431 -0.203589
v -0.090112 0.125976 -0.216511
v -0.087101 0.080892 -0.212241
v -0.083195 0.093721 -0.212904
v -0.077765 0.112953 -0.221963
v -0.083254 0.042035 -0.232995
v -0.085892 0.046190 -0.237034
v -0.084545 0.059979 -0.225737
v -0.088611 0.088442 -0.235428
v -0.097007 0.106810 -0.240319
v -0.086190 0.114461 -0.232683
v -0.079600 0.018213 -0.244025
v -0.073597 0.014596 -0.142501
v -0.085820 0.040373 -0.153888
v -0.080041 0.052989 -0.160861
v -0.080194 0.062488 -0.154829
v -0.086094 0.070768 -0.146007
v -0.090386 0.048695 -0.163947
v -0.083423 0.051104 -0.150937
v -0.085470 0.059024 -0.158801
v -0.086704 0.066403 -0.165726
v -0.082548 0.024656 -0.174569
v -0.070715 0.024492 -0.161745
v -0.074651 0.015321 -0.200546
v -0.070319 0.031294 -0.206440
v -0.085070 0.044706 -0.203594
v -0.086851 0.064374 -0.214598
v -0.079559 0.093673 -0.216312
v -0.081166 0.115408 -0.213077
v -0.070682 0.014998 -0.231980
v -0.076858 0.083566 -0.216880
v -0.081531 0.094448 -0.220495
v -0.078955 0.107395 -0.230630
v -0.078570 0.106934 -0.211523
v -0.083559 0.080576 -0.224196
v -0.080519 0.096796 -0.226889
v -0.087958 0.124427 -0.229072
v -0.083997 0.094937 -0.225998
v -0.083997 0.095007 -0.225998
v -0.085860 0.095100 -0.229038
v -0.071987 0.016314 -0.160847
v -0.076776 0.070203 -0.159676
v -0.078147 0.024104 -0.204496
v -0.069642 0.017737 -0.209933
v -0.076507 0.042995 -0.218870
v -0.069239 0.024604 -0.219786
v -0.077156 0.047256 -0.213319
v -0.075979 0.047898 -0.226737
v -0.077773 0.083810 -0.231513
v -0.079494 0.024284 -0.238972
v -0.068689 0.020322 -0.228920
v -0.074209 0.032189 -0.237636
v -0.067860 0.031151 -0.227584
v -0.060563 0.017541 -0.210117
v -0.056987 0.016637 -0.231731
v -0.060253 0.022991 -0.222348
v -0.056883 0.036513 -0.203463
v -0.063963 0.029512 -0.218140
v -0.056372 0.044211 -0.221624
v -0.057255 0.034543 -0.238041
v -0.054710 0.022847 -0.237010
v -0.053053 0.014648 -0.149708
v -0.045591 0.015718 -0.139074
v -0.053208 0.014476 -0.164424
v -0.053980 0.026417 -0.163258
v -0.038229 0.024373 -0.179274
v -0.054143 0.022497 -0.200201
v -0.046095 0.029577 -0.191479
v -0.056581 0.025621 -0.210057
v -0.049440 0.047742 -0.206063
v -0.050553 0.113489 -0.213984
v -0.049784 0.119233 -0.217425
v -0.047172 0.112613 -0.233221
v -0.043773 0.050866 -0.238542
v -0.037824 0.045634 -0.240971
v -0.031547 0.013063 -0.133960
v -0.048270 0.025275 -0.143010
v -0.046935 0.063992 -0.150993
v -0.039781 0.058114 -0.156151
v -0.041916 0.066401 -0.151537
v -0.043725 0.037203 -0.159843
v -0.041556 0.052548 -0.160389
v -0.040281 0.064163 -0.164207
v -0.042694 0.068864 -0.164032
v -0.037127 0.079850 -0.165041
v -0.033489 0.046825 -0.163107
v -0.038783 0.063137 -0.166503
v -0.034376 0.014719 -0.183459
v -0.040129 0.037477 -0.192411
v -0.037924 0.015324 -0.189065
v -0.036631 0.051477 -0.200986
v -0.037871 0.113591 -0.202743
v -0.038286 0.118559 -0.203703
v -0.038226 0.071483 -0.208399
v -0.042338 0.086004 -0.221059
v -0.044683 0.108908 -0.214629
v -0.045140 0.119634 -0.213222
v -0.044417 0.123583 -0.218381
v -0.039454 0.124133 -0.210884
v -0.034233 0.123914 -0.205448
v -0.046876 0.122243 -0.221699
v -0.038150 0.122795 -0.230853
v -0.044352 0.054389 -0.231055
v -0.043322 0.118359 -0.234185
v -0.042342 0.022803 -0.246907
v -0.040874 0.037126 -0.249382
v -0.039281 0.017812 -0.252894
v -0.035503 0.024571 -0.133585
v -0.035022 0.038748 -0.147961
v -0.033272 0.053474 -0.142267
v -0.045181 0.074118 -0.151570
v -0.035946 0.082072 -0.151104
v -0.042202 0.052771 -0.151021
v -0.035415 0.057101 -0.148127
v -0.030628 0.047778 -0.148192
v -0.031388 0.064153 -0.143357
v -0.027006 0.058989 -0.149431
v -0.028503 0.083479 -0.163644
v -0.034496 0.033542 -0.172586
v -0.036082 0.053451 -0.168469
v -0.033321 0.059066 -0.164419
v -0.024850 0.056838 -0.164498
v -0.027006 0.069209 -0.171598
v -0.039880 0.023557 -0.196410
v -0.026188 0.024746 -0.193198
v -0.022953 0.117483 -0.203878
v -0.037791 0.084130 -0.211312
v -0.033864 0.107879 -0.207406
v -0.037457 0.088936 -0.229504
v -0.035952 0.119231 -0.233145
v -0.035963 0.145199 -0.239467
v -0.030650 0.054521 -0.236930
v -0.030590 0.111514 -0.239326
v -0.019445 0.118516 -0.238112
v -0.023980 0.033566 -0.251698
v -0.018577 0.015282 -0.137999
v -0.016275 0.025176 -0.138735
v -0.027322 0.033933 -0.143039
v -0.033293 0.072196 -0.140207
v -0.023448 0.046907 -0.154796
v -0.022451 0.052153 -0.148811
v -0.020848 0.063941 -0.149039
v -0.018406 0.070227 -0.151095
v -0.023312 0.080757 -0.151164
v -0.010789 0.015455 -0.169961
v -0.024471 0.063399 -0.168079
v -0.020546 0.035049 -0.190554
v -0.022641 0.050035 -0.201454
v -0.027025 0.118780 -0.205036
v -0.028775 0.124040 -0.207540
v -0.012998 0.016028 -0.244189
v -0.025578 0.080732 -0.211510
v -0.020797 0.123612 -0.215536
v -0.025434 0.096033 -0.229694
v -0.029143 0.123352 -0.231686
v -0.017022 0.026578 -0.245104
v -0.017281 0.033780 -0.152005
v -0.018805 0.053225 -0.157593
v -0.017010 0.063406 -0.153458
v -0.023152 0.053017 -0.166479
v -0.022403 0.057874 -0.159031
v -0.020959 0.065115 -0.163374
v -0.018107 0.072085 -0.163886
v -0.022476 0.038144 -0.162288
v -0.017642 0.024671 -0.174316
v -0.008017 0.017898 -0.199143
v -0.017878 0.058579 -0.211043
v -0.011666 0.051382 -0.213384
v -0.020394 0.113706 -0.203433
v -0.014967 0.117725 -0.215492
v -0.021949 0.071413 -0.227285
v -0.020205 0.106980 -0.211764
v -0.012683 0.112776 -0.219789
v -0.018737 0.108651 -0.227370
v -0.017540 0.119083 -0.222667
v -0.021909 0.080610 -0.221006
v -0.017446 0.119496 -0.229206
v -0.026090 0.138651 -0.235147
v -0.021283 0.123707 -0.225499
v -0.026875 0.041834 -0.243272
v -0.022477 0.050836 -0.240224
v -0.009181 0.014625 -0.150209
v -0.008034 0.024235 -0.157110
v -0.009266 0.033098 -0.197404
v -0.005551 0.024600 -0.210834
v -0.000921 0.017451 -0.218222
v -0.013444 0.046655 -0.230563
v -0.013178 0.053486 -0.226261
v -0.002147 0.036611 -0.214270
v -0.001583 0.029511 -0.218621
v -0.005622 0.024766 -0.232555
v -0.006287 0.037245 -0.236991
v -0.008619 0.030820 -0.238682
v -0.099585 0.141318 -0.216865
v -0.102755 0.134157 -0.219416
v -0.098716 0.140816 -0.230705
v -0.094410 0.137742 -0.212509
v -0.087126 0.137462 -0.216728
v -0.089417 0.128088 -0.223222
v -0.086603 0.138795 -0.224755
v -0.091909 0.142565 -0.219090
v -0.049736 0.145253 -0.214167
v -0.051159 0.144833 -0.225045
v -0.040089 0.147403 -0.203373
v -0.036178 0.149198 -0.214868
v -0.039564 0.149857 -0.222291
v -0.041139 0.166668 -0.218456
v -0.040191 0.154393 -0.223632
v -0.032890 0.148206 -0.232363
v -0.029058 0.148045 -0.213671
v -0.026672 0.147386 -0.200362
v -0.035418 0.152771 -0.214160
v -0.038165 0.170452 -0.216729
v -0.028643 0.155594 -0.216630
v -0.037915 0.153252 -0.227088
v -0.039760 0.153126 -0.217377
v -0.039881 0.169031 -0.222121
v -0.035059 0.148739 -0.226222
v -0.026621 0.153934 -0.212998
v -0.024474 0.147996 -0.217776
v -0.024066 0.153716 -0.218566
v -0.024022 0.152254 -0.222585
v -0.023829 0.169030 -0.217814
v -0.025125 0.169017 -0.222230
v -0.028013 0.154811 -0.223951
v -0.026028 0.148054 -0.226024
v -0.016600 0.144089 -0.209865
v -0.012741 0.148248 -0.223677
v -0.023023 0.165480 -0.222270
v -0.016790 0.145074 -0.231372
v 0.001762 0.016875 0.218968
v 0.000700 0.021612 0.225771
v 0.000431 0.032470 0.223417
v 0.004775 0.024995 0.207068
v 0.006672 0.026429 0.216632
v 0.008752 0.034211 0.200521
v 0.006423 0.015998 0.157330
v 0.012635 0.026276 0.242190
v 0.028461 0.018172 0.249646
v 0.012455 0.033205 0.241747
v 0.009654 0.016876 0.238844
v 0.022219 0.045168 0.237403
v 0.009232 0.117203 0.219261
v 0.009897 0.050108 0.214353
v 0.014239 0.111695 0.223290
v 0.014830 0.118507 0.219639
v 0.016830 0.111086 0.208241
v 0.014684 0.137444 0.204379
v 0.015408 0.017252 0.191417
v 0.027767 0.026261 0.195842
v 0.016120 0.014369 0.174423
v 0.014023 0.014417 0.141178
v 0.015095 0.064023 0.163898
v 0.010212 0.025211 0.156638
v 0.013296 0.025113 0.145674
v 0.017241 0.033534 0.150374
v 0.021335 0.026326 0.242016
v 0.026828 0.034329 0.248573
v 0.024954 0.050459 0.241124
v 0.011983 0.050282 0.228298
v 0.028435 0.111019 0.231931
v 0.018899 0.121597 0.232841
v 0.024713 0.137684 0.238893
v 0.018212 0.056476 0.223557
v 0.024936 0.086528 0.229931
v 0.018877 0.110539 0.223117
v 0.022616 0.111469 0.236600
v 0.018916 0.119055 0.225897
v 0.033212 0.118627 0.235486
v 0.018427 0.052411 0.203162
v 0.021314 0.089841 0.217088
v 0.023084 0.069018 0.211965
v 0.024375 0.111258 0.205301
v 0.023574 0.109769 0.211255
v 0.027035 0.118859 0.207923
v 0.024802 0.116999 0.203873
v 0.018943 0.122230 0.207585
v 0.019100 0.033280 0.192928
v 0.037996 0.014906 0.179725
v 0.015123 0.026525 0.171922
v 0.026782 0.022531 0.177827
v 0.018762 0.033482 0.165850
v 0.019510 0.053641 0.165489
v 0.023304 0.057105 0.154634
v 0.023622 0.058482 0.161594
v 0.021263 0.066474 0.163686
v 0.019641 0.072342 0.165737
v 0.018922 0.065338 0.153419
v 0.022560 0.080067 0.158995
v 0.019940 0.051465 0.154776
v 0.023029 0.052602 0.145961
v 0.022418 0.063595 0.148012
v 0.021693 0.078275 0.148956
v 0.025603 0.058008 0.149046
v 0.026137 0.072313 0.143325
v 0.030200 0.014081 0.132247
v 0.021636 0.025024 0.137416
v 0.039087 0.046216 0.237385
v 0.024859 0.055701 0.230667
v 0.035176 0.055976 0.232453
v 0.026159 0.117204 0.237530
v 0.032681 0.083010 0.209281
v 0.023674 0.047406 0.199295
v 0.032644 0.055850 0.203863
v 0.035292 0.118611 0.204800
v 0.032470 0.079315 0.168067
v 0.028070 0.047513 0.164251
v 0.036379 0.052695 0.168571
v 0.029220 0.056692 0.164810
v 0.031885 0.064250 0.168281
v 0.031164 0.083780 0.157044
v 0.031186 0.039411 0.145970
v 0.029351 0.048928 0.148015
v 0.029076 0.065065 0.145021
v 0.038633 0.031544 0.141588
v 0.045242 0.016819 0.248223
v 0.040099 0.026206 0.242277
v 0.046063 0.050504 0.235659
v 0.037114 0.111734 0.235667
v 0.049931 0.111222 0.221485
v 0.037648 0.073460 0.227332
v 0.045550 0.056639 0.220712
v 0.039989 0.089015 0.216335
v 0.040543 0.110853 0.226279
v 0.035168 0.109792 0.208547
v 0.040278 0.118718 0.211731
v 0.038636 0.045833 0.202358
v 0.036648 0.137241 0.200542
v 0.044770 0.033045 0.191578
v 0.036762 0.050554 0.198445
v 0.037128 0.026163 0.177355
v 0.049052 0.023434 0.169657
v 0.033567 0.035419 0.169410
v 0.036380 0.063399 0.168580
v 0.037137 0.073059 0.167969
v 0.036819 0.047520 0.161813
v 0.045725 0.033501 0.152499
v 0.045747 0.052865 0.153852
v 0.036509 0.058130 0.162773
v 0.043322 0.065252 0.160111
v 0.042040 0.077900 0.157239
v 0.038357 0.041855 0.153383
v 0.039394 0.050423 0.152467
v 0.040773 0.057303 0.156271
v 0.037397 0.078635 0.145827
v 0.035573 0.053354 0.145348
v 0.032158 0.057689 0.147654
v 0.034863 0.063258 0.143431
v 0.039001 0.064553 0.146456
v 0.037291 0.024893 0.133818
v 0.038207 0.016740 0.191854
v 0.047098 0.032738 0.247567
v 0.047580 0.046956 0.228880
v 0.046891 0.118611 0.229637
v 0.052298 0.050579 0.214456
v 0.046266 0.119817 0.226243
v 0.042345 0.110911 0.218591
v 0.043959 0.117052 0.206417
v 0.043787 0.121598 0.212906
v 0.043660 0.046072 0.206197
v 0.036960 0.109885 0.202403
v 0.047293 0.134654 0.210116
v 0.042257 0.021215 0.192353
v 0.045388 0.026359 0.200456
v 0.054406 0.014696 0.162786
v 0.044260 0.032176 0.163996
v 0.046339 0.070640 0.159860
v 0.045358 0.063116 0.155433
v 0.058471 0.026440 0.223782
v 0.058245 0.021631 0.230966
v 0.060308 0.018083 0.225526
v 0.049282 0.045168 0.219068
v 0.052984 0.016575 0.203798
v 0.053862 0.027442 0.151115
v 0.051310 0.014327 0.141538
v 0.058087 0.022117 0.210971
v 0.059588 0.033624 0.223532
v 0.063228 0.030186 0.208524
v 0.058268 0.034191 0.210016
v 0.080808 0.014936 0.246623
v 0.065052 0.031081 0.231119
v 0.067288 0.024537 0.229608
v 0.067350 0.024647 0.209790
v 0.063694 0.015542 0.226396
v 0.063785 0.020040 0.210794
v 0.071593 0.014570 0.196590
v 0.081797 0.030320 0.192345
v 0.068515 0.015048 0.156608
v 0.075678 0.024955 0.145611
v 0.075235 0.031739 0.242194
v 0.076007 0.019852 0.242831
v 0.072654 0.043080 0.224754
v 0.076021 0.051902 0.225228
v 0.073696 0.085307 0.229790
v 0.072730 0.109072 0.225322
v 0.078453 0.097928 0.228123
v 0.083228 0.131781 0.222890
v 0.070959 0.046194 0.219222
v 0.081657 0.067221 0.221717
v 0.071113 0.084026 0.217474
v 0.078548 0.094299 0.214296
v 0.071759 0.106896 0.218659
v 0.073674 0.114454 0.218149
v 0.076657 0.042877 0.206808
v 0.079977 0.083626 0.202615
v 0.078587 0.088437 0.206239
v 0.075984 0.091334 0.215823
v 0.079372 0.097489 0.210665
v 0.078826 0.111193 0.206983
v 0.081240 0.103848 0.205081
v 0.089199 0.022464 0.192363
v 0.077555 0.012783 0.172944
v 0.071359 0.024801 0.162914
v 0.078807 0.013875 0.137019
v 0.095054 0.021038 0.245075
v 0.090296 0.031876 0.247603
v 0.085920 0.041701 0.236574
v 0.081711 0.045818 0.238394
v 0.089097 0.090365 0.236039
v 0.091322 0.084632 0.236511
v 0.079369 0.092771 0.229171
v 0.084198 0.105651 0.237114
v 0.082956 0.115326 0.231840
v 0.085466 0.062422 0.226638
v 0.083194 0.081000 0.226329
v 0.081947 0.094665 0.229516
v 0.080068 0.080298 0.217486
v 0.085576 0.127910 0.215940
v 0.086856 0.080620 0.210340
v 0.092776 0.094292 0.207458
v 0.084284 0.121428 0.212495
v 0.080659 0.047290 0.202068
v 0.096275 0.042691 0.201017
v 0.090046 0.111509 0.202851
v 0.089854 0.015579 0.178014
v 0.086685 0.024722 0.177131
v 0.078647 0.032928 0.164733
v 0.086266 0.047219 0.158119
v 0.085889 0.058661 0.161134
v 0.082017 0.053720 0.164296
v 0.081979 0.073290 0.159850
v 0.086742 0.065170 0.167420
v 0.083194 0.066654 0.159640
v 0.083180 0.036135 0.149417
v 0.081846 0.052813 0.148232
v 0.086562 0.049947 0.151146
v 0.079767 0.063245 0.156334
v 0.083779 0.056084 0.157262
v 0.086854 0.058170 0.150994
v 0.082649 0.064246 0.151594
v 0.085350 0.083212 0.157139
v 0.086583 0.060938 0.147950
v 0.080833 0.067721 0.149853
v 0.090736 0.066053 0.144336
v 0.090170 0.079334 0.146789
v 0.108985 0.014841 0.238649
v 0.114072 0.015694 0.209054
v 0.097483 0.046098 0.235908
v 0.091770 0.059143 0.228396
v 0.102435 0.085219 0.231426
v 0.094245 0.096079 0.232526
v 0.089219 0.127468 0.226662
v 0.098670 0.059491 0.222716
v 0.092302 0.079462 0.229106
v 0.099222 0.080293 0.221916
v 0.094329 0.094249 0.228292
v 0.097141 0.118910 0.210133
v 0.082409 0.061498 0.212700
v 0.095667 0.062314 0.210460
v 0.100335 0.084458 0.202853
v 0.105634 0.014765 0.177299
v 0.090089 0.035195 0.168536
v 0.095383 0.031782 0.170849
v 0.094687 0.054393 0.169658
v 0.093238 0.076950 0.169150
v 0.094523 0.048923 0.165690
v 0.095717 0.057995 0.165259
v 0.098492 0.083926 0.160231
v 0.097470 0.053354 0.142340
v 0.092112 0.063424 0.140716
v 0.087732 0.026126 0.134171
v 0.095567 0.040969 0.147590
v 0.104081 0.030887 0.241411
v 0.104218 0.024196 0.236793
v 0.105049 0.040853 0.227515
v 0.098400 0.112474 0.234516
v 0.106715 0.046284 0.226826
v 0.101264 0.095073 0.223528
v 0.097614 0.098425 0.230849
v 0.100543 0.099071 0.216141
v 0.097513 0.123810 0.221381
v 0.096428 0.079813 0.212504
v 0.104263 0.096058 0.218091
v 0.100956 0.093698 0.213506
v 0.097960 0.119355 0.215010
v 0.105748 0.112302 0.218997
v 0.103487 0.090769 0.211043
v 0.098229 0.103091 0.206840
v 0.104978 0.108529 0.213604
v 0.098175 0.114552 0.208048
v 0.095284 0.014931 0.195079
v 0.108909 0.025399 0.175268
v 0.103608 0.033239 0.165259
v 0.101258 0.048705 0.158560
v 0.101837 0.061345 0.166068
v 0.106062 0.062972 0.165192
v 0.103259 0.065541 0.165540
v 0.104891 0.071472 0.165746
v 0.102770 0.059149 0.157280
v 0.100887 0.057494 0.150488
v 0.103643 0.080514 0.152846
v 0.099789 0.048872 0.152640
v 0.096194 0.058033 0.146443
v 0.104889 0.064077 0.150424
v 0.095499 0.072990 0.140282
v 0.098155 0.065045 0.145322
v 0.103129 0.014384 0.133437
v 0.110159 0.024796 0.139708
v 0.114530 0.018556 0.233867
v 0.114649 0.024594 0.220822
v 0.113199 0.030322 0.230078
v 0.104301 0.043622 0.207884
v 0.107298 0.046669 0.212046
v 0.108042 0.083747 0.217687
v 0.106295 0.106714 0.225175
v 0.102377 0.024248 0.197821
v 0.108021 0.018655 0.199291
v 0.104712 0.032841 0.195868
v 0.115722 0.015154 0.162489
v 0.115007 0.013898 0.148536
v 0.109729 0.033147 0.153115
v 0.109794 0.053283 0.158597
v 0.106527 0.070206 0.151417
v 0.116311 0.025199 0.151892
v 0.117030 0.031804 0.213968
v 0.010771 0.135371 0.227456
v 0.013238 0.133102 0.226146
v 0.008058 0.145212 0.226981
v 0.016938 0.145765 0.206256
v 0.024077 0.145661 0.242239
v 0.012903 0.145997 0.225320
v 0.022558 0.139144 0.223258
v 0.025191 0.139498 0.214783
v 0.020915 0.150332 0.215721
v 0.022413 0.139495 0.211860
v 0.012985 0.145364 0.202435
v 0.031497 0.135628 0.239621
v 0.034259 0.142471 0.239698
v 0.025251 0.146176 0.238215
v 0.026649 0.140583 0.227283
v 0.024632 0.145730 0.227136
v 0.033636 0.141155 0.228873
v 0.026176 0.155313 0.223192
v 0.031952 0.146823 0.209119
v 0.032765 0.140919 0.211721
v 0.029953 0.154687 0.215916
v 0.027419 0.142599 0.199216
v 0.039123 0.139967 0.228712
v 0.043499 0.145779 0.233607
v 0.036129 0.149379 0.229498
v 0.040028 0.145980 0.219137
v 0.040558 0.140992 0.220708
v 0.035900 0.155004 0.219578
v 0.039473 0.141134 0.213093
v 0.038397 0.142072 0.210095
v 0.040325 0.146496 0.216075
v 0.037264 0.145577 0.197401
v 0.045633 0.137616 0.233393
v 0.048910 0.145423 0.237108
v 0.036723 0.146133 0.203501
v 0.051564 0.137237 0.210613
v 0.050816 0.136457 0.228105
v 0.050066 0.137413 0.220576
v 0.053322 0.145205 0.212961
v 0.084571 0.140724 0.224865
v 0.081883 0.138018 0.216868
v 0.093111 0.138831 0.228771
v 0.092638 0.129617 0.214002
v 0.088802 0.142493 0.218119
v 0.089265 0.139116 0.209146
v 0.096938 0.139872 0.217951
v 0.130692 0.015323 0.214184
v 0.129101 0.033731 0.223594
v 0.133674 0.022790 0.211458
v 0.138815 0.040495 0.208989
v 0.135428 0.031699 0.204482
v 0.131971 0.013926 0.157737
v 0.134884 0.024686 0.148832
v 0.140402 0.014745 0.242835
v 0.141311 0.031096 0.245211
v 0.141409 0.040085 0.229102
v 0.136407 0.025036 0.230355
v 0.138138 0.044976 0.233762
v 0.156546 0.047558 0.244007
v 0.136591 0.049338 0.220216
v 0.140144 0.049158 0.212094
v 0.136193 0.045391 0.213449
v 0.143766 0.015522 0.199329
v 0.146701 0.027240 0.195274
v 0.146063 0.045355 0.199883
v 0.141567 0.014596 0.174857
v 0.146541 0.024270 0.175427
v 0.136736 0.025806 0.164562
v 0.151033 0.047744 0.160510
v 0.147785 0.037583 0.156644
v 0.142352 0.033632 0.149063
v 0.140858 0.013950 0.137617
v 0.144941 0.025428 0.138086
v 0.163012 0.015517 0.245009
v 0.152453 0.021331 0.246657
v 0.168721 0.031351 0.247667
v 0.153815 0.039313 0.244177
v 0.148614 0.049283 0.232035
v 0.144457 0.061998 0.232006
v 0.154959 0.086686 0.246807
v 0.145684 0.077924 0.229642
v 0.145790 0.103748 0.210783
v 0.149492 0.083149 0.218212
v 0.147785 0.089636 0.198892
v 0.157359 0.048286 0.198114
v 0.162713 0.040413 0.197025
v 0.150561 0.058213 0.197411
v 0.150438 0.119528 0.209052
v 0.146176 0.020737 0.195733
v 0.150079 0.090929 0.186702
v 0.152208 0.069795 0.171271
v 0.152205 0.064578 0.167185
v 0.148534 0.079442 0.164005
v 0.142704 0.053475 0.151826
v 0.144981 0.052068 0.162801
v 0.142778 0.063642 0.154544
v 0.149193 0.056957 0.162912
v 0.148458 0.062910 0.165890
v 0.143450 0.070354 0.162366
v 0.144117 0.065113 0.156866
v 0.143933 0.076474 0.152535
v 0.148796 0.058667 0.150718
v 0.152005 0.038860 0.147850
v 0.150808 0.064724 0.143980
v 0.156704 0.063767 0.248852
v 0.173876 0.041108 0.237748
v 0.159295 0.047370 0.246748
v 0.160663 0.102872 0.237959
v 0.147874 0.102826 0.224973
v 0.156087 0.114858 0.231016
v 0.156071 0.118974 0.215590
v 0.165442 0.119428 0.208447
v 0.157506 0.083195 0.211779
v 0.154181 0.084149 0.194086
v 0.150268 0.035963 0.193766
v 0.158569 0.094572 0.186168
v 0.163038 0.014101 0.179298
v 0.155137 0.035536 0.170946
v 0.162354 0.064979 0.167647
v 0.163078 0.079128 0.163817
v 0.154291 0.051950 0.167363
v 0.156100 0.058122 0.164979
v 0.152561 0.084693 0.154693
v 0.158404 0.038004 0.147980
v 0.153110 0.052667 0.144328
v 0.163566 0.057826 0.149235
v 0.155168 0.063503 0.140271
v 0.155293 0.066700 0.144498
v 0.162402 0.081565 0.149574
v 0.156136 0.074684 0.142166
v 0.160735 0.077249 0.249074
v 0.182488 0.015901 0.231756
v 0.175089 0.021909 0.242278
v 0.161951 0.046962 0.242222
v 0.167473 0.088109 0.236536
v 0.173535 0.064672 0.228472
v 0.169943 0.112546 0.210547
v 0.165878 0.085288 0.202569
v 0.163062 0.051012 0.198345
v 0.165675 0.086840 0.215824
v 0.161418 0.015353 0.194044
v 0.168750 0.024472 0.197102
v 0.164209 0.028736 0.193225
v 0.163977 0.112010 0.201250
v 0.163722 0.084486 0.188238
v 0.162349 0.024705 0.178752
v 0.178452 0.024141 0.163578
v 0.163093 0.039032 0.162784
v 0.164146 0.051950 0.168239
v 0.165667 0.048879 0.148839
v 0.163655 0.057879 0.160659
v 0.167346 0.053641 0.160728
v 0.163696 0.063089 0.168901
v 0.167110 0.064669 0.158834
v 0.168766 0.063463 0.152755
v 0.169740 0.072378 0.160294
v 0.159064 0.013993 0.133446
v 0.166203 0.037018 0.153882
v 0.165748 0.064632 0.149904
v 0.166753 0.069265 0.148080
v 0.169315 0.029436 0.139776
v 0.155993 0.024119 0.134600
v 0.185564 0.031564 0.232314
v 0.170037 0.045059 0.240813
v 0.171988 0.050685 0.226304
v 0.174758 0.049879 0.231683
v 0.171393 0.049064 0.210162
v 0.170894 0.095746 0.221834
v 0.174439 0.057477 0.211663
v 0.168543 0.092342 0.188657
v 0.172626 0.045261 0.197795
v 0.167704 0.058788 0.197800
v 0.172376 0.019265 0.194800
v 0.169852 0.025016 0.199148
v 0.169852 0.024883 0.198689
v 0.170319 0.024949 0.198919
v 0.175878 0.013834 0.169503
v 0.175945 0.024977 0.146703
v 0.180540 0.024124 0.228666
v 0.182501 0.046327 0.224385
v 0.185107 0.020044 0.213265
v 0.179112 0.039928 0.213406
v 0.183240 0.015553 0.209762
v 0.178379 0.032838 0.197237
v 0.178935 0.014909 0.142317
v 0.189182 0.025196 0.221731
v 0.186963 0.032345 0.215364
v 0.196430 0.024395 0.198630
v 0.190748 0.021717 0.229120
v 0.196250 0.018039 0.235450
v 0.205116 0.025443 0.245021
v 0.194838 0.029742 0.232386
v 0.201848 0.042105 0.232272
v 0.197885 0.098892 0.235004
v 0.198410 0.114899 0.231863
v 0.198668 0.094148 0.229573
v 0.192571 0.017130 0.217523
v 0.194712 0.089958 0.221499
v 0.196904 0.096328 0.219643
v 0.198593 0.092891 0.211852
v 0.198179 0.117183 0.206245
v 0.198400 0.017034 0.200836
v 0.206326 0.043892 0.201546
v 0.197288 0.043208 0.218536
v 0.195003 0.098392 0.208798
v 0.206221 0.089444 0.197104
v 0.206595 0.115520 0.198295
v 0.202900 0.097209 0.203277
v 0.196218 0.015489 0.159323
v 0.202431 0.015434 0.171679
v 0.197182 0.023554 0.145046
v 0.200132 0.013770 0.143757
v 0.213934 0.017113 0.247927
v 0.222705 0.042044 0.242110
v 0.210376 0.045691 0.239073
v 0.208253 0.090007 0.241560
v 0.205243 0.095635 0.238043
v 0.201604 0.109969 0.234297
v 0.206923 0.115948 0.240352
v 0.201710 0.086449 0.228859
v 0.211263 0.109445 0.228728
v 0.208274 0.116484 0.226299
v 0.202189 0.086157 0.210079
v 0.215518 0.085896 0.201381
v 0.209031 0.024134 0.175526
v 0.199285 0.025515 0.164647
v 0.210429 0.037513 0.156673
v 0.205120 0.033598 0.149843
v 0.204791 0.070124 0.161640
v 0.205940 0.053047 0.151280
v 0.210987 0.057883 0.152387
v 0.208690 0.063313 0.150299
v 0.209829 0.066396 0.146224
v 0.215804 0.052763 0.144305
v 0.211054 0.014923 0.135174
v 0.208143 0.026986 0.138409
v 0.213935 0.021418 0.249496
v 0.219727 0.096955 0.246027
v 0.219880 0.116879 0.242456
v 0.212889 0.085970 0.237498
v 0.213446 0.115421 0.230766
v 0.211365 0.109668 0.210160
v 0.208217 0.115893 0.213558
v 0.213699 0.116299 0.208142
v 0.217870 0.017828 0.191012
v 0.218593 0.022325 0.191755
v 0.215121 0.025077 0.189356
v 0.215147 0.094570 0.195100
v 0.215543 0.013988 0.178980
v 0.226367 0.024384 0.178443
v 0.215703 0.034959 0.169448
v 0.212025 0.063358 0.167220
v 0.213564 0.047774 0.160404
v 0.207695 0.052087 0.162864
v 0.214683 0.059326 0.163548
v 0.209743 0.056284 0.157359
v 0.212804 0.083253 0.164811
v 0.210119 0.079421 0.150604
v 0.214976 0.039137 0.148208
v 0.210162 0.063257 0.143517
v 0.219680 0.061321 0.144159
v 0.225879 0.013189 0.134912
v 0.218025 0.024443 0.134844
v 0.221618 0.025283 0.249268
v 0.225099 0.097521 0.244052
v 0.227163 0.115577 0.231242
v 0.228949 0.108651 0.228435
v 0.229138 0.109432 0.210026
v 0.226625 0.115420 0.208062
v 0.230353 0.046134 0.200490
v 0.221979 0.042217 0.196535
v 0.231750 0.090001 0.197673
v 0.225732 0.094051 0.195766
v 0.220091 0.093826 0.191285
v 0.222586 0.100961 0.193659
v 0.233065 0.116681 0.196572
v 0.225458 0.033957 0.168206
v 0.218291 0.062942 0.169303
v 0.224472 0.047051 0.164351
v 0.216824 0.052001 0.167354
v 0.221480 0.058215 0.164896
v 0.231778 0.053089 0.167181
v 0.223036 0.073262 0.168934
v 0.226711 0.082153 0.158658
v 0.223666 0.082687 0.150470
v 0.220852 0.038100 0.147936
v 0.219528 0.057852 0.147907
v 0.226948 0.064064 0.146470
v 0.218286 0.075431 0.142114
v 0.243438 0.017386 0.241393
v 0.236084 0.022990 0.242815
v 0.233294 0.089710 0.242153
v 0.226782 0.100566 0.243801
v 0.239147 0.094807 0.236281
v 0.226229 0.085930 0.237907
v 0.230530 0.117231 0.226777
v 0.230900 0.116943 0.213550
v 0.238174 0.016820 0.196918
v 0.233015 0.024921 0.192082
v 0.234861 0.014635 0.173666
v 0.240349 0.025637 0.162620
v 0.228744 0.037191 0.153732
v 0.228115 0.048952 0.148864
v 0.227857 0.057905 0.162280
v 0.226057 0.064361 0.165560
v 0.231859 0.064131 0.161189
v 0.228457 0.056141 0.153817
v 0.232005 0.029323 0.139461
v 0.227101 0.058082 0.149706
v 0.229480 0.069421 0.148262
v 0.234546 0.014988 0.139796
v 0.237029 0.025147 0.243805
v 0.239235 0.042379 0.231605
v 0.237083 0.096048 0.237326
v 0.237163 0.095808 0.236834
v 0.243811 0.096120 0.229070
v 0.237003 0.096289 0.236834
v 0.232273 0.115912 0.239968
v 0.241128 0.114312 0.232994
v 0.237482 0.086326 0.229414
v 0.245197 0.089135 0.218022
v 0.238409 0.086109 0.214985
v 0.230224 0.086502 0.201839
v 0.240171 0.094776 0.206842
v 0.234425 0.110241 0.199563
v 0.233746 0.098318 0.197037
v 0.242836 0.014666 0.155294
v 0.235050 0.063525 0.159063
v 0.233668 0.072979 0.159979
v 0.246335 0.025282 0.233297
v 0.242501 0.098247 0.235007
v 0.242887 0.115844 0.220460
v 0.247219 0.017044 0.214957
v 0.250090 0.021733 0.224443
v 0.249710 0.025793 0.217820
v 0.241801 0.044684 0.218393
v 0.244303 0.101665 0.212725
v 0.247206 0.100712 0.215005
v 0.240301 0.021770 0.197114
v 0.244194 0.025063 0.202350
v 0.239139 0.043019 0.210061
v 0.241221 0.115087 0.206493
v 0.238639 0.024885 0.147169
v 0.015202 0.014359 -0.014499
v 0.015992 0.024082 -0.012184
v 0.010300 0.026009 -0.029612
v 0.009221 0.015580 -0.025997
v 0.009966 0.015233 -0.043227
v 0.018778 0.034192 -0.026391
v 0.013405 0.025779 -0.042770
v 0.040837 0.015335 -0.005300
v 0.028626 0.024547 -0.009021
v 0.024796 0.032925 -0.019413
v 0.020437 0.053516 -0.022623
v 0.024979 0.079667 -0.023040
v 0.024567 0.058715 -0.037363
v 0.018193 0.064225 -0.030024
v 0.017029 0.066060 -0.027525
v 0.020969 0.036137 -0.037025
v 0.027907 0.053575 -0.043991
v 0.019071 0.051933 -0.034444
v 0.021138 0.065651 -0.038079
v 0.020734 0.077630 -0.034415
v 0.024350 0.063859 -0.043781
v 0.025884 0.014185 -0.054068
v 0.024459 0.024995 -0.053403
v 0.031435 0.047931 -0.023230
v 0.029466 0.053454 -0.018746
v 0.034609 0.057699 -0.023514
v 0.025403 0.064169 -0.020026
v 0.024277 0.059253 -0.024196
v 0.026111 0.070980 -0.017497
v 0.034290 0.048333 -0.038380
v 0.039425 0.057284 -0.037980
v 0.030499 0.084512 -0.038050
v 0.032450 0.063500 -0.043074
v 0.025797 0.075334 -0.043407
v 0.035945 0.033682 -0.015591
v 0.041476 0.036680 -0.027971
v 0.042727 0.053209 -0.022984
v 0.035814 0.062895 -0.018081
v 0.036176 0.066180 -0.020290
v 0.043180 0.063441 -0.028584
v 0.037368 0.080533 -0.022644
v 0.039577 0.046832 -0.030268
v 0.038873 0.058897 -0.028368
v 0.039555 0.029223 -0.048089
v 0.038869 0.064437 -0.041677
v 0.056151 0.015047 -0.029772
v 0.041685 0.024363 -0.011820
v 0.041288 0.053438 -0.039172
v 0.046091 0.068335 -0.028252
v 0.040853 0.080827 -0.035439
v 0.041232 0.065828 -0.035228
v 0.038808 0.070147 -0.042362
v 0.050806 0.025370 -0.039031
v 0.052189 0.023580 -0.023745
v 0.044946 0.015764 -0.052520
v 0.078043 0.024888 -0.077654
v 0.071235 0.015030 -0.104563
v 0.072800 0.014885 -0.082834
v 0.072567 0.025991 -0.092548
v 0.076459 0.063200 -0.096100
v 0.085194 0.037457 -0.097672
v 0.076648 0.025077 -0.109990
v 0.086887 0.015545 -0.072336
v 0.093988 0.024881 -0.073051
v 0.086081 0.052081 -0.085113
v 0.089890 0.055262 -0.081714
v 0.081325 0.076408 -0.090554
v 0.088504 0.073632 -0.081085
v 0.086572 0.041000 -0.091299
v 0.081992 0.053445 -0.092419
v 0.083193 0.053512 -0.102390
v 0.083353 0.056248 -0.094198
v 0.087113 0.064332 -0.082120
v 0.089947 0.063896 -0.081503
v 0.081097 0.066232 -0.092948
v 0.092063 0.085387 -0.098428
v 0.091939 0.014438 -0.118714
v 0.087650 0.036040 -0.104595
v 0.088735 0.048102 -0.098832
v 0.088188 0.058747 -0.100530
v 0.083508 0.064148 -0.101456
v 0.084850 0.074878 -0.103533
v 0.093668 0.063652 -0.079017
v 0.095311 0.033942 -0.079875
v 0.093233 0.043989 -0.087071
v 0.097876 0.051185 -0.084304
v 0.100772 0.047811 -0.090591
v 0.090099 0.059143 -0.085286
v 0.101136 0.070280 -0.083525
v 0.096178 0.081230 -0.085078
v 0.089526 0.063808 -0.104819
v 0.091232 0.053480 -0.105366
v 0.098191 0.063412 -0.110128
v 0.092963 0.071245 -0.108001
v 0.097997 0.027644 -0.115508
v 0.101508 0.015625 -0.072961
v 0.110156 0.026008 -0.078195
v 0.102765 0.036637 -0.089805
v 0.099835 0.056366 -0.086183
v 0.106900 0.063216 -0.090990
v 0.098702 0.065626 -0.084461
v 0.104943 0.065696 -0.090124
v 0.100125 0.048904 -0.097633
v 0.102594 0.058983 -0.093348
v 0.106983 0.053515 -0.093333
v 0.098816 0.057182 -0.101745
v 0.103479 0.063168 -0.101792
v 0.101354 0.051518 -0.105623
v 0.097197 0.067151 -0.105810
v 0.111823 0.013734 -0.080858
v 0.115512 0.024116 -0.090626
v 0.110150 0.015050 -0.109795
v 0.107585 0.033331 -0.094987
v 0.108115 0.069689 -0.090756
v 0.102454 0.076142 -0.102021
v 0.101251 0.082199 -0.095213
v 0.101005 0.036396 -0.102675
v 0.111471 0.024848 -0.108638
v 0.116314 0.014833 -0.097634
v 0.001765 0.017368 -0.208229
v 0.006508 0.033053 -0.204589
v 0.003329 0.025585 -0.224035
v 0.003357 0.020399 -0.231729
v 0.000564 0.032335 -0.219332
v 0.014214 0.050068 -0.233913
v 0.007109 0.032151 -0.237336
v 0.021749 0.025664 -0.242698
v 0.007268 0.015865 -0.239040
v 0.019694 0.025373 -0.194509
v 0.010557 0.049102 -0.220850
v 0.013287 0.110688 -0.219225
v 0.012559 0.113245 -0.225343
v 0.033628 0.015359 -0.248996
v 0.032464 0.018109 -0.189508
v 0.024509 0.031498 -0.189948
v 0.014723 0.015484 -0.193502
v 0.018381 0.042211 -0.201082
v 0.015334 0.050116 -0.202238
v 0.020950 0.116215 -0.206812
v 0.018870 0.121171 -0.207882
v 0.018206 0.054748 -0.214947
v 0.021089 0.072381 -0.223746
v 0.020887 0.110879 -0.206476
v 0.022953 0.110271 -0.211056
v 0.012535 0.116734 -0.218797
v 0.026862 0.117721 -0.209728
v 0.019545 0.053337 -0.224833
v 0.018097 0.098540 -0.218370
v 0.019635 0.109206 -0.228332
v 0.029728 0.058228 -0.232538
v 0.024357 0.109400 -0.239786
v 0.020316 0.117661 -0.231124
v 0.049163 0.025696 -0.201960
v 0.035720 0.049716 -0.199707
v 0.028139 0.055384 -0.207548
v 0.034316 0.121554 -0.203911
v 0.026187 0.074779 -0.209509
v 0.034822 0.109913 -0.208535
v 0.038362 0.117914 -0.234791
v 0.041887 0.122001 -0.238198
v 0.021562 0.020375 -0.247640
v 0.039616 0.022517 -0.246861
v 0.028762 0.032382 -0.251835
v 0.024834 0.048177 -0.241612
v 0.043541 0.033660 -0.194624
v 0.036219 0.110809 -0.203371
v 0.049111 0.110144 -0.217440
v 0.034565 0.116143 -0.202717
v 0.052999 0.117242 -0.217894
v 0.023316 0.137820 -0.200410
v 0.037528 0.085833 -0.213017
v 0.041528 0.079227 -0.220467
v 0.042861 0.117884 -0.211839
v 0.044367 0.109644 -0.218641
v 0.035255 0.109990 -0.231429
v 0.044404 0.110834 -0.230999
v 0.031955 0.117352 -0.241799
v 0.049250 0.032259 -0.242040
v 0.051232 0.021536 -0.197943
v 0.054345 0.016097 -0.203847
v 0.046700 0.049235 -0.207619
v 0.041229 0.055842 -0.211868
v 0.044286 0.055061 -0.222414
v 0.045842 0.118089 -0.219196
v 0.035731 0.057051 -0.231983
v 0.048980 0.133119 -0.228231
v 0.037469 0.049251 -0.238943
v 0.044411 0.045342 -0.236518
v 0.059953 0.021072 -0.222657
v 0.058645 0.031946 -0.206869
v 0.054199 0.025834 -0.219511
v 0.053706 0.049323 -0.228222
v 0.050068 0.025493 -0.234748
v 0.051565 0.043918 -0.220168
v 0.057952 0.032411 -0.231601
v 0.052893 0.017991 -0.239817
v 0.058050 0.015765 -0.224914
v 0.063643 0.030507 -0.223970
v 0.065116 0.032190 -0.205139
v 0.082662 0.014806 -0.190444
v 0.064820 0.014940 -0.210280
v 0.065764 0.023740 -0.209858
v 0.064727 0.019994 -0.225512
v 0.074071 0.041842 -0.225082
v 0.068091 0.015380 -0.227978
v 0.070470 0.024557 -0.229539
v 0.079198 0.030210 -0.244785
v 0.071658 0.084954 -0.228860
v 0.074307 0.018303 -0.238793
v 0.074880 0.022889 -0.196476
v 0.076720 0.031567 -0.194528
v 0.071294 0.043526 -0.211700
v 0.071615 0.083727 -0.217655
v 0.078628 0.085179 -0.201765
v 0.081373 0.094558 -0.209370
v 0.075216 0.047514 -0.207970
v 0.080748 0.061801 -0.220591
v 0.076089 0.096250 -0.214882
v 0.074405 0.089869 -0.220762
v 0.079404 0.094004 -0.219035
v 0.072657 0.112540 -0.217304
v 0.074315 0.046284 -0.227074
v 0.076650 0.080782 -0.220150
v 0.073539 0.084487 -0.222439
v 0.078268 0.085662 -0.230287
v 0.077579 0.104593 -0.227044
v 0.085481 0.130070 -0.221147
v 0.086827 0.120673 -0.226067
v 0.079512 0.090250 -0.226117
v 0.082623 0.116463 -0.231869
v 0.084932 0.015391 -0.242263
v 0.091682 0.030573 -0.191532
v 0.086220 0.046876 -0.200435
v 0.088851 0.056171 -0.207322
v 0.097953 0.083951 -0.201520
v 0.085360 0.093162 -0.206471
v 0.075003 0.105259 -0.212894
v 0.083788 0.104218 -0.202666
v 0.079645 0.114493 -0.206241
v 0.084329 0.124308 -0.211707
v 0.084248 0.065297 -0.213513
v 0.087903 0.080447 -0.208478
v 0.090234 0.079023 -0.226708
v 0.082372 0.093666 -0.226604
v 0.087071 0.093410 -0.230807
v 0.089189 0.023252 -0.243625
v 0.098998 0.032187 -0.242169
v 0.080983 0.042326 -0.233755
v 0.089626 0.046385 -0.236692
v 0.093970 0.089421 -0.233711
v 0.088470 0.107694 -0.234947
v 0.093771 0.016705 -0.217406
v 0.104195 0.031193 -0.195339
v 0.097970 0.095858 -0.206424
v 0.091253 0.112345 -0.201561
v 0.094060 0.079720 -0.209310
v 0.095630 0.126840 -0.212621
v 0.099401 0.119387 -0.223353
v 0.094103 0.127066 -0.220961
v 0.082660 0.053747 -0.231005
v 0.090061 0.084905 -0.234248
v 0.095224 0.093689 -0.228802
v 0.098469 0.114400 -0.229530
v 0.089965 0.124207 -0.225375
v 0.095458 0.020848 -0.192095
v 0.106250 0.024246 -0.201302
v 0.100858 0.046675 -0.202237
v 0.099748 0.056825 -0.211403
v 0.105261 0.090121 -0.209922
v 0.098358 0.098998 -0.204529
v 0.104784 0.112749 -0.207476
v 0.099873 0.058355 -0.224035
v 0.099856 0.079770 -0.214286
v 0.099327 0.078178 -0.221676
v 0.107214 0.084700 -0.218326
v 0.102809 0.095739 -0.221702
v 0.102566 0.041799 -0.230109
v 0.105102 0.018114 -0.240862
v 0.109120 0.014479 -0.198549
v 0.115298 0.018430 -0.203249
v 0.107965 0.046045 -0.213756
v 0.114115 0.014880 -0.232004
v 0.117532 0.031903 -0.209958
v 0.109371 0.109686 -0.216006
v 0.105770 0.045871 -0.228824
v 0.106352 0.084433 -0.227264
v 0.104853 0.105170 -0.229187
v 0.103751 0.024207 -0.237901
v 0.112756 0.028861 -0.235523
v 0.115343 0.024203 -0.217487
v 0.115883 0.020473 -0.225726
v 0.113901 0.035604 -0.220620
v 0.010323 0.134679 -0.210737
v 0.013026 0.133425 -0.217146
v 0.016624 0.133833 -0.208377
v 0.008113 0.144966 -0.211928
v 0.012928 0.145531 -0.214054
v 0.012788 0.144914 -0.237677
v 0.012536 0.136673 -0.228679
v 0.023421 0.145215 -0.196698
v 0.021206 0.139626 -0.213637
v 0.017281 0.145017 -0.234681
v 0.023181 0.147662 -0.214373
v 0.022928 0.139967 -0.217168
v 0.024261 0.137947 -0.225155
v 0.022924 0.147582 -0.223464
v 0.018539 0.132689 -0.233540
v 0.022387 0.139343 -0.229379
v 0.027267 0.141557 -0.240031
v 0.025747 0.145471 -0.201718
v 0.027857 0.139797 -0.212852
v 0.034577 0.138610 -0.213380
v 0.027637 0.155120 -0.214945
v 0.031442 0.148261 -0.211882
v 0.036283 0.145484 -0.238841
v 0.031262 0.147410 -0.230896
v 0.029921 0.135068 -0.241154
v 0.034499 0.141821 -0.199878
v 0.048367 0.144765 -0.202710
v 0.038966 0.137998 -0.215553
v 0.040554 0.153317 -0.216199
v 0.039006 0.140633 -0.221752
v 0.039046 0.147317 -0.224795
v 0.030048 0.154342 -0.225586
v 0.031508 0.139961 -0.228336
v 0.037764 0.144975 -0.242595
v 0.044690 0.145092 -0.205977
v 0.050121 0.134583 -0.222281
v 0.039945 0.139090 -0.226517
v 0.048723 0.145194 -0.225781
v 0.043241 0.136446 -0.234144
v 0.053541 0.144349 -0.227131
v 0.082223 0.139583 -0.219490
v 0.084278 0.140424 -0.213291
v 0.090989 0.133233 -0.223493
v 0.090696 0.138673 -0.226806
v 0.088675 0.135582 -0.209539
v 0.096706 0.133019 -0.214431
v 0.093958 0.139414 -0.210321
v 0.097873 0.138856 -0.219549
v 0.092701 0.142996 -0.218724
v 0.134110 0.016265 -0.160287
v 0.130170 0.015207 -0.210543
v 0.142269 0.027988 -0.196409
v 0.129093 0.032126 -0.214122
v 0.140817 0.015496 -0.240429
v 0.134154 0.019832 -0.234241
v 0.131986 0.027512 -0.229499
v 0.134318 0.041164 -0.227496
v 0.137359 0.045138 -0.233450
v 0.141473 0.030256 -0.244290
v 0.145129 0.014502 -0.133002
v 0.136446 0.024468 -0.148270
v 0.134736 0.013618 -0.148343
v 0.143324 0.014230 -0.178669
v 0.144545 0.036694 -0.154076
v 0.143348 0.065459 -0.151323
v 0.142512 0.061270 -0.159705
v 0.135183 0.024483 -0.163875
v 0.145693 0.025603 -0.174433
v 0.144622 0.019855 -0.197446
v 0.164112 0.015327 -0.191102
v 0.132838 0.020387 -0.213045
v 0.137915 0.024398 -0.206663
v 0.145442 0.040639 -0.201031
v 0.134918 0.045570 -0.213866
v 0.145800 0.047737 -0.204644
v 0.141311 0.058804 -0.226618
v 0.170937 0.015594 -0.249368
v 0.143713 0.050015 -0.226916
v 0.143790 0.024474 -0.241264
v 0.151834 0.020121 -0.246936
v 0.146723 0.024197 -0.136779
v 0.155833 0.036362 -0.142481
v 0.151812 0.077962 -0.143739
v 0.152241 0.046394 -0.149319
v 0.144459 0.053189 -0.152803
v 0.148178 0.057793 -0.152203
v 0.151522 0.058528 -0.148565
v 0.153512 0.085070 -0.161485
v 0.150510 0.040487 -0.160869
v 0.148868 0.056760 -0.163052
v 0.147673 0.050116 -0.163902
v 0.148220 0.059003 -0.156781
v 0.144969 0.077533 -0.156542
v 0.143506 0.032701 -0.164081
v 0.155668 0.038410 -0.164046
v 0.146242 0.063779 -0.164717
v 0.148817 0.070596 -0.167460
v 0.156426 0.033610 -0.170777
v 0.163818 0.015447 -0.177183
v 0.149671 0.085374 -0.216161
v 0.161122 0.024268 -0.195697
v 0.157744 0.047166 -0.198898
v 0.147703 0.044983 -0.199609
v 0.147913 0.092380 -0.189979
v 0.144718 0.096131 -0.228891
v 0.142514 0.057064 -0.210911
v 0.146147 0.049377 -0.201017
v 0.146639 0.112457 -0.211829
v 0.151039 0.119537 -0.209503
v 0.152816 0.110935 -0.201588
v 0.155464 0.076412 -0.250630
v 0.155875 0.102877 -0.239147
v 0.152587 0.032288 -0.250338
v 0.157231 0.045634 -0.247206
v 0.162166 0.024215 -0.133638
v 0.154786 0.064049 -0.143086
v 0.159513 0.056310 -0.147358
v 0.150109 0.052713 -0.143448
v 0.159473 0.052945 -0.168901
v 0.168842 0.053132 -0.160097
v 0.162598 0.065263 -0.170887
v 0.158649 0.058897 -0.164843
v 0.160696 0.077402 -0.167213
v 0.152988 0.084160 -0.189270
v 0.157994 0.094586 -0.187410
v 0.160340 0.033053 -0.194019
v 0.160527 0.081682 -0.195733
v 0.160855 0.040680 -0.201559
v 0.152644 0.071141 -0.206856
v 0.158937 0.084975 -0.211978
v 0.159031 0.084975 -0.211978
v 0.160542 0.119001 -0.216854
v 0.160506 0.114799 -0.232295
v 0.157689 0.041060 -0.241310
v 0.167005 0.024263 -0.243683
v 0.161560 0.086663 -0.248071
v 0.164535 0.014459 -0.134871
v 0.177550 0.014388 -0.166395
v 0.178374 0.015387 -0.144625
v 0.165032 0.049822 -0.150839
v 0.165819 0.051814 -0.148211
v 0.165008 0.059334 -0.150539
v 0.169630 0.063328 -0.150466
v 0.162792 0.065476 -0.146615
v 0.164225 0.071337 -0.145432
v 0.164943 0.078871 -0.150816
v 0.162567 0.038732 -0.163562
v 0.165297 0.057308 -0.158767
v 0.169249 0.065522 -0.154906
v 0.167610 0.076825 -0.159057
v 0.174251 0.024396 -0.167487
v 0.164484 0.023874 -0.179041
v 0.166477 0.091159 -0.187985
v 0.166204 0.119471 -0.210282
v 0.170218 0.047300 -0.198754
v 0.164671 0.062380 -0.198883
v 0.160441 0.085523 -0.211341
v 0.169249 0.091120 -0.201921
v 0.170976 0.049259 -0.209310
v 0.171384 0.085123 -0.227073
v 0.171170 0.034792 -0.247188
v 0.172873 0.027313 -0.144669
v 0.169339 0.034510 -0.156719
v 0.174894 0.015753 -0.201341
v 0.182657 0.020346 -0.208194
v 0.173050 0.031779 -0.195393
v 0.185679 0.034921 -0.217253
v 0.176913 0.040194 -0.210235
v 0.180375 0.045472 -0.214408
v 0.173626 0.049345 -0.230151
v 0.174263 0.064019 -0.217972
v 0.171742 0.109489 -0.217170
v 0.178507 0.024867 -0.234945
v 0.175756 0.040746 -0.230800
v 0.165415 0.049272 -0.239834
v 0.159986 0.063457 -0.250054
v 0.178013 0.023169 -0.156841
v 0.181454 0.024232 -0.212079
v 0.179429 0.049349 -0.220383
v 0.185994 0.015581 -0.226497
v 0.187732 0.029827 -0.218877
v 0.178414 0.044980 -0.234704
v 0.189968 0.024373 -0.218334
v 0.190607 0.020280 -0.210588
v 0.191658 0.015025 -0.225597
v 0.195283 0.022950 -0.237886
v 0.180811 0.031400 -0.238055
v 0.198970 0.014586 -0.144215
v 0.196737 0.026391 -0.148711
v 0.205766 0.034146 -0.156531
v 0.195274 0.014966 -0.159913
v 0.199972 0.024772 -0.166119
v 0.201623 0.016441 -0.170851
v 0.205301 0.024231 -0.191966
v 0.194828 0.016044 -0.207359
v 0.209628 0.016527 -0.190824
v 0.195698 0.023909 -0.202361
v 0.199940 0.040096 -0.209421
v 0.197836 0.040580 -0.220959
v 0.201031 0.097855 -0.204183
v 0.194242 0.095050 -0.219257
v 0.196859 0.116494 -0.231442
v 0.201025 0.085165 -0.217347
v 0.194437 0.089055 -0.217734
v 0.199543 0.095299 -0.234565
v 0.200392 0.042680 -0.230192
v 0.202307 0.085027 -0.230413
v 0.199005 0.108590 -0.233531
v 0.199744 0.021088 -0.242749
v 0.206396 0.024416 -0.137531
v 0.210540 0.035861 -0.146138
v 0.203771 0.054117 -0.158591
v 0.208971 0.065122 -0.146999
v 0.207440 0.075222 -0.150152
v 0.216929 0.013308 -0.181486
v 0.206313 0.063404 -0.155346
v 0.204931 0.068884 -0.159065
v 0.210443 0.078151 -0.164248
v 0.212932 0.040607 -0.161791
v 0.208903 0.025126 -0.174887
v 0.210139 0.042633 -0.200011
v 0.205680 0.096410 -0.197560
v 0.206202 0.088868 -0.200140
v 0.206023 0.094853 -0.199882
v 0.206197 0.115137 -0.198372
v 0.208854 0.085654 -0.202096
v 0.198376 0.113938 -0.206786
v 0.210436 0.107751 -0.210677
v 0.208286 0.115723 -0.213484
v 0.210240 0.113974 -0.230108
v 0.210301 0.014572 -0.249600
v 0.215479 0.086824 -0.242125
v 0.204300 0.092805 -0.243689
v 0.209769 0.115176 -0.243077
v 0.215912 0.098372 -0.244477
v 0.225293 0.024733 -0.251831
v 0.212430 0.014961 -0.133668
v 0.240295 0.014984 -0.150057
v 0.209826 0.054047 -0.142894
v 0.216286 0.063656 -0.141782
v 0.219437 0.072458 -0.139830
v 0.218882 0.066199 -0.143448
v 0.216360 0.048798 -0.146803
v 0.213609 0.058614 -0.147801
v 0.209276 0.048929 -0.156981
v 0.209570 0.059236 -0.158581
v 0.212440 0.056428 -0.164513
v 0.217082 0.051219 -0.167914
v 0.210634 0.063199 -0.165515
v 0.216491 0.065661 -0.170247
v 0.212122 0.020427 -0.190605
v 0.218698 0.028398 -0.191593
v 0.226671 0.088679 -0.195572
v 0.226466 0.094475 -0.195713
v 0.224286 0.084757 -0.201491
v 0.212592 0.114440 -0.208674
v 0.217085 0.105275 -0.213183
v 0.213324 0.069991 -0.239001
v 0.210036 0.042477 -0.238759
v 0.221903 0.040775 -0.241217
v 0.219305 0.024433 -0.133488
v 0.220785 0.035605 -0.142993
v 0.212554 0.082584 -0.152512
v 0.227544 0.048182 -0.154698
v 0.231978 0.054087 -0.145897
v 0.224022 0.058149 -0.147518
v 0.225721 0.083683 -0.161249
v 0.219549 0.038395 -0.166098
v 0.229742 0.031447 -0.166578
v 0.227874 0.053072 -0.163223
v 0.220922 0.060145 -0.166952
v 0.219759 0.055354 -0.170929
v 0.223861 0.077921 -0.167097
v 0.225568 0.025077 -0.179149
v 0.225953 0.020097 -0.191084
v 0.217947 0.041838 -0.198394
v 0.229216 0.041001 -0.200502
v 0.215343 0.113286 -0.195686
v 0.231364 0.116262 -0.199270
v 0.225938 0.115531 -0.231198
v 0.226639 0.021479 -0.249196
v 0.230349 0.012414 -0.135270
v 0.234236 0.024457 -0.140843
v 0.230208 0.032047 -0.147006
v 0.230920 0.035553 -0.154184
v 0.229043 0.065054 -0.148986
v 0.226865 0.059246 -0.153126
v 0.227291 0.079000 -0.148703
v 0.224132 0.045197 -0.159960
v 0.226014 0.057931 -0.160161
v 0.230495 0.063178 -0.159434
v 0.231696 0.071018 -0.162617
v 0.232833 0.016046 -0.195789
v 0.234202 0.023065 -0.194523
v 0.230597 0.097189 -0.195447
v 0.237247 0.085682 -0.209933
v 0.238352 0.044629 -0.208980
v 0.228621 0.108017 -0.211052
v 0.226770 0.114002 -0.208431
v 0.231236 0.115860 -0.212514
v 0.227903 0.108225 -0.229827
v 0.230523 0.115703 -0.225942
v 0.238560 0.042718 -0.231320
v 0.231307 0.045422 -0.238778
v 0.228914 0.086651 -0.241693
v 0.233439 0.114329 -0.240924
v 0.230052 0.021966 -0.245962
v 0.230052 0.021966 -0.246187
v 0.239973 0.022810 -0.151511
v 0.239275 0.015379 -0.169406
v 0.238500 0.026431 -0.162072
v 0.245245 0.017154 -0.206961
v 0.241387 0.113295 -0.206199
v 0.240153 0.088259 -0.208509
v 0.244157 0.098521 -0.211244
v 0.238876 0.015683 -0.241161
v 0.237361 0.040882 -0.212738
v 0.237878 0.086097 -0.225302
v 0.235545 0.018261 -0.243318
v 0.237417 0.096275 -0.240286
v 0.240965 0.113770 -0.232794
v 0.239228 0.020834 -0.242290
v 0.247141 0.023583 -0.206787
v 0.248754 0.020124 -0.213761
v 0.241834 0.040979 -0.219741
v 0.243754 0.088756 -0.227498
v 0.245820 0.096122 -0.211976
v 0.247097 0.015907 -0.224296
v 0.248220 0.020143 -0.230005
v 0.248581 0.023003 -0.225640
v 0.242563 0.114670 -0.218715
v 0.244349 0.023951 -0.237232
vn -0.9471 -0.0652 0.3142
vn -0.5278 -0.8404 0.1231
vn -0.9767 0.2001 0.0776
vn -0.8457 -0.3449 -0.4073
vn -0.9548 0.0851 -0.2847
vn -0.9678 0.2504 -0.0263
vn -0.4761 -0.4833 0.7347
vn -0.8800 -0.0868 0.4670
vn -0.8613 -0.0753 0.5026
vn -0.8325 -0.0599 0.5507
vn 0.0213 -0.9995 -0.0224
vn -0.5214 -0.7707 0.3663
vn -0.7828 -0.3235 0.5316
vn -0.9937 0.0902 -0.0667
vn -0.7604 -0.5296 -0.3759
vn -0.6351 0.0471 -0.7710
vn 0.1278 0.2518 -0.9593
vn -0.6034 0.1776 -0.7774
vn -0.5981 -0.0594 -0.7992
vn -0.4211 -0.3045 -0.8544
vn -0.5161 0.6632 -0.5421
vn -0.1037 -0.0528 0.9932
vn -0.1047 -0.0527 0.9931
vn -0.1043 -0.0527 0.9931
vn -0.2923 0.0588 0.9545
vn -0.0247 0.8388 0.5438
vn -0.6537 0.5084 0.5605
vn 0.3119 0.8500 -0.4246
vn 0.9512 0.2932 0.0966
vn 0.2049 0.9753 -0.0822
vn 0.2961 0.9122 0.2833
vn -0.3974 -0.1036 -0.9118
vn -0.5908 0.5317 -0.6068
vn -0.1665 0.0454 0.9850
vn -0.2457 0.1941 0.9497
vn -0.9080 -0.0534 0.4156
vn -0.5768 0.7268 0.3729
vn -0.9253 0.3004 0.2313
vn -0.9059 0.4084 0.1122
vn -0.9246 0.3123 0.2181
vn -0.7027 -0.7066 -0.0825
vn -0.9966 -0.0539 -0.0623
vn -0.8719 0.4591 0.1707
vn -0.4925 0.8657 -0.0899
vn -0.4260 0.7119 -0.5583
vn -0.9096 0.3528 -0.2195
vn -0.6322 -0.1441 -0.7613
vn -0.3478 0.3374 -0.8747
vn -0.5320 0.0046 -0.8467
vn -0.2854 -0.2030 0.9367
vn -0.2853 -0.2031 0.9367
vn -0.2853 -0.2030 0.9367
vn 0.2093 0.4345 0.8760
vn -0.4963 0.2803 0.8217
vn -0.4827 0.4457 0.7539
vn 0.0122 0.9669 -0.2547
vn 0.0255 0.4065 -0.9133
vn 0.0365 0.2449 0.9689
vn -0.0973 0.9890 0.1117
vn 0.0047 -1.0000 0.0010
vn -0.0002 -1.0000 0.0008
vn -0.0029 -1.0000 0.0020
vn -0.2271 -0.0239 -0.9736
vn -0.0219 0.1320 -0.9910
vn -0.1469 0.7063 0.6925
vn 0.4498 0.1628 0.8782
vn -0.6311 0.2440 0.7363
vn 0.4544 0.3047 0.8370
vn -0.0830 -0.8609 0.5019
vn -0.1872 0.6089 0.7709
vn 0.0026 0.8373 0.5468
vn 0.0026 0.8372 0.5469
vn 0.0881 -0.7172 -0.6913
vn -0.0160 -0.9989 -0.0438
vn -0.0220 -0.9988 -0.0445
vn -0.0237 -0.9986 -0.0467
vn 0.3662 0.6970 0.6166
vn -0.0658 -0.0408 0.9970
vn 0.1852 0.1552 0.9704
vn 0.5391 0.0802 0.8384
vn 0.7189 0.4652 -0.5165
vn -0.2403 0.9707 -0.0001
vn 0.3318 0.0499 -0.9420
vn 0.2764 0.0641 -0.9589
vn 0.0448 0.9956 -0.0820
vn 0.0524 -0.4722 -0.8799
vn 0.3162 0.2166 -0.9237
vn 0.1055 0.1218 -0.9869
vn 0.8749 0.4205 0.2404
vn -0.0171 -0.6832 0.7301
vn 0.1675 0.9628 0.2121
vn 0.3171 -0.3002 0.8996
vn 0.1102 -0.6451 0.7561
vn 0.1168 -0.6357 0.7630
vn 0.1209 -0.6299 0.7672
vn 0.6876 0.7226 -0.0710
vn 0.4504 -0.1045 -0.8867
vn 0.6876 -0.7211 -0.0850
vn 0.5701 0.2963 -0.7663
vn 0.8977 -0.3681 -0.2421
vn 0.2920 -0.3591 -0.8864
vn 0.5839 0.6569 -0.4770
vn 0.3209 -0.4267 0.8455
vn 0.3210 -0.4267 0.8455
vn 0.3209 -0.4266 0.8456
vn 0.2789 0.4434 0.8518
vn 0.2959 -0.0171 0.9551
vn 0.2875 -0.2836 0.9148
vn 0.2827 0.2818 0.9169
vn 0.6090 0.0993 0.7869
vn 0.8160 0.0382 0.5768
vn 0.6437 0.0414 0.7642
vn 0.8359 0.0354 0.5478
vn 0.8178 -0.4692 0.3331
vn -0.1276 0.8283 -0.5455
vn -0.1272 0.8284 -0.5455
vn 0.1011 0.9948 -0.0125
vn -0.4072 0.5130 -0.7556
vn 0.8432 0.0966 -0.5288
vn 0.5300 -0.7570 -0.3821
vn 0.7366 0.1548 -0.6584
vn 0.4403 -0.1414 -0.8866
vn 0.3997 0.4285 -0.8103
vn 0.6209 0.3360 -0.7082
vn 0.1501 -0.2659 -0.9522
vn 0.1944 0.0127 -0.9808
vn 0.1583 -0.9830 0.0928
vn 0.6893 0.3012 0.6589
vn 0.8287 -0.0680 0.5555
vn 0.8411 -0.4638 -0.2783
vn 0.8157 0.5688 -0.1049
vn 0.7467 -0.6502 -0.1403
vn 0.7466 -0.6503 -0.1400
vn 0.7939 -0.3062 -0.5254
vn 0.7924 -0.3071 -0.5270
vn 0.7949 -0.3053 -0.5243
vn 0.7658 0.2312 -0.6001
vn 0.8450 0.1195 -0.5212
vn 0.7811 -0.1000 0.6164
vn 0.7584 -0.6008 0.2529
vn 0.9260 0.3530 0.1337
vn 0.8604 0.4458 0.2467
vn 0.8891 0.4131 0.1971
vn 0.1805 0.9747 0.1320
vn 0.0108 -0.9999 -0.0001
vn 0.9963 0.0858 -0.0093
vn 0.9002 -0.4350 0.0204
vn 0.9592 -0.2824 0.0118
vn 0.9603 -0.1561 0.2312
vn 0.8547 0.4547 -0.2505
vn 0.9414 0.0335 -0.3356
vn 0.9569 -0.2905 -0.0010
vn 0.1317 0.9890 -0.0672
vn 0.7604 -0.0378 -0.6484
vn 0.5578 -0.5443 -0.6266
vn 0.6962 -0.3951 -0.5993
vn 0.7085 -0.3281 -0.6248
vn 0.9966 0.0804 0.0172
vn 0.9677 0.2351 -0.0910
vn -0.6666 -0.3909 0.6347
vn -0.5890 -0.6658 0.4581
vn -0.5637 -0.7138 0.4156
vn -0.9699 -0.1278 -0.2072
vn -0.8778 -0.4717 0.0840
vn -0.7905 -0.6034 0.1052
vn -0.9070 -0.4149 0.0717
vn -0.2508 -0.9558 -0.1537
vn -0.9968 -0.0719 0.0362
vn -0.4475 0.7471 -0.4914
vn -0.9950 -0.0172 0.0980
vn -0.9371 0.2410 0.2526
vn 0.0181 -0.9996 -0.0207
vn -0.4307 0.8715 0.2346
vn -0.4972 0.7071 0.5027
vn -0.5006 0.6942 0.5173
vn -0.9736 0.1059 0.2022
vn -0.9398 -0.3234 -0.1103
vn -0.9481 -0.2910 -0.1282
vn -0.9666 0.0430 -0.2528
vn -0.7176 0.5959 0.3604
vn -0.7974 0.1531 -0.5837
vn -0.3714 0.8599 -0.3502
vn -0.3429 0.8702 -0.3537
vn -0.2800 0.8901 -0.3597
vn -0.6139 0.3073 0.7271
vn -0.0139 -0.9971 0.0747
vn -0.9949 -0.0542 0.0851
vn -0.9939 -0.0162 0.1094
vn -0.5713 0.6392 -0.5149
vn -0.6382 0.2976 -0.7100
vn 0.0979 -0.5199 0.8486
vn -0.0225 -0.6476 0.7617
vn -0.1005 -0.7174 0.6893
vn -0.5721 0.4388 0.6930
vn -0.4190 0.1662 0.8926
vn -0.8264 -0.2477 0.5057
vn -0.8331 -0.2668 0.4846
vn -0.8276 -0.2564 0.4993
vn -0.8062 -0.0104 0.5916
vn -0.9023 0.1411 0.4073
vn -0.8500 0.2416 0.4681
vn -0.8702 0.2035 0.4487
vn -0.8048 0.3172 0.5016
vn -0.3287 -0.6932 -0.6414
vn -0.6653 -0.0435 -0.7453
vn -0.8832 0.3143 -0.3481
vn -0.6401 0.1816 -0.7465
vn -0.5470 -0.0763 -0.8337
vn -0.5766 -0.0087 -0.8170
vn -0.1962 0.1474 -0.9694
vn -0.7767 -0.6290 -0.0321
vn -0.4012 0.6876 0.6052
vn 0.0144 0.7688 0.6393
vn -0.8707 0.3465 0.3490
vn -0.4862 -0.8060 0.3378
vn -0.6873 -0.6786 0.2590
vn -0.4269 0.0170 0.9041
vn -0.6501 0.1450 -0.7459
vn -0.8987 -0.4353 0.0525
vn -0.7876 0.6047 0.1182
vn -0.7432 0.3966 -0.5389
vn 0.0064 0.9509 -0.3094
vn -0.5173 -0.0469 -0.8545
vn 0.0303 -0.9995 -0.0097
vn -0.0516 0.4759 0.8780
vn -0.1137 0.2736 0.9551
vn -0.0189 0.8222 0.5689
vn 0.0346 0.7847 0.6189
vn 0.1028 0.7289 0.6769
vn -0.0558 -0.6304 0.7742
vn 0.3529 0.8151 0.4594
vn -0.0071 -0.7376 0.6752
vn -0.1953 0.5057 0.8403
vn 0.1385 0.3763 0.9161
vn 0.2137 0.3407 0.9156
vn -0.2594 0.5215 0.8129
vn 0.5503 -0.8288 0.1015
vn 0.7371 -0.6228 -0.2624
vn 0.3973 -0.1544 -0.9046
vn 0.0011 0.3830 -0.9237
vn -0.0051 -0.9988 -0.0488
vn 0.1779 0.4559 -0.8721
vn -0.2495 0.4675 -0.8481
vn -0.0107 0.4820 -0.8761
vn 0.9054 0.2696 -0.3279
vn 0.5512 0.4205 -0.7207
vn 0.8990 0.3318 -0.2860
vn 0.0477 0.1067 0.9931
vn -0.3247 0.5265 0.7857
vn -0.5846 0.1014 0.8050
vn 0.7501 0.2502 0.6122
vn -0.0375 0.7480 0.6627
vn -0.1549 -0.4311 0.8889
vn 0.3526 -0.5399 0.7643
vn -0.4136 -0.0204 0.9102
vn -0.0120 0.5762 0.8172
vn 0.0844 0.0218 -0.9962
vn 0.2805 -0.4312 0.8576
vn 0.1704 -0.4311 0.8860
vn 0.1628 0.6721 0.7223
vn 0.8877 0.2515 0.3857
vn 0.7983 -0.3680 -0.4767
vn 0.8793 0.3129 0.3591
vn 0.9601 -0.2741 -0.0560
vn 0.9293 -0.3669 -0.0412
vn 0.2605 0.0673 -0.9631
vn 0.0889 -0.7217 -0.6865
vn 0.4957 0.5255 0.6914
vn 0.5282 -0.7236 0.4443
vn 0.3729 -0.4852 0.7909
vn 0.5952 0.2136 0.7747
vn 0.5954 0.2138 0.7745
vn 0.6961 0.5953 -0.4013
vn 0.6021 0.5901 0.5379
vn 0.6020 0.5903 0.5377
vn 0.6021 0.5902 0.5377
vn 0.9730 -0.1201 0.1970
vn 0.5085 0.6824 -0.5251
vn 0.7389 0.4826 -0.4702
vn 0.7101 -0.5271 -0.4668
vn 0.2215 0.8383 -0.4982
vn 0.7850 0.6195 -0.0044
vn 0.5330 0.5306 0.6591
vn 0.5617 -0.3369 0.7557
vn 0.3412 0.8654 0.3670
vn 0.9406 0.3064 -0.1463
vn 0.9889 0.0158 0.1478
vn 0.9246 -0.3632 -0.1153
vn 0.8166 0.2869 -0.5009
vn 0.7483 0.0042 -0.6634
vn 0.7416 0.3009 -0.5995
vn 0.6587 0.7285 -0.1884
vn 0.7993 0.5884 -0.1222
vn 0.5353 0.8120 -0.2325
vn 0.7538 0.3793 -0.5365
vn 0.0003 -0.9999 0.0134
vn 0.0030 -0.9997 0.0250
vn 0.0025 -0.9997 0.0226
vn 0.9170 0.0061 0.3987
vn 0.8381 0.3837 0.3879
vn 0.8937 0.0865 -0.4403
vn 0.6068 0.6414 -0.4694
vn 0.6474 0.6768 -0.3505
vn 0.7349 0.2215 -0.6410
vn 0.4635 0.0257 -0.8857
vn 0.8193 -0.2745 0.5033
vn 0.8783 -0.4782 -0.0003
vn 0.9277 0.3306 0.1732
vn 0.8576 0.5135 0.0277
vn 0.8446 -0.5345 -0.0312
vn 0.8880 0.1451 -0.4364
vn 0.9395 0.3364 -0.0645
vn -0.9060 0.2869 -0.3112
vn -0.6627 0.4605 0.5905
vn -0.6598 0.7258 0.1949
vn 0.0084 -0.9999 -0.0129
vn 0.0071 -0.9999 -0.0137
vn 0.0074 -0.9999 -0.0134
vn -0.8238 0.1689 -0.5411
vn -0.6979 0.7096 -0.0967
vn -0.6857 0.6330 -0.3594
vn -0.6683 -0.4175 0.6157
vn -0.4922 -0.2207 0.8420
vn -0.7009 0.2988 0.6476
vn -0.8583 0.0373 0.5118
vn -0.7155 0.4538 -0.5312
vn -0.7786 0.5731 -0.2558
vn -0.7800 0.6132 -0.1248
vn -0.9849 -0.0925 0.1463
vn -0.8846 0.4379 0.1603
vn -0.8464 0.5170 -0.1276
vn -0.8002 -0.5996 0.0125
vn -0.9302 0.3551 0.0928
vn -0.8380 -0.4557 0.3000
vn -0.9004 -0.4270 -0.0835
vn -0.3526 -0.0310 -0.9353
vn -0.4042 -0.8012 -0.4412
vn -0.6584 0.5242 -0.5401
vn -0.3056 0.2813 0.9097
vn -0.2528 -0.9546 0.1575
vn -0.0456 0.5672 0.8223
vn -0.3359 -0.0561 0.9402
vn 0.0404 0.3759 0.9258
vn -0.4829 0.6162 0.6222
vn -0.3995 0.4280 0.8107
vn -0.2705 -0.8727 0.4065
vn -0.7621 -0.2405 0.6011
vn -0.0691 0.5548 0.8291
vn -0.8568 -0.4873 -0.1684
vn -0.8567 -0.0851 0.5088
vn -0.6269 -0.1596 0.7626
vn -0.8764 0.4530 0.1631
vn -0.8920 0.3727 0.2559
vn -0.6344 0.5271 -0.5655
vn -0.2771 -0.9232 -0.2664
vn -0.4054 0.4226 -0.8106
vn -0.4057 0.4229 -0.8103
vn -0.4058 0.4249 -0.8092
vn 0.1548 -0.5436 -0.8250
vn -0.4058 0.4292 -0.8069
vn -0.3672 -0.0736 -0.9272
vn -0.4895 0.6598 0.5702
vn -0.5502 -0.5538 0.6250
vn -0.4844 -0.7699 0.4156
vn -0.4103 0.7218 0.5573
vn -0.4319 -0.0072 0.9019
vn -0.9154 -0.1925 -0.3534
vn -0.7818 0.1236 0.6112
vn -0.8886 -0.4528 0.0734
vn -0.9596 -0.1665 -0.2268
vn -0.7551 0.6282 -0.1876
vn -0.2707 -0.8894 -0.3682
vn 0.1068 0.7006 -0.7055
vn 0.0154 0.3999 -0.9164
vn -0.2289 0.1808 -0.9565
vn 0.1575 0.3271 0.9318
vn 0.1536 0.3534 0.9228
vn 0.3815 -0.3176 0.8681
vn -0.2104 -0.2988 0.9308
vn -0.2154 -0.2696 0.9386
vn -0.0960 0.7170 0.6904
vn 0.3720 -0.0535 0.9267
vn 0.5688 -0.1269 0.8126
vn 0.4471 -0.0270 0.8941
vn -0.2216 -0.7429 0.6317
vn -0.1316 -0.7092 0.6926
vn -0.1335 0.2545 0.9578
vn -0.0144 0.5884 0.8084
vn 0.1929 0.4875 0.8515
vn -0.0215 -0.1398 -0.9899
vn -0.2722 -0.8156 -0.5106
vn -0.2193 0.1537 -0.9635
vn 0.0485 -0.7150 -0.6974
vn -0.2429 0.3550 -0.9028
vn -0.0348 -0.4494 -0.8927
vn -0.2840 0.6106 -0.7392
vn 0.1302 0.7143 -0.6876
vn -0.0541 -0.0493 -0.9973
vn -0.1081 -0.0909 0.9900
vn -0.0317 -0.9971 0.0689
vn -0.4366 -0.3381 0.8337
vn 0.0050 -0.9999 0.0109
vn 0.0047 -0.9996 0.0286
vn 0.0040 -1.0000 0.0014
vn 0.3946 -0.3990 0.8277
vn 0.5928 0.3381 0.7309
vn 0.5361 -0.6957 0.4781
vn 0.5358 -0.6961 0.4779
vn 0.1679 0.8315 0.5295
vn 0.7399 0.4793 -0.4719
vn 0.0921 -0.6491 -0.7551
vn 0.2359 -0.6529 -0.7197
vn -0.2087 -0.5443 -0.8125
vn 0.2503 -0.6509 -0.7167
vn 0.0302 -0.3431 -0.9388
vn -0.0001 -0.4771 0.8788
vn 0.5381 0.4901 0.6858
vn 0.7014 -0.5360 0.4698
vn 0.6491 0.4497 0.6136
vn 0.4353 -0.8581 0.2724
vn 0.5608 0.3928 0.7288
vn 0.3391 -0.5473 0.7651
vn 0.9189 -0.2274 -0.3223
vn 0.6018 0.0380 -0.7977
vn 0.8387 0.1250 -0.5300
vn 0.8548 -0.4087 -0.3197
vn 0.9286 -0.3540 0.1109
vn 0.6741 0.6588 -0.3341
vn 0.7285 -0.0444 -0.6836
vn 0.6112 0.5065 -0.6082
vn 0.5915 0.5173 -0.6184
vn 0.6005 0.7960 -0.0769
vn 0.3681 0.7008 -0.6110
vn 0.5795 0.2339 -0.7807
vn 0.1044 0.7510 -0.6519
vn 0.5240 0.5714 0.6316
vn 0.8635 0.3714 0.3411
vn 0.6834 -0.4997 0.5322
vn 0.5772 0.8155 0.0428
vn 0.5790 0.2433 -0.7782
vn 0.5800 -0.5397 0.6102
vn 0.4850 -0.8351 0.2596
vn 0.6485 0.5352 0.5413
vn 0.7677 0.5380 -0.3481
vn 0.6795 0.5992 -0.4233
vn 0.5354 0.7372 -0.4121
vn 0.1602 0.5949 -0.7877
vn 0.7423 -0.5692 -0.3535
vn 0.8137 -0.4893 -0.3139
vn 0.7934 0.5106 -0.3313
vn 0.5539 -0.8106 -0.1901
vn 0.6609 -0.0473 -0.7490
vn 0.8422 -0.0702 0.5346
vn 0.8748 0.4697 0.1183
vn 0.9694 -0.0944 0.2267
vn 0.7665 -0.5047 -0.3972
vn 0.4191 0.8723 -0.2519
vn 0.9688 -0.2465 -0.0237
vn 0.9687 -0.2472 -0.0235
vn 0.9688 -0.2468 -0.0241
vn 0.9689 -0.2453 -0.0321
vn 0.5619 -0.7794 -0.2770
vn 0.6634 0.7282 0.1724
vn 0.7308 0.6727 0.1156
vn 0.9673 -0.2024 -0.1528
vn 0.5705 -0.0678 -0.8185
vn 0.7140 0.1678 -0.6798
vn 0.7121 -0.6254 0.3190
vn 0.9736 -0.0643 -0.2191
vn 0.9675 -0.1499 -0.2036
vn 0.7422 0.6699 0.0195
vn 0.6081 0.7194 -0.3356
vn 0.7044 0.4757 -0.5268
vn -0.9099 0.4056 0.0874
vn -0.9058 -0.2965 0.3028
vn -0.8867 -0.4144 -0.2048
vn -0.7824 0.3269 0.5300
vn -0.1327 -0.9912 -0.0023
vn -0.4919 -0.3892 -0.7788
vn -0.2787 0.5754 0.7689
vn -0.6574 0.5103 0.5544
vn -0.4655 -0.7762 0.4252
vn -0.9774 0.2094 -0.0283
vn -0.7055 0.6210 0.3416
vn -0.4045 0.7604 0.5081
vn -0.9791 0.0220 0.2023
vn -0.7315 -0.6555 -0.1877
vn -0.7973 -0.5229 -0.3014
vn -0.1855 0.9825 0.0183
vn -0.4024 -0.8110 -0.4247
vn -0.9744 -0.0120 -0.2246
vn -0.7014 0.4899 -0.5178
vn -0.5876 0.2727 -0.7618
vn -0.6784 0.1551 -0.7182
vn -0.7914 -0.0490 -0.6094
vn 0.0645 0.3708 0.9265
vn -0.1860 -0.0958 0.9779
vn -0.7057 0.3012 0.6413
vn -0.0470 -0.0341 0.9983
vn -0.4997 -0.4310 0.7514
vn -0.0125 0.0767 -0.9970
vn -0.7590 -0.1391 -0.6361
vn -0.0715 -0.2247 -0.9718
vn 0.0044 -1.0000 0.0041
vn 0.0044 -1.0000 0.0042
vn -0.2802 0.4691 -0.8375
vn -0.1294 0.2231 -0.9662
vn -0.3920 0.6538 -0.6472
vn -0.3211 -0.0173 -0.9469
vn -0.1309 0.4890 -0.8624
vn -0.0278 0.9453 -0.3250
vn 0.0163 0.0437 -0.9989
vn -0.1574 0.0850 -0.9839
vn 0.1097 0.0205 -0.9938
vn 0.1145 0.5952 0.7954
vn 0.1391 0.9863 0.0887
vn -0.1441 -0.3079 0.9404
vn 0.2827 0.7640 0.5800
vn 0.3759 0.1090 0.9202
vn 0.6661 -0.1489 0.7309
vn 0.6794 -0.1644 0.7151
vn 0.6628 -0.1444 0.7348
vn -0.0546 0.0986 -0.9936
vn 0.2809 -0.0231 -0.9595
vn 0.1157 -0.2796 -0.9531
vn 0.0548 0.5390 0.8405
vn 0.7984 0.3195 0.5105
vn 0.4560 -0.5975 0.6595
vn 0.8525 0.0212 -0.5223
vn 0.1165 0.9926 -0.0339
vn 0.8985 0.2394 -0.3679
vn 0.8910 -0.2433 -0.3833
vn 0.1189 -0.2286 -0.9662
vn 0.4391 -0.2012 -0.8756
vn 0.7791 -0.1484 0.6091
vn 0.5901 0.5117 0.6244
vn 0.6316 0.6143 0.4730
vn 0.8616 0.4975 0.1010
vn 0.5944 0.5832 -0.5538
vn 0.9909 -0.1214 -0.0584
vn 0.9575 -0.0677 0.2805
vn 0.8280 0.5084 -0.2365
vn 0.8222 0.4106 -0.3941
vn 0.8045 0.5889 -0.0771
vn 0.8054 -0.4667 -0.3655
vn 0.6682 -0.7103 -0.2211
vn 0.6127 -0.7715 -0.1716
vn 0.9438 -0.0121 0.3302
vn 0.8361 -0.3713 -0.4039
vn -0.9513 -0.1335 -0.2778
vn -0.7124 -0.3092 -0.6300
vn 0.8179 -0.2546 0.5159
vn -0.2921 0.0628 -0.9543
vn -0.5908 -0.2564 -0.7650
vn 0.6696 -0.2148 -0.7110
vn 0.4199 0.2722 0.8658
vn 0.4971 0.3419 0.7975
vn 0.6186 0.4553 0.6404
vn 0.2345 0.9708 0.0504
vn -0.9433 -0.3135 -0.1093
vn -0.9731 0.0462 -0.2259
vn -0.2560 0.8909 0.3751
vn -0.3212 0.0312 -0.9465
vn -0.0410 0.9528 -0.3008
vn -0.8065 -0.0670 -0.5874
vn -0.3451 -0.2255 -0.9111
vn -0.1734 0.8175 -0.5492
vn -0.2746 0.5398 -0.7958
vn 0.1940 0.9656 -0.1730
vn -0.0090 -0.2511 0.9679
vn 0.7826 -0.3586 0.5088
vn 0.3769 0.9239 0.0660
vn 0.3112 0.0457 -0.9492
vn 0.3606 0.3241 0.8746
vn 0.0478 -0.0253 0.9985
vn -0.0150 0.0350 -0.9993
vn 0.0049 0.0594 -0.9982
vn 0.0072 0.0607 -0.9981
vn 0.1010 0.9883 0.1142
vn 0.7366 -0.2649 0.6223
vn 0.9948 0.0831 0.0589
vn 0.9166 -0.3975 -0.0431
vn 0.7592 -0.2960 -0.5797
vn -0.5850 -0.0827 0.8068
vn -0.8536 0.3355 0.3984
vn -0.9869 -0.1593 0.0271
vn -0.3629 0.7828 -0.5055
vn -0.3635 0.7826 -0.5055
vn -0.3631 0.7827 -0.5055
vn -0.6201 0.3823 -0.6851
vn -0.0620 -0.9928 0.1022
vn -0.8894 -0.3780 0.2570
vn -0.7826 0.6133 0.1072
vn -0.6886 -0.6269 -0.3643
vn -0.6236 -0.5163 -0.5871
vn -0.7050 -0.7017 -0.1029
vn -0.9318 -0.2254 0.2844
vn -0.2386 0.2475 0.9390
vn -0.5051 0.6136 0.6069
vn -0.2458 0.5876 0.7709
vn -0.5409 0.6124 0.5765
vn -0.0013 0.5758 0.8176
vn -0.3143 0.0214 0.9491
vn -0.0317 -0.9994 0.0153
vn -0.2355 0.9511 0.2000
vn -0.2279 0.7690 -0.5973
vn -0.4499 0.8462 -0.2853
vn -0.2499 -0.4541 -0.8552
vn -0.4016 -0.2712 -0.8747
vn -0.4313 0.5832 -0.6884
vn -0.5041 0.6169 -0.6044
vn -0.0203 0.0720 0.9972
vn -0.1618 -0.4083 0.8984
vn -0.4767 -0.3032 0.8251
vn 0.1985 -0.7079 0.6779
vn 0.4469 0.4615 0.7664
vn 0.1246 0.5428 0.8305
vn 0.2695 0.9500 -0.1577
vn 0.3946 0.7688 -0.5032
vn 0.0933 -0.0779 -0.9926
vn 0.1668 -0.3813 -0.9093
vn 0.3488 0.5214 -0.7788
vn 0.0576 -0.7794 -0.6239
vn 0.1208 -0.0793 -0.9895
vn -0.0370 0.6425 -0.7654
vn 0.3293 0.2141 -0.9196
vn 0.0062 -0.9998 -0.0187
vn -0.0018 -0.9998 -0.0185
vn -0.0022 -0.9998 -0.0192
vn -0.4287 0.3970 -0.8115
vn 0.3542 0.2520 0.9006
vn 0.0873 0.7929 0.6031
vn 0.7909 0.6077 0.0714
vn 0.6405 0.0267 0.7675
vn 0.5383 0.4529 0.7107
vn 0.6593 0.7326 -0.1692
vn 0.9115 -0.2108 -0.3531
vn 0.9214 -0.2309 -0.3127
vn 0.7553 -0.3001 0.5827
vn 0.5735 0.7068 -0.4142
vn 0.6800 -0.3566 -0.6406
vn 0.8046 0.3562 -0.4752
vn 0.8446 0.0514 -0.5330
vn 0.4352 -0.8482 0.3020
vn -0.0224 -0.9995 -0.0239
vn 0.8853 -0.1462 0.4415
vn 0.9714 0.2365 -0.0217
vn -0.9172 -0.0455 0.3959
vn -0.7777 0.0602 0.6257
vn -0.7588 -0.5676 0.3193
vn -0.7059 0.0534 0.7063
vn -0.9352 0.3032 -0.1831
vn -0.7860 -0.5816 0.2098
vn -0.7117 0.1144 0.6931
vn -0.7597 0.4817 0.4368
vn -0.8739 -0.1155 0.4722
vn 0.0132 -0.9997 -0.0183
vn -0.9596 -0.2747 0.0612
vn -0.8381 0.4892 -0.2413
vn -0.6109 -0.6859 -0.3953
vn -0.9204 0.3872 -0.0534
vn -0.8565 -0.3962 -0.3308
vn -0.9366 -0.0361 -0.3486
vn -0.8974 -0.1241 -0.4235
vn -0.7353 0.2559 -0.6276
vn -0.7140 0.2667 0.6474
vn -0.5558 0.5702 0.6049
vn -0.8970 0.1960 -0.3963
vn -0.8529 0.0312 -0.5212
vn -0.7951 -0.0942 -0.5992
vn -0.6585 0.7124 -0.2427
vn -0.2942 -0.5409 0.7880
vn -0.4609 0.2968 0.8363
vn 0.0282 0.9955 -0.0903
vn -0.6459 0.3834 0.6601
vn -0.5807 0.0206 0.8139
vn -0.4464 0.0672 0.8923
vn -0.3400 0.0498 0.9391
vn -0.4272 0.0630 0.9020
vn -0.9346 -0.0801 0.3465
vn -0.8889 -0.3176 0.3303
vn -0.3701 0.3817 0.8469
vn 0.3012 0.8566 -0.4190
vn -0.7229 0.6779 0.1334
vn -0.9502 0.0110 0.3113
vn -0.9962 0.0875 0.0034
vn -0.5213 -0.8524 -0.0408
vn -0.1098 0.9871 0.1169
vn -0.9799 0.0402 -0.1956
vn -0.7425 -0.6278 -0.2336
vn 0.1364 0.2327 -0.9629
vn -0.5981 0.0827 -0.7972
vn -0.4181 -0.0671 -0.9059
vn -0.5028 0.0217 0.8642
vn -0.4991 -0.6424 0.5816
vn -0.9429 -0.3245 0.0752
vn -0.9401 0.3358 0.0588
vn -0.0614 -0.9943 -0.0872
vn -0.6066 0.7765 -0.1703
vn -0.7783 -0.6250 0.0603
vn -0.6574 -0.5619 0.5020
vn -0.7621 -0.5592 -0.3262
vn -0.2614 0.9337 0.2445
vn -0.4184 0.6067 -0.6759
vn -0.5509 -0.0008 -0.8345
vn -0.5497 0.0214 -0.8351
vn -0.7880 -0.3363 -0.5157
vn -0.7627 -0.5180 -0.3873
vn -0.0946 0.6575 -0.7475
vn -0.6265 -0.0887 0.7743
vn -0.2225 0.4568 0.8613
vn -0.4913 0.4999 0.7133
vn -0.2506 -0.8603 0.4439
vn 0.3036 0.9105 0.2807
vn -0.3321 -0.6302 -0.7018
vn -0.4198 -0.1220 -0.8994
vn -0.4418 0.8874 0.1314
vn -0.0461 -0.9983 -0.0361
vn -0.4749 0.3195 -0.8200
vn -0.3982 -0.1302 -0.9080
vn -0.7449 -0.2537 -0.6171
vn 0.1123 0.7366 0.6670
vn 0.1038 0.8620 0.4962
vn -0.3987 -0.2628 0.8786
vn -0.5634 0.4688 0.6803
vn -0.4420 -0.1847 0.8778
vn 0.2901 0.7296 -0.6192
vn -0.8317 -0.1431 -0.5365
vn 0.1970 0.5432 -0.8162
vn 0.3519 -0.1948 -0.9155
vn -0.5881 -0.6077 -0.5337
vn 0.2018 0.5720 -0.7950
vn 0.2319 -0.2295 -0.9453
vn -0.6085 0.1014 -0.7871
vn -0.0486 -0.0802 0.9956
vn -0.0060 0.8275 0.5615
vn -0.0420 0.9940 -0.1006
vn -0.0252 0.2764 -0.9607
vn 0.4807 0.7590 0.4391
vn 0.0357 0.2299 0.9726
vn -0.0989 0.9885 0.1142
vn 0.0450 -0.1152 0.9923
vn -0.0072 -0.9998 0.0167
vn 0.0140 -0.9989 0.0454
vn 0.0013 -0.9996 0.0282
vn 0.7238 -0.2280 0.6512
vn -0.2181 -0.4853 0.8467
vn 0.7704 -0.2144 0.6004
vn 0.7728 -0.2160 0.5968
vn 0.7724 -0.2157 0.5973
vn 0.6330 0.5954 0.4947
vn 0.3362 0.8052 0.4885
vn 0.7739 -0.2042 0.5996
vn 0.7937 -0.1131 0.5977
vn 0.9786 0.0315 -0.2034
vn 0.9066 0.3911 -0.1583
vn 0.8081 -0.5644 -0.1689
vn 0.0353 0.3014 -0.9529
vn 0.9231 0.2928 -0.2491
vn 0.5477 0.2865 -0.7861
vn 0.7412 0.3031 -0.5989
vn -0.0256 -0.9996 -0.0135
vn 0.0673 -0.7426 0.6664
vn 0.1014 -0.2635 0.9593
vn 0.3910 -0.4001 0.8289
vn 0.4089 -0.2623 0.8741
vn 0.4113 0.1197 0.9036
vn -0.1148 -0.0528 0.9920
vn -0.1138 -0.4274 0.8969
vn -0.0968 -0.0901 0.9912
vn -0.0706 -0.0774 0.9945
vn -0.1160 -0.0994 0.9883
vn -0.1481 -0.1149 0.9823
vn 0.5719 0.0492 0.8188
vn 0.0318 0.9666 -0.2543
vn 0.0227 0.3901 -0.9205
vn 0.6938 0.4742 -0.5420
vn -0.9412 0.3338 0.0518
vn -0.9404 0.3360 0.0529
vn -0.9414 0.3333 0.0515
vn -0.0127 -0.9999 0.0070
vn -0.0129 -0.9999 0.0070
vn -0.0126 -0.9999 0.0070
vn 0.1979 0.0490 -0.9790
vn 0.7719 0.2984 0.5614
vn 0.1315 -0.7123 -0.6894
vn 0.1483 -0.1167 -0.9820
vn -0.0744 0.9752 -0.2087
vn 0.1842 0.0234 -0.9826
vn 0.2106 -0.2379 -0.9482
vn 0.1950 -0.4888 -0.8503
vn 0.1585 -0.7308 -0.6639
vn 0.7783 0.6279 -0.0060
vn 0.5688 0.7386 -0.3620
vn 0.6400 0.3276 -0.6951
vn 0.4241 0.7257 -0.5417
vn 0.6716 -0.3737 0.6398
vn 0.2673 -0.8923 0.3639
vn 0.1014 -0.9896 0.1025
vn 0.5038 0.4141 0.7581
vn 0.1740 -0.9307 0.3217
vn 0.9929 0.1037 0.0576
vn -0.4116 0.5077 -0.7569
vn 0.6850 0.0388 -0.7275
vn 0.4118 -0.8698 -0.2717
vn 0.6297 -0.5395 -0.5589
vn 0.3136 0.4392 -0.8419
vn 0.0707 -0.7147 -0.6958
vn 0.7805 0.0939 -0.6181
vn 0.9080 -0.0595 -0.4146
vn 0.8007 -0.4553 0.3894
vn 0.7414 0.2265 0.6317
vn 0.7471 -0.5826 0.3200
vn 0.9118 0.3368 0.2348
vn 0.9817 0.0598 0.1807
vn 0.8394 -0.3752 0.3933
vn 0.8856 -0.2018 0.4184
vn 0.8567 0.5145 -0.0357
vn 0.9089 -0.4171 0.0013
vn 0.9216 0.3879 -0.0158
vn 0.9087 0.1383 -0.3940
vn 0.6337 0.4132 -0.6540
vn 0.7336 0.1634 -0.6596
vn 0.8720 0.4365 -0.2215
vn -0.8610 0.2529 0.4413
vn -0.4057 -0.9104 0.0810
vn -0.9905 -0.1226 0.0631
vn -0.8368 0.2069 0.5070
vn -0.9498 -0.0369 0.3107
vn -0.8481 0.4651 -0.2540
vn -0.9536 0.2714 0.1304
vn -0.5161 0.7955 0.3175
vn -0.5190 0.7878 0.3318
vn -0.5134 0.8009 0.3081
vn -0.8346 -0.5075 -0.2142
vn -0.8392 0.3180 -0.4411
vn -0.8799 0.4552 -0.1361
vn -0.5390 0.8370 -0.0944
vn -0.8345 -0.1509 -0.5299
vn -0.8051 0.0830 -0.5873
vn -0.0318 -0.9990 -0.0324
vn -0.6676 0.6852 0.2912
vn -0.5774 0.7808 0.2387
vn -0.6093 0.0017 -0.7930
vn -0.3208 -0.5518 0.7698
vn -0.3917 -0.6094 0.6894
vn -0.4719 -0.6678 0.5757
vn -0.6842 -0.4270 0.5912
vn -0.4978 0.7427 0.4479
vn -0.7423 0.3795 0.5522
vn -0.9656 -0.2553 0.0497
vn -0.9612 -0.2700 0.0570
vn -0.9644 -0.2595 0.0517
vn -0.8762 0.0512 -0.4791
vn -0.8162 0.0749 -0.5729
vn -0.2184 -0.1702 0.9609
vn 0.0604 -0.9973 0.0411
vn -0.6534 -0.5767 0.4903
vn -0.5270 -0.6521 0.5450
vn -0.6575 -0.4570 0.5991
vn -0.6738 0.4859 0.5566
vn -0.5403 0.3635 0.7589
vn -0.7155 0.5280 0.4575
vn -0.9476 -0.0610 0.3135
vn -0.5696 -0.7988 -0.1934
vn -0.6484 0.7555 0.0938
vn -0.7806 0.6031 0.1637
vn -0.7527 0.6554 -0.0624
vn -0.6473 -0.3105 -0.6962
vn -0.0961 0.6585 -0.7464
vn -0.3147 0.5572 0.7684
vn -0.0754 0.7256 0.6840
vn -0.2505 -0.5702 0.7824
vn -0.5515 0.6547 0.5170
vn -0.1523 -0.6695 0.7270
vn -0.8571 -0.5096 0.0754
vn -0.9959 0.0302 0.0853
vn -0.6881 0.2908 0.6648
vn -0.9237 -0.3810 0.0402
vn -0.1349 -0.9888 0.0643
vn -0.0781 -0.9947 0.0663
vn -0.0978 -0.9931 0.0643
vn 0.0782 -0.9969 0.0040
vn -0.8197 -0.1054 -0.5630
vn -0.7332 0.5258 -0.4311
vn -0.3235 0.5612 -0.7618
vn -0.7280 0.5325 -0.4319
vn -0.2271 0.5140 -0.8272
vn -0.3767 -0.7342 -0.5648
vn -0.1439 -0.7509 0.6446
vn -0.0472 -0.6598 0.7500
vn 0.3111 -0.7023 0.6403
vn -0.3072 -0.6690 0.6768
vn 0.3925 -0.2573 0.8830
vn 0.5786 0.6316 -0.5161
vn 0.3654 0.7326 -0.5743
vn 0.4240 0.6837 -0.5940
vn 0.1513 -0.2295 -0.9615
vn 0.3124 -0.7170 0.6232
vn -0.0002 -0.1784 0.9840
vn 0.0360 -0.5092 0.8599
vn 0.1270 0.6743 0.7274
vn -0.1675 0.0637 0.9838
vn -0.1881 0.5073 0.8410
vn -0.4439 -0.8723 -0.2053
vn 0.0668 0.6613 0.7471
vn -0.3948 0.8814 0.2594
vn -0.1351 0.9597 -0.2462
vn -0.0086 -0.9999 0.0098
vn -0.6394 0.5492 -0.5381
vn 0.0287 0.4890 -0.8718
vn 0.0331 -0.0218 -0.9992
vn -0.2724 -0.1232 -0.9543
vn 0.2758 0.0600 -0.9593
vn 0.4112 0.2493 0.8768
vn 0.9107 -0.3948 -0.1218
vn 0.2093 -0.9776 -0.0224
vn -0.0334 -0.9994 0.0074
vn 0.7622 0.4089 0.5018
vn 0.6912 -0.6543 0.3069
vn 0.8240 0.4369 0.3608
vn 0.9419 -0.0533 0.3315
vn 0.8553 -0.5026 0.1255
vn 0.8699 -0.4595 0.1792
vn 0.8013 0.5121 0.3094
vn 0.9102 -0.3685 0.1891
vn 0.9649 0.2336 0.1199
vn 0.5587 -0.6005 -0.5721
vn 0.4810 -0.7387 -0.4722
vn 0.7186 0.3692 -0.5894
vn 0.5664 0.4361 -0.6993
vn 0.2839 -0.1296 -0.9501
vn 0.2636 -0.4781 0.8378
vn 0.0980 -0.4575 0.8838
vn -0.0123 -0.3482 0.9373
vn -0.0077 -0.3472 0.9378
vn -0.0127 -0.3479 0.9374
vn 0.7741 -0.6140 0.1543
vn 0.2948 0.5908 0.7510
vn -0.0094 0.9935 0.1139
vn 0.5944 -0.2683 0.7581
vn 0.3200 -0.9166 0.2395
vn 0.7808 0.4690 -0.4128
vn 0.6273 0.7529 -0.1994
vn 0.7524 0.5495 -0.3632
vn 0.7140 -0.2372 -0.6587
vn 0.9047 0.0929 -0.4158
vn 0.0354 0.7157 -0.6975
vn 0.3157 -0.7313 -0.6046
vn 0.8208 -0.0090 -0.5712
vn 0.8129 0.3073 -0.4947
vn 0.7609 0.6467 -0.0526
vn 0.0268 -0.9989 0.0386
vn 0.6608 0.6588 0.3596
vn 0.9726 -0.1733 0.1547
vn -0.0126 0.9999 0.0077
vn 0.3501 -0.6669 -0.6578
vn 0.2344 0.8950 -0.3794
vn 0.3237 -0.7574 -0.5670
vn 0.3203 -0.7591 -0.5667
vn 0.3191 -0.7598 -0.5665
vn 0.1774 -0.3762 -0.9094
vn 0.3143 -0.5196 -0.7945
vn 0.3753 -0.5818 -0.7216
vn 0.9897 0.1345 -0.0495
vn 0.9909 -0.0191 -0.1331
vn 0.4979 0.6186 0.6078
vn 0.8117 -0.2823 0.5113
vn 0.6064 0.7949 -0.0216
vn 0.8899 0.4465 0.0930
vn 0.6759 0.1691 -0.7173
vn -0.9447 -0.0710 -0.3202
vn -0.7228 0.5821 -0.3724
vn -0.8182 -0.1537 0.5541
vn -0.7157 0.1915 0.6716
vn -0.6981 0.6875 -0.2003
vn -0.7972 0.1990 -0.5700
vn -0.8607 -0.0189 -0.5088
vn -0.1700 -0.9746 0.1457
vn -0.3525 0.2740 0.8948
vn -0.5579 -0.0367 0.8291
vn -0.4388 0.1530 0.8855
vn -0.0124 -0.9998 0.0175
vn 0.0023 -0.9999 0.0117
vn -0.0116 -0.9998 0.0137
vn -0.9022 0.4312 -0.0123
vn -0.9578 -0.0823 0.2755
vn -0.9562 -0.1282 0.2633
vn -0.4993 -0.7005 -0.5100
vn -0.1908 0.6068 -0.7717
vn -0.6821 -0.4475 0.5783
vn -0.3881 0.2442 0.8886
vn -0.6636 0.6294 0.4043
vn -0.6536 0.6043 0.4556
vn -0.6665 0.6840 0.2964
vn -0.7397 0.6449 -0.1922
vn -0.9663 0.1462 -0.2117
vn -0.4845 -0.8608 0.1559
vn -0.8627 -0.4331 0.2613
vn -0.8116 -0.5750 0.1033
vn -0.9673 -0.2270 0.1133
vn -0.9615 0.1687 0.2169
vn -0.0179 -0.9998 0.0099
vn -0.0032 -1.0000 -0.0070
vn -0.0076 -1.0000 -0.0017
vn -0.8779 -0.2398 -0.4145
vn -0.7445 0.5819 -0.3273
vn -0.2919 0.9564 -0.0012
vn -0.5887 0.3361 -0.7352
vn -0.4749 -0.7223 -0.5028
vn -0.9216 0.3185 0.2219
vn 0.1829 -0.0084 0.9831
vn -0.6108 -0.7870 0.0868
vn -0.1876 -0.2900 0.9384
vn -0.3111 0.8708 0.3807
vn -0.9079 0.4039 0.1124
vn -0.8756 -0.4097 0.2559
vn -0.6141 0.7381 -0.2794
vn -0.0595 0.4114 -0.9095
vn -0.3343 -0.7182 -0.6102
vn -0.1016 -0.6382 -0.7632
vn -0.0828 0.7283 -0.6802
vn -0.0829 0.7284 -0.6801
vn -0.4158 -0.0025 -0.9094
vn -0.2309 0.1496 -0.9614
vn -0.1478 0.1430 0.9786
vn -0.5779 0.1898 0.7937
vn -0.2450 0.2809 0.9279
vn -0.3810 0.4990 0.7784
vn -0.6191 0.4422 0.6490
vn -0.1497 0.5174 0.8425
vn -0.2170 -0.2579 0.9415
vn -0.3504 0.6019 0.7176
vn -0.3923 0.5853 0.7096
vn -0.5581 -0.4065 0.7234
vn -0.5639 -0.4036 0.7205
vn -0.5576 -0.4065 0.7237
vn -0.7895 0.4692 0.3956
vn -0.9250 -0.1904 0.3287
vn -0.6277 -0.0186 -0.7783
vn -0.5367 0.0885 -0.8391
vn -0.3681 -0.0952 -0.9249
vn -0.6011 -0.7772 -0.1860
vn -0.5574 -0.4121 -0.7208
vn -0.1622 0.8796 -0.4473
vn -0.6697 0.7058 0.2311
vn -0.5659 0.2450 -0.7873
vn 0.0996 0.5232 -0.8464
vn -0.5177 0.5469 -0.6580
vn -0.2725 0.6956 -0.6648
vn -0.1553 0.6612 -0.7340
vn -0.3024 0.7024 -0.6443
vn -0.2830 -0.7065 -0.6486
vn -0.0961 0.6068 -0.7890
vn -0.2776 0.4565 0.8453
vn -0.1110 0.6964 0.7090
vn 0.0493 -0.7320 0.6795
vn 0.0651 -0.1239 0.9901
vn -0.2377 0.2572 -0.9367
vn 0.1877 0.6810 -0.7078
vn 0.0936 -0.7065 -0.7015
vn 0.3557 0.8622 -0.3607
vn 0.1718 0.5715 -0.8024
vn 0.0099 -0.9997 -0.0226
vn -0.1653 -0.1463 0.9753
vn 0.0982 0.4416 0.8918
vn -0.0236 -0.7945 0.6068
vn -0.0182 -0.8164 0.5772
vn -0.0124 -0.8354 0.5494
vn 0.0500 -0.3355 0.9407
vn 0.0660 0.6157 0.7852
vn 0.2907 -0.0457 0.9557
vn 0.1894 -0.1359 0.9725
vn 0.3123 0.6670 0.6765
vn 0.4065 -0.0149 -0.9135
vn 0.1681 0.6455 -0.7450
vn 0.1841 0.6621 -0.7264
vn 0.4072 0.6803 -0.6095
vn 0.4594 0.6778 -0.5740
vn 0.0757 -0.4094 -0.9092
vn 0.2431 0.6004 -0.7618
vn 0.1346 -0.7227 -0.6780
vn 0.2572 -0.1977 -0.9459
vn 0.4370 -0.4337 -0.7880
vn 0.1470 -0.0118 -0.9891
vn 0.1124 0.7638 -0.6356
vn 0.4642 -0.1032 0.8797
vn 0.3196 0.7113 0.6260
vn 0.8831 0.3030 0.3583
vn 0.8149 0.1900 0.5476
vn 0.3884 -0.3240 0.8627
vn 0.6846 0.6780 0.2677
vn 0.5227 -0.8512 0.0480
vn 0.8260 -0.0119 0.5636
vn 0.3024 0.1603 -0.9396
vn 0.3933 -0.9185 -0.0404
vn 0.5115 0.6512 -0.5607
vn 0.8533 -0.4488 -0.2654
vn 0.6173 0.6611 -0.4265
vn 0.6908 -0.2499 0.6785
vn 0.6285 0.5774 0.5212
vn 0.6173 0.5663 0.5460
vn 0.5370 0.4376 0.7212
vn 0.3193 -0.2084 0.9245
vn 0.9720 -0.0635 0.2263
vn 0.5935 0.4746 -0.6500
vn 0.3866 -0.8838 -0.2634
vn 0.3347 -0.3035 -0.8921
vn 0.4439 -0.3558 -0.8224
vn 0.6430 0.6438 -0.4148
vn 0.4751 0.4992 -0.7246
vn 0.9229 0.2683 0.2762
vn 0.7510 0.6455 0.1392
vn 0.5118 -0.8584 -0.0355
vn 0.9867 -0.1455 0.0730
vn 0.7233 0.1858 -0.6651
vn 0.7005 0.5054 0.5039
vn 0.6492 0.4153 0.6372
vn 0.9095 0.3259 0.2580
vn 0.9638 0.2607 -0.0559
vn 0.9846 -0.1733 -0.0240
vn 0.7230 -0.1874 -0.6650
vn 0.6077 0.7181 -0.3391
vn 0.4457 -0.8942 -0.0428
vn 0.6901 0.4558 -0.5621
vn 0.5425 -0.2259 -0.8091
vn 0.5475 -0.8332 0.0777
vn 0.9908 -0.0709 0.1157
vn 0.8356 0.5413 0.0935
vn 0.6324 0.7023 -0.3269
vn -0.9593 0.0929 0.2667
vn -0.1177 -0.9928 0.0220
vn -0.7662 -0.3850 0.5145
vn -0.7888 -0.3122 0.5294
vn -0.9114 -0.2285 -0.3423
vn -0.8895 0.4130 -0.1954
vn -0.8189 0.0068 0.5739
vn -0.9978 -0.0656 0.0113
vn -0.7402 0.6265 0.2441
vn -0.7130 0.0242 -0.7007
vn -0.7141 0.0206 -0.6998
vn -0.7114 0.0226 -0.7025
vn -0.6322 -0.4471 0.6328
vn -0.6162 0.4638 0.6366
vn -0.7917 0.2584 0.5535
vn -0.8157 0.2293 0.5310
vn -0.8368 0.2055 0.5075
vn -0.9369 -0.3447 0.0575
vn -0.8740 -0.4856 0.0202
vn -0.6186 -0.7823 -0.0731
vn -0.7369 0.5991 -0.3131
vn -0.7387 0.5955 -0.3159
vn -0.7422 0.5881 -0.3214
vn -0.2779 -0.9167 0.2872
vn -0.2970 0.7517 0.5888
vn -0.6017 0.7193 0.3472
vn -0.9328 0.3529 -0.0727
vn -0.8845 -0.4638 -0.0500
vn -0.4415 0.8721 -0.2110
vn -0.9197 -0.3893 -0.0499
vn -0.3126 0.0104 -0.9498
vn -0.5103 0.6327 -0.5826
vn -0.1324 -0.7063 0.6954
vn -0.5054 0.4673 0.7254
vn -0.4981 0.4950 0.7119
vn -0.4777 -0.6889 0.5452
vn -0.6645 0.6354 0.3933
vn -0.6272 0.4698 0.6213
vn -0.8770 0.1948 -0.4393
vn -0.7428 0.2434 -0.6237
vn -0.8515 0.2076 -0.4816
vn -0.6431 -0.3692 -0.6709
vn -0.7330 -0.3884 -0.5585
vn -0.4421 -0.3133 -0.8405
vn -0.8074 0.4845 -0.3366
vn -0.3405 0.0708 -0.9376
vn -0.6125 -0.2007 -0.7646
vn -0.5580 -0.0854 -0.8254
vn -0.3638 -0.1550 0.9185
vn -0.5199 0.5661 0.6397
vn -0.5383 -0.8212 0.1892
vn -0.0711 -0.5311 0.8443
vn -0.4122 -0.3371 0.8464
vn -0.1647 -0.4870 0.8577
vn -0.6085 0.6755 0.4164
vn -0.7177 0.5521 -0.4245
vn -0.4327 0.1374 -0.8910
vn -0.0721 0.1704 0.9827
vn -0.2301 0.6168 0.7527
vn -0.0056 0.9989 0.0456
vn -0.7502 -0.0381 -0.6601
vn -0.1928 0.8820 -0.4300
vn -0.0631 0.5837 -0.8095
vn -0.3478 -0.2830 -0.8938
vn -0.1042 0.9903 -0.0918
vn 0.0856 0.6848 -0.7237
vn -0.0649 0.7499 -0.6583
vn -0.1655 -0.1514 -0.9745
vn 0.2566 0.0568 0.9648
vn 0.2970 0.0019 0.9549
vn -0.3395 0.1888 0.9215
vn -0.4199 0.2268 0.8788
vn -0.2663 0.1539 0.9515
vn 0.6058 0.4273 0.6711
vn 0.5120 -0.6785 0.5267
vn 0.4764 -0.6396 0.6034
vn 0.4249 -0.5840 0.6917
vn 0.0810 0.7483 0.6584
vn 0.1478 0.5062 -0.8497
vn 0.1018 -0.6014 -0.7924
vn -0.0655 0.8946 -0.4421
vn -0.0651 0.8948 -0.4418
vn -0.0655 0.8945 -0.4422
vn 0.4903 0.4630 -0.7384
vn 0.1919 0.5262 -0.8285
vn -0.4237 -0.1844 -0.8868
vn 0.0578 -0.9972 -0.0466
vn 0.2021 0.4563 -0.8666
vn 0.0381 0.1424 0.9891
vn 0.3021 0.4898 0.8178
vn -0.3815 -0.4722 0.7947
vn -0.3815 -0.4718 0.7949
vn -0.0112 -0.9999 0.0027
vn -0.0020 -0.9991 0.0417
vn -0.0154 -0.9998 -0.0119
vn -0.0279 -0.1577 0.9871
vn 0.3004 -0.0523 0.9524
vn 0.6283 0.4948 0.6004
vn 0.6002 -0.2885 -0.7460
vn -0.3356 0.1827 -0.9241
vn 0.1140 -0.2731 -0.9552
vn -0.3873 0.2053 -0.8988
vn 0.8903 0.0805 -0.4482
vn 0.8006 0.0534 -0.5968
vn 0.7132 0.0324 -0.7002
vn 0.5045 -0.2734 -0.8190
vn 0.1453 -0.5986 -0.7877
vn 0.2711 -0.5026 -0.8209
vn 0.0578 0.7224 -0.6890
vn 0.4245 -0.7148 0.5558
vn 0.8282 -0.4825 0.2850
vn 0.7540 0.5368 0.3786
vn 0.7819 0.4833 -0.3938
vn 0.9269 -0.3734 -0.0370
vn 0.9248 -0.3790 -0.0335
vn 0.9273 -0.3725 -0.0377
vn 0.9965 0.0615 0.0574
vn 0.6892 -0.6491 -0.3220
vn 0.7235 0.5427 -0.4267
vn 0.7937 -0.4214 -0.4387
vn 0.8052 -0.3639 -0.4683
vn 0.6743 -0.1444 -0.7242
vn 0.2973 0.6930 -0.6568
vn 0.4125 -0.4317 0.8022
vn 0.6573 0.3847 0.6481
vn 0.9161 -0.1841 0.3563
vn 0.7874 -0.4708 0.3980
vn 0.2271 0.9597 0.1657
vn 0.1978 0.9712 0.1330
vn 0.1872 0.9753 0.1175
vn 0.6820 -0.2344 -0.6928
vn 0.9921 -0.0933 0.0833
vn 0.9185 0.3137 -0.2407
vn 0.8091 -0.4053 -0.4256
vn 0.3649 0.7800 -0.5083
vn 0.2654 0.8993 -0.3475
vn 0.7567 0.3270 -0.5660
vn 0.7815 -0.1365 0.6088
vn 0.0374 -0.9986 0.0373
vn 0.6652 0.6235 0.4107
vn 0.7800 0.6238 0.0506
vn 0.8179 0.5429 -0.1905
vn 0.5141 0.1260 -0.8484
vn 0.7371 0.2259 -0.6370
vn 0.5619 0.1402 -0.8152
vn 0.6730 -0.3345 -0.6597
vn 0.3471 0.6945 -0.6302
vn 0.6339 -0.0933 -0.7678
vn 0.3435 0.7266 -0.5950
vn 0.6428 -0.0319 -0.7654
vn 0.9219 -0.1465 0.3586
vn 0.8400 0.5426 0.0014
vn 0.8898 -0.2159 -0.4020
vn -0.9023 0.4251 -0.0721
vn -0.1733 0.9838 -0.0466
vn 0.4014 -0.0871 0.9118
vn 0.9677 -0.2512 0.0212
vn 0.9677 -0.2512 0.0213
vn 0.0448 0.7976 0.6015
vn 0.6811 0.7138 0.1629
vn 0.6364 0.7152 -0.2889
vn 0.4878 -0.2480 -0.8370
vn 0.4192 -0.1319 -0.8983
vn 0.3042 0.8995 -0.3137
vn 0.9677 -0.2513 0.0213
vn -0.9559 -0.2609 0.1351
vn -0.8332 -0.3879 -0.3941
vn -0.7857 -0.2982 0.5420
vn -0.7006 -0.2364 0.6732
vn -0.2763 0.9595 0.0558
vn -0.9542 0.0507 -0.2949
vn -0.0102 0.9986 0.0513
vn 0.1249 0.9729 0.1944
vn -0.9008 0.1083 0.4205
vn -0.5864 -0.8008 -0.1218
vn -0.5938 0.0246 0.8042
vn -0.4250 -0.7614 0.4896
vn -0.0185 0.1124 -0.9935
vn -0.0296 0.1033 -0.9942
vn -0.0173 0.1134 -0.9934
vn -0.6333 -0.5121 -0.5802
vn -0.2440 0.9549 -0.1691
vn -0.6707 -0.2083 -0.7119
vn -0.2089 -0.3056 0.9290
vn 0.8313 -0.3893 0.3967
vn 0.8158 -0.5406 0.2056
vn 0.9367 -0.3011 -0.1786
vn 0.3480 0.0427 -0.9365
vn 0.3712 -0.0513 0.9271
vn 0.3592 -0.0466 0.9321
vn -0.0010 0.9671 -0.2546
vn 0.0900 0.1569 0.9835
vn 0.0964 0.9949 -0.0308
vn 0.0966 0.9948 -0.0309
vn 0.0965 0.9949 -0.0308
vn 0.8320 0.4973 -0.2457
vn 0.0768 0.9953 -0.0593
vn 0.3009 0.0075 -0.9536
vn -0.0934 0.9293 -0.3574
vn 0.0162 0.9167 -0.3992
vn 0.1969 0.8686 -0.4546
vn 0.9963 -0.0762 0.0387
vn 0.5404 -0.3268 -0.7754
vn 0.9746 -0.2186 -0.0496
vn 0.8727 -0.3847 -0.3005
vn -0.0233 0.9985 0.0491
vn 0.1967 0.8656 -0.4605
vn -0.7477 -0.5940 0.2969
vn -0.7076 0.2813 0.6482
vn -0.7832 0.3712 0.4988
vn -0.6079 -0.7821 0.1372
vn -0.6480 -0.7576 0.0785
vn -0.8234 0.5554 0.1162
vn -0.9657 -0.0209 -0.2587
vn -0.9773 0.0688 -0.2005
vn -0.8841 -0.2503 -0.3947
vn -0.7107 -0.5932 -0.3783
vn -0.8831 0.4569 0.1067
vn -0.8084 0.1815 -0.5599
vn -0.8936 0.1210 -0.4323
vn -0.8038 0.1832 -0.5660
vn -0.4842 -0.1531 0.8614
vn -0.7923 -0.3600 0.4926
vn -0.0010 -1.0000 -0.0003
vn -0.0126 -0.9999 0.0030
vn -0.0107 -0.9999 0.0009
vn -0.7022 -0.7059 -0.0923
vn -0.6463 0.3846 -0.6591
vn -0.0220 -0.9995 -0.0246
vn -0.3008 -0.6580 -0.6903
vn -0.4439 0.7817 0.4381
vn -0.6956 -0.1365 0.7053
vn -0.6939 0.3244 0.6429
vn -0.1555 0.9773 0.1440
vn -0.5573 -0.0539 0.8285
vn -0.5575 -0.0539 0.8285
vn -0.5574 -0.0539 0.8285
vn -0.9416 0.1463 0.3033
vn -0.9269 0.0135 -0.3750
vn -0.8727 0.2145 -0.4386
vn -0.9621 0.2047 -0.1804
vn -0.5895 0.5014 -0.6333
vn -0.0739 0.4832 -0.8724
vn 0.0081 -0.9993 -0.0379
vn -0.7441 -0.6176 -0.2546
vn -0.2645 0.9289 -0.2592
vn -0.2208 0.9478 -0.2300
vn -0.2830 0.9212 -0.2671
vn -0.7314 -0.2900 -0.6172
vn -0.3280 0.7390 -0.5885
vn -0.4045 0.1523 0.9017
vn -0.4983 -0.8459 0.1901
vn -0.4521 -0.8308 0.3246
vn -0.2103 0.5963 0.7748
vn -0.8093 0.5684 -0.1479
vn -0.8315 0.4893 -0.2630
vn -0.7997 -0.4789 -0.3620
vn -0.8031 -0.4796 -0.3535
vn -0.7995 -0.4790 -0.3625
vn -0.3701 0.9288 -0.0185
vn -0.3698 0.9289 -0.0185
vn -0.9309 0.3650 0.0152
vn -0.4168 0.9004 -0.1247
vn -0.4824 0.0359 -0.8752
vn -0.6810 0.2439 -0.6904
vn 0.0374 -0.5877 0.8082
vn -0.3538 0.8349 0.4217
vn 0.0666 -0.1996 0.9776
vn 0.1040 -0.0957 0.9900
vn -0.6785 0.0370 0.7337
vn -0.2505 -0.0139 -0.9680
vn -0.1719 0.4831 -0.8585
vn -0.2931 -0.2098 -0.9328
vn -0.2415 -0.2173 -0.9458
vn -0.2952 -0.2108 -0.9319
vn -0.2680 -0.7088 -0.6525
vn -0.0512 -0.4362 -0.8984
vn -0.7765 -0.3657 0.5131
vn -0.7555 -0.4758 0.4503
vn -0.5624 -0.8144 0.1429
vn -0.1185 0.5596 0.8202
vn -0.1899 0.0213 0.9816
vn -0.2894 0.8748 0.3886
vn -0.3487 0.1321 -0.9279
vn -0.3958 0.7681 -0.5035
vn -0.5222 0.6645 -0.5346
vn 0.0202 0.5010 -0.8652
vn -0.0058 0.6805 0.7327
vn 0.3819 0.2396 0.8926
vn 0.9915 -0.0738 0.1067
vn 0.4229 -0.0072 0.9062
vn 0.1057 -0.9857 0.1311
vn 0.0963 -0.6122 -0.7848
vn 0.5740 -0.3754 -0.7278
vn 0.6184 0.1529 -0.7708
vn 0.6587 0.0810 -0.7481
vn 0.7043 -0.0212 -0.7096
vn -0.0270 0.2040 0.9786
vn 0.0380 0.0127 0.9992
vn 0.2366 0.4702 0.8503
vn 0.8115 0.1383 0.5677
vn 0.3171 -0.6989 0.6412
vn 0.0474 0.7282 0.6837
vn 0.7173 -0.5080 0.4769
vn 0.1543 0.9312 0.3302
vn 0.9669 -0.0916 0.2380
vn 0.4730 0.8704 -0.1364
vn 0.5171 0.5274 -0.6741
vn 0.3583 0.2617 -0.8962
vn 0.2263 -0.0177 -0.9739
vn -0.0027 -0.9995 0.0327
vn -0.1384 0.7641 -0.6301
vn 0.4006 -0.1310 -0.9068
vn -0.0598 -0.9735 0.2208
vn 0.8312 -0.2901 0.4743
vn 0.5361 -0.7167 0.4461
vn 0.4308 -0.7999 0.4178
vn 0.0879 0.6332 0.7690
vn 0.4796 0.6923 0.5391
vn 0.6489 0.5974 0.4712
vn 0.6542 0.5937 0.4686
vn 0.5423 -0.6884 0.4817
vn 0.9145 0.4038 -0.0249
vn 0.9659 -0.1272 0.2254
vn 0.8148 -0.0280 -0.5791
vn 0.0192 -0.9982 0.0569
vn 0.7475 -0.4636 -0.4757
vn 0.5904 -0.3171 -0.7422
vn 0.4157 0.6945 -0.5873
vn 0.7137 -0.1010 -0.6931
vn 0.7145 -0.1010 -0.6923
vn 0.7141 -0.1011 -0.6927
vn 0.2266 0.2981 -0.9273
vn 0.5640 -0.4320 -0.7038
vn 0.4832 -0.6836 -0.5470
vn 0.1617 -0.7829 -0.6008
vn 0.3972 -0.7196 -0.5696
vn 0.1446 0.8091 -0.5695
vn 0.7134 -0.1074 0.6925
vn -0.0026 -0.9998 0.0177
vn 0.0002 -0.9999 0.0126
vn -0.0028 -0.9998 0.0180
vn 0.4914 0.6469 0.5831
vn 0.8146 0.5552 0.1678
vn 0.7112 0.5833 0.3922
vn 0.6031 0.7747 -0.1901
vn 0.6723 0.7394 0.0358
vn 0.5806 -0.5451 -0.6048
vn 0.7043 -0.4799 0.5231
vn 0.7045 -0.4779 0.5246
vn 0.7043 -0.4801 0.5229
vn 0.4659 0.8638 -0.1916
vn 0.5356 0.5936 -0.6006
vn 0.8418 -0.4826 -0.2417
vn 0.7973 -0.3205 0.5114
vn 0.4898 0.7173 0.4956
vn 0.6772 0.6024 0.4226
vn 0.9692 0.1883 0.1585
vn 0.7533 0.5139 0.4104
vn 0.9197 -0.3260 0.2189
vn 0.7505 0.1439 -0.6450
vn 0.6228 0.6070 -0.4936
vn 0.9001 0.3145 0.3015
vn 0.9859 -0.0881 -0.1421
vn 0.4833 0.7516 -0.4489
vn 0.8826 -0.1214 0.4542
vn 0.7540 0.6553 -0.0461
vn -0.9356 0.3407 0.0928
vn -0.9361 -0.3404 0.0890
vn -0.8328 0.5517 0.0454
vn -0.7908 0.6121 0.0009
vn -0.7058 -0.6104 -0.3596
vn -0.8016 -0.5979 -0.0058
vn -0.7055 -0.6082 -0.3639
vn -0.7649 -0.6178 -0.1826
vn -0.4305 -0.4050 -0.8066
vn -0.4094 0.6117 -0.6769
vn -0.3697 0.6339 -0.6793
vn -0.5664 0.5120 -0.6458
vn -0.8897 0.4007 -0.2185
vn -0.7435 -0.2466 0.6217
vn -0.4043 0.7383 0.5399
vn -0.8047 0.3768 0.4587
vn -0.7837 0.6067 0.1334
vn -0.4555 0.4116 0.7894
vn -0.7306 -0.2121 0.6490
vn -0.8523 0.3164 0.4165
vn -0.8519 0.3232 0.4122
vn -0.8524 0.3927 0.3452
vn -0.3549 -0.9193 0.1701
vn -0.3764 -0.9035 0.2048
vn -0.7878 -0.6154 -0.0260
vn -0.8845 -0.3898 0.2562
vn -0.8451 0.2717 -0.4605
vn -0.8019 0.4181 -0.4267
vn -0.8051 0.4333 -0.4050
vn -0.8085 0.4433 -0.3871
vn -0.8264 -0.1297 -0.5479
vn -0.8768 -0.0533 0.4778
vn -0.6571 0.2536 0.7098
vn -0.1809 -0.9828 -0.0362
vn -0.7338 0.6751 -0.0758
vn -0.8765 0.1149 -0.4674
vn -0.1318 0.5215 0.8430
vn -0.3381 0.0285 0.9407
vn -0.2566 0.6689 0.6977
vn 0.1548 -0.2628 0.9524
vn -0.5981 0.7932 0.1145
vn -0.6611 0.5559 0.5039
vn -0.5255 0.3690 0.7666
vn -0.9804 0.1890 -0.0564
vn -0.8227 0.3308 -0.4622
vn -0.8516 0.4263 0.3050
vn -0.8500 0.4261 0.3096
vn -0.7244 0.0840 -0.6843
vn -0.3201 -0.6746 -0.6652
vn -0.2297 -0.6078 -0.7602
vn -0.2301 -0.6077 -0.7601
vn -0.3459 0.1270 -0.9296
vn -0.6203 0.4061 0.6710
vn -0.1740 0.7655 0.6195
vn -0.7830 0.6218 0.0128
vn -0.8180 -0.5737 0.0411
vn -0.9077 -0.1782 0.3799
vn 0.0747 -0.9968 -0.0277
vn -0.9002 0.3949 -0.1837
vn -0.7200 -0.4458 -0.5319
vn -0.9501 0.3060 -0.0615
vn -0.2090 0.1717 -0.9627
vn -0.7763 -0.4992 -0.3849
vn -0.5020 -0.1888 -0.8440
vn -0.7310 0.4531 -0.5102
vn -0.5930 0.2773 -0.7560
vn -0.5876 0.5847 -0.5593
vn -0.0964 -0.2661 0.9591
vn 0.1223 0.5350 0.8360
vn -0.2941 -0.8015 0.5207
vn 0.3953 0.2267 0.8901
vn -0.0774 -0.7313 0.6776
vn -0.0476 0.4405 0.8965
vn -0.2811 -0.0262 0.9593
vn 0.0775 0.8693 0.4882
vn 0.0675 0.4343 -0.8982
vn 0.2276 0.1032 -0.9683
vn -0.0856 0.4134 -0.9065
vn 0.0421 -0.9179 -0.3947
vn -0.0066 0.4199 -0.9075
vn 0.0964 -0.1291 -0.9869
vn 0.3318 -0.0711 -0.9407
vn 0.3283 0.3073 -0.8932
vn 0.0698 0.0635 -0.9955
vn 0.1748 -0.2631 -0.9488
vn -0.0205 -0.8537 0.5204
vn -0.6710 0.3520 0.6526
vn -0.2992 -0.5544 0.7766
vn -0.2753 0.7454 0.6071
vn -0.2640 0.6962 0.6675
vn -0.2813 0.7737 0.5677
vn 0.0452 -0.1695 0.9845
vn -0.6577 0.3982 0.6395
vn 0.0287 0.9404 -0.3390
vn -0.2907 0.6390 -0.7122
vn -0.1728 -0.8275 -0.5342
vn -0.5601 -0.2489 -0.7901
vn -0.3209 -0.7930 -0.5178
vn 0.2270 0.5845 -0.7790
vn 0.1830 0.8272 -0.5312
vn -0.3617 0.0499 -0.9310
vn -0.1420 -0.1248 -0.9820
vn -0.4731 0.1454 -0.8689
vn 0.6861 -0.4037 0.6052
vn 0.3913 0.4584 0.7980
vn 0.2919 -0.2568 0.9213
vn 0.5832 0.5432 0.6040
vn 0.3599 -0.8538 0.3762
vn 0.4576 0.5886 0.6665
vn 0.3142 0.7466 0.5865
vn 0.6428 -0.5229 0.5599
vn 0.8431 0.5031 0.1900
vn 0.7899 0.4881 0.3712
vn 0.7900 0.4881 0.3710
vn 0.7914 0.4882 0.3679
vn 0.8465 0.5303 0.0472
vn 0.6351 0.0128 0.7723
vn 0.3417 -0.9383 -0.0536
vn 0.7241 -0.6801 0.1143
vn 0.4462 0.8046 0.3919
vn 0.7897 0.4881 0.3716
vn 0.4104 -0.8755 -0.2552
vn 0.7785 -0.5083 -0.3681
vn 0.5251 0.5408 -0.6571
vn 0.6225 0.3010 -0.7225
vn 0.7694 0.4666 -0.4363
vn 0.0203 -0.9041 -0.4269
vn 0.4830 0.6474 -0.5896
vn 0.2167 0.7312 -0.6468
vn 0.5115 0.0925 -0.8543
vn 0.3650 0.1259 -0.9225
vn 0.4301 0.6792 -0.5947
vn 0.0456 0.6321 0.7735
vn 0.4616 0.4107 0.7863
vn 0.4772 -0.5253 0.7045
vn 0.3936 -0.8811 0.2620
vn 0.8980 -0.2596 0.3553
vn 0.1794 0.0627 0.9818
vn 0.4611 0.5465 0.6991
vn 0.7875 0.5379 0.3008
vn 0.4260 -0.7977 0.4268
vn 0.8594 -0.4977 -0.1171
vn 0.5495 0.5516 -0.6275
vn 0.9048 -0.2764 -0.3240
vn 0.4782 0.2771 -0.8334
vn 0.6426 -0.1029 -0.7593
vn 0.1995 0.7783 -0.5954
vn 0.9502 -0.3015 -0.0787
vn 0.6730 -0.2218 0.7056
vn 0.7064 -0.7077 0.0094
vn 0.4632 -0.8411 0.2792
vn 0.8737 -0.4555 -0.1709
vn 0.9924 -0.0336 -0.1182
vn 0.7706 -0.3329 -0.5435
vn 0.7130 0.5339 -0.4546
vn 0.7185 0.6584 -0.2242
vn 0.7110 0.6858 -0.1553
vn 0.8194 -0.1465 0.5543
vn 0.8492 -0.5173 -0.1062
vn 0.6758 0.7371 0.0015
vn 0.6996 -0.0718 -0.7109
vn 0.2431 0.3747 -0.8947
vn 0.7743 -0.1530 -0.6140
vn 0.9691 -0.1106 0.2203
vn 0.8169 0.4400 -0.3729
vn 0.7155 -0.5908 -0.3729
vn 0.1563 -0.9844 0.0806
vn 0.9232 0.2520 0.2902
vn 0.8918 0.0311 -0.4513
vn -0.9439 -0.2694 -0.1911
vn -0.1692 0.9852 -0.0279
vn -0.9941 -0.0725 -0.0805
vn -0.7275 -0.6126 -0.3090
vn -0.0742 0.9969 -0.0278
vn -0.5557 -0.3589 0.7500
vn -0.1123 0.9892 0.0938
vn -0.1238 0.9871 0.1013
vn -0.1149 0.9888 0.0956
vn 0.5912 0.7982 0.1154
vn -0.8978 -0.3290 -0.2927
vn -0.8624 0.3052 0.4039
vn 0.4949 0.7780 0.3869
vn 0.2124 -0.0967 0.9724
vn 0.1199 0.8900 -0.4400
vn -0.2171 -0.0572 0.9745
vn -0.1335 0.9830 0.1259
vn -0.2716 -0.4192 -0.8663
vn -0.1702 -0.2078 -0.9633
vn -0.3837 0.9205 0.0740
vn 0.4175 -0.1748 0.8917
vn -0.5331 0.7427 -0.4053
vn 0.2052 0.8534 0.4792
vn 0.7365 0.2732 0.6189
vn 0.8594 -0.2924 0.4193
vn 0.9006 0.3867 0.1985
vn -0.9606 0.0486 0.2738
vn -0.0762 0.8402 0.5368
vn -0.3068 0.9450 -0.1133
vn -0.0673 -0.3474 -0.9353
vn 0.2970 -0.4191 0.8580
vn 0.2474 -0.4990 0.8305
vn 0.3724 -0.2777 0.8855
vn 0.5275 -0.3334 -0.7814
vn 0.8240 -0.4851 0.2927
vn 0.3040 0.9484 0.0901
vn 0.6987 -0.1046 0.7077
vn 0.5464 0.7509 0.3710
vn 0.9416 -0.3093 -0.1331
vn 0.9744 -0.1679 0.1495
vn -0.9527 0.0782 0.2938
vn 0.0753 0.9520 0.2968
vn 0.7921 -0.1002 -0.6022
vn -0.8181 -0.5451 0.1831
vn -0.9233 0.2686 -0.2746
vn -0.9142 0.3962 0.0851
vn -0.9076 0.2363 -0.3471
vn -0.4854 0.8706 0.0803
vn -0.9714 0.0773 -0.2247
vn -0.9788 0.1613 -0.1260
vn -0.9409 0.3271 0.0875
vn -0.9937 -0.0608 0.0939
vn -0.7087 0.6268 -0.3239
vn -0.8042 0.1026 -0.5854
vn -0.8918 -0.0709 -0.4468
vn -0.9139 -0.3914 -0.1076
vn -0.7498 0.0588 -0.6591
vn -0.0352 -0.9977 0.0587
vn -0.7675 0.6395 0.0448
vn -0.6320 0.5419 -0.5540
vn -0.7106 0.2792 -0.6458
vn -0.0746 -0.3950 0.9157
vn 0.0170 -0.9849 0.1724
vn -0.0181 -0.8678 0.4967
vn -0.5289 0.7425 0.4111
vn -0.5007 0.7572 0.4195
vn -0.4715 0.7713 0.4275
vn -0.4976 0.1823 0.8481
vn -0.7703 -0.2505 0.5863
vn 0.0184 0.9997 -0.0141
vn -0.8987 0.1314 0.4185
vn -0.9397 0.2908 -0.1801
vn -0.8524 -0.3061 -0.4239
vn -0.2887 0.8654 -0.4095
vn -0.2703 -0.2488 -0.9301
vn -0.5782 -0.4444 -0.6843
vn -0.3596 -0.3056 -0.8817
vn -0.8551 0.3100 -0.4155
vn -0.9857 -0.1658 0.0314
vn -0.7814 0.0191 -0.6237
vn -0.2580 -0.4648 -0.8470
vn -0.5899 0.5364 -0.6035
vn -0.7217 -0.6609 -0.2059
vn -0.2013 0.0459 0.9785
vn -0.2021 0.0448 0.9784
vn -0.2058 0.0385 0.9778
vn -0.5301 0.6301 0.5674
vn -0.4863 0.7657 0.4209
vn -0.6809 0.2572 0.6858
vn -0.7391 0.6315 0.2343
vn -0.5775 -0.8163 0.0152
vn -0.6991 0.7084 0.0971
vn -0.4374 0.6678 -0.6023
vn -0.4838 0.8687 -0.1060
vn -0.5852 -0.0735 -0.8076
vn -0.5563 -0.3989 -0.7290
vn -0.5859 -0.0933 -0.8050
vn -0.5047 0.4327 -0.7470
vn -0.8744 -0.1851 -0.4485
vn -0.4644 0.8445 -0.2668
vn -0.2828 0.1394 -0.9490
vn -0.2433 0.0753 -0.9670
vn -0.2545 0.0969 -0.9622
vn -0.0896 0.0451 0.9950
vn 0.0373 -0.9988 -0.0328
vn -0.8429 0.3883 0.3724
vn -0.8140 0.3085 0.4922
vn -0.8516 0.4327 0.2958
vn 0.1479 0.9556 0.2548
vn -0.5998 -0.2825 -0.7486
vn -0.6053 -0.2476 -0.7565
vn -0.2288 -0.9288 -0.2916
vn 0.1555 -0.9844 -0.0823
vn -0.3002 0.5897 -0.7498
vn -0.0611 0.6637 -0.7455
vn -0.0041 -0.9998 0.0184
vn 0.1289 0.5328 -0.8364
vn 0.0313 0.5065 -0.8616
vn 0.0030 0.4979 -0.8672
vn 0.0245 -0.0539 -0.9982
vn -0.2067 0.0369 0.9777
vn 0.3150 -0.0492 0.9478
vn 0.2331 -0.2195 0.9474
vn -0.0115 -0.6166 0.7872
vn 0.0234 0.6071 0.7943
vn -0.3029 -0.7413 0.5990
vn -0.7836 0.2293 0.5774
vn -0.6330 0.3695 0.6803
vn -0.9121 0.0420 0.4078
vn -0.1031 -0.4552 0.8844
vn -0.3245 0.4221 0.8465
vn -0.0819 0.3799 0.9214
vn -0.2004 -0.3997 0.8945
vn 0.3013 -0.1266 -0.9451
vn -0.4450 0.6334 -0.6331
vn -0.0879 0.7658 -0.6370
vn 0.2370 -0.2954 -0.9255
vn -0.2232 0.0433 -0.9738
vn 0.0312 -0.9994 0.0169
vn 0.3045 -0.0813 0.9490
vn 0.3082 -0.0857 0.9474
vn 0.3060 -0.0831 0.9484
vn 0.8455 -0.1569 0.5103
vn 0.8228 -0.0834 0.5621
vn 0.7273 0.2749 0.6289
vn 0.9056 0.0918 0.4141
vn 0.9147 0.1024 0.3909
vn 0.8615 0.0489 0.5054
vn 0.0048 -1.0000 -0.0043
vn 0.0050 -1.0000 -0.0014
vn 0.0045 -1.0000 0.0016
vn 0.3572 -0.9270 0.1140
vn -0.4759 0.6590 -0.5824
vn 0.8370 -0.5419 0.0763
vn -0.0103 0.3983 -0.9172
vn -0.0207 0.2453 -0.9692
vn 0.0729 -0.0760 -0.9944
vn 0.3760 -0.6616 -0.6487
vn 0.0674 0.0191 -0.9975
vn -0.0737 0.3016 -0.9506
vn -0.0029 0.0904 -0.9959
vn 0.1021 -0.1301 -0.9862
vn 0.8505 -0.5166 -0.0990
vn 0.2233 -0.0852 -0.9710
vn 0.5572 0.6050 0.5688
vn 0.3484 0.6896 0.6349
vn -0.0818 -0.3820 0.9205
vn 0.7310 -0.6628 0.1622
vn 0.3465 0.7496 0.5639
vn 0.8897 -0.3880 0.2408
vn 0.8782 -0.3632 0.3113
vn 0.5968 0.1811 0.7817
vn 0.6534 0.6820 0.3286
vn 0.4182 0.2173 0.8820
vn 0.9019 -0.2284 0.3667
vn 0.7541 0.6567 -0.0089
vn 0.9459 0.2322 -0.2266
vn 0.7358 -0.6772 -0.0026
vn 0.4148 0.9074 -0.0670
vn 0.7303 0.6783 0.0814
vn 0.3654 0.9202 0.1401
vn 0.3862 0.8453 -0.3691
vn 0.5497 -0.3057 -0.7774
vn 0.5757 0.2962 -0.7621
vn 0.2871 0.1940 -0.9381
vn 0.0199 0.6713 -0.7409
vn 0.1146 0.7593 -0.6406
vn 0.1845 -0.3904 0.9020
vn 0.6731 0.0323 0.7389
vn -0.0719 0.9803 0.1839
vn 0.2810 0.7811 0.5577
vn 0.9449 0.1432 0.2942
vn 0.9863 -0.1256 0.1068
vn 0.9403 -0.3404 -0.0005
vn 0.9133 0.3092 -0.2650
vn 0.8768 0.0822 -0.4737
vn 0.9543 0.2310 -0.1896
vn 0.7965 -0.0608 -0.6016
vn 0.4214 -0.7901 -0.4452
vn 0.6920 -0.4525 -0.5625
vn 0.8655 -0.2344 -0.4427
vn 0.9182 -0.3953 -0.0245
vn 0.9974 0.0084 -0.0715
vn 0.7239 0.4833 -0.4924
vn 0.3282 -0.8332 -0.4450
vn 0.3542 -0.3940 -0.8481
vn 0.1695 0.3245 -0.9306
vn 0.6056 0.0801 0.7917
vn 0.6707 0.2366 0.7030
vn 0.6918 0.7177 0.0793
vn 0.8144 -0.3635 0.4523
vn 0.7514 0.6551 -0.0792
vn 0.9447 -0.2952 -0.1429
vn 0.8485 0.3501 0.3968
vn 0.7616 -0.6148 0.2049
vn 0.7203 0.3861 0.5763
vn 0.6762 0.7285 0.1101
vn 0.9343 0.2960 0.1986
vn 0.7019 -0.6880 0.1843
vn 0.3446 0.9345 -0.0893
vn 0.6990 0.6427 -0.3135
vn 0.4986 -0.5632 -0.6589
vn 0.4064 0.8299 -0.3823
vn 0.9250 -0.1952 0.3260
vn 0.9120 -0.4085 0.0376
vn -0.7883 -0.2905 0.5424
vn -0.3932 0.1894 0.8997
vn -0.6786 -0.7132 0.1754
vn -0.8253 0.4708 0.3118
vn -0.7943 -0.2845 0.5368
vn -0.9537 -0.2808 0.1078
vn -0.8590 0.4346 0.2706
vn -0.9250 0.2303 -0.3021
vn -0.9823 0.0593 -0.1778
vn -0.8895 -0.1901 -0.4156
vn -0.8486 -0.5269 0.0485
vn -0.9852 0.1698 0.0240
vn -0.6848 0.0168 -0.7285
vn -0.5802 -0.1027 -0.8079
vn -0.7898 0.6130 0.0234
vn -0.9436 -0.2570 -0.2089
vn -0.6279 0.2980 0.7190
vn -0.5635 -0.5304 0.6334
vn -0.2712 0.7933 -0.5451
vn -0.1026 -0.9921 0.0716
vn -0.9483 0.0214 0.3165
vn -0.9938 0.1081 -0.0270
vn -0.7864 -0.0352 0.6167
vn -0.8830 0.0083 -0.4694
vn 0.1605 0.9859 -0.0465
vn 0.5212 0.5967 -0.6102
vn -0.4999 -0.6463 -0.5765
vn 0.4184 0.8700 0.2609
vn -0.4276 0.3422 -0.8367
vn -0.1492 -0.9862 0.0711
vn -0.1483 -0.9864 0.0710
vn -0.1497 -0.9862 0.0711
vn -0.6857 0.7177 0.1216
vn -0.1499 -0.9861 0.0711
vn -0.9527 -0.0451 -0.3004
vn -0.5372 0.0951 -0.8381
vn -0.5628 -0.2829 0.7767
vn -0.1726 0.3963 0.9018
vn -0.1701 0.1751 0.9698
vn -0.3593 -0.8340 0.4187
vn -0.7293 0.4440 -0.5207
vn -0.2983 0.0615 -0.9525
vn -0.7516 0.4195 0.5091
vn -0.2277 0.4523 -0.8623
vn -0.4156 0.3208 0.8511
vn -0.7096 0.6622 0.2409
vn -0.2959 -0.7424 0.6011
vn -0.5319 0.1223 0.8379
vn -0.7799 0.4102 -0.4728
vn -0.7809 0.6016 0.1682
vn -0.9096 -0.4103 -0.0663
vn -0.1395 -0.8526 -0.5036
vn -0.6321 0.2596 -0.7301
vn -0.0999 0.6580 -0.7463
vn 0.2067 -0.3351 0.9192
vn -0.2243 0.0520 0.9731
vn -0.0264 -0.5094 0.8601
vn 0.2143 0.1699 0.9619
vn 0.2160 0.1706 0.9614
vn 0.2081 0.1674 0.9637
vn 0.0450 0.9989 0.0122
vn -0.0012 0.3232 -0.9463
vn 0.0136 0.9990 0.0425
vn 0.0113 0.3159 0.9487
vn 0.0680 0.9869 0.1464
vn -0.0165 -0.9935 -0.1129
vn 0.1505 0.1848 -0.9712
vn 0.1509 -0.0051 -0.9885
vn 0.1449 0.3324 -0.9320
vn 0.0292 -0.4074 -0.9128
vn -0.0562 -0.9911 0.1205
vn -0.5113 0.4270 -0.7459
vn 0.1565 0.4085 0.8993
vn -0.9235 0.1060 0.3687
vn 0.4111 0.0845 0.9077
vn -0.2568 -0.7383 0.6237
vn -0.2449 -0.7444 0.6212
vn -0.2563 -0.7381 0.6241
vn -0.2624 0.1261 0.9567
vn -0.0919 -0.2690 -0.9587
vn -0.2830 -0.1649 -0.9448
vn -0.2310 0.9495 -0.2124
vn -0.1984 0.7997 -0.5667
vn 0.3363 -0.1025 -0.9362
vn -0.0200 -0.0200 -0.9996
vn 0.2812 -0.5112 0.8122
vn 0.2854 -0.5001 0.8176
vn 0.3151 0.3554 0.8800
vn -0.0245 -0.7253 0.6880
vn -0.0237 -0.7232 0.6902
vn -0.0249 -0.7257 0.6875
vn 0.3449 -0.0017 0.9386
vn 0.3434 0.0343 0.9386
vn 0.3314 0.1202 0.9358
vn 0.4501 -0.1766 0.8753
vn 0.2066 0.1669 0.9641
vn 0.7859 0.3953 -0.4754
vn -0.9840 0.1753 -0.0313
vn -0.9735 0.2285 -0.0003
vn 0.5089 -0.2508 -0.8235
vn 0.5500 -0.5013 -0.6680
vn 0.4315 -0.0079 -0.9021
vn 0.7405 0.0248 -0.6716
vn 0.0297 0.0335 -0.9990
vn 0.8475 0.0744 -0.5255
vn 0.7749 0.4655 0.4276
vn 0.2827 0.1120 -0.9527
vn 0.0511 -0.7112 -0.7011
vn 0.0310 -0.7709 -0.6362
vn 0.6102 0.0497 -0.7907
vn 0.5485 0.7809 0.2990
vn 0.9573 0.1460 0.2494
vn 0.9578 0.1517 0.2443
vn 0.9573 0.1456 0.2499
vn 0.6244 -0.7795 0.0512
vn 0.4549 -0.4234 0.7834
vn 0.2672 0.7855 0.5582
vn 0.5888 -0.1849 0.7868
vn 0.5933 -0.1480 0.7912
vn 0.5788 -0.2350 0.7809
vn 0.5962 -0.0996 0.7966
vn 0.5593 0.5174 0.6477
vn 0.6436 -0.0270 0.7649
vn 0.8055 0.5889 -0.0653
vn 0.8055 0.5890 -0.0657
vn 0.9582 0.1299 -0.2547
vn 0.9705 0.1037 -0.2175
vn 0.8425 -0.5124 0.1665
vn 0.7025 0.6788 -0.2137
vn 0.3097 -0.1267 -0.9423
vn 0.1904 0.4705 -0.8616
vn 0.9036 -0.1858 -0.3859
vn 0.4797 0.0646 -0.8751
vn 0.1035 0.7558 -0.6466
vn 0.2544 0.1718 -0.9517
vn 0.7811 -0.4822 0.3968
vn 0.7857 -0.4729 0.3988
vn 0.7620 -0.5184 0.3882
vn 0.7690 -0.4923 0.4077
vn -0.9489 -0.3157 -0.0003
vn -0.2191 0.8529 -0.4738
vn 0.9788 0.0489 0.1987
vn 0.3922 -0.9190 0.0390
vn 0.1020 0.9946 -0.0188
vn 0.9482 0.0519 -0.3133
vn -0.4570 0.8744 -0.1633
vn 0.8274 0.0732 -0.5568
vn 0.6665 0.1180 -0.7361
vn 0.7817 0.0847 -0.6179
vn 0.9293 0.0251 -0.3684
vn 0.0192 -0.9998 0.0066
vn 0.9158 -0.0578 0.3974
vn 0.2947 -0.9390 -0.1772
vn 0.6985 0.3518 0.6231
vn 0.6366 -0.5338 0.5566
vn 0.6366 -0.5338 0.5567
vn 0.6283 0.1494 0.7635
vn -0.0008 -0.9999 0.0128
vn 0.0014 -1.0000 0.0092
vn -0.0015 -0.9999 0.0129
vn 0.6014 0.6847 0.4116
vn 0.6055 -0.6161 0.5038
vn 0.7291 -0.6750 0.1130
vn 0.8910 0.4038 0.2076
vn 0.8958 0.3926 0.2083
vn 0.8930 0.3991 0.2079
vn 0.8681 0.3734 -0.3271
vn 0.8983 0.3688 0.2388
vn 0.9937 0.0805 0.0786
vn 0.9851 0.1051 0.1358
vn 0.9961 0.0701 0.0538
vn 0.8712 -0.3947 -0.2920
vn 0.8516 0.3901 -0.3500
vn 0.8792 0.4447 -0.1709
vn 0.6468 0.2324 -0.7264
vn 0.6002 0.4523 -0.6597
vn 0.5580 0.4823 -0.6753
vn 0.5533 0.4850 -0.6772
vn 0.9482 0.2946 -0.1193
vn -0.2188 -0.9757 0.0102
vn -0.9952 0.0874 -0.0448
vn -0.7414 0.6447 -0.1862
vn -0.9238 0.3109 -0.2234
vn -0.3349 -0.0642 0.9401
vn -0.2587 0.7526 0.6056
vn -0.7758 0.2644 0.5729
vn -0.9732 -0.1846 0.1372
vn -0.8355 0.5480 -0.0408
vn -0.6425 -0.7661 0.0172
vn -0.7757 -0.2954 0.5577
vn -0.8698 0.4264 0.2483
vn -0.6752 -0.2956 -0.6758
vn -0.8326 -0.4456 -0.3290
vn -0.5638 -0.0235 -0.8256
vn -0.2027 0.6736 0.7107
vn 0.1464 0.1826 0.9722
vn -0.3482 0.4574 0.8182
vn -0.2172 -0.6020 0.7684
vn -0.1511 -0.6974 0.7005
vn -0.6784 -0.1927 0.7090
vn -0.0641 0.5308 0.8450
vn -0.7219 0.3212 -0.6129
vn -0.0759 0.9567 0.2809
vn 0.3401 -0.4624 -0.8189
vn -0.6001 0.5961 -0.5334
vn 0.0201 -0.7798 -0.6257
vn 0.1916 0.4673 0.8631
vn 0.2608 0.5640 0.7835
vn 0.6649 -0.6080 0.4340
vn 0.6643 -0.6085 0.4340
vn 0.6645 -0.6084 0.4340
vn 0.6139 0.0779 0.7855
vn 0.6490 0.2813 0.7069
vn 0.2854 -0.5165 -0.8073
vn 0.3096 0.9449 0.1060
vn 0.3667 0.4556 -0.8112
vn 0.7883 0.4371 -0.4329
vn 0.2514 -0.4289 -0.8677
vn 0.0887 0.0218 -0.9958
vn 0.9407 -0.0302 -0.3379
vn 0.2306 0.3997 -0.8872
vn 0.0749 0.0711 -0.9947
vn 0.2103 0.3807 -0.9005
vn 0.1882 0.4363 -0.8799
vn 0.1883 0.4347 -0.8807
vn 0.1806 0.5647 0.8053
vn 0.6241 0.5912 0.5109
vn 0.3506 -0.7745 0.5265
vn 0.9293 -0.3589 -0.0877
vn 0.7762 0.2907 0.5595
vn 0.8007 -0.4494 -0.3962
vn 0.8983 0.4383 -0.0300
vn 0.9204 0.1906 0.3414
vn 0.9338 0.2877 0.2126
vn 0.7734 0.6339 0.0043
vn 0.8957 0.0700 -0.4390
vn -0.8921 0.2867 0.3492
vn -0.3646 -0.9310 0.0189
vn -0.4764 -0.8788 0.0285
vn -0.9965 0.0421 0.0721
vn -0.7078 0.6772 -0.2011
vn -0.8356 0.1681 -0.5230
vn -0.9032 0.3622 -0.2303
vn -0.7628 0.0659 -0.6433
vn -0.2667 0.2736 0.9241
vn -0.7724 0.3860 0.5044
vn -0.6635 0.7056 -0.2488
vn -0.8871 -0.2945 0.3555
vn -0.5973 -0.5111 0.6181
vn -0.0293 -0.9996 -0.0032
vn -0.0306 -0.9995 -0.0040
vn -0.8931 0.2568 -0.3694
vn -0.7067 0.7029 -0.0804
vn -0.6674 -0.7398 -0.0854
vn -0.2510 -0.6981 -0.6705
vn -0.4274 -0.6071 -0.6699
vn -0.7950 0.0010 -0.6066
vn -0.5307 -0.5677 -0.6293
vn -0.9607 0.0681 -0.2690
vn -0.5616 -0.1381 -0.8158
vn -0.2648 0.6265 -0.7331
vn -0.2201 0.6071 0.7635
vn 0.5673 -0.5878 0.5768
vn 0.2511 0.6482 0.7189
vn -0.1057 -0.6213 0.7764
vn -0.3744 -0.7917 0.4827
vn -0.1051 0.9621 0.2517
vn -0.4333 0.7215 0.5401
vn 0.2460 0.2444 0.9379
vn -0.6108 0.3737 0.6981
vn -0.5159 0.4067 -0.7540
vn -0.1510 0.6208 -0.7693
vn -0.1087 0.6375 -0.7627
vn -0.2875 0.5523 -0.7825
vn -0.4416 -0.5093 -0.7387
vn -0.1587 -0.7317 -0.6629
vn 0.0167 0.6815 -0.7317
vn -0.4703 -0.4949 -0.7307
vn 0.0650 -0.4178 -0.9062
vn -0.2735 0.3436 -0.8984
vn 0.0161 -0.9674 0.2527
vn 0.2134 0.5677 0.7951
vn 0.7053 -0.0096 0.7089
vn 0.6770 0.3947 0.6212
vn 0.9832 0.1710 -0.0635
vn 0.7790 0.4477 0.4389
vn 0.6887 0.5541 0.4676
vn 0.6988 -0.7152 0.0079
vn 0.7022 0.5624 -0.4366
vn 0.7399 -0.6439 -0.1950
vn 0.2517 0.9434 0.2162
vn 0.6915 0.5926 -0.4130
vn 0.6171 -0.7710 -0.1573
vn 0.5231 0.0263 -0.8518
vn 0.4391 0.7084 -0.5526
vn 0.9880 0.0073 0.1544
vn 0.0942 0.5908 -0.8013
vn -0.3714 0.6579 -0.6552
vn 0.6335 0.2660 -0.7266
vn 0.5945 -0.0925 0.7987
vn 0.6961 0.6910 0.1948
vn 0.6956 0.6914 0.1951
vn 0.6909 0.6954 0.1976
vn 0.6034 -0.4482 0.6595
vn 0.6795 -0.4686 0.5645
vn 0.8868 0.4118 -0.2097
vn 0.4366 0.6923 -0.5745
vn 0.6430 0.7190 -0.2637
vn 0.0603 -0.9970 -0.0489
vn 0.0613 -0.9969 -0.0489
vn 0.0611 -0.9969 -0.0490
vn 0.9622 -0.1061 0.2506
vn 0.8895 -0.0665 -0.4520
vn -0.5831 0.7430 0.3285
vn -0.6598 -0.6591 0.3610
vn -0.1646 -0.9862 0.0187
vn -0.7663 -0.5478 0.3356
vn -0.4961 0.7192 -0.4865
vn -0.9302 -0.1465 -0.3366
vn -0.8493 0.4879 -0.2017
vn -0.8419 -0.5250 -0.1248
vn -0.9148 -0.3158 0.2520
vn -0.6226 0.6289 0.4657
vn -0.8071 0.5082 0.3006
vn -0.6503 0.7492 0.1261
vn -0.9897 -0.1277 0.0644
vn -0.8131 -0.1412 0.5648
vn -0.4468 0.8927 -0.0591
vn -0.5520 0.5436 -0.6324
vn -0.5318 0.5882 -0.6093
vn -0.4241 0.2964 0.8557
vn -0.5283 0.3402 0.7779
vn -0.2451 0.2194 0.9444
vn -0.2253 -0.3482 0.9099
vn -0.9157 0.2890 0.2792
vn -0.8585 0.0424 0.5111
vn -0.1686 0.9725 0.1605
vn -0.4855 0.8539 -0.1876
vn -0.9164 -0.1784 0.3582
vn -0.1136 -0.9900 0.0834
vn -0.1107 -0.9906 0.0802
vn -0.1126 -0.9902 0.0827
vn -0.1114 -0.9904 0.0813
vn -0.9434 0.2886 0.1634
vn -0.9731 -0.0659 -0.2208
vn -0.7895 -0.1064 -0.6044
vn -0.6494 0.6701 -0.3595
vn -0.8070 -0.2622 -0.5291
vn -0.4617 0.8858 -0.0479
vn 0.0833 -0.9615 0.2620
vn -0.5981 0.0208 0.8012
vn -0.0529 -0.9927 0.1080
vn -0.6101 0.4115 -0.6771
vn 0.0083 0.2795 -0.9601
vn 0.1806 0.3757 0.9089
vn -0.0883 0.9466 0.3100
vn 0.0167 0.9792 0.2021
vn 0.6288 0.1005 0.7710
vn 0.3102 0.0746 0.9478
vn 0.9166 0.1276 0.3790
vn 0.0725 -0.8730 0.4823
vn 0.1982 0.6768 -0.7090
vn -0.1593 -0.5475 -0.8215
vn 0.4313 0.0198 -0.9020
vn 0.2319 -0.2183 -0.9479
vn -0.0472 -0.4934 -0.8685
vn 0.4247 -0.5431 0.7243
vn 0.2008 -0.6550 0.7285
vn 0.2361 -0.5920 0.7706
vn 0.2577 -0.5499 0.7945
vn 0.4304 0.7127 0.5540
vn 0.7097 0.6873 0.1548
vn 0.0751 -0.9904 0.1156
vn 0.6868 -0.3349 0.6451
vn 0.1047 0.9920 0.0701
vn 0.7525 0.1378 -0.6441
vn 0.9585 0.0875 0.2714
vn 0.8316 -0.1103 0.5443
vn 0.1347 -0.9833 -0.1226
vn 0.9151 -0.1689 0.3661
vn 0.4213 0.8863 -0.1923
vn 0.7290 0.2901 -0.6200
vn 0.8252 -0.4719 -0.3105
vn 0.5993 -0.7502 -0.2795
vn 0.5997 -0.7500 -0.2792
vn 0.4997 0.4162 -0.7596
vn 0.9288 0.1795 0.3244
vn 0.5831 -0.2881 0.7596
vn 0.6013 -0.7815 0.1664
vn 0.8188 0.5690 0.0763
vn 0.9414 0.1048 0.3206
vn 0.5989 0.7737 0.2069
vn 0.6875 -0.7059 -0.1706
vn 0.2354 -0.9460 -0.2228
vn -0.0072 -0.9998 0.0189
vn -0.0077 -0.9998 0.0207
vn -0.0061 -0.9999 0.0147
vn 0.8401 -0.5414 -0.0337
vn 0.5703 0.8031 -0.1726
vn -0.8231 0.0612 0.5646
vn -0.9882 -0.1252 0.0885
vn -0.7361 0.6769 -0.0029
vn -0.9042 0.3581 -0.2327
vn -0.6711 0.7298 -0.1302
vn -0.6606 0.5585 -0.5016
vn -0.6600 0.5582 -0.5028
vn -0.6653 0.5555 -0.4988
vn -0.5050 -0.6724 -0.5411
vn -0.7071 -0.4294 -0.5618
vn -0.7549 -0.3427 -0.5592
vn -0.7271 -0.2130 0.6526
vn -0.8103 0.5122 0.2848
vn -0.7601 -0.0822 0.6445
vn -0.6531 0.7519 0.0899
vn -0.7369 -0.2292 0.6360
vn -0.8482 0.0463 0.5276
vn -0.9794 -0.0354 -0.1988
vn -0.5967 -0.7200 -0.3544
vn -0.5622 0.7865 -0.2556
vn -0.7461 -0.6107 -0.2653
vn -0.9117 -0.3833 -0.1479
vn -0.7449 0.6061 0.2790
vn -0.6189 0.2930 -0.7288
vn -0.0122 -0.9998 -0.0151
vn -0.5003 -0.3313 -0.8000
vn -0.6931 0.5030 -0.5163
vn 0.0853 -0.9916 -0.0971
vn -0.2072 -0.8681 -0.4510
vn -0.4342 0.8279 -0.3552
vn -0.8343 0.1375 -0.5338
vn -0.4214 0.6607 -0.6212
vn -0.4449 -0.7263 -0.5240
vn -0.1306 0.5091 0.8507
vn -0.1489 0.4350 0.8880
vn -0.5615 -0.1990 0.8032
vn -0.4215 0.6139 0.6675
vn -0.2826 0.6527 0.7029
vn -0.7363 -0.3114 0.6007
vn 0.0045 -0.3248 0.9458
vn -0.3379 0.1849 0.9229
vn -0.2215 0.5530 0.8032
vn -0.8532 0.4895 0.1801
vn -0.8047 -0.0032 0.5937
vn -0.7196 -0.0564 0.6921
vn -0.6083 -0.1029 0.7870
vn -0.8384 -0.1929 0.5098
vn -0.2756 0.4142 -0.8675
vn -0.5677 -0.0913 -0.8182
vn -0.4928 0.7974 -0.3483
vn 0.1290 0.0199 -0.9914
vn -0.2195 -0.1411 0.9653
vn 0.1080 0.5719 0.8132
vn -0.1272 0.5811 0.8038
vn 0.0125 0.3808 0.9246
vn 0.0584 -0.1870 0.9806
vn 0.2261 0.6664 0.7105
vn 0.4256 0.5235 -0.7381
vn 0.3956 0.0659 -0.9161
vn 0.4383 0.0879 -0.8945
vn 0.4892 0.1163 -0.8644
vn -0.1492 -0.4567 -0.8770
vn 0.1911 0.7494 -0.6339
vn 0.1866 0.4338 -0.8815
vn -0.0387 -0.9955 -0.0860
vn 0.4720 0.4888 0.7337
vn 0.2629 -0.5825 0.7692
vn 0.7960 0.3811 0.4703
vn 0.2969 -0.8935 0.3369
vn 0.5963 0.3050 0.7426
vn 0.8069 -0.2638 0.5286
vn 0.4003 0.0093 0.9163
vn 0.7576 0.4812 0.4411
vn 0.8011 0.5932 0.0798
vn 0.3423 0.1156 0.9325
vn 0.8179 -0.3779 0.4339
vn 0.9122 -0.2884 0.2912
vn 0.8477 0.5261 -0.0675
vn 0.7968 0.5902 -0.1299
vn 0.2281 -0.7785 -0.5847
vn 0.2371 -0.7747 -0.5862
vn 0.2452 -0.7701 -0.5889
vn 0.4413 0.6184 -0.6503
vn 0.5498 0.5011 -0.6683
vn 0.6429 -0.5568 -0.5260
vn 0.2826 -0.2679 -0.9211
vn 0.3529 0.2102 -0.9117
vn -0.1094 -0.9936 -0.0282
vn 0.5988 0.5591 0.5734
vn 0.8755 0.4645 -0.1329
vn 0.6404 0.6651 -0.3841
vn 0.7018 0.4312 -0.5671
vn 0.5009 -0.7131 -0.4906
vn 0.4251 -0.4276 -0.7978
vn 0.3725 -0.2555 -0.8922
vn 0.5779 -0.8125 0.0765
vn 0.5603 0.7670 0.3127
vn 0.7042 -0.5885 0.3972
vn 0.7638 0.5964 -0.2468
vn 0.7976 0.5744 -0.1839
vn 0.8363 0.5396 -0.0975
vn 0.7091 0.4154 -0.5698
vn 0.9542 -0.2990 -0.0023
vn 0.4983 -0.8195 -0.2831
vn 0.9791 -0.1126 -0.1695
vn 0.9285 0.3063 -0.2099
vn -0.9841 -0.1166 -0.1343
vn -0.1270 0.9916 -0.0252
vn -0.1274 0.9915 -0.0251
vn -0.1270 0.9916 -0.0253
vn -0.7352 -0.1042 0.6697
vn 0.6632 0.7454 0.0673
vn -0.2133 -0.9550 0.2059
vn -0.9843 -0.1128 -0.1358
vn -0.9993 0.0227 0.0281
vn -0.6918 -0.1936 -0.6956
vn -0.2382 -0.4100 -0.8804
vn 0.5108 0.6788 -0.5275
vn -0.6438 -0.2424 0.7257
vn 0.0301 0.8929 -0.4493
vn -0.7052 0.6774 -0.2093
vn -0.3054 -0.3185 -0.8974
vn -0.5168 -0.1951 -0.8336
vn 0.4791 0.7895 0.3836
vn 0.1713 0.9418 -0.2893
vn -0.2129 -0.3969 -0.8928
vn 0.1255 -0.1269 0.9839
vn -0.1487 0.9533 0.2628
vn 0.1239 0.8934 -0.4318
vn 0.0537 -0.1361 0.9892
vn 0.4286 -0.0010 0.9035
vn 0.6409 -0.3212 -0.6971
vn -0.2559 0.0626 -0.9647
vn 0.9896 -0.0645 -0.1286
vn 0.4393 0.2043 -0.8748
vn -0.5195 0.6856 0.5100
vn 0.1159 0.9893 -0.0884
vn 0.0712 0.9973 0.0196
vn 0.9244 -0.2868 -0.2515
vn 0.9510 -0.2310 0.2054
vn 0.6805 -0.2076 -0.7027
vn 0.1784 0.9837 0.0210
vn -0.9230 -0.2680 -0.2762
vn -0.6564 -0.0944 -0.7485
vn -0.3078 0.9511 -0.0270
vn -0.2138 0.4696 0.8566
vn 0.3938 -0.3712 0.8409
vn -0.6907 0.3946 0.6060
vn -0.7864 0.5510 0.2793
vn -0.9496 0.3083 -0.0567
vn -0.7511 -0.6176 0.2333
vn -0.8663 0.4851 -0.1187
vn -0.9510 0.1974 -0.2381
vn -0.7898 0.6050 0.1010
vn -0.8723 0.4888 -0.0075
vn -0.5551 0.6556 0.5119
vn 0.0180 -0.9998 -0.0064
vn 0.0160 -0.9999 0.0003
vn 0.0331 -0.9994 -0.0108
vn -0.8524 0.5100 -0.1150
vn -0.7007 0.7111 0.0574
vn -0.5135 -0.7460 0.4240
vn -0.8948 -0.0753 -0.4402
vn 0.0171 -0.9996 -0.0236
vn -0.3656 -0.6735 0.6424
vn -0.2199 0.4815 0.8484
vn -0.2677 0.7727 0.5756
vn -0.2584 0.7113 0.6536
vn -0.7705 -0.5082 0.3847
vn -0.7718 -0.4221 0.4755
vn -0.7253 -0.6683 0.1655
vn -0.1921 -0.8979 0.3960
vn -0.9597 0.2616 0.1025
vn 0.0004 -1.0000 -0.0095
vn -0.2942 0.9476 0.1245
vn -0.5489 0.8314 -0.0868
vn -0.9633 -0.2648 0.0444
vn -0.8922 0.1081 0.4385
vn -0.9583 -0.1649 0.2335
vn -0.9526 -0.1006 0.2870
vn -0.2849 0.8801 -0.3798
vn -0.6963 0.2170 0.6841
vn -0.5704 -0.3836 0.7263
vn -0.8444 0.3040 0.4411
vn -0.5893 -0.0882 0.8031
vn -0.8075 0.4592 0.3702
vn -0.9228 0.2075 -0.3247
vn -0.6617 -0.7496 0.0159
vn -0.8446 -0.5156 -0.1440
vn -0.7663 0.6332 -0.1090
vn -0.6828 0.7002 -0.2086
vn -0.2600 0.5588 -0.7875
vn -0.3478 0.7444 -0.5700
vn -0.3515 0.7361 -0.5784
vn -0.3482 0.7434 -0.5711
vn -0.0879 -0.8630 -0.4975
vn -0.8185 0.0802 -0.5689
vn -0.3517 0.7357 -0.5788
vn -0.2260 0.3838 0.8953
vn 0.0332 -0.3265 0.9446
vn -0.2433 -0.8748 0.4189
vn -0.7403 0.3713 0.5604
vn -0.9245 -0.3791 0.0394
vn -0.9960 0.0288 0.0846
vn -0.7899 0.3188 0.5238
vn -0.9533 -0.2962 0.0590
vn -0.3216 0.5606 -0.7630
vn -0.7233 0.5378 -0.4331
vn -0.7284 0.5312 -0.4328
vn -0.8418 0.1211 -0.5260
vn -0.8762 0.0508 -0.4792
vn -0.8089 0.1765 -0.5608
vn -0.8237 -0.1296 -0.5520
vn -0.8339 -0.2106 -0.5101
vn -0.8281 -0.1565 -0.5383
vn -0.5830 -0.0188 -0.8123
vn -0.3782 -0.6774 -0.6310
vn -0.3641 -0.7494 -0.5531
vn -0.3677 -0.7403 -0.5628
vn 0.4107 0.6094 0.6783
vn -0.2781 -0.5888 0.7589
vn 0.1786 0.0842 0.9803
vn 0.1414 0.9142 0.3797
vn 0.5104 0.8586 -0.0480
vn -0.4212 0.1892 -0.8870
vn -0.2307 0.4343 -0.8707
vn -0.1467 0.5668 -0.8107
vn -0.2340 -0.0608 0.9703
vn -0.4627 -0.8614 -0.2094
vn -0.3176 0.5618 0.7639
vn -0.1849 0.5104 0.8398
vn -0.3818 0.3830 0.8412
vn -0.7065 0.5747 -0.4129
vn -0.6328 0.5557 -0.5392
vn -0.0621 0.7473 -0.6616
vn 0.4226 0.6933 -0.5838
vn -0.8190 -0.1097 -0.5632
vn 0.0235 0.7103 -0.7035
vn -0.2216 -0.1204 -0.9677
vn 0.2970 0.0613 -0.9529
vn -0.2797 0.3858 -0.8792
vn 0.5741 0.0360 0.8180
vn 0.0398 0.2770 0.9600
vn 0.9479 0.3037 -0.0966
vn 0.2779 -0.8038 0.5260
vn 0.4285 -0.2783 0.8596
vn 0.4259 -0.2182 0.8780
vn 0.4587 0.8117 0.3617
vn 0.7529 -0.3021 0.5847
vn 0.3792 0.5138 0.7696
vn 0.6381 -0.7421 0.2052
vn 0.9141 -0.3270 -0.2400
vn 0.0033 -1.0000 0.0036
vn 0.0587 0.2093 -0.9761
vn 0.6835 0.0159 -0.7297
vn 0.5831 0.5112 -0.6314
vn 0.6835 -0.0423 -0.7287
vn 0.7383 0.2987 -0.6047
vn 0.0836 -0.2209 -0.9717
vn 0.3085 -0.7106 0.6323
vn 0.0879 -0.1793 0.9798
vn 0.1458 0.6905 0.7085
vn -0.0066 -0.3823 0.9240
vn 0.7743 -0.6134 0.1557
vn 0.1285 0.6495 0.7494
vn 0.2381 0.6108 0.7551
vn 0.2907 0.5937 0.7503
vn 0.0598 0.6647 0.7447
vn 0.8993 0.1532 -0.4095
vn -0.0787 -0.7164 -0.6933
vn 0.3305 -0.7349 -0.5922
vn 0.3246 -0.7414 -0.5874
vn 0.3328 -0.7324 -0.5940
vn 0.7048 -0.2169 -0.6754
vn 0.6416 0.2985 0.7066
vn 0.8826 0.4080 0.2338
vn 0.0718 -0.9796 -0.1875
vn 0.6878 -0.0873 0.7206
vn 0.8802 -0.2673 0.3922
vn 0.8725 -0.4721 0.1259
vn 0.8281 -0.1084 0.5500
vn 0.9610 -0.0526 0.2715
vn 0.8892 0.0676 0.4526
vn 0.9489 -0.0285 0.3144
vn 0.8393 0.3078 0.4482
vn 0.2027 0.9652 0.1654
vn 0.2438 0.9502 0.1939
vn 0.0225 0.9995 0.0230
vn 0.0074 -1.0000 0.0041
vn -0.0067 -1.0000 0.0039
vn 0.0060 -1.0000 0.0060
vn 0.2426 0.8880 -0.3905
vn 0.4550 0.4870 -0.7455
vn 0.3229 -0.7431 -0.5861
vn 0.4520 0.6234 -0.6380
vn 0.0261 0.5565 -0.8305
vn 0.9992 -0.0121 -0.0373
vn 0.9171 0.2704 -0.2929
vn 0.8412 0.1760 0.5113
vn 0.5999 -0.7939 -0.0994
vn 0.8134 0.5749 -0.0889
vn 0.5121 0.8589 -0.0058
vn 0.9910 0.0909 -0.0980
vn 0.4821 0.8279 -0.2867
vn 0.8230 0.1707 -0.5417
vn 0.4905 -0.5095 -0.7070
vn 0.6256 0.6606 -0.4151
vn 0.8585 0.4334 -0.2743
vn -0.9693 -0.0973 0.2259
vn -0.7422 0.1113 0.6609
vn -0.0813 -0.9967 -0.0050
vn -0.8661 0.1058 -0.4885
vn -0.6753 -0.1180 0.7280
vn -0.9031 -0.0808 0.4218
vn -0.8830 0.3853 -0.2681
vn -0.9417 -0.0798 -0.3268
vn -0.9383 -0.1135 -0.3268
vn -0.9400 -0.0973 -0.3271
vn -0.9422 -0.0711 -0.3274
vn -0.5340 0.6231 0.5714
vn -0.5774 0.8057 0.1323
vn -0.6356 0.7195 0.2797
vn -0.9516 -0.0496 0.3032
vn -0.8771 0.4720 -0.0888
vn -0.4181 -0.8360 -0.3554
vn -0.5571 0.0830 -0.8263
vn -0.6827 0.2539 -0.6852
vn -0.5655 0.6135 -0.5512
vn -0.7351 0.0496 0.6762
vn -0.6870 0.4054 0.6031
vn -0.6671 0.4377 0.6028
vn -0.6666 0.4382 0.6030
vn -0.6663 0.4384 0.6031
vn -0.8864 0.1008 0.4518
vn -0.6807 -0.6510 0.3358
vn -0.8222 -0.0439 0.5675
vn -0.0179 -0.9981 0.0589
vn -0.1045 0.9885 0.1089
vn -0.9649 0.0890 -0.2469
vn 0.1922 0.9781 -0.0803
vn 0.0071 -0.9997 0.0244
vn -0.7379 -0.4468 -0.5058
vn -0.8489 -0.3719 -0.3757
vn -0.8224 -0.4283 -0.3744
vn -0.8408 -0.3902 -0.3752
vn -0.8776 -0.2968 -0.3764
vn -0.4132 0.8005 -0.4342
vn 0.1489 0.2903 -0.9453
vn -0.4543 0.8854 0.0986
vn -0.5819 0.4218 -0.6953
vn -0.2528 -0.4673 0.8472
vn -0.6538 -0.5305 0.5396
vn -0.6840 -0.5456 0.4841
vn -0.7407 -0.5714 0.3535
vn -0.2462 0.7968 0.5518
vn -0.3155 0.8024 0.5065
vn 0.0959 0.6907 0.7168
vn -0.8990 0.2249 0.3758
vn -0.6625 0.1349 -0.7369
vn -0.5477 0.6222 -0.5593
vn -0.1919 -0.1936 -0.9621
vn -0.8288 -0.4420 -0.3432
vn -0.2402 0.6626 -0.7094
vn -0.2004 -0.0482 0.9785
vn -0.1254 -0.8325 0.5396
vn -0.0936 -0.0568 0.9940
vn -0.0121 -0.9991 0.0401
vn -0.0364 0.0473 0.9982
vn -0.6801 0.0152 0.7330
vn -0.1773 -0.6142 0.7689
vn -0.7671 0.3979 -0.5031
vn -0.0479 0.9941 -0.0970
vn -0.6615 0.0725 -0.7464
vn -0.0917 0.9912 0.0952
vn 0.0182 -0.6247 -0.7807
vn 0.1904 -0.5690 -0.7999
vn -0.1658 -0.6612 -0.7317
vn -0.3577 0.3347 -0.8718
vn 0.0325 -0.0846 -0.9959
vn 0.0287 -0.1626 -0.9863
vn 0.0289 -0.2021 -0.9789
vn -0.1215 -0.9743 0.1897
vn -0.0162 -0.9832 -0.1818
vn -0.2848 0.1766 0.9422
vn 0.5440 0.3961 0.7397
vn -0.0515 -0.7542 0.6547
vn 0.5725 -0.0482 0.8185
vn 0.0338 0.7899 0.6123
vn 0.3841 -0.6933 -0.6098
vn -0.4569 0.6312 -0.6268
vn 0.6435 -0.3705 -0.6698
vn -0.1880 0.6428 -0.7426
vn -0.0873 0.1931 0.9773
vn -0.0251 0.6771 -0.7355
vn 0.2921 0.9117 0.2890
vn -0.0971 0.5348 -0.8394
vn -0.0195 0.0693 -0.9974
vn 0.0120 0.0791 -0.9968
vn -0.2007 0.0154 -0.9795
vn -0.1737 0.0185 -0.9846
vn 0.0941 0.1168 -0.9887
vn -0.2403 -0.0070 -0.9707
vn 0.4935 0.5247 0.6936
vn 0.2647 -0.8572 0.4418
vn 0.8212 0.5347 -0.1993
vn 0.7581 -0.6515 0.0301
vn 0.9054 0.4223 0.0443
vn 0.1415 0.9331 0.3306
vn 0.3115 0.5123 -0.8003
vn 0.8285 -0.4990 -0.2542
vn 0.1061 -0.9940 -0.0259
vn 0.0413 0.7052 0.7078
vn 0.4463 -0.2424 0.8614
vn -0.0456 -0.0284 0.9986
vn 0.6722 0.0353 0.7395
vn -0.0240 0.2939 -0.9555
vn -0.9493 0.3119 0.0398
vn -0.9450 0.3237 0.0464
vn -0.1987 -0.1542 -0.9679
vn 0.0312 -0.0687 -0.9972
vn 0.7707 0.3116 0.5559
vn 0.0957 0.0607 -0.9936
vn 0.8819 0.1209 0.4556
vn 0.9982 0.0314 -0.0520
vn 0.5865 0.7506 -0.3044
vn 0.7047 0.4260 -0.5674
vn 0.6535 -0.6152 0.4410
vn 0.6407 0.0413 0.7667
vn 0.6789 -0.1748 0.7132
vn 0.8853 0.0087 0.4649
vn 0.9273 0.0471 0.3713
vn 0.7597 -0.0780 0.6456
vn -0.4461 0.3055 0.8412
vn 0.4098 -0.9121 -0.0078
vn 0.0954 0.9953 -0.0167
vn 0.7317 0.1049 -0.6735
vn 0.1317 0.9882 -0.0781
vn 0.6413 -0.4790 -0.5994
vn 0.7316 0.1376 -0.6677
vn 0.0085 -0.9999 0.0091
vn 0.8318 -0.5361 0.1437
vn 0.9831 0.1473 0.1086
vn 0.7729 -0.6217 0.1273
vn 0.9547 -0.2959 -0.0317
vn 0.9541 0.0326 0.2977
vn 0.9843 0.1292 -0.1200
vn 0.8643 0.4168 -0.2815
vn 0.3351 -0.9175 -0.2143
vn 0.6703 0.2969 -0.6801
vn 0.5888 -0.8019 -0.1019
vn 0.6546 -0.6956 -0.2960
vn 0.6546 -0.6956 -0.2962
vn 0.6545 -0.6957 -0.2959
vn -0.4680 -0.6365 0.6131
vn -0.8816 0.3670 0.2967
vn -0.8923 -0.0982 0.4406
vn -0.7573 0.6295 0.1738
vn -0.8113 -0.5596 0.1694
vn -0.8545 0.4326 0.2874
vn -0.6184 -0.7616 -0.1938
vn -0.7288 0.6691 -0.1453
vn -0.8725 0.4511 -0.1875
vn -0.8546 -0.0655 -0.5151
vn -0.8917 -0.1175 -0.4371
vn -0.9081 0.1910 0.3727
vn -0.9482 0.1104 0.2978
vn -0.9866 -0.0300 0.1607
vn -0.7341 0.0521 0.6770
vn -0.8418 0.5367 -0.0574
vn -0.5451 -0.7405 0.3930
vn -0.1128 0.9869 0.1153
vn 0.4434 0.4044 0.7999
vn -0.8788 -0.4769 -0.0123
vn -0.9696 0.0565 0.2382
vn -0.4101 -0.9110 -0.0443
vn -0.9635 0.0359 -0.2652
vn -0.7356 -0.0009 -0.6774
vn -0.8417 -0.1780 -0.5098
vn -0.3785 -0.7816 -0.4958
vn -0.6646 -0.0130 -0.7471
vn -0.4313 0.8947 0.1162
vn -0.6785 0.4406 -0.5879
vn -0.5958 -0.2136 -0.7742
vn -0.7643 0.3679 0.5296
vn -0.6923 0.7163 -0.0875
vn -0.6122 0.1593 -0.7745
vn -0.2521 0.0053 0.9677
vn -0.0041 -0.9980 0.0628
vn -0.2886 0.2437 0.9259
vn -0.4792 0.2642 0.8370
vn -0.6837 0.0259 0.7293
vn -0.8471 0.0927 0.5233
vn -0.1871 -0.7698 0.6103
vn -0.7549 0.3944 -0.5240
vn -0.0503 0.9898 -0.1336
vn -0.1699 0.3046 -0.9372
vn -0.5595 -0.0446 -0.8277
vn -0.5054 -0.1778 -0.8443
vn -0.5038 -0.1314 -0.8538
vn -0.5630 0.1470 -0.8133
vn -0.5634 0.1471 -0.8130
vn 0.0299 -0.9995 -0.0075
vn -0.0502 -0.9986 -0.0161
vn 0.0059 -0.9999 -0.0088
vn 0.0055 0.5448 0.8386
vn -0.7638 0.3536 0.5400
vn -0.8406 -0.3811 0.3849
vn -0.7886 -0.4109 0.4574
vn -0.7792 -0.3782 0.4997
vn -0.8322 0.4477 0.3273
vn -0.8305 0.4808 -0.2813
vn -0.9174 0.1807 0.3546
vn -0.6580 -0.6727 0.3384
vn -0.6414 -0.7658 0.0465
vn -0.7078 0.6634 0.2426
vn -0.3840 0.6111 -0.6921
vn -0.7878 -0.5657 -0.2437
vn -0.4388 -0.6727 -0.5958
vn -0.6808 -0.4212 -0.5992
vn -0.9373 -0.1951 -0.2888
vn -0.6584 -0.1066 -0.7451
vn 0.1316 0.0509 0.9900
vn -0.0467 -0.4946 0.8679
vn -0.0425 -0.7786 0.6261
vn -0.1049 -0.0526 0.9931
vn 0.0171 -0.9997 0.0158
vn 0.0134 0.3780 -0.9257
vn 0.4539 0.7841 0.4234
vn 0.0254 0.5953 -0.8031
vn 0.0255 0.5875 -0.8088
vn 0.0255 0.5853 -0.8104
vn 0.1287 0.4112 -0.9024
vn 0.0253 0.5961 -0.8025
vn -0.1971 -0.6510 -0.7330
vn -0.1105 -0.7007 0.7048
vn 0.0933 -0.7400 0.6661
vn 0.1050 -0.6523 0.7506
vn 0.0215 0.8296 0.5580
vn 0.0026 0.8373 0.5467
vn -0.4790 0.2053 -0.8535
vn -0.0866 -0.5249 -0.8467
vn 0.0974 0.1894 -0.9771
vn -0.3440 0.8679 -0.3582
vn -0.2068 0.3108 -0.9277
vn -0.0550 -0.5416 0.8388
vn 0.2662 0.4071 0.8737
vn 0.1724 -0.1371 0.9754
vn 0.2559 -0.0945 0.9621
vn -0.0543 -0.7464 0.6632
vn -0.0243 0.0969 0.9950
vn 0.0069 -1.0000 -0.0033
vn -0.9434 0.3282 0.0468
vn -0.9430 0.3296 0.0460
vn -0.9408 0.3362 0.0424
vn -0.9412 0.3352 0.0430
vn 0.2820 -0.5006 -0.8185
vn 0.0423 -0.5654 -0.8237
vn 0.0755 -0.7688 -0.6351
vn 0.5603 0.6599 -0.5006
vn 0.3924 0.0981 -0.9146
vn 0.4768 0.3820 0.7916
vn 0.3283 0.7672 0.5510
vn -0.0290 0.4833 0.8750
vn 0.5269 -0.6004 0.6016
vn 0.1235 0.1106 0.9862
vn 0.8917 0.0593 0.4487
vn 0.8648 0.5008 -0.0347
vn 0.9290 0.0987 -0.3566
vn 0.9368 0.2177 -0.2737
vn 0.6796 0.7310 -0.0611
vn 0.7433 -0.5673 -0.3545
vn 0.4725 -0.6602 -0.5838
vn 0.6761 -0.5593 -0.4796
vn 0.3105 -0.0165 -0.9504
vn 0.7952 -0.3052 -0.5239
vn 0.1018 0.9147 -0.3911
vn 0.1729 -0.2821 -0.9437
vn 0.5118 0.8585 -0.0326
vn -0.1340 0.2758 -0.9518
vn 0.3947 -0.2091 -0.8947
vn -0.1520 0.6313 -0.7605
vn 0.4424 -0.7386 0.5087
vn 0.6464 0.4584 0.6100
vn 0.5844 0.4643 0.6655
vn 0.6582 0.4575 0.5979
vn 0.5708 0.4726 0.6715
vn 0.2374 -0.9378 0.2531
vn 0.4661 0.5714 0.6755
vn 0.5474 0.5059 0.6666
vn -0.4129 0.3235 0.8514
vn 0.6001 -0.6959 -0.3944
vn 0.5910 0.2623 -0.7628
vn 0.7907 -0.2545 -0.5568
vn 0.2365 -0.9603 -0.1480
vn 0.7635 0.2956 0.5742
vn -0.3156 0.8891 0.3316
vn 0.4282 -0.3021 -0.8517
vn -0.1267 -0.9916 -0.0253
vn 0.6135 0.6394 0.4634
vn 0.1873 -0.6205 0.7615
vn 0.0585 0.9801 0.1897
vn 0.7843 0.6200 -0.0235
vn 0.8644 -0.1225 -0.4876
vn 0.9458 0.3233 0.0297
vn -0.0044 -0.9992 -0.0391
vn 0.6113 0.6363 -0.4706
vn 0.7513 0.4384 0.4934
vn 0.7298 -0.5853 0.3534
vn 0.8254 -0.4008 0.3975
vn 0.8156 -0.0999 0.5699
vn 0.5257 0.8488 -0.0558
vn 0.9854 0.1384 0.0991
vn 0.9583 0.0289 0.2844
vn 0.3671 -0.9288 0.0511
vn 0.8360 0.4643 -0.2925
vn 0.5180 -0.7517 -0.4081
vn 0.7930 0.4299 -0.4317
vn 0.8312 0.5140 -0.2119
vn 0.9673 0.1144 -0.2265
vn 0.9686 0.1031 -0.2262
vn 0.9901 0.0723 -0.1202
vn 0.9743 -0.0446 -0.2210
vn 0.8278 0.4736 -0.3007
vn 0.9555 -0.0450 -0.2914
vn 0.9712 -0.1077 0.2126
vn 0.8565 -0.5033 0.1147
vn -0.7018 -0.2294 0.6744
vn 0.0304 -0.9995 0.0022
vn 0.0326 -0.9995 -0.0004
vn 0.0270 -0.9996 0.0033
vn -0.8581 0.4348 0.2732
vn -0.8355 0.3848 0.3922
vn -0.7925 0.3198 0.5193
vn -0.5916 0.7559 0.2804
vn -0.9507 0.2788 0.1356
vn -0.6098 0.7889 0.0767
vn -0.5615 0.8227 0.0888
vn -0.7984 0.5955 0.0892
vn -0.9570 -0.2441 -0.1570
vn -0.7462 -0.1122 -0.6562
vn -0.7144 0.1894 0.6737
vn -0.7268 0.2443 0.6419
vn -0.6738 -0.3229 0.6646
vn -0.4899 0.2597 0.8322
vn -0.7723 -0.6254 0.1119
vn -0.8336 -0.2734 0.4800
vn -0.8758 -0.0212 -0.4822
vn -0.9465 0.1543 -0.2836
vn -0.9430 -0.2110 -0.2574
vn -0.2668 0.8236 -0.5005
vn -0.4978 0.7843 -0.3703
vn -0.4449 -0.2727 -0.8531
vn -0.7727 0.1391 0.6193
vn -0.7807 0.6101 0.1352
vn -0.9028 0.1268 0.4109
vn 0.2385 0.1624 -0.9575
vn -0.9775 0.1952 -0.0798
vn -0.2605 0.8952 -0.3616
vn -0.7205 -0.1003 -0.6862
vn -0.3123 0.4953 -0.8107
vn -0.3070 0.4422 -0.8427
vn -0.3338 -0.9199 0.2056
vn -0.0466 -0.1968 -0.9793
vn -0.2981 0.5991 -0.7431
vn -0.3813 -0.8079 -0.4493
vn 0.0103 0.0292 0.9995
vn -0.2882 0.9271 0.2395
vn -0.6448 0.1910 0.7401
vn -0.3874 -0.3394 0.8572
vn -0.4415 0.7712 0.4585
vn -0.8747 -0.0802 0.4780
vn -0.9852 0.1558 0.0709
vn -0.9676 0.0412 0.2491
vn -0.7389 -0.6483 0.1839
vn -0.5653 0.4468 0.6935
vn -0.4685 0.8406 -0.2719
vn -0.5125 -0.8199 -0.2553
vn -0.8916 -0.4500 -0.0497
vn -0.9118 0.4097 0.0277
vn -0.1846 -0.8052 -0.5636
vn 0.0096 -0.5383 -0.8427
vn -0.9122 0.3451 -0.2210
vn -0.9236 0.0588 -0.3788
vn -0.5463 0.5935 -0.5911
vn 0.0530 0.7306 -0.6807
vn -0.2190 0.0884 0.9717
vn -0.7094 -0.4620 0.5323
vn 0.8228 -0.0483 0.5663
vn 0.8229 -0.0485 0.5661
vn 0.8259 -0.0541 0.5612
vn 0.8172 0.1719 0.5502
vn 0.3849 0.7232 0.5735
vn -0.2164 0.9048 0.3668
vn -0.5846 -0.6648 -0.4651
vn -0.0349 0.8859 -0.4626
vn -0.0040 0.9905 0.1372
vn -0.0301 0.9049 -0.4246
vn -0.1767 0.7032 -0.6886
vn 0.0445 0.8911 -0.4516
vn 0.0967 -0.0446 -0.9943
vn -0.0454 0.6727 -0.7385
vn -0.3161 0.5016 0.8053
vn -0.2555 0.9231 0.2873
vn 0.3156 -0.7435 0.5895
vn 0.3703 -0.5780 0.7272
vn -0.0107 0.8429 0.5380
vn 0.4807 0.8768 0.0138
vn 0.3172 0.2171 -0.9232
vn -0.2024 0.5508 -0.8097
vn -0.2723 -0.4132 -0.8690
vn 0.3560 -0.8082 -0.4691
vn -0.2448 0.6673 -0.7034
vn 0.0439 -0.5435 -0.8383
vn -0.3607 -0.4156 -0.8349
vn 0.1463 0.0362 -0.9886
vn -0.2583 0.8721 -0.4156
vn -0.0431 -0.9931 -0.1094
vn 0.1612 0.3091 -0.9373
vn 0.6976 -0.4343 0.5699
vn 0.8248 -0.0521 0.5630
vn 0.5898 0.6373 0.4960
vn 0.7273 0.3005 -0.6170
vn 0.0480 0.5789 -0.8140
vn 0.2437 0.2199 -0.9446
vn 0.0391 -0.9991 -0.0134
vn 0.0646 -0.3071 -0.9495
vn -0.0848 -0.1928 -0.9776
vn 0.0489 0.5460 -0.8364
vn 0.3614 0.5682 -0.7393
vn 0.3752 0.4388 0.8165
vn 0.5052 0.4804 0.7169
vn 0.6888 -0.5250 0.4999
vn 0.6020 0.5903 0.5376
vn 0.5810 -0.6981 0.4184
vn 0.7793 0.0041 0.6266
vn 0.7470 0.2755 0.6051
vn 0.7531 -0.4022 -0.5206
vn 0.5831 0.6494 -0.4881
vn 0.6664 -0.7235 -0.1799
vn 0.8358 0.4488 -0.3161
vn 0.2744 -0.4559 -0.8466
vn 0.8306 -0.5295 -0.1727
vn 0.8686 -0.4043 -0.2865
vn 0.8173 -0.4422 -0.3695
vn 0.2853 0.0136 -0.9583
vn 0.8741 0.2161 -0.4350
vn 0.3764 0.7233 0.5789
vn 0.5121 0.5648 0.6471
vn 0.5655 0.0785 0.8210
vn 0.4161 -0.7412 0.5268
vn 0.7281 0.4239 0.5386
vn 0.2825 0.8585 0.4279
vn 0.5259 -0.1813 0.8310
vn 0.6746 0.7252 0.1374
vn 0.4136 0.8192 0.3974
vn 0.3484 0.9299 -0.1179
vn 0.4516 0.8544 -0.2570
vn 0.8405 0.5239 -0.1382
vn 0.9021 -0.0635 -0.4268
vn 0.8941 0.1001 0.4364
vn 0.3336 0.6758 0.6573
vn -0.0001 -0.9999 0.0113
vn 0.9219 0.3838 -0.0528
vn 0.8269 -0.3372 -0.4501
vn -0.0189 -0.9942 0.1056
vn 0.2768 -0.9590 0.0614
vn 0.6184 0.7804 -0.0930
vn 0.7132 0.6803 -0.1689
vn 0.7982 -0.5849 -0.1441
vn 0.9810 0.1470 -0.1264
vn 0.7323 -0.4009 -0.5506
vn 0.0115 -0.9999 -0.0115
vn -0.9686 -0.1771 0.1745
vn -0.7437 0.6457 0.1734
vn -0.6607 -0.6732 0.3320
vn -0.9913 -0.0074 0.1312
vn -0.7024 0.6842 -0.1961
vn -0.8157 -0.1473 -0.5594
vn -0.4359 0.2494 -0.8647
vn -0.5010 0.5754 -0.6465
vn -0.5060 0.6122 -0.6076
vn -0.9286 0.2165 0.3013
vn -0.9889 0.0390 0.1432
vn -0.8304 0.3590 -0.4262
vn -0.7106 -0.0030 -0.7036
vn -0.7964 0.1889 -0.5745
vn -0.4406 0.5044 0.7426
vn -0.7780 -0.4560 0.4322
vn -0.4026 -0.8933 0.1997
vn -0.9339 0.3492 0.0770
vn -0.8395 0.5235 0.1459
vn -0.9455 0.0281 0.3244
vn -0.5921 0.7568 0.2771
vn -0.7884 -0.5729 -0.2239
vn -0.7519 0.4111 -0.5154
vn -0.8936 -0.0790 -0.4418
vn -0.8309 -0.1599 -0.5330
vn -0.5601 0.6797 -0.4736
vn -0.5720 0.2713 -0.7741
vn -0.5353 0.2033 -0.8198
vn -0.4056 -0.7262 -0.5551
vn -0.7967 -0.1118 0.5939
vn -0.7439 0.4781 0.4669
vn -0.5007 0.7418 0.4462
vn -0.6640 0.5845 0.4663
vn -0.2635 0.5544 0.7894
vn -0.5815 -0.7583 0.2946
vn -0.9578 0.1790 0.2248
vn -0.7286 0.6437 0.2342
vn -0.9957 -0.0922 0.0084
vn -0.9607 -0.2717 0.0573
vn -0.6034 -0.1719 -0.7787
vn -0.0842 0.6882 0.7207
vn -0.5206 0.2830 0.8056
vn -0.6426 0.6393 0.4223
vn -0.3613 0.8157 0.4518
vn -0.5324 -0.7099 0.4611
vn -0.7910 -0.0401 0.6104
vn -0.4726 0.4427 0.7621
vn -0.2823 0.0810 -0.9559
vn -0.4580 -0.1198 -0.8808
vn -0.1431 0.7800 -0.6092
vn -0.5125 -0.2964 -0.8059
vn -0.5079 -0.3224 -0.7988
vn -0.4095 0.3088 -0.8584
vn 0.0966 0.5445 -0.8332
vn -0.1790 -0.7881 -0.5889
vn -0.3163 -0.3510 -0.8813
vn -0.1336 0.9163 -0.3776
vn -0.4021 0.1555 -0.9023
vn -0.8576 0.2565 0.4457
vn -0.4302 0.1665 -0.8872
vn -0.4382 -0.8920 -0.1115
vn -0.7788 0.5786 -0.2423
vn -0.7668 0.6093 -0.2018
vn -0.2412 0.0270 -0.9701
vn -0.0786 -0.7064 -0.7035
vn -0.6595 0.2140 -0.7206
vn -0.4886 0.6987 -0.5226
vn -0.0019 -0.9993 -0.0380
vn 0.0308 0.5567 0.8301
vn 0.0072 -0.9999 0.0073
vn 0.6265 -0.7793 -0.0097
vn 0.1161 -0.9932 0.0053
vn -0.2367 -0.5119 0.8258
vn -0.3739 0.5646 0.7358
vn -0.0348 0.5138 0.8572
vn 0.1374 -0.0641 0.9884
vn -0.3975 0.0847 0.9137
vn 0.8792 0.2260 -0.4194
vn 0.2257 0.9105 -0.3466
vn 0.1760 0.7501 -0.6374
vn 0.4524 0.2271 -0.8624
vn 0.1480 -0.7450 -0.6505
vn 0.0577 -0.9827 -0.1759
vn 0.2265 0.8854 -0.4060
vn -0.4706 -0.3947 -0.7891
vn 0.6997 0.2549 -0.6674
vn -0.3341 -0.1227 -0.9345
vn 0.1439 -0.8653 -0.4802
vn 0.1183 -0.4894 -0.8640
vn 0.3213 0.6386 -0.6993
vn 0.3332 0.6918 -0.6407
vn 0.3286 0.6711 -0.6646
vn -0.0859 0.6049 -0.7916
vn 0.1218 0.7625 0.6355
vn 0.1771 0.3571 0.9171
vn 0.0779 -0.7033 0.7067
vn 0.3217 0.7095 0.6270
vn 0.2928 0.5379 0.7905
vn 0.2927 0.5380 0.7905
vn 0.2925 0.5379 0.7906
vn -0.0349 0.3023 0.9526
vn -0.1701 0.9802 0.1010
vn 0.5983 0.7961 0.0908
vn -0.2720 0.7298 -0.6273
vn 0.5719 -0.1960 -0.7965
vn 0.0322 0.4278 -0.9033
vn -0.5037 0.8536 -0.1331
vn -0.2363 0.7722 -0.5898
vn 0.0810 -0.1242 -0.9889
vn 0.7193 0.0497 0.6929
vn 0.4326 0.1956 0.8801
vn 0.5433 0.7601 0.3564
vn 0.3052 -0.7434 0.5951
vn 0.8479 0.3757 0.3740
vn -0.1972 0.8783 0.4355
vn 0.8516 0.3535 0.3872
vn 0.2038 -0.2564 0.9448
vn 0.7491 -0.2284 0.6219
vn 0.8748 0.4077 0.2617
vn 0.6892 0.5246 0.4999
vn 0.7935 0.5513 0.2578
vn 0.4220 -0.8209 -0.3847
vn 0.4223 -0.8209 -0.3844
vn 0.4219 -0.8208 -0.3849
vn 0.7557 -0.5954 0.2728
vn -0.1796 0.0084 -0.9837
vn 0.6744 0.7291 0.1166
vn 0.6289 -0.0902 -0.7723
vn -0.0546 -0.4500 -0.8914
vn 0.9624 0.0512 0.2668
vn 0.4241 -0.7834 -0.4543
vn 0.6059 0.7954 -0.0120
vn 0.5634 -0.7783 -0.2772
vn 0.7476 0.5234 -0.4088
vn 0.0384 0.8486 -0.5276
vn 0.4196 0.6962 -0.5824
vn 0.5279 0.4285 -0.7332
vn 0.6377 -0.0549 -0.7683
vn 0.3618 -0.7173 -0.5954
vn 0.2300 -0.2055 -0.9512
vn 0.4115 0.2704 -0.8704
vn -0.0201 -0.9997 -0.0119
vn 0.3202 0.6332 -0.7046
vn 0.3309 -0.5110 -0.7933
vn 0.4959 -0.2991 -0.8152
vn 0.3677 0.6466 -0.6684
vn 0.6083 0.3732 0.7005
vn -0.0076 0.1967 0.9804
vn 0.8946 0.3343 0.2965
vn 0.6598 -0.6870 -0.3045
vn 0.5070 -0.7195 0.4746
vn 0.9983 -0.0026 -0.0581
vn 0.2732 -0.8464 -0.4571
vn 0.1811 0.6185 -0.7646
vn 0.7422 -0.4657 -0.4819
vn 0.3424 0.9226 -0.1776
vn 0.9229 -0.1174 -0.3667
vn 0.4621 0.4008 -0.7911
vn 0.1150 -0.9280 -0.3543
vn 0.6768 0.6077 0.4155
vn 0.6369 0.1147 0.7624
vn 0.9906 0.0756 0.1138
vn 0.8495 0.5107 0.1328
vn 0.6257 0.5718 -0.5306
vn 0.8944 -0.3056 -0.3265
vn 0.6874 0.4423 -0.5760
vn 0.1846 -0.9804 0.0696
vn 0.8511 0.0172 0.5248
vn 0.9986 0.0275 0.0456
vn 0.9662 -0.2572 -0.0192
vn 0.9523 0.2274 0.2037
vn -0.9778 -0.1943 0.0782
vn -0.8858 0.4640 -0.0035
vn -0.9583 -0.2845 0.0275
vn -0.8761 0.4539 -0.1624
vn -0.8378 -0.1812 -0.5150
vn -0.7794 -0.0984 0.6188
vn -0.8072 -0.1584 0.5686
vn -0.6654 0.5882 0.4597
vn -0.8620 0.4237 -0.2785
vn -0.7680 0.5844 -0.2619
vn -0.8610 0.4258 -0.2783
vn -0.7700 0.0132 -0.6379
vn -0.7188 0.2543 0.6470
vn -0.7679 0.3828 0.5136
vn -0.3955 0.6309 0.6675
vn -0.8003 -0.0778 0.5945
vn -0.5789 -0.3466 0.7381
vn -0.7999 -0.0208 0.5997
vn -0.2881 0.9493 0.1260
vn -0.3796 0.7919 0.4783
vn -0.3473 0.8761 0.3343
vn -0.9367 0.3424 -0.0730
vn -0.8633 0.5034 -0.0364
vn -0.9178 0.2735 -0.2879
vn -0.6893 0.6326 -0.3532
vn -0.6618 0.6513 -0.3713
vn -0.6414 0.6653 -0.3820
vn -0.3677 0.6946 -0.6183
vn 0.0997 -0.4076 -0.9077
vn -0.2398 0.6233 0.7443
vn -0.1670 -0.8150 0.5548
vn -0.3208 0.6100 0.7246
vn -0.5107 0.0314 0.8592
vn -0.4877 0.7140 0.5024
vn -0.7797 -0.1538 -0.6070
vn 0.0394 -0.1987 -0.9793
vn -0.6122 0.6829 -0.3986
vn -0.0233 -0.9991 0.0355
vn 0.0043 -0.9998 0.0217
vn 0.0651 -0.9977 -0.0182
vn -0.0142 0.9567 -0.2906
vn -0.2607 -0.5737 -0.7765
vn 0.0821 0.5414 -0.8367
vn 0.2270 0.2734 0.9347
vn -0.0157 -0.2649 0.9641
vn -0.0419 -0.0095 0.9991
vn 0.1671 -0.9592 0.2279
vn 0.2389 -0.5156 0.8229
vn 0.0935 -0.1578 -0.9830
vn 0.2572 0.6217 -0.7398
vn 0.2576 -0.2619 -0.9301
vn 0.2575 -0.2619 -0.9301
vn 0.2571 -0.2621 -0.9302
vn -0.0563 0.5113 -0.8576
vn 0.0438 -0.8121 -0.5819
vn 0.2210 0.6299 -0.7445
vn 0.0152 0.0473 -0.9988
vn 0.0044 -1.0000 0.0044
vn -0.0000 -0.9649 -0.2627
vn 0.1790 0.4255 0.8871
vn 0.1879 0.9790 0.0792
vn 0.4370 -0.7068 0.5564
vn 0.7338 0.6260 0.2638
vn 0.6653 0.5203 0.5353
vn 0.8453 0.4548 0.2803
vn 0.9449 0.0855 0.3160
vn 0.6524 -0.1273 0.7471
vn 0.9426 -0.2808 0.1809
vn 0.6712 0.6344 0.3835
vn 0.3584 0.9100 0.2085
vn 0.6816 -0.6954 -0.2276
vn 0.1086 -0.9932 -0.0417
vn 0.7476 0.0862 -0.6585
vn 0.5229 -0.7836 -0.3354
vn 0.4053 0.8196 -0.4049
vn 0.5507 0.5922 -0.5882
vn 0.4887 0.6414 -0.5914
vn 0.7822 0.2038 -0.5888
vn 0.6070 0.5244 -0.5972
vn 0.3776 -0.5316 -0.7582
vn 0.4512 -0.5756 -0.6820
vn 0.4643 -0.5614 -0.6850
vn 0.4881 -0.5339 -0.6904
vn 0.5176 0.5374 -0.6658
vn 0.5152 0.5942 0.6177
vn 0.4351 -0.6485 0.6247
vn 0.8374 0.5236 -0.1569
vn 0.9233 -0.3806 -0.0524
vn 0.7469 0.6210 0.2377
vn 0.4788 0.8484 -0.2257
vn 0.5176 0.5967 -0.6132
vn 0.2001 -0.9630 -0.1807
vn 0.5035 -0.5139 -0.6946
vn 0.4508 0.5534 -0.7004
vn 0.7745 -0.1375 0.6174
vn 0.9554 -0.2500 0.1574
vn 0.9695 0.0767 0.2327
vn 0.9695 0.0763 0.2329
vn -0.5239 -0.6212 0.5828
vn 0.9444 0.1630 -0.2857
vn 0.9443 0.1631 -0.2860
vn 0.9354 0.1665 -0.3119
vn 0.7803 0.2823 -0.5580
vn 0.8406 0.4706 -0.2681
vn -0.9506 -0.2817 0.1304
vn -0.6847 0.6495 -0.3306
vn -0.1445 -0.2506 0.9573
vn -0.4536 -0.0022 0.8912
vn -0.1193 0.9881 0.0971
vn 0.2243 -0.5061 -0.8328
vn -0.8957 -0.4226 0.1386
vn -0.8532 -0.4086 0.3241
vn -0.7491 -0.3672 0.5513
vn -0.4647 0.8787 -0.1096
vn -0.9719 -0.0817 0.2207
vn -0.6963 -0.3111 0.6468
vn -0.6633 -0.3309 0.6712
vn -0.2153 0.9496 0.2279
vn -0.6594 -0.4203 0.6234
vn -0.1699 0.9219 0.3483
vn -0.2199 0.9625 0.1591
vn -0.4564 0.1130 -0.8826
vn -0.6736 -0.5486 0.4953
vn -0.0120 -0.0226 0.9997
vn 0.0239 0.0809 -0.9964
vn -0.3310 -0.4038 -0.8529
vn -0.1659 0.9015 -0.3997
vn -0.2110 0.9300 -0.3011
vn 0.1814 -0.2578 0.9490
vn 0.1262 0.4784 0.8690
vn 0.2085 0.1276 0.9697
vn -0.2013 0.9403 0.2746
vn 0.7732 -0.3364 0.5376
vn 0.4292 -0.0750 -0.9001
vn 0.0220 0.6407 -0.7675
vn 0.2569 -0.2623 -0.9302
vn 0.5581 0.6671 0.4934
vn 0.3481 -0.3356 0.8753
vn 0.5708 0.7629 0.3035
vn 0.5687 0.7668 0.2977
vn 0.5715 0.7615 0.3056
vn -0.0869 0.9891 -0.1187
vn 0.5683 0.7675 0.2966
vn -0.0168 0.9943 -0.1049
vn -0.1014 0.9939 0.0428
vn 0.0230 0.9988 0.0435
vn 0.6848 -0.2432 -0.6870
vn -0.7217 0.5796 0.3784
vn -0.5548 0.8315 0.0304
vn 0.0066 -0.9998 -0.0175
vn -0.1086 0.2561 -0.9605
vn -0.0582 0.1777 -0.9824
vn -0.4294 -0.1247 -0.8944
vn -0.9072 -0.4100 0.0947
vn -0.9029 -0.4055 0.1429
vn -0.9263 0.3478 0.1450
vn -0.8472 -0.0326 0.5302
vn -0.9472 -0.1215 0.2968
vn -0.5846 0.7602 -0.2835
vn -0.7658 0.6325 0.1162
vn -0.8149 -0.5596 -0.1510
vn -0.8286 -0.5032 0.2453
vn -0.9735 0.2165 0.0738
vn -0.9630 0.2400 -0.1229
vn -0.3048 -0.4532 0.8377
vn 0.0481 0.3578 0.9325
vn -0.3162 -0.3282 0.8901
vn -0.3968 -0.1813 0.8998
vn 0.3896 0.7250 0.5680
vn -0.0083 -0.7240 0.6897
vn -0.1457 0.7662 0.6258
vn -0.2989 0.9089 0.2909
vn -0.5391 0.8411 0.0443
vn -0.1878 -0.1055 -0.9765
vn -0.3576 0.0456 -0.9328
vn -0.3505 -0.6550 -0.6695
vn -0.5073 -0.3524 -0.7864
vn -0.5549 0.4365 -0.7082
vn 0.4037 -0.2161 0.8890
vn 0.0678 -0.6224 0.7798
vn 0.5073 0.4923 0.7073
vn 0.3594 0.5435 -0.7586
vn -0.4804 -0.2462 -0.8418
vn 0.7462 -0.5543 -0.3687
vn 0.0054 0.8543 -0.5198
vn 0.1285 0.6961 -0.7064
vn 0.1727 0.5868 -0.7911
vn 0.6260 0.1125 0.7717
vn 0.3011 0.6929 0.6552
vn 0.6797 0.5566 0.4777
vn 0.7000 -0.0042 0.7142
vn 0.7732 -0.0685 0.6305
vn 0.7223 0.6909 0.0316
vn 0.7328 -0.6018 -0.3175
vn 0.9408 0.3143 -0.1271
vn 0.6698 0.1540 -0.7264
vn 0.5705 0.0803 -0.8173
vn 0.6558 0.1431 -0.7412
vn 0.7419 0.1976 0.6408
vn 0.9099 0.0019 -0.4149
vn 0.7477 0.2190 -0.6268
vn -0.9029 0.3335 -0.2710
vn -0.7202 0.3002 0.6255
vn -0.9740 0.1284 0.1869
vn -0.6843 -0.7285 0.0335
vn -0.9742 0.2103 0.0822
vn -0.9981 -0.0370 0.0498
vn -0.9220 -0.2288 -0.3123
vn -0.9428 -0.1469 -0.2993
vn -0.9151 -0.0800 -0.3951
vn -0.6789 -0.3737 -0.6320
vn -0.6382 -0.4527 -0.6227
vn -0.5552 0.6404 0.5307
vn -0.6719 0.7031 -0.2328
vn -0.5984 0.2727 -0.7533
vn -0.4010 -0.8037 0.4395
vn -0.7356 0.0532 0.6754
vn -0.8988 0.0197 0.4379
vn 0.4419 0.4120 0.7968
vn 0.2029 0.9758 -0.0815
vn -0.5941 0.5327 -0.6028
vn -0.2648 0.4540 -0.8508
vn -0.4191 0.3356 -0.8437
vn -0.3584 -0.8632 -0.3555
vn -0.6909 0.0478 -0.7213
vn -0.6426 0.2104 0.7367
vn -0.6815 0.5262 -0.5086
vn -0.4938 -0.6060 0.6237
vn -0.2885 0.2440 0.9259
vn -0.9004 -0.1422 0.4112
vn -0.5162 -0.4206 -0.7461
vn -0.5480 0.4139 0.7269
vn -0.6649 0.7193 0.2015
vn -0.6551 0.6465 0.3909
vn -0.6605 -0.3502 0.6642
vn -0.7106 0.6798 0.1814
vn -0.9576 -0.2824 0.0564
vn -0.8216 0.5261 -0.2196
vn -0.5017 0.6117 -0.6117
vn -0.8168 -0.3792 -0.4348
vn -0.5670 0.3038 0.7657
vn -0.2989 -0.4183 0.8577
vn -0.3363 -0.8207 0.4618
vn -0.2789 0.0517 0.9589
vn -0.7746 0.3816 -0.5044
vn 0.9498 0.2987 0.0928
vn -0.4776 0.0355 -0.8778
vn -0.1921 -0.6651 -0.7216
vn -0.5107 0.7382 -0.4408
vn -0.2541 -0.4850 -0.8368
vn -0.2035 0.1724 0.9638
vn -0.1906 0.5733 0.7969
vn -0.1209 -0.5326 0.8377
vn 0.1079 -0.9921 0.0637
vn 0.3143 0.5266 0.7899
vn -0.4504 0.2604 0.8540
vn -0.2327 -0.8095 0.5390
vn -0.2882 -0.4471 0.8468
vn 0.3281 0.9092 0.2562
vn 0.2486 0.5167 0.8193
vn 0.0473 0.0576 -0.9972
vn -0.3441 0.6553 -0.6724
vn 0.1336 -0.1797 -0.9746
vn -0.6707 0.4873 -0.5592
vn 0.0918 0.7614 -0.6418
vn 0.1902 0.5368 -0.8220
vn -0.0641 0.3548 0.9328
vn -0.2656 0.4497 0.8528
vn -0.3106 0.0451 0.9495
vn -0.0578 -0.2560 0.9649
vn -0.0577 -0.2563 0.9649
vn 0.1848 0.1907 0.9641
vn -0.0337 0.6231 -0.7814
vn -0.0124 -0.9999 0.0071
vn 0.2201 0.3186 -0.9220
vn 0.0228 -0.3112 -0.9501
vn 0.0225 -0.1814 -0.9832
vn 0.0190 0.1006 -0.9947
vn 0.0200 -0.8483 -0.5291
vn -0.1973 -0.1965 -0.9604
vn 0.0896 0.1264 -0.9879
vn 0.0473 0.9949 -0.0890
vn 0.2860 0.3999 -0.8708
vn 0.6369 0.4480 0.6275
vn 0.5638 0.6134 0.5531
vn 0.6011 0.7019 0.3821
vn 0.7097 -0.7029 -0.0474
vn 0.5901 0.1331 0.7963
vn 0.7852 -0.0313 0.6185
vn -0.0135 -0.9999 0.0081
vn 0.7700 -0.2141 0.6011
vn 0.4940 0.8658 -0.0799
vn 0.9140 -0.0468 -0.4031
vn -0.0154 -0.5605 -0.8280
vn 0.3854 0.7703 -0.5081
vn 0.7567 -0.6243 -0.1941
vn 0.4122 0.5704 -0.7104
vn 0.0584 -0.0278 -0.9979
vn 0.2238 0.2850 -0.9320
vn 0.2353 0.3173 0.9187
vn 0.2593 0.1976 0.9454
vn 0.4457 -0.2220 0.8672
vn -0.2546 0.9670 -0.0071
vn -0.9403 0.3363 0.0531
vn 0.1041 0.4010 -0.9101
vn 0.2112 0.0579 -0.9757
vn 0.2332 0.0125 -0.9724
vn 0.6702 0.7056 0.2301
vn 0.7493 -0.5158 -0.4153
vn 0.7885 0.5438 -0.2874
vn 0.4528 -0.6374 0.6234
vn 0.4573 -0.1617 0.8745
vn 0.3225 0.5106 0.7970
vn 0.7658 -0.0885 0.6369
vn 0.8849 0.0120 0.4657
vn -0.1289 0.8335 -0.5372
vn 0.6101 0.1134 0.7841
vn -0.4225 0.3260 0.8457
vn 0.0999 0.9949 -0.0162
vn 0.8166 0.0911 -0.5699
vn 0.1285 0.9895 -0.0662
vn 0.5868 -0.7307 -0.3489
vn 0.7353 0.0125 -0.6776
vn -0.3209 0.8896 0.3248
vn 0.5780 0.3714 -0.7267
vn 0.5923 0.1336 -0.7946
vn 0.1594 -0.1680 -0.9728
vn 0.9816 0.1226 0.1464
vn 0.9726 0.0719 0.2212
vn 0.9143 -0.0578 0.4008
vn 0.9663 0.2512 -0.0568
vn 0.6790 0.2909 0.6741
vn 0.7438 -0.3755 0.5529
vn 0.6793 -0.7196 0.1440
vn 0.8080 -0.1171 0.5774
vn 0.9871 0.1259 0.0987
vn 0.1780 0.9760 0.1252
vn 0.3726 -0.9274 -0.0337
vn 0.9113 -0.1023 0.3989
vn 0.9119 0.0793 -0.4028
vn 0.9655 -0.0501 -0.2557
vn 0.9660 -0.0490 -0.2539
vn 0.9662 -0.0485 -0.2532
vn 0.9894 0.0795 -0.1214
vn 0.8348 -0.4802 -0.2692
vn 0.8927 -0.3894 -0.2267
vn 0.8564 0.4755 0.2011
vn 0.8729 0.3356 -0.3543
vn 0.9556 0.0597 -0.2887
vn 0.8078 -0.2395 -0.5387
vn 0.4860 -0.8108 -0.3262
vn 0.9653 -0.0504 -0.2562
vn 0.6745 -0.4704 -0.5690
vn 0.9426 -0.2531 -0.2178
vn 0.7568 0.5975 0.2650
vn -0.8943 0.2689 -0.3578
vn -0.4093 0.4912 0.7689
vn -0.3738 0.4026 0.8355
vn -0.2996 0.2326 0.9253
vn -0.8816 -0.4613 0.0993
vn -0.1817 -0.9815 0.0608
vn -0.9579 -0.2868 -0.0110
vn -0.9208 0.3746 0.1088
vn -0.8113 0.0898 0.5777
vn -0.6967 0.6078 0.3811
vn -0.6321 0.7340 -0.2483
vn -0.4775 0.8158 -0.3262
vn -0.1866 -0.4344 0.8812
vn -0.5216 0.7808 0.3439
vn -0.6701 -0.7358 0.0978
vn -0.5719 -0.7712 0.2797
vn -0.3649 0.9289 0.0630
vn -0.9595 -0.2516 0.1266
vn -0.9688 -0.2441 0.0440
vn -0.9629 0.2547 0.0897
vn -0.8332 -0.1855 -0.5209
vn -0.8959 0.1047 0.4317
vn -0.3949 -0.6380 -0.6610
vn -0.4998 0.2064 0.8412
vn -0.4301 0.5913 0.6821
vn -0.3307 0.6688 0.6659
vn -0.0083 -0.9996 -0.0265
vn 0.1671 -0.8742 -0.4560
vn 0.1511 -0.8960 -0.4175
vn -0.3670 0.4164 0.8318
vn -0.6407 0.4587 0.6158
vn -0.6590 0.7415 -0.1261
vn -0.9783 0.1936 -0.0741
vn -0.6179 -0.7826 0.0762
vn -0.3679 0.9298 0.0068
vn -0.8673 0.4100 -0.2825
vn -0.7923 -0.4278 -0.4350
vn -0.1423 -0.8444 -0.5164
vn -0.8652 0.0780 -0.4954
vn -0.8677 0.0842 -0.4900
vn -0.8742 0.0870 -0.4778
vn -0.8627 0.0762 -0.4999
vn -0.9406 0.2102 -0.2667
vn -0.8428 0.0963 -0.5296
vn -0.2360 0.8791 -0.4141
vn -0.5705 0.0826 -0.8172
vn -0.1856 0.3549 -0.9163
vn -0.2359 0.1107 0.9654
vn -0.2021 0.7286 0.6544
vn -0.1583 0.8187 0.5519
vn -0.3338 0.3306 0.8828
vn -0.7148 0.4932 0.4958
vn -0.7957 0.3167 0.5162
vn -0.0028 -0.9980 -0.0634
vn -0.3418 0.7393 -0.5802
vn -0.2899 0.8766 -0.3840
vn -0.7384 0.2793 -0.6138
vn -0.5669 -0.1173 -0.8154
vn -0.1476 -0.7769 -0.6121
vn -0.4317 0.6202 -0.6549
vn -0.3363 0.7658 -0.5481
vn -0.3207 0.4320 0.8429
vn 0.3404 0.2852 0.8960
vn -0.2849 0.6146 0.7356
vn -0.3003 0.6361 0.7108
vn -0.3599 0.4403 0.8226
vn -0.0205 0.9194 0.3928
vn -0.6341 -0.2950 -0.7148
vn -0.5673 0.3696 -0.7359
vn -0.5916 0.4137 -0.6920
vn 0.1477 -0.7503 -0.6444
vn -0.2352 0.4950 -0.8365
vn 0.3667 -0.1526 -0.9177
vn -0.2253 -0.0660 0.9721
vn -0.1812 0.1438 0.9729
vn -0.0075 -0.3469 0.9379
vn -0.3586 0.3999 0.8435
vn 0.7411 0.4225 0.5217
vn 0.4984 0.6397 0.5851
vn -0.7051 0.5817 -0.4056
vn 0.0902 -0.2812 -0.9554
vn -0.2820 0.3859 -0.8784
vn 0.0779 0.7551 0.6510
vn -0.0438 -0.0223 0.9988
vn 0.4997 0.7054 0.5028
vn 0.4723 -0.2169 0.8543
vn 0.4512 -0.0139 0.8923
vn 0.4349 0.8622 0.2596
vn 0.9762 0.0144 0.2166
vn 0.4180 -0.2331 -0.8780
vn 0.9466 -0.2859 0.1487
vn 0.5811 -0.6134 -0.5348
vn 0.8057 -0.5683 0.1669
vn 0.4157 0.7417 -0.5265
vn -0.0065 -0.5655 -0.8247
vn 0.6721 -0.2937 -0.6798
vn 0.8958 -0.2737 -0.3503
vn 0.3218 0.7748 -0.5442
vn 0.0182 0.6036 0.7971
vn 0.2908 0.7962 0.5305
vn 0.2297 0.8297 0.5087
vn 0.8913 0.0577 0.4497
vn 0.6690 -0.7214 -0.1791
vn 0.9645 0.0859 -0.2497
vn 0.9965 0.0164 -0.0817
vn 0.9936 -0.0572 0.0973
vn 0.9669 0.1658 0.1937
vn 0.5528 0.6680 -0.4981
vn 0.8817 0.2226 0.4159
vn 0.8401 0.3051 0.4484
vn 0.3170 -0.7613 -0.5656
vn 0.4933 -0.1092 -0.8630
vn 0.4943 -0.1081 -0.8625
vn 0.2980 0.8291 -0.4731
vn 0.8993 0.1535 -0.4095
vn 0.1379 0.3585 -0.9233
vn 0.5361 0.0984 0.8384
vn 0.3284 0.6244 0.7087
vn 0.8376 0.5108 0.1938
vn 0.5824 0.7040 0.4066
vn 0.7861 0.4131 0.4599
vn 0.3785 0.7507 -0.5414
vn 0.6105 0.2609 -0.7478
vn 0.5784 0.2326 0.7819
vn 0.5141 0.5113 0.6886
vn 0.6418 -0.7095 0.2910
vn 0.4435 -0.7174 0.5373
vn 0.7307 0.4934 0.4719
vn 0.3043 -0.7282 0.6142
vn 0.8290 -0.0913 0.5517
vn 0.6486 0.6822 0.3374
vn 0.2079 0.9639 0.1666
vn 0.8014 -0.5947 -0.0646
vn 0.8114 -0.5812 -0.0614
vn 0.9878 0.0734 -0.1373
vn 0.2541 0.7672 -0.5889
vn 0.6372 0.6698 -0.3813
vn 0.4618 0.8365 -0.2951
vn 0.9497 0.3057 0.0677
vn 0.7760 -0.6289 0.0485
vn 0.7397 0.6202 -0.2612
vn 0.9537 -0.0150 -0.3004
vn 0.9953 0.0348 -0.0906
vn 0.5250 -0.4408 -0.7280
vn -0.8940 -0.4253 -0.1410
vn -0.9925 0.0388 0.1163
vn -0.9030 0.0999 -0.4178
vn -0.8265 0.0194 0.5626
vn -0.8748 -0.2098 0.4367
vn -0.5643 0.6748 0.4757
vn -0.8246 0.5652 -0.0240
vn -0.9328 0.0157 -0.3601
vn -0.6102 -0.1480 0.7783
vn -0.9306 0.2582 0.2593
vn -0.7168 0.6730 0.1826
vn -0.7439 0.6464 0.1693
vn -0.8008 0.5892 -0.1073
vn -0.8294 0.5116 -0.2243
vn -0.4471 0.7386 -0.5045
vn -0.4521 0.7557 0.4738
vn -0.7028 0.4092 0.5818
vn -0.7674 -0.3408 0.5431
vn -0.6125 -0.6808 0.4017
vn -0.3050 0.9522 -0.0199
vn -0.6672 0.7106 -0.2233
vn -0.6272 -0.7618 -0.1623
vn -0.8474 -0.4584 -0.2679
vn -0.7184 0.6290 -0.2970
vn -0.4046 0.7204 -0.5633
vn -0.3531 -0.8575 -0.3742
vn -0.6579 0.5202 -0.5446
vn -0.2331 0.7064 0.6683
vn -0.9627 -0.2219 0.1550
vn -0.4498 -0.7124 0.5386
vn 0.0315 -0.3501 0.9362
vn 0.0176 -0.3367 0.9414
vn 0.0278 -0.3472 0.9374
vn -0.6671 0.2022 0.7170
vn -0.5856 0.8100 -0.0321
vn -0.4315 0.8164 0.3838
vn -0.5302 -0.8460 0.0566
vn -0.1143 -0.9573 -0.2654
vn -0.8323 -0.3494 -0.4304
vn -0.8232 0.3161 -0.4716
vn -0.2751 0.3440 -0.8978
vn -0.0189 -0.9997 0.0180
vn 0.0239 -0.9210 -0.3888
vn -0.2609 -0.2137 0.9414
vn -0.6271 -0.5371 0.5642
vn -0.9478 -0.1372 0.2877
vn -0.5032 -0.4660 0.7278
vn -0.6437 0.6062 0.4671
vn -0.9266 0.1297 0.3529
vn -0.5528 -0.6418 0.5315
vn -0.5197 0.7373 -0.4317
vn -0.5759 -0.6451 -0.5021
vn -0.2860 -0.8549 -0.4328
vn -0.6865 -0.2403 -0.6862
vn -0.2935 -0.5605 -0.7744
vn -0.6838 0.2587 -0.6822
vn -0.7149 0.4368 -0.5460
vn -0.0522 0.2052 -0.9773
vn -0.0499 -0.1844 -0.9816
vn -0.1525 0.7605 0.6311
vn 0.3225 0.7452 0.5837
vn 0.8600 0.1095 0.4984
vn 0.0399 -0.3599 0.9321
vn 0.0256 -0.1679 0.9855
vn 0.0243 0.8808 0.4730
vn -0.3683 0.1300 -0.9206
vn 0.0772 -0.5611 -0.8241
vn -0.0234 -0.5087 -0.8606
vn 0.4949 0.5427 -0.6786
vn -0.5742 0.4095 -0.7089
vn 0.4556 -0.1159 -0.8826
vn -0.2895 0.8434 -0.4526
vn -0.1346 0.0051 -0.9909
vn 0.2325 0.1861 -0.9546
vn -0.1826 -0.0974 0.9784
vn 0.0111 0.6440 0.7650
vn 0.0465 -0.0945 0.9944
vn -0.0393 -0.7294 0.6829
vn 0.0939 0.5629 0.8211
vn 0.4590 -0.4408 0.7714
vn 0.4256 0.2979 0.8545
vn 0.0522 -0.6743 -0.7366
vn -0.1831 -0.0435 -0.9821
vn -0.2988 0.2508 -0.9208
vn -0.0043 0.6985 -0.7156
vn 0.1801 0.5556 -0.8117
vn 0.5963 0.2534 0.7617
vn 0.4970 -0.7193 0.4853
vn 0.6797 -0.3225 0.6588
vn 0.2618 -0.0438 0.9641
vn 0.7072 -0.2141 0.6739
vn 0.4908 0.3748 0.7865
vn 0.8849 -0.0710 -0.4604
vn 0.7518 0.5544 0.3571
vn 0.7555 0.6303 0.1785
vn 0.4425 -0.5666 -0.6951
vn 0.6842 -0.6391 -0.3515
vn 0.5367 -0.0625 -0.8415
vn 0.2656 0.4364 -0.8597
vn 0.8489 0.3746 -0.3728
vn 0.8489 0.3745 -0.3730
vn 0.8489 0.3745 -0.3729
vn 0.4178 0.0119 -0.9084
vn 0.5609 0.6528 -0.5092
vn 0.0244 -0.9996 0.0134
vn 0.4404 0.2263 0.8688
vn 0.4960 0.5126 0.7009
vn 0.6214 -0.5168 0.5889
vn 0.6522 -0.5780 0.4905
vn 0.5747 -0.4389 0.6907
vn -0.1011 0.5758 0.8113
vn 0.2667 0.4889 0.8306
vn 0.8095 0.1850 0.5572
vn 0.6032 0.3189 0.7311
vn 0.0746 -0.9067 0.4151
vn 0.3904 -0.8394 0.3782
vn 0.5999 0.4892 0.6331
vn 0.9444 -0.3277 -0.0269
vn 0.4023 0.5726 0.7143
vn 0.8626 0.4960 0.0994
vn 0.9583 -0.0261 0.2846
vn 0.1276 0.9843 0.1222
vn 0.9458 0.2298 0.2293
vn 0.7077 0.6716 0.2194
vn 0.9875 -0.1040 0.1181
vn 0.6850 0.6716 0.2823
vn 0.8664 0.4909 -0.0911
vn 0.5021 0.0406 -0.8638
vn 0.2345 -0.9441 -0.2319
vn 0.7185 0.6904 0.0842
vn 0.6842 0.5676 -0.4579
vn -0.1188 -0.5971 -0.7933
vn 0.0059 -1.0000 0.0052
vn 0.1286 -0.6481 -0.7507
vn 0.4563 0.2164 -0.8631
vn 0.3446 0.5970 -0.7245
vn 0.2270 -0.8859 -0.4045
vn 0.5610 -0.1941 -0.8047
vn 0.3745 0.6539 -0.6574
vn 0.0265 -0.9989 0.0376
vn 0.8989 -0.1835 -0.3979
vn 0.5706 -0.6030 -0.5575
vn 0.6762 -0.6353 0.3732
vn 0.7008 0.5715 0.4270
vn 0.6726 0.6758 0.3013
vn 0.7327 -0.4958 0.4662
vn 0.9954 0.0356 0.0890
vn 0.2988 -0.9475 0.1136
vn 0.7451 -0.5873 -0.3160
vn 0.8118 0.5807 -0.0610
vn 0.5735 0.7544 -0.3191
vn 0.8077 0.0359 -0.5885
vn 0.7141 -0.5932 -0.3718
vn 0.7497 -0.4140 -0.5163
vn 0.9985 0.0165 0.0524
vn 0.9367 -0.3502 -0.0007
vn -0.7927 0.5641 0.2313
vn -0.8556 0.4848 0.1814
vn -0.9508 -0.2733 -0.1459
vn -0.7038 -0.6220 0.3433
vn -0.8901 -0.2689 -0.3680
vn -0.8086 -0.1789 -0.5605
vn -0.8905 -0.0564 -0.4515
vn -0.9344 0.0420 -0.3537
vn -0.9296 0.2445 0.2759
vn -0.5071 0.6583 -0.5564
vn -0.8035 0.4808 0.3511
vn -0.7885 0.5739 0.2211
vn -0.8561 0.4323 0.2833
vn -0.9843 0.0274 -0.1742
vn 0.0788 -0.9968 0.0093
vn 0.0334 -0.9983 -0.0469
vn -0.0016 -0.9952 -0.0979
vn -0.6437 -0.3193 0.6955
vn -0.6264 -0.2619 0.7342
vn -0.6571 -0.3620 0.6611
vn -0.0004 -0.9999 0.0117
vn -0.8077 0.1346 0.5741
vn -0.7350 -0.5634 -0.3774
vn -0.8893 -0.4570 0.0152
vn -0.8515 0.4004 -0.3387
vn -0.8152 -0.4863 -0.3146
vn -0.2453 0.6123 0.7516
vn -0.1068 -0.6937 0.7123
vn -0.4414 0.5463 0.7118
vn -0.6611 0.0887 0.7450
vn -0.5576 -0.0441 0.8289
vn -0.6648 0.5190 0.5373
vn -0.4983 0.7207 0.4819
vn -0.9858 -0.1307 0.1059
vn -0.9021 -0.1997 0.3824
vn -0.6091 0.7814 0.1359
vn -0.2594 0.9469 -0.1902
vn -0.7472 0.5772 -0.3294
vn -0.7200 0.2505 -0.6472
vn -0.6840 -0.2898 -0.6695
vn -0.2409 0.1697 -0.9556
vn -0.7323 -0.2645 -0.6275
vn -0.5452 0.4855 -0.6834
vn -0.0386 -0.9954 -0.0875
vn -0.4787 0.6980 -0.5325
vn -0.5797 0.1660 0.7977
vn -0.4274 0.6508 0.6275
vn -0.6655 -0.4035 0.6279
vn -0.6010 0.5624 0.5679
vn -0.1881 0.1165 0.9752
vn -0.4428 -0.7369 0.5108
vn -0.1008 0.8290 0.5500
vn -0.6493 0.7577 -0.0658
vn -0.3693 0.9221 -0.1157
vn -0.6091 -0.6292 -0.4829
vn -0.4298 -0.7954 -0.4274
vn -0.6459 0.6293 -0.4322
vn 0.1332 0.5359 -0.8337
vn -0.0608 0.4811 -0.8746
vn -0.6407 0.4776 -0.6012
vn 0.0057 -1.0000 -0.0071
vn -0.7109 0.0210 -0.7030
vn -0.4238 0.2848 0.8598
vn 0.0809 0.5058 0.8588
vn -0.4249 -0.7324 0.5321
vn 0.0246 0.1917 0.9812
vn 0.0773 0.2213 0.9721
vn -0.8884 0.1319 0.4398
vn -0.0057 0.9932 0.1163
vn -0.0625 0.9373 -0.3428
vn -0.1514 0.3979 -0.9048
vn -0.0733 0.3502 -0.9338
vn -0.0733 0.3508 -0.9336
vn -0.0737 0.3518 -0.9332
vn -0.0035 0.7121 0.7021
vn 0.1864 0.6127 0.7680
vn 0.4585 -0.2278 0.8590
vn 0.5928 0.0329 0.8046
vn 0.6470 0.3968 0.6511
vn 0.3670 -0.5834 0.7246
vn 0.2558 -0.6376 0.7266
vn 0.5085 0.4076 0.7585
vn 0.3898 -0.5436 0.7434
vn 0.5906 0.2801 0.7568
vn 0.1028 0.9799 0.1710
vn 0.4470 0.4969 -0.7438
vn -0.1457 -0.2745 -0.9505
vn -0.0824 -0.5395 -0.8379
vn -0.1315 -0.4691 -0.8733
vn 0.7279 0.6675 -0.1572
vn -0.2209 -0.5740 -0.7885
vn -0.0038 0.5879 0.8090
vn 0.3177 0.0201 0.9480
vn 0.0655 -0.9960 -0.0599
vn 0.0610 0.7648 0.6414
vn 0.0351 -0.6171 0.7861
vn 0.1802 0.0833 0.9801
vn 0.0302 -0.0789 -0.9964
vn 0.9758 0.1203 -0.1824
vn -0.1103 0.4886 -0.8655
vn 0.2517 -0.4494 -0.8571
vn 0.6654 -0.2219 -0.7128
vn 0.4665 -0.6359 -0.6148
vn -0.0739 0.3520 -0.9331
vn 0.3165 0.0385 -0.9478
vn 0.4297 0.7722 0.4681
vn 0.8868 0.3532 -0.2981
vn 0.7191 0.6402 0.2704
vn 0.4893 -0.8079 0.3284
vn 0.8243 -0.4029 -0.3977
vn 0.2250 0.9713 0.0778
vn 0.9241 -0.3806 -0.0337
vn 0.9032 0.4213 0.0823
vn 0.9011 -0.2467 -0.3566
vn 0.4972 -0.0398 -0.8667
vn 0.6365 0.1165 -0.7624
vn 0.7363 0.2454 -0.6305
vn 0.0205 -0.2590 0.9656
vn 0.5000 0.5540 0.6656
vn 0.0971 0.7186 0.6886
vn 0.1483 -0.7678 0.6233
vn 0.6945 0.5281 0.4886
vn 0.6653 0.3619 0.6529
vn 0.3360 0.3507 0.8741
vn 0.2483 0.9498 0.1905
vn 0.9045 0.0496 0.4236
vn 0.8866 0.3153 0.3385
vn 0.9811 0.1063 -0.1619
vn 0.5891 -0.8075 -0.0310
vn 0.8762 -0.1091 0.4695
vn 0.5188 0.2064 -0.8296
vn 0.8882 0.4418 0.1265
vn 0.2082 0.0024 -0.9781
vn 0.7261 0.6870 -0.0289
vn 0.8439 0.5346 0.0459
vn 0.7032 -0.1055 -0.7031
vn 0.0095 0.9937 -0.1115
vn 0.2334 -0.9447 0.2304
vn 0.9015 0.1763 0.3953
vn 0.7603 0.5698 0.3118
vn 0.7026 0.7095 -0.0539
vn 0.9798 -0.1797 -0.0873
vn 0.7086 0.5941 -0.3807
vn 0.8074 0.3920 -0.4409
vn 0.4446 0.7334 0.5142
vn 0.4743 -0.6787 0.5607
vn 0.8290 0.5424 -0.1359
vn 0.6748 0.6908 -0.2599
vn 0.7596 0.6501 0.0170
vn 0.9933 0.0315 -0.1115
vn 0.9104 0.2456 0.3329
vn 0.9172 -0.1691 0.3607
vn 0.7718 -0.6359 -0.0073
vn 0.9683 0.1819 -0.1714
vn 0.9371 0.1406 -0.3195
vn 0.9105 -0.2423 -0.3351
vn -0.6400 0.0096 0.7683
vn -0.7433 -0.1308 0.6561
vn -0.7812 -0.1282 -0.6110
vn -0.7563 -0.4082 -0.5113
vn 0.4880 -0.1788 0.8544
vn -0.6463 0.0359 0.7622
vn 0.3939 0.6636 0.6360
vn -0.2638 0.9428 0.2040
vn -0.4009 0.9159 0.0171
vn -0.9941 -0.0973 0.0488
vn -0.9605 0.2126 -0.1797
vn -0.8042 0.5857 0.1015
vn -0.5169 0.0156 0.8559
vn -0.0072 0.1217 -0.9925
vn -0.2380 0.8278 -0.5081
vn 0.2443 -0.2533 -0.9360
vn 0.2945 -0.1791 -0.9387
vn 0.1572 -0.3677 -0.9166
vn -0.2783 0.9218 -0.2698
vn -0.2908 -0.2572 0.9216
vn 0.6739 -0.2719 0.6870
vn -0.1621 -0.1167 0.9799
vn -0.1878 -0.1523 0.9703
vn -0.1402 -0.0866 0.9863
vn 0.0473 0.9980 0.0409
vn -0.1775 0.8540 0.4891
vn 0.4331 0.8863 0.1640
vn 0.5333 0.6078 0.5883
vn 0.0185 0.0224 -0.9996
vn 0.0440 0.3048 -0.9514
vn -0.0411 0.9404 -0.3376
vn 0.5103 0.3857 -0.7686
vn -0.0775 -0.2052 -0.9756
vn 0.3888 -0.0215 -0.9211
vn 0.5903 -0.3255 0.7386
vn 0.9499 -0.2475 0.1909
vn 0.5910 0.7118 0.3795
vn -0.0041 0.9994 0.0345
vn 0.9801 -0.0249 0.1971
vn -0.0164 0.9998 0.0101
vn -0.8363 0.0133 0.5481
vn -0.5028 0.8557 0.1224
vn -0.6222 0.7828 0.0060
vn -0.0018 -1.0000 0.0008
vn -0.8364 0.5437 0.0694
vn -0.8364 0.3928 -0.3823
vn 0.0196 0.0646 0.9977
vn -0.8148 0.0529 0.5773
vn -0.3697 0.5686 0.7349
vn -0.9074 -0.2497 0.3381
vn -0.6667 0.7398 0.0905
vn -0.5532 0.5691 -0.6083
vn -0.5832 -0.2879 -0.7596
vn -0.8510 -0.3075 -0.4258
vn -0.1830 -0.9831 0.0101
vn -0.8681 0.0307 0.4954
vn -0.8881 0.3842 0.2523
vn -0.9005 0.3511 -0.2564
vn -0.7336 0.6755 0.0744
vn -0.8227 0.5172 -0.2360
vn -0.3593 -0.4314 0.8275
vn -0.3868 0.5769 0.7194
vn -0.2288 -0.2693 0.9355
vn -0.7294 0.0181 0.6839
vn -0.9581 -0.1781 0.2243
vn -0.2351 -0.9630 0.1316
vn -0.0179 -0.9971 0.0738
vn -0.3707 -0.8724 0.3185
vn -0.2501 -0.9094 0.3323
vn -0.9298 -0.0023 -0.3680
vn -0.2306 0.9708 0.0655
vn -0.4669 0.8663 -0.1776
vn -0.9384 0.0053 -0.3456
vn -0.2419 -0.9703 -0.0024
vn -0.2070 0.9528 -0.2220
vn -0.8604 -0.3238 -0.3936
vn -0.3418 -0.8587 -0.3818
vn -0.3516 -0.2012 -0.9142
vn -0.4885 0.4851 -0.7253
vn -0.1799 0.6126 0.7696
vn -0.7845 0.5864 0.2017
vn -0.8260 0.5575 0.0831
vn -0.9092 -0.3368 0.2446
vn 0.0253 -0.9997 -0.0030
vn -0.7668 -0.0418 0.6405
vn -0.8579 0.5101 -0.0617
vn -0.4582 0.5871 -0.6674
vn -0.4208 -0.8692 -0.2596
vn -0.8250 0.5196 -0.2221
vn -0.7640 -0.5089 -0.3966
vn -0.8018 -0.0341 -0.5967
vn -0.9800 0.1920 -0.0520
vn 0.0106 0.6881 0.7255
vn -0.0128 -0.6253 0.7803
vn -0.0148 -0.6276 0.7784
vn -0.0126 -0.6250 0.7806
vn -0.0432 0.7080 0.7049
vn -0.1010 0.8890 0.4466
vn 0.2506 -0.0178 0.9679
vn 0.2506 -0.0181 0.9679
vn 0.2400 0.7998 0.5501
vn 0.1704 0.7280 0.6641
vn 0.2790 0.8340 0.4759
vn 0.2441 0.1633 0.9559
vn -0.1711 0.0239 0.9850
vn -0.4889 0.1713 -0.8553
vn -0.0563 -0.9668 -0.2494
vn -0.2152 -0.3134 -0.9249
vn -0.1815 -0.6070 -0.7737
vn -0.1197 -0.9916 -0.0499
vn -0.1100 0.9248 -0.3641
vn -0.2177 -0.2592 -0.9410
vn -0.0412 0.4855 -0.8733
vn 0.2143 0.6876 -0.6937
vn -0.2320 -0.1004 0.9675
vn -0.1614 0.6955 0.7001
vn -0.2619 0.5686 0.7798
vn -0.2588 0.2771 0.9253
vn -0.1853 -0.4367 0.8803
vn -0.2336 -0.3366 0.9122
vn -0.1723 0.7022 0.6908
vn -0.4331 -0.4017 0.8068
vn -0.4700 0.6745 0.5693
vn -0.5104 0.2767 -0.8142
vn -0.0728 0.5202 -0.8509
vn -0.0120 -0.5036 -0.8638
vn -0.1784 0.3489 -0.9200
vn -0.3200 -0.3457 -0.8821
vn -0.2087 -0.4050 -0.8902
vn -0.3637 -0.4442 -0.8188
vn -0.5897 -0.4029 -0.6999
vn -0.1686 0.6075 -0.7762
vn -0.2131 0.2759 -0.9373
vn -0.0101 -0.6228 0.7823
vn 0.7872 0.1289 0.6031
vn 0.8233 0.1773 0.5392
vn 0.7439 0.0888 0.6623
vn 0.3945 0.2062 0.8955
vn 0.7915 0.0536 -0.6088
vn -0.2274 -0.0056 -0.9738
vn 0.7277 -0.0862 -0.6805
vn -0.1234 0.6611 -0.7401
vn 0.4768 0.7818 -0.4018
vn 0.0431 0.2723 -0.9612
vn 0.7125 -0.2777 -0.6443
vn 0.7124 -0.2052 -0.6711
vn 0.7114 -0.5654 -0.4174
vn -0.0438 0.4223 -0.9054
vn 0.0211 0.0919 -0.9955
vn 0.5638 0.2116 0.7983
vn 0.5063 0.6655 0.5484
vn 0.1695 -0.7771 0.6061
vn 0.7343 0.4870 0.4730
vn 0.7190 -0.5285 0.4515
vn -0.1320 -0.3749 0.9176
vn 0.5701 -0.3130 0.7596
vn 0.6806 0.4993 0.5362
vn 0.6971 0.6474 -0.3079
vn 0.4513 0.8444 0.2886
vn 0.7353 -0.1594 -0.6587
vn 0.3432 -0.7893 -0.5092
vn 0.4905 0.6778 -0.5478
vn 0.4027 -0.7499 -0.5249
vn 0.5685 -0.6539 -0.4992
vn 0.5688 -0.6540 -0.4987
vn 0.5690 -0.6542 -0.4983
vn -0.2584 0.2786 0.9250
vn -0.1319 -0.5738 0.8083
vn 0.0084 -0.9178 0.3969
vn 0.1505 0.4486 -0.8810
vn 0.1193 0.8432 -0.5242
vn 0.1440 0.0192 -0.9894
vn -0.1129 0.8779 -0.4654
vn 0.3273 0.6285 0.7056
vn 0.1151 0.5758 0.8095
vn 0.3370 0.6300 0.6996
vn 0.3374 0.8749 0.3475
vn 0.9517 -0.1269 0.2794
vn 0.0402 -0.9992 0.0019
vn 0.6698 -0.4085 0.6201
vn 0.1336 0.9413 0.3099
vn 0.7582 0.6119 0.2251
vn 0.8515 0.2111 0.4799
vn 0.2076 0.9652 -0.1588
vn 0.8706 0.4631 -0.1659
vn 0.6594 -0.6423 -0.3908
vn 0.6617 -0.7171 -0.2187
vn 0.9492 -0.2363 -0.2079
vn 0.1248 -0.9920 0.0214
vn 0.2036 0.9656 -0.1619
vn 0.3942 0.8351 -0.3838
vn 0.3564 0.9219 0.1517
vn 0.5873 -0.2938 0.7541
vn 0.6242 0.5646 0.5400
vn 0.3863 -0.9057 -0.1749
vn 0.4712 0.7662 -0.4368
vn 0.7045 -0.4778 0.5248
vn 0.8606 0.3923 -0.3249
vn 0.5036 0.7322 -0.4586
vn 0.5656 -0.6520 -0.5049
vn 0.8598 0.0754 -0.5050
vn 0.5156 0.6420 0.5675
vn 0.7445 0.6676 0.0075
vn -0.0137 -0.9999 0.0031
vn 0.1240 -0.9919 0.0271
vn 0.5098 0.8104 -0.2888
vn 0.6495 0.7238 -0.2329
vn 0.6690 -0.6616 -0.3387
vn 0.6435 0.5090 -0.5717
vn 0.6681 -0.6441 -0.3725
vn 0.6860 -0.5575 -0.4676
vn 0.6007 0.7349 0.3147
vn 0.6449 0.3649 -0.6716
vn 0.8679 0.4967 0.0052
vn 0.9981 -0.0609 -0.0094
vn 0.9824 -0.1563 -0.1025
vn 0.8533 -0.4542 -0.2561
vn -0.8093 0.1179 0.5754
vn -0.6887 0.7069 -0.1616
vn -0.0562 -0.9983 0.0177
vn -0.7114 0.4293 -0.5564
vn -0.8387 -0.0253 0.5440
vn -0.6706 -0.3767 0.6390
vn -0.5860 0.6370 0.5009
vn -0.5003 -0.7225 0.4772
vn -0.8435 0.2452 0.4779
vn -0.6649 0.5259 0.5304
vn -0.2139 -0.8535 0.4752
vn -0.6373 0.3042 0.7080
vn -0.7264 -0.6697 -0.1544
vn -0.8144 0.4568 -0.3579
vn -0.8150 0.5685 0.1118
vn -0.7231 0.6819 0.1100
vn -0.9667 0.2490 0.0596
vn -0.8693 0.1895 -0.4564
vn -0.7779 0.4112 -0.4751
vn -0.9673 -0.1056 -0.2308
vn -0.2691 -0.9409 -0.2056
vn -0.3136 -0.9271 -0.2051
vn -0.3763 -0.9046 -0.2001
vn -0.6459 0.5992 -0.4730
vn -0.8224 -0.2194 -0.5250
vn -0.7840 0.5909 -0.1904
vn -0.6665 0.3301 -0.6684
vn -0.3577 -0.0621 0.9318
vn 0.0657 0.5667 0.8213
vn -0.8289 -0.0922 0.5517
vn -0.2947 -0.0201 0.9554
vn -0.7083 -0.6840 0.1746
vn -0.3691 0.2660 0.8905
vn -0.9426 -0.0066 0.3337
vn -0.9925 -0.1223 -0.0052
vn -0.6334 0.4578 -0.6239
vn -0.6542 0.6438 0.3970
vn -0.1795 -0.9602 -0.2138
vn -0.7890 0.4950 -0.3639
vn 0.0233 -0.9997 0.0107
vn 0.0234 -0.9997 0.0106
vn 0.0257 -0.9997 0.0026
vn -0.1628 0.5632 -0.8101
vn -0.2721 0.7775 -0.5670
vn -0.3174 -0.5714 -0.7568
vn -0.2978 0.5709 -0.7651
vn -0.4386 0.6408 -0.6301
vn -0.0533 -0.3765 -0.9249
vn -0.1945 0.7054 -0.6816
vn -0.3731 -0.0398 0.9270
vn -0.3598 0.5430 0.7588
vn -0.3514 -0.7553 0.5532
vn -0.2544 0.6548 0.7117
vn -0.7335 -0.4200 0.5344
vn -0.8099 0.3848 0.4427
vn -0.6638 0.2632 0.7000
vn -0.8324 0.5537 -0.0224
vn -0.3137 -0.8797 -0.3575
vn -0.7206 -0.4698 -0.5099
vn -0.7222 -0.3256 0.6102
vn -0.9601 -0.1825 0.2117
vn -0.5913 0.7827 -0.1942
vn -0.9059 -0.3849 0.1766
vn -0.9715 0.2317 0.0494
vn -0.6982 0.7079 -0.1070
vn -0.7653 -0.5594 -0.3184
vn -0.8059 0.2894 -0.5165
vn 0.1809 -0.9835 0.0042
vn 0.1666 -0.9860 0.0005
vn -0.0121 -0.9994 -0.0309
vn 0.2527 -0.3623 0.8972
vn -0.2198 0.6835 0.6961
vn 0.3021 -0.7624 0.5723
vn -0.4368 0.4529 0.7773
vn 0.7223 -0.0430 0.6902
vn -0.1427 0.2555 0.9562
vn 0.6340 -0.3381 0.6955
vn -0.2347 0.7654 0.5993
vn -0.1617 0.4562 0.8750
vn -0.1688 0.6038 -0.7791
vn -0.1610 -0.0839 -0.9834
vn 0.1700 0.9784 -0.1178
vn 0.1804 -0.0030 -0.9836
vn 0.0800 -0.3623 -0.9286
vn 0.1501 0.7327 -0.6638
vn 0.0753 0.5118 -0.8558
vn 0.0508 0.1134 0.9922
vn 0.0774 0.1640 0.9834
vn -0.3339 0.1160 0.9354
vn -0.2344 0.2694 0.9341
vn -0.3362 -0.6311 0.6991
vn -0.1722 0.8226 0.5419
vn 0.0027 -1.0000 -0.0036
vn -0.0012 -0.9999 0.0108
vn -0.0081 -0.9996 0.0275
vn -0.3142 -0.7161 -0.6232
vn -0.3565 0.5591 -0.7485
vn -0.5005 -0.1542 -0.8519
vn -0.3683 0.7229 -0.5846
vn 0.5787 -0.3462 -0.7384
vn 0.0416 -0.5253 -0.8499
vn 0.4075 -0.0340 0.9126
vn 0.7789 0.4827 0.4005
vn 0.6971 -0.1243 0.7061
vn 0.4971 0.5861 0.6398
vn 0.4175 -0.8568 0.3028
vn 0.5959 0.6274 0.5013
vn 0.9688 -0.0351 -0.2455
vn 0.4770 -0.8726 0.1051
vn 0.7000 0.7043 -0.1181
vn 0.7095 0.6810 -0.1813
vn 0.7207 0.5908 -0.3626
vn 0.5893 0.3651 -0.7207
vn 0.9587 -0.0085 -0.2842
vn 0.8808 0.1449 -0.4507
vn 0.7694 -0.4753 -0.4267
vn 0.6724 0.0807 -0.7358
vn 0.7881 0.4076 -0.4613
vn 0.8715 0.4285 -0.2385
vn 0.5607 0.4218 -0.7125
vn 0.2144 0.8208 0.5294
vn 0.7101 0.2353 0.6636
vn 0.4964 0.6111 0.6166
vn 0.4836 0.6978 0.5284
vn 0.0187 -0.2668 0.9636
vn 0.4366 -0.8608 0.2615
vn 0.2594 -0.0476 0.9646
vn 0.8490 0.3133 0.4255
vn 0.8322 0.5202 -0.1918
vn 0.4684 -0.8722 -0.1408
vn 0.0847 0.9257 -0.3686
vn 0.5667 -0.7011 -0.4327
vn 0.6401 0.5978 -0.4826
vn 0.6390 0.6877 -0.3447
vn 0.5843 -0.3623 -0.7262
vn 0.5450 -0.3116 -0.7784
vn 0.0145 -0.9989 -0.0436
vn 0.6047 0.0088 -0.7964
vn 0.4787 0.5013 0.7208
vn 0.5047 0.2923 0.8123
vn 0.5243 0.7710 0.3616
vn 0.7072 -0.3917 0.5885
vn 0.7077 -0.5458 0.4486
vn 0.6336 0.6071 0.4795
vn 0.7405 0.6300 0.2340
vn 0.8766 0.3600 0.3192
vn 0.8510 0.5244 -0.0292
vn 0.6572 0.7494 0.0807
vn 0.8040 0.5915 -0.0607
vn 0.0172 -0.9994 0.0314
vn 0.3886 -0.7868 -0.4795
vn 0.6988 0.6048 -0.3819
vn 0.5820 0.7607 0.2876
vn 0.9529 -0.2740 0.1300
vn 0.9541 -0.2689 0.1320
vn 0.9545 -0.2672 0.1326
vn 0.9525 -0.2755 0.1294
vn 0.9624 0.2572 0.0872
vn 0.7154 0.2884 -0.6364
vn 0.6134 0.7159 -0.3334
vn 0.6018 -0.7946 0.0805
vn 0.9988 -0.0476 -0.0129
vn 0.9939 -0.1023 -0.0417
vn 0.7658 0.5977 0.2374
vn -0.9658 -0.2344 -0.1109
vn -0.7466 0.0196 0.6650
vn -0.3588 -0.7277 0.5846
vn -0.1249 0.9869 0.1021
vn -0.6794 -0.1526 0.7177
vn 0.4533 0.7725 -0.4448
vn -0.9351 0.0931 0.3420
vn 0.7484 0.6632 0.0109
vn -0.2600 -0.2824 -0.9234
vn 0.1315 0.9625 -0.2371
vn -0.1778 -0.2495 0.9519
vn -0.2149 -0.3923 0.8944
vn 0.3407 0.9149 0.2165
vn -0.6402 -0.2300 0.7329
vn -0.3054 0.4041 0.8622
vn -0.4107 0.8652 -0.2876
vn -0.0339 0.9989 0.0312
vn -0.5410 -0.1417 -0.8290
vn -0.2679 0.5901 -0.7616
vn -0.1552 -0.4809 -0.8629
vn 0.3856 0.9218 -0.0394
vn 0.4176 -0.1786 0.8909
vn 0.0299 0.8914 -0.4522
vn 0.1909 0.9258 -0.3263
vn 0.2134 0.9635 0.1616
vn -0.1967 -0.0149 0.9804
vn 0.7105 0.6793 0.1840
vn 0.2023 0.9756 0.0857
vn 0.8596 0.4836 0.1649
vn -0.0002 0.9963 -0.0858
vn -0.1293 0.9632 0.2356
vn 0.1638 0.4595 -0.8730
vn -0.0974 0.9394 0.3288
vn 0.6137 -0.2461 -0.7502
vn 0.5479 0.5459 -0.6338
vn -0.9439 -0.0327 0.3285
vn 0.3682 0.6598 -0.6551
vn -0.1358 0.9424 0.3058
vn 0.5751 -0.2446 0.7807
vn -0.7735 0.6311 -0.0579
vn -0.9721 -0.0300 0.2328
vn 0.0608 0.9982 -0.0002
vn 0.0671 0.9977 -0.0022
vn 0.0629 0.9980 -0.0017
vn 0.0975 0.9952 -0.0026
vn 0.9413 -0.2897 -0.1731
vn 0.4961 0.1429 -0.8564
vn 0.5247 0.8507 -0.0313
vn 0.5245 0.8508 -0.0314
vn 0.5249 0.8506 -0.0315
vn 0.4442 -0.6079 -0.6582
vn 0.0860 0.9949 -0.0534
vn 0.0590 0.9983 0.0018
vn 0.5075 -0.8568 0.0914
vn 0.9491 -0.2612 0.1758
vn -0.5773 -0.0925 0.8113
vn -0.4203 -0.0244 0.9071
vn -0.9349 -0.3294 -0.1324
vn -0.5259 0.8436 -0.1087
vn -0.4692 0.8183 -0.3322
vn -0.6959 -0.1907 -0.6924
vn 0.4141 -0.3012 0.8590
vn 0.9342 0.1062 0.3406
vn 0.3043 0.9319 0.1973
vn 0.2839 0.9021 -0.3249
vn -0.3391 0.4933 -0.8010
vn -0.1203 -0.4854 -0.8660
vn 0.7551 -0.0654 -0.6524
vn -0.6756 -0.5777 0.4581
vn -0.8284 -0.3670 0.4232
vn -0.7815 -0.4432 0.4391
vn -0.9467 0.0221 0.3213
vn -0.6759 0.4477 0.5855
vn -0.8891 0.1704 0.4247
vn -0.9496 -0.0547 -0.3086
vn -0.8168 0.4792 -0.3213
vn -0.9113 -0.0865 -0.4026
vn -0.3133 0.8924 0.3248
vn -0.3111 0.8903 0.3326
vn -0.3108 0.8898 0.3341
vn -0.3137 0.8928 0.3233
vn -0.5557 0.7274 0.4025
vn -0.7867 -0.6109 0.0890
vn -0.8510 -0.5203 0.0709
vn -0.6819 0.5362 -0.4975
vn -0.7852 -0.0621 -0.6161
vn -0.6711 -0.3706 -0.6421
vn -0.6829 0.3122 0.6604
vn -0.8713 0.0705 0.4856
vn -0.4983 0.4604 0.7346
vn -0.7808 0.4241 -0.4587
vn -0.6845 0.7198 0.1154
vn -0.5153 0.5729 0.6374
vn -0.6174 -0.6359 0.4632
vn -0.5357 -0.7421 0.4029
vn -0.8084 -0.0090 0.5886
vn -0.8810 -0.2872 0.3760
vn -0.9838 0.0980 0.1499
vn -0.9817 0.1148 0.1516
vn -0.9001 0.1555 0.4070
vn -0.8488 0.5106 0.1371
vn -0.9425 0.2949 0.1576
vn -0.3183 -0.7075 -0.6310
vn -0.8876 0.2169 -0.4063
vn -0.6024 0.1097 -0.7906
vn -0.9752 0.1437 -0.1683
vn -0.0070 -0.9998 0.0181
vn -0.4112 0.3350 0.8478
vn -0.8875 0.0967 0.4505
vn -0.8660 0.4425 0.2329
vn -0.7301 -0.0264 0.6828
vn -0.6297 0.7662 0.1279
vn -0.8578 -0.3107 0.4094
vn -0.6656 -0.7418 -0.0824
vn -0.9960 -0.0456 -0.0773
vn -0.8986 -0.0395 -0.4370
vn -0.6463 -0.4615 -0.6078
vn -0.6947 -0.4194 -0.5844
vn -0.6618 -0.4484 -0.6007
vn -0.1630 0.6348 -0.7553
vn -0.2706 0.0651 0.9605
vn -0.0886 0.2560 0.9626
vn -0.8340 -0.1505 0.5309
vn -0.6988 -0.1986 0.6872
vn 0.2797 0.3827 0.8805
vn 0.1847 0.5451 0.8178
vn 0.6339 0.5534 0.5403
vn -0.0387 0.4898 0.8710
vn -0.5745 0.6092 0.5466
vn 0.0035 -0.9999 -0.0103
vn -0.5334 0.5282 -0.6607
vn -0.6169 -0.7836 0.0737
vn 0.3637 0.9009 -0.2370
vn -0.1045 -0.1278 -0.9863
vn -0.2066 0.8843 -0.4187
vn -0.3069 -0.7798 -0.5456
vn 0.0203 -0.1911 -0.9814
vn -0.1927 0.4861 0.8524
vn 0.6602 0.1925 0.7260
vn -0.1872 -0.4231 0.8865
vn 0.2676 -0.8150 0.5139
vn -0.0594 0.5223 0.8507
vn -0.0132 -0.2462 -0.9691
vn 0.2480 0.3548 -0.9015
vn 0.3692 0.1274 -0.9206
vn 0.1092 0.5599 -0.8214
vn -0.0969 -0.8794 -0.4662
vn 0.0023 -1.0000 -0.0002
vn 0.0024 -1.0000 0.0010
vn -0.0037 -1.0000 -0.0022
vn -0.2733 0.7711 -0.5751
vn 0.4275 0.7149 -0.5533
vn -0.6189 0.1924 -0.7616
vn 0.3448 -0.2965 -0.8906
vn 0.2368 -0.0867 0.9677
vn 0.1880 0.0636 0.9801
vn 0.1772 0.6540 0.7354
vn -0.0993 -0.9946 0.0314
vn 0.3112 -0.0892 0.9462
vn 0.7290 0.5295 0.4337
vn 0.8431 0.3495 0.4088
vn 0.7015 0.5836 0.4090
vn 0.1664 0.5415 -0.8241
vn 0.7788 0.3507 -0.5200
vn -0.0262 -0.6876 -0.7256
vn 0.1305 0.3219 -0.9377
vn -0.0761 -0.2835 -0.9559
vn 0.3164 0.5625 -0.7638
vn 0.0635 -0.9969 0.0462
vn 0.6794 0.5986 0.4242
vn 0.0252 0.8661 0.4993
vn -0.0010 -1.0000 -0.0039
vn 0.9951 0.0732 0.0664
vn 0.6745 -0.1451 -0.7238
vn 0.6521 -0.1357 -0.7459
vn 0.3543 -0.4081 -0.8414
vn 0.8853 0.3503 -0.3058
vn 0.4621 -0.5902 0.6619
vn 0.6230 0.3709 0.6887
vn -0.0085 -0.6181 0.7861
vn 0.8510 -0.1711 0.4966
vn 0.8877 0.2904 0.3574
vn 0.4949 0.8432 -0.2099
vn 0.8654 0.3137 -0.3908
vn 0.0002 0.9606 -0.2778
vn 0.9489 -0.2701 -0.1632
vn 0.4012 0.1066 -0.9098
vn 0.6911 0.6891 -0.2179
vn 0.7741 0.4316 -0.4631
vn 0.7560 0.2736 0.5947
vn 0.6544 0.7509 0.0886
vn 0.4612 0.8810 -0.1055
vn 0.4823 0.8497 -0.2132
vn 0.9306 0.1075 -0.3499
vn 0.8169 0.1031 -0.5675
vn 0.6229 0.6355 -0.4563
vn 0.9773 -0.1851 0.1026
vn 0.0606 -0.9976 -0.0326
vn 0.9355 0.3312 -0.1226
vn 0.8186 -0.5729 0.0412
vn 0.9013 -0.0629 -0.4285
vn -0.6434 0.6310 0.4335
vn -0.5161 -0.6806 0.5201
vn -0.7477 -0.4304 0.5057
vn -0.6806 -0.7078 -0.1890
vn -0.4503 -0.8929 0.0024
vn -0.8937 0.3780 0.2417
vn -0.9974 0.0438 0.0564
vn -0.0036 -0.9999 0.0127
vn 0.0020 -1.0000 0.0065
vn -0.8463 0.3032 -0.4380
vn -0.9855 -0.0300 0.1670
vn -0.6737 -0.3727 -0.6381
vn -0.7023 -0.3727 -0.6065
vn -0.8913 -0.3313 -0.3095
vn -0.8387 0.4675 -0.2794
vn -0.8928 0.0346 0.4491
vn -0.9642 0.2535 0.0781
vn -0.6521 0.3758 0.6584
vn -0.8450 0.3114 0.4347
vn 0.3274 0.5803 0.7457
vn 0.0079 -1.0000 -0.0061
vn -0.6371 0.0572 0.7687
vn -0.1087 0.9901 0.0893
vn 0.4625 0.4583 0.7590
vn -0.5413 0.1152 -0.8329
vn -0.8018 -0.4705 -0.3684
vn -0.8898 -0.0180 -0.4560
vn -0.4084 -0.3606 -0.8386
vn -0.5680 -0.1074 -0.8160
vn -0.7070 0.2427 0.6642
vn -0.4804 0.6982 -0.5308
vn -0.6106 -0.0803 -0.7878
vn -0.5273 0.6677 -0.5255
vn -0.2513 0.4193 0.8724
vn -0.4840 0.2627 0.8347
vn -0.4549 -0.2232 0.8621
vn -0.4530 -0.0392 0.8907
vn -0.6082 0.0689 0.7908
vn -0.0563 0.9941 -0.0930
vn 0.9229 0.3843 -0.0220
vn 0.8946 0.4468 0.0103
vn 0.0252 0.2829 0.9588
vn -0.2154 -0.9286 -0.3022
vn -0.2733 0.1994 -0.9410
vn -0.2464 -0.7946 -0.5549
vn -0.4304 0.4417 -0.7872
vn 0.1198 -0.5622 -0.8183
vn -0.4878 -0.0159 0.8728
vn -0.1649 0.2214 0.9611
vn -0.5112 0.5620 0.6502
vn -0.5305 0.6394 0.5565
vn -0.5004 0.5200 0.6922
vn -0.4796 0.4511 0.7527
vn -0.2994 -0.7464 0.5944
vn -0.7674 -0.4235 0.4814
vn 0.0314 -0.9995 -0.0076
vn -0.7671 0.0011 0.6416
vn -0.6971 0.7148 0.0555
vn -0.5861 -0.8099 0.0217
vn -0.9224 -0.2352 -0.3064
vn -0.8558 0.5169 0.0223
vn -0.5003 0.8596 -0.1038
vn -0.5342 -0.4109 -0.7388
vn -0.4442 0.6132 -0.6532
vn -0.8708 -0.0858 -0.4842
vn -0.3322 0.6947 -0.6380
vn -0.8770 -0.4428 -0.1867
vn -0.9740 0.0796 -0.2121
vn 0.1824 0.6531 -0.7349
vn -0.9319 0.1341 -0.3370
vn -0.2921 0.1813 -0.9390
vn -0.3631 0.5202 0.7730
vn 0.3536 -0.1190 0.9278
vn -0.3516 -0.5709 0.7419
vn -0.0302 0.0977 0.9948
vn -0.0234 -0.7223 0.6912
vn -0.0071 0.9928 -0.1199
vn 0.3615 0.1555 -0.9193
vn 0.0398 -0.3767 -0.9255
vn -0.5539 0.4935 -0.6706
vn -0.0698 0.1225 -0.9900
vn -0.1254 0.7191 0.6835
vn 0.1501 0.2896 0.9453
vn -0.0168 0.3787 0.9254
vn -0.2566 -0.7378 0.6244
vn -0.1065 0.4337 0.8947
vn -0.0337 0.9557 0.2923
vn 0.1336 -0.3113 0.9409
vn 0.3522 0.6418 0.6812
vn 0.0923 0.9953 0.0306
vn -0.3413 -0.6829 -0.6459
vn 0.4424 -0.6671 -0.5995
vn -0.1165 -0.9540 -0.2764
vn 0.2785 0.1237 0.9524
vn 0.5355 0.0378 0.8437
vn 0.5998 0.0637 0.7976
vn 0.0626 0.9952 -0.0749
vn 0.0277 0.3816 -0.9239
vn 0.5185 0.5079 -0.6879
vn 0.3040 -0.8907 -0.3381
vn 0.5298 0.4482 -0.7200
vn 0.2867 -0.0136 -0.9579
vn -0.1522 -0.9572 -0.2460
vn -0.0467 0.9979 -0.0452
vn 0.7844 0.3897 0.4824
vn 0.2653 -0.2279 0.9368
vn 0.5557 0.6313 0.5410
vn 0.0442 -0.4673 0.8830
vn 0.3412 -0.3484 0.8730
vn 0.9578 0.1522 0.2440
vn 0.7865 -0.3327 -0.5203
vn 0.2901 -0.7127 0.6386
vn 0.1509 0.9870 -0.0548
vn 0.9233 -0.2308 -0.3070
vn 0.9086 -0.3575 -0.2161
vn 0.7504 0.5082 -0.4226
vn 0.3763 0.8450 -0.3799
vn 0.5430 -0.2962 -0.7858
vn 0.3787 0.1266 -0.9168
vn 0.2184 -0.4600 -0.8606
vn 0.5019 0.0516 -0.8634
vn 0.8574 0.4243 -0.2912
vn 0.5933 0.3783 -0.7105
vn 0.0018 -0.9975 0.0708
vn 0.0088 0.6738 -0.7389
vn 0.5048 0.3363 0.7951
vn 0.4665 0.4706 0.7490
vn 0.2822 -0.9001 0.3319
vn 0.7967 -0.4498 0.4037
vn -0.4385 0.2477 0.8639
vn 0.9943 0.0866 0.0626
vn 0.5115 -0.7751 -0.3710
vn -0.4417 0.4639 -0.7679
vn 0.1306 0.9890 -0.0692
vn 0.5847 -0.7139 -0.3854
vn 0.8319 -0.0256 -0.5544
vn 0.8342 -0.0629 -0.5479
vn 0.2376 -0.0637 -0.9693
vn 0.1464 -0.7291 -0.6685
vn 0.7038 0.2969 0.6454
vn 0.7435 0.6588 -0.1144
vn 0.7865 0.1253 -0.6048
vn 0.7303 -0.5759 0.3675
vn 0.8838 0.4198 0.2066
vn 0.9776 0.1210 0.1723
vn 0.1830 0.9724 0.1445
vn 0.9832 0.1029 0.1506
vn 0.0571 0.9449 0.3223
vn 0.9363 0.1049 -0.3352
vn 0.8158 -0.4987 -0.2929
vn 0.7734 -0.3537 -0.5261
vn 0.6890 -0.7214 -0.0692
vn 0.9780 0.1662 -0.1257
vn 0.8410 -0.3444 -0.4172
vn 0.8408 -0.3448 -0.4173
vn 0.8409 -0.3445 -0.4174
vn 0.6303 0.3537 -0.6911
vn 0.8816 -0.0131 -0.4718
vn -0.9228 0.2079 0.3244
vn -0.8881 -0.0369 0.4581
vn -0.8916 0.4412 -0.1020
vn -0.6923 0.7215 -0.0107
vn -0.7826 0.6208 -0.0469
vn -0.5628 0.7812 0.2702
vn -0.6477 0.4211 0.6350
vn -0.6922 0.3078 0.6528
vn -0.4955 -0.7937 0.3529
vn -0.4956 -0.7937 0.3527
vn -0.4958 -0.7937 0.3525
vn -0.9380 0.3193 -0.1349
vn -0.7758 0.6309 0.0052
vn -0.8146 -0.4416 -0.3760
vn -0.9283 -0.1020 -0.3575
vn -0.9278 0.0801 -0.3643
vn -0.4905 0.6684 -0.5592
vn -0.8499 0.1277 -0.5112
vn -0.0768 -0.9969 -0.0163
vn -0.6627 0.2467 -0.7071
vn -0.2304 -0.2076 0.9507
vn -0.3240 0.3653 0.8727
vn -0.2991 -0.6634 0.6859
vn 0.0609 0.7120 0.6996
vn 0.0890 -0.3548 0.9307
vn -0.5598 0.8264 0.0609
vn 0.0525 0.8018 -0.5953
vn -0.0964 -0.6934 -0.7141
vn -0.4313 -0.2667 -0.8619
vn 0.0658 0.9619 -0.2653
vn -0.6153 0.6080 -0.5017
vn 0.7516 0.4803 0.4521
vn 0.2433 -0.5576 0.7936
vn 0.6641 -0.6088 0.4341
vn -0.0848 0.5624 0.8225
vn 0.3211 0.1272 0.9385
vn 0.0240 -0.9995 0.0199
vn 0.0244 -0.9995 0.0191
vn 0.0276 -0.9992 0.0290
vn 0.3849 0.7586 0.5257
vn 0.8385 0.4894 0.2396
vn 0.4900 -0.7425 -0.4567
vn 0.1674 0.4828 -0.8596
vn 0.3119 0.4159 -0.8543
vn 0.2274 -0.1138 -0.9671
vn 0.2274 -0.1140 -0.9671
vn 0.2273 -0.1140 -0.9671
vn 0.6228 0.6499 0.4356
vn 0.8529 0.2618 0.4518
vn 0.8549 0.5142 -0.0687
vn 0.7207 -0.6758 0.1548
vn 0.6227 -0.4154 0.6631
vn 0.0205 -0.9997 0.0099
vn 0.6293 0.5524 -0.5466
vn 0.8970 0.4415 -0.0226
vn 0.9412 -0.0945 -0.3245
vn 0.9415 -0.0951 -0.3232
vn 0.9445 -0.0989 -0.3133
vn 0.9447 -0.0991 -0.3126
vn 0.8292 -0.3066 -0.4674
vn 0.8885 0.1174 -0.4435
vn 0.6471 0.4595 -0.6084
vn 0.7098 0.3674 0.6011
vn 0.8476 0.0191 0.5302
vn 0.0884 -0.9933 -0.0748
vn -0.7083 0.6354 0.3075
vn -0.0348 -0.9934 0.1092
vn -0.5911 -0.1043 0.7998
vn -0.7456 0.4726 0.4699
vn -0.7888 0.0498 0.6126
vn -0.2846 0.7028 0.6520
vn -0.7279 0.5825 0.3617
vn -0.1955 -0.9544 0.2255
vn -0.1950 -0.9544 0.2258
vn -0.1953 -0.9544 0.2257
vn -0.6387 -0.4658 0.6124
vn -0.6845 0.5512 0.4770
vn -0.9522 0.0900 -0.2919
vn -0.8772 -0.0912 0.4714
vn -0.6295 0.1258 -0.7667
vn -0.3588 0.8781 -0.3167
vn -0.7268 0.6308 -0.2717
vn -0.5676 0.7436 -0.3535
vn -0.5141 -0.1006 -0.8518
vn -0.1013 -0.6672 0.7379
vn -0.0883 -0.3073 0.9475
vn -0.2237 -0.0749 0.9718
vn 0.1859 -0.0146 0.9825
vn -0.4985 -0.1060 0.8604
vn -0.6911 -0.6740 0.2610
vn -0.4101 0.8272 0.3840
vn -0.4890 -0.1422 -0.8606
vn -0.2080 0.5392 -0.8161
vn 0.0424 0.0442 0.9981
vn 0.2796 0.2362 0.9306
vn 0.5916 0.5467 0.5925
vn 0.3671 0.7906 0.4901
vn 0.3862 0.1819 0.9043
vn 0.6588 -0.1644 0.7341
vn 0.3618 -0.3620 0.8591
vn 0.3647 0.1299 0.9220
vn 0.7266 0.5469 0.4160
vn 0.1447 -0.1925 -0.9706
vn 0.7816 0.2797 -0.5575
vn 0.6990 -0.5481 -0.4594
vn 0.7650 -0.5978 -0.2396
vn 0.2180 0.5566 -0.8017
vn 0.0573 -0.9972 -0.0487
vn -0.1832 -0.7955 -0.5776
vn 0.6594 0.6368 -0.3996
vn 0.4393 0.0165 -0.8982
vn 0.0604 0.8180 -0.5720
vn 0.7836 0.6025 -0.1513
vn 0.6902 0.6961 0.1979
vn 0.6227 -0.7625 -0.1756
vn 0.6408 -0.4059 0.6516
vn 0.7227 0.6512 -0.2318
vn 0.7852 -0.6182 0.0354
vn 0.9059 0.0642 -0.4185
vn 0.4608 0.0425 -0.8865
vn 0.9199 0.0403 0.3902
vn 0.9502 0.2358 -0.2036
vn -0.9952 0.0794 -0.0572
vn -0.8595 0.4013 -0.3166
vn -0.6331 -0.0759 0.7703
vn -0.6630 0.3978 0.6342
vn -0.5595 -0.7863 -0.2620
vn -0.4980 -0.6747 -0.5448
vn -0.4904 -0.5420 -0.6825
vn -0.4970 -0.7137 -0.4936
vn -0.5459 0.4331 0.7172
vn -0.2871 0.0637 0.9558
vn -0.7964 -0.0463 0.6030
vn -0.2496 -0.8379 0.4855
vn -0.9853 0.0882 -0.1460
vn 0.0127 -0.9999 -0.0105
vn -0.6293 0.0950 -0.7713
vn -0.5147 0.3618 -0.7773
vn -0.5076 0.3516 -0.7866
vn -0.5562 -0.7948 -0.2427
vn 0.0509 -0.9987 0.0041
vn -0.6793 0.3462 -0.6471
vn -0.3087 -0.5289 -0.7905
vn -0.4824 -0.4868 -0.7282
vn 0.1589 0.7340 0.6603
vn 0.1873 -0.6772 0.7116
vn -0.3149 0.5914 0.7424
vn -0.0621 0.7794 0.6234
vn -0.2652 0.9236 0.2767
vn -0.1207 0.0979 0.9878
vn -0.0413 -0.9825 0.1816
vn -0.1960 -0.1790 0.9641
vn -0.1556 -0.7215 0.6748
vn -0.2070 0.0238 0.9780
vn -0.1736 0.0379 -0.9841
vn 0.0472 0.0176 -0.9987
vn -0.1963 0.0420 -0.9796
vn -0.3217 0.7160 -0.6196
vn 0.0942 -0.9942 -0.0526
vn -0.0255 0.9981 -0.0567
vn 0.4727 -0.4014 -0.7845
vn 0.5721 -0.2151 -0.7914
vn 0.3693 -0.5436 -0.7537
vn -0.0093 -0.9996 0.0263
vn -0.0496 0.6828 -0.7289
vn -0.2788 -0.6590 -0.6985
vn -0.5198 0.3693 -0.7703
vn 0.5901 0.6944 0.4117
vn 0.1669 0.7266 0.6665
vn 0.3836 0.7339 0.5606
vn 0.1327 0.8597 0.4932
vn 0.1872 0.1174 0.9753
vn 0.4014 -0.1238 0.9075
vn 0.9370 -0.0669 -0.3429
vn 0.0942 0.0113 -0.9955
vn 0.1071 0.6370 -0.7634
vn 0.2832 0.5698 -0.7715
vn 0.5269 0.4789 0.7021
vn 0.3236 0.8305 0.4533
vn 0.3237 0.8305 0.4533
vn 0.3237 0.8306 0.4532
vn 0.1189 -0.9832 0.1384
vn 0.7256 -0.0462 0.6866
vn 0.4140 0.6557 -0.6314
vn 0.8145 0.0134 -0.5800
vn 0.0954 -0.9919 -0.0836
vn 0.2189 -0.2033 -0.9543
vn 0.6682 0.4852 -0.5640
vn 0.7971 0.5853 -0.1483
vn 0.7146 0.6510 -0.2560
vn 0.8111 0.5719 -0.1225
vn 0.7055 0.2460 -0.6647
vn 0.7444 0.1148 -0.6578
vn 0.5244 0.6034 -0.6008
vn 0.4392 -0.1011 -0.8927
vn 0.7241 -0.4632 -0.5110
vn 0.3817 0.4757 -0.7925
vn 0.5951 0.4403 0.6724
vn 0.7678 0.5998 0.2251
vn 0.6922 0.6835 0.2314
vn 0.8679 0.4966 -0.0150
vn 0.1304 0.9887 -0.0736
vn 0.6036 -0.7270 -0.3274
vn 0.6648 -0.5089 -0.5468
vn 0.9040 -0.3944 0.1652
vn 0.7348 0.5474 -0.4006
vn 0.9203 -0.1829 -0.3458
vn -0.7853 -0.3467 0.5129
vn 0.0574 -0.9983 -0.0142
vn 0.0484 -0.9976 -0.0503
vn -0.9937 0.1046 0.0408
vn -0.8371 -0.5207 -0.1677
vn -0.7319 -0.6507 -0.2020
vn -0.7929 -0.2923 -0.5347
vn -0.7178 0.4014 -0.5689
vn -0.6753 -0.0223 0.7372
vn -0.5100 0.6219 0.5943
vn -0.5442 0.5975 0.5889
vn -0.5432 0.5993 0.5880
vn -0.8122 0.4919 0.3135
vn -0.7992 0.5409 0.2620
vn -0.3110 -0.9242 0.2217
vn -0.9814 -0.0797 -0.1749
vn -0.7416 0.5598 0.3696
vn -0.9030 0.4172 -0.1026
vn -0.9117 0.2486 -0.3272
vn -0.5401 -0.7214 -0.4335
vn -0.3562 -0.8786 0.3182
vn -0.4304 -0.8919 0.1388
vn -0.8458 -0.3859 -0.3683
vn -0.6662 0.5534 -0.5000
vn -0.9563 0.0651 0.2849
vn -0.2228 0.6881 -0.6906
vn -0.6568 0.4653 -0.5933
vn -0.6568 0.4650 -0.5937
vn -0.5683 0.8046 -0.1721
vn -0.3671 -0.8230 -0.4334
vn -0.2044 -0.1729 0.9635
vn -0.5700 0.5788 0.5832
vn -0.0608 -0.8535 0.5176
vn -0.3087 0.4224 0.8522
vn -0.4414 -0.0745 -0.8942
vn -0.5268 0.1481 -0.8370
vn -0.8532 0.3250 -0.4080
vn -0.3689 -0.7369 -0.5664
vn -0.5827 0.6274 -0.5165
vn -0.5982 0.4020 -0.6932
vn -0.2600 0.2325 -0.9372
vn -0.5176 -0.2599 -0.8152
vn 0.0310 0.6704 -0.7414
vn -0.2784 0.3475 -0.8954
vn -0.3097 0.0030 -0.9508
vn -0.0364 -0.8704 0.4910
vn 0.1088 -0.5234 0.8451
vn -0.0755 0.6192 0.7816
vn 0.3326 0.5065 0.7955
vn 0.1398 0.0525 0.9888
vn 0.1154 0.6733 -0.7303
vn 0.3635 0.0492 -0.9303
vn 0.2602 -0.7584 -0.5976
vn -0.0150 0.9969 -0.0775
vn 0.1398 0.7293 -0.6698
vn 0.2174 0.7083 -0.6716
vn 0.2114 0.0038 -0.9774
vn 0.0997 -0.7138 -0.6932
vn 0.0972 -0.2208 -0.9705
vn 0.1492 -0.8031 -0.5769
vn 0.1173 -0.4021 -0.9081
vn 0.6022 0.1889 0.7756
vn 0.2727 -0.3306 0.9035
vn 0.4983 0.2188 0.8389
vn 0.2417 0.4379 0.8659
vn 0.1123 0.5050 0.8558
vn 0.6497 -0.0799 0.7560
vn 0.6428 -0.6945 0.3233
vn 0.6641 0.7191 0.2048
vn 0.8077 -0.5046 0.3051
vn 0.9996 0.0260 0.0130
vn 0.9976 -0.0133 -0.0685
vn 0.5994 -0.7903 0.1273
vn 0.7689 0.4358 -0.4679
vn 0.0001 -0.9923 0.1242
vn 0.4358 -0.0595 -0.8981
vn 0.3954 0.4858 -0.7795
vn 0.3789 -0.2211 -0.8987
vn 0.7501 0.5029 -0.4294
vn 0.1268 0.7571 -0.6409
vn 0.2961 0.4698 -0.8316
vn 0.3680 -0.2585 -0.8932
vn 0.7053 -0.3299 0.6274
vn -0.7685 -0.4050 -0.4953
vn -0.6290 -0.3943 -0.6700
vn -0.3074 -0.3270 -0.8936
vn 0.6467 -0.7617 -0.0396
vn 0.9319 0.3578 -0.0590
vn 0.9333 0.3545 -0.0575
vn 0.8776 0.4691 -0.0987
vn 0.9468 0.3188 -0.0450
vn 0.9158 -0.3519 -0.1933
vn 0.6608 0.7455 0.0876
vn 0.5523 0.7724 -0.3135
vn 0.7977 -0.5931 -0.1093
vn 0.1501 -0.8697 -0.4702
vn 0.4569 0.6248 -0.6331
vn 0.9968 0.0725 0.0325
vn -0.1752 -0.9775 0.1174
vn -0.8601 -0.0251 0.5094
vn -0.9127 -0.1470 0.3813
vn -0.0857 0.9939 0.0699
vn -0.9585 -0.2260 -0.1736
vn -0.9985 0.0245 0.0493
vn -0.7072 -0.6878 -0.1637
vn -0.7206 -0.5011 -0.4792
vn -0.7030 -0.0691 0.7078
vn -0.3302 -0.7035 0.6294
vn -0.5184 -0.3777 0.7672
vn -0.0307 0.9989 0.0367
vn -0.0082 0.9892 -0.1464
vn 0.5744 0.8123 0.1010
vn 0.8064 0.5662 -0.1706
vn -0.8576 0.5139 0.0197
vn -0.0055 0.9996 -0.0261
vn 0.1177 -0.4468 0.8868
vn -0.2961 0.2477 0.9225
vn -0.2895 0.0130 0.9571
vn -0.1034 0.9298 0.3532
vn -0.1093 0.8994 0.4232
vn -0.6644 0.0388 -0.7463
vn -0.5997 0.4178 -0.6825
vn -0.5431 -0.0774 -0.8361
vn -0.4001 0.9164 0.0072
vn 0.3399 0.9180 0.2043
vn 0.2750 -0.8325 0.4810
vn -0.4627 0.8219 -0.3323
vn -0.1888 0.7772 -0.6002
vn 0.4018 0.9094 -0.1073
vn 0.1502 0.4714 0.8690
vn 0.3072 0.8751 0.3740
vn 0.8749 -0.2798 0.3952
vn 0.1341 0.9901 -0.0420
vn 0.5463 0.6388 -0.5417
vn 0.1574 0.9482 -0.2760
vn 0.5076 0.5782 -0.6388
vn 0.5966 -0.2432 -0.7648
vn -0.0082 0.8866 0.4624
vn 0.4493 -0.4665 -0.7619
vn -0.3561 0.8969 -0.2621
vn 0.5427 -0.3676 0.7552
vn 0.9372 -0.2678 0.2233
vn 0.9632 0.2452 0.1104
vn -0.7742 0.6329 -0.0061
vn 0.8576 -0.5128 -0.0383
vn -0.5612 0.8203 -0.1101
vn 0.5410 -0.3906 -0.7448
vn 0.9259 -0.3675 -0.0871
vn 0.1429 0.9840 -0.1060
vn -0.9500 0.0276 0.3112
vn -0.5971 0.0766 0.7985
vn -0.4905 0.2309 -0.8403
vn -0.2561 0.8774 -0.4058
vn 0.1307 -0.2356 0.9630
vn 0.5482 0.1458 0.8236
vn 0.9585 -0.2201 -0.1815
vn -0.0255 0.9182 0.3952
vn 0.6306 0.7435 0.2226
vn 0.9135 0.1493 0.3785
vn -0.3488 -0.5011 -0.7920
vn 0.7056 -0.1425 -0.6942
vn -0.0629 -0.5216 -0.8509
vn 0.7059 0.0669 -0.7051
vn 0.9501 -0.2901 -0.1142
vn 0.4900 0.7123 -0.5026
vn -0.5079 -0.8462 -0.1609
vn -0.9847 0.1547 0.0798
vn -0.9820 0.1668 0.0884
vn -0.6431 0.5753 0.5054
vn -0.6056 0.7488 0.2694
vn -0.8998 0.4310 -0.0672
vn -0.6955 -0.7136 0.0833
vn -0.6800 -0.6897 -0.2489
vn -0.9692 -0.2403 -0.0539
vn -0.6474 0.2597 -0.7166
vn -0.6603 -0.5385 -0.5234
vn -0.8395 0.2165 -0.4983
vn 0.0031 -0.9985 0.0554
vn -0.8247 0.1258 0.5514
vn -0.8247 0.1258 0.5515
vn -0.5494 0.6265 0.5528
vn -0.6004 0.5947 -0.5346
vn -0.6762 0.3767 -0.6332
vn -0.7962 0.0485 0.6031
vn -0.7311 0.1637 0.6623
vn -0.6507 -0.7137 0.2593
vn -0.5840 0.5986 0.5484
vn 0.0117 -0.9999 0.0023
vn -0.5677 0.2479 -0.7850
vn -0.3813 -0.6671 -0.6400
vn -0.4521 0.6476 -0.6133
vn -0.1845 0.3830 0.9051
vn -0.6918 0.3580 0.6271
vn -0.6944 0.5630 0.4481
vn -0.6897 0.4877 0.5352
vn -0.6984 -0.5992 0.3913
vn -0.6069 -0.4570 0.6502
vn -0.5468 0.7940 0.2656
vn -0.9876 -0.1495 -0.0486
vn -0.9892 0.1443 0.0266
vn -0.5697 -0.3949 -0.7208
vn -0.9383 -0.3448 0.0264
vn -0.8689 0.2177 -0.4446
vn -0.7109 0.4528 -0.5382
vn -0.1877 0.3769 -0.9070
vn -0.8512 -0.5185 0.0816
vn -0.2158 0.8200 0.5301
vn -0.9591 -0.2119 0.1876
vn -0.7067 0.4999 0.5006
vn -0.6801 0.2963 0.6705
vn -0.7359 0.2791 -0.6169
vn -0.2340 -0.5604 -0.7945
vn -0.3261 0.7634 -0.5575
vn -0.3251 -0.5375 -0.7781
vn 0.0951 -0.1020 0.9902
vn -0.1708 0.5202 0.8368
vn 0.0661 0.6501 0.7570
vn 0.1913 -0.6327 0.7504
vn 0.0027 0.8143 -0.5804
vn -0.2880 -0.3639 -0.8858
vn -0.5570 -0.1283 -0.8205
vn 0.6346 -0.3892 -0.6677
vn -0.2623 0.5185 -0.8138
vn 0.0202 -0.6950 -0.7188
vn 0.5147 0.7676 -0.3820
vn -0.3225 -0.2460 -0.9141
vn -0.1336 0.2678 -0.9542
vn -0.0751 -0.1935 0.9782
vn 0.0225 0.7021 0.7117
vn 0.0154 -0.3732 0.9276
vn -0.3376 0.3366 0.8791
vn 0.0360 -0.9981 -0.0495
vn 0.4912 0.6426 0.5881
vn -0.1468 0.9545 -0.2594
vn 0.0282 0.4897 -0.8714
vn 0.4322 0.6671 0.6068
vn 0.2943 0.2371 0.9259
vn 0.3419 0.3114 0.8866
vn 0.8333 -0.5312 0.1530
vn 0.9477 0.1831 0.2613
vn 0.5470 -0.1230 0.8280
vn 0.3790 -0.4534 0.8067
vn 0.9105 0.1795 0.3726
vn 0.7622 0.4075 -0.5029
vn 0.7329 0.6662 -0.1383
vn 0.9416 0.2277 0.2482
vn 0.4137 0.5382 -0.7343
vn 0.7007 0.6510 -0.2918
vn 0.8778 -0.4322 0.2067
vn 0.3397 -0.7498 -0.5678
vn 0.5903 0.6525 -0.4752
vn 0.8937 -0.2571 -0.3678
vn 0.9233 -0.0072 -0.3841
vn 0.4754 0.7639 -0.4364
vn -0.0035 -0.1740 0.9847
vn -0.2004 0.3940 0.8970
vn -0.1655 0.0744 0.9834
vn 0.9567 0.1718 0.2351
vn 0.9181 0.1996 0.3423
vn 0.9681 0.1606 0.1921
vn 0.3096 0.7904 0.5287
vn 0.6203 -0.2832 0.7314
vn 0.6593 -0.7293 -0.1831
vn 0.7523 0.4136 0.5128
vn 0.3193 -0.9154 0.2453
vn -0.3868 0.8817 0.2701
vn 0.7515 0.5492 -0.3656
vn 0.7797 0.4699 -0.4139
vn 0.6302 0.7488 -0.2053
vn 0.9045 0.0925 -0.4164
vn 0.8123 0.3081 -0.4952
vn 0.2042 -0.3810 -0.9018
vn 0.8225 -0.0072 -0.5688
vn 0.0963 -0.9945 0.0420
vn 0.7884 0.6016 0.1281
vn 0.7763 0.5959 -0.2056
vn 0.5925 -0.2178 -0.7756
vn 0.7477 0.1766 -0.6401
vn 0.4972 0.5223 0.6928
vn 0.4371 -0.7162 0.5441
vn 0.3165 -0.7129 0.6258
vn -0.0127 0.9833 0.1816
vn 0.8893 0.2146 0.4039
vn 0.9815 -0.1457 0.1242
vn 0.9873 0.0740 -0.1408
vn 0.9938 -0.0541 0.0973
vn 0.5455 0.6595 -0.5172
vn 0.4176 0.8341 -0.3604
vn 0.7521 -0.1707 -0.6365
vn 0.5545 -0.4520 -0.6987
vn 0.4506 0.6971 0.5577
vn 0.7014 0.5261 0.4808
vn 0.6675 -0.6818 0.2992
vn 0.9289 0.3625 0.0750
vn 0.8073 -0.2658 0.5268
vn -0.0063 1.0000 0.0033
vn 0.6471 0.6822 0.3402
vn 0.7387 0.6145 -0.2769
vn 0.8187 -0.5710 -0.0614
vn 0.8104 -0.5823 -0.0642
vn -0.8452 -0.4982 -0.1935
vn 0.8269 -0.4513 -0.3354
vn -0.9269 0.3164 -0.2017
vn -0.7302 0.6545 -0.1962
vn -0.7315 0.6529 -0.1963
vn -0.7313 0.6531 -0.1966
vn -0.8315 0.4600 0.3116
vn -0.6388 -0.4756 0.6048
vn -0.4907 -0.6890 0.5334
vn -0.7592 -0.6291 0.1671
vn -0.8713 0.3693 0.3233
vn -0.9144 0.0715 0.3985
vn -0.8735 0.4529 0.1783
vn -0.9834 0.1641 0.0775
vn -0.9652 0.2182 -0.1440
vn -0.9310 0.3138 -0.1864
vn -0.6278 0.0351 -0.7776
vn -0.6140 -0.0707 0.7861
vn -0.9506 -0.0301 0.3089
vn -0.7320 0.6526 -0.1957
vn -0.6659 0.4388 0.6034
vn -0.7238 -0.3621 0.5874
vn -0.8305 -0.0488 0.5548
vn 0.3085 0.8587 -0.4092
vn -0.5844 -0.7153 0.3832
vn 0.4616 0.4028 0.7904
vn -0.9818 0.0555 0.1814
vn -0.9942 0.0444 -0.0980
vn -0.4999 -0.8186 0.2829
vn -0.5063 -0.8614 -0.0406
vn -0.6664 -0.5464 -0.5073
vn -0.3484 -0.7850 -0.5122
vn -0.4995 -0.1110 -0.8592
vn -0.6735 0.0302 -0.7386
vn -0.2121 0.6353 0.7426
vn -0.2284 0.6482 0.7264
vn 0.1176 -0.4948 0.8610
vn -0.6261 0.1443 0.7663
vn 0.0155 -0.9990 0.0417
vn -0.7604 0.3695 0.5340
vn -0.7011 -0.6610 0.2675
vn -0.6072 0.7582 0.2376
vn -0.4712 -0.8229 0.3174
vn -0.5696 -0.4875 0.6617
vn -0.3024 0.7188 0.6260
vn -0.4694 0.5480 0.6923
vn -0.6816 -0.6995 0.2150
vn -0.8288 0.5562 -0.0610
vn -0.5074 -0.6960 -0.5080
vn -0.5691 0.0293 -0.8217
vn -0.8118 -0.0193 -0.5836
vn -0.8502 -0.3901 -0.3534
vn -0.9085 -0.2872 -0.3036
vn -0.2913 -0.6521 -0.6999
vn -0.7265 0.0488 -0.6854
vn -0.6417 0.0566 -0.7648
vn -0.6643 -0.1091 -0.7395
vn -0.2723 0.0492 0.9610
vn -0.0143 0.7998 0.6000
vn 0.9546 0.2864 0.0821
vn -0.5991 0.4159 -0.6842
vn -0.5952 0.0227 -0.8033
vn -0.6593 -0.0548 -0.7499
vn -0.2047 0.5322 -0.8215
vn -0.2934 0.1951 0.9359
vn 0.3744 -0.4887 0.7880
vn -0.0096 0.3544 0.9351
vn 0.4603 -0.1486 0.8753
vn 0.7181 0.0762 0.6918
vn 0.4649 0.7179 -0.5181
vn -0.5830 -0.2228 -0.7813
vn 0.7683 0.0575 -0.6375
vn 0.4151 -0.5095 -0.7537
vn 0.4620 -0.0503 -0.8854
vn -0.1889 0.3493 -0.9178
vn -0.2731 0.9151 -0.2965
vn -0.1307 0.7267 -0.6744
vn 0.6947 0.3520 -0.6273
vn 0.4812 -0.1312 -0.8668
vn -0.2311 0.3499 -0.9078
vn 0.2353 0.0245 -0.9716
vn 0.0726 0.1444 -0.9869
vn 0.0327 -0.0765 0.9965
vn -0.1586 0.4302 0.8887
vn -0.1387 0.4410 0.8867
vn -0.0699 -0.8184 0.5704
vn -0.2176 0.0160 0.9759
vn 0.1814 0.1863 0.9656
vn -0.1921 0.0988 0.9764
vn 0.1868 0.0432 0.9814
vn 0.4533 0.7793 0.4327
vn 0.0485 0.1968 0.9792
vn 0.0351 -0.9993 0.0127
vn 0.7998 -0.0021 -0.6003
vn 0.8086 0.0666 -0.5846
vn 0.6346 -0.4555 -0.6243
vn 0.0781 -0.0756 0.9941
vn 0.4260 0.2631 0.8656
vn 0.3174 0.6936 0.6467
vn 0.4724 0.7726 0.4242
vn 0.7236 0.2200 0.6543
vn 0.3670 0.8601 0.3543
vn 0.7745 0.1824 -0.6057
vn 0.8520 0.4707 -0.2294
vn 0.9001 -0.3919 -0.1903
vn 0.8000 -0.5171 0.3044
vn 0.8602 -0.4676 0.2034
vn 0.9843 -0.0889 0.1527
vn 0.9641 0.1163 0.2385
vn 0.8555 0.4618 -0.2343
vn 0.7512 0.5330 -0.3894
vn 0.6920 0.3919 -0.6063
vn 0.6098 0.6067 -0.5099
vn 0.4806 -0.1825 -0.8577
vn 0.1499 -0.6301 0.7619
vn 0.1775 -0.0245 0.9838
vn 0.3112 0.4429 0.8408
vn 0.1973 0.3590 0.9123
vn 0.5400 0.0798 0.8379
vn 0.0342 0.9662 -0.2555
vn 0.7514 0.4455 -0.4867
vn 0.0283 0.4083 -0.9124
vn -0.2347 0.9719 0.0197
vn 0.4627 -0.5882 -0.6632
vn 0.1886 0.1292 -0.9735
vn 0.0437 0.9950 -0.0893
vn 0.9578 0.2822 0.0545
vn 0.9992 -0.0335 -0.0227
vn 0.9469 0.3153 0.0626
vn 0.1357 -0.4106 -0.9017
vn 0.3715 0.5656 -0.7363
vn 0.8306 -0.0104 0.5568
vn 0.5810 0.7913 0.1903
vn 0.8450 0.4427 0.3000
vn 0.7817 0.5866 0.2116
vn 0.9871 0.1308 -0.0928
vn 0.6593 -0.2560 0.7070
vn 0.5903 0.1358 0.7957
vn 0.6227 0.3977 0.6738
vn 0.6992 0.5516 0.4548
vn 0.6981 0.5517 0.4564
vn 0.6968 0.5516 0.4585
vn 0.3650 -0.8371 0.4076
vn 0.4002 -0.7457 0.5327
vn 0.4962 -0.7904 0.3593
vn 0.6207 0.1976 0.7588
vn 0.6207 0.1976 0.7587
vn 0.6206 0.1975 0.7588
vn -0.1336 0.8263 -0.5471
vn 0.8775 0.0170 -0.4793
vn -0.3951 0.5287 -0.7512
vn -0.3010 0.8910 0.3399
vn 0.4465 -0.3024 -0.8421
vn 0.4068 -0.4671 -0.7851
vn 0.5673 0.4015 -0.7190
vn 0.5940 0.2597 -0.7614
vn 0.1920 0.0076 -0.9814
vn 0.6759 -0.2184 0.7039
vn 0.8982 -0.2742 0.3437
vn 0.6994 0.5517 0.4544
vn 0.6323 -0.7682 0.0998
vn 0.7443 0.3398 0.5749
vn 0.7443 0.3396 0.5751
vn 0.1703 0.9776 0.1234
vn 0.1673 -0.9819 0.0885
vn 0.9966 -0.0757 -0.0329
vn 0.9409 0.3329 0.0616
vn 0.6759 -0.6033 0.4233
vn 0.9948 0.0926 0.0433
vn 0.9630 0.0518 -0.2645
vn 0.9148 0.3472 -0.2065
vn 0.9116 0.3110 -0.2689
vn 0.6990 -0.6332 -0.3323
vn 0.4351 0.7362 -0.5183
vn 0.9561 -0.0722 -0.2842
vn 0.9977 0.0413 0.0530
vn -0.9467 -0.1387 -0.2906
vn -0.2495 0.9683 0.0094
vn 0.6631 0.7111 -0.2337
vn 0.7519 0.5835 -0.3069
vn 0.9770 -0.0289 0.2114
vn 0.0322 -0.9928 0.1152
vn -0.1226 -0.0625 0.9905
vn -0.6500 -0.5355 0.5392
vn 0.1321 -0.1748 -0.9757
vn 0.4890 0.0069 0.8723
vn -0.7058 -0.4090 -0.5784
vn -0.0288 0.7189 -0.6945
vn 0.6471 0.2813 0.7086
vn 0.2769 -0.5282 -0.8027
vn 0.7067 0.6227 -0.3360
vn -0.5026 0.5448 -0.6712
s 1
f 5//1 3//1 7//1
f 9//2 20//2 11//2
f 10//3 11//3 21//3
f 8//4 9//4 25//4
f 9//5 11//5 29//5
f 35//6 15//6 34//6
f 5//7 4//7 3//7
f 21//8 20//9 16//10
f 6//11 116//11 1//11
f 19//12 18//12 8//12
f 8//13 40//13 20//13
f 23//14 19//14 24//14
f 24//15 8//15 25//15
f 24//16 27//16 14//16
f 10//17 46//17 29//17
f 31//18 6//18 2//18
f 31//19 2//19 12//19
f 31//20 26//20 6//20
f 35//21 36//21 37//21
f 16//22 41//23 73//24
f 22//25 16//25 73//25
f 98//26 22//26 73//26
f 39//27 17//27 3//27
f 43//28 21//28 22//28
f 45//29 43//29 46//29
f 10//30 45//30 46//30
f 46//31 43//31 75//31
f 31//32 32//32 81//32
f 14//33 27//33 32//33
f 33//34 47//34 48//34
f 49//35 33//35 48//35
f 57//36 51//36 58//36
f 34//37 49//37 54//37
f 54//38 49//39 55//40
f 63//41 59//41 57//41
f 65//42 57//42 60//42
f 60//43 53//43 65//43
f 53//44 66//44 65//44
f 37//45 36//45 91//45
f 61//46 62//46 63//46
f 88//47 64//47 65//47
f 65//48 89//48 88//48
f 15//49 37//49 90//49
f 69//50 3//51 38//52
f 96//53 39//53 69//53
f 41//54 40//54 70//54
f 41//55 70//55 72//55
f 42//56 98//56 74//56
f 42//57 74//57 99//57
f 76//58 46//58 75//58
f 30//59 46//59 76//59
f 124//60 116//61 26//62
f 77//63 27//63 78//63
f 82//64 26//64 31//64
f 50//65 49//65 48//65
f 85//66 52//66 107//66
f 50//67 86//67 55//67
f 83//68 86//68 50//68
f 86//69 56//69 55//69
f 59//70 56//70 84//70
f 53//71 52//72 85//71
f 114//73 61//73 87//73
f 90//74 33//75 15//76
f 95//77 72//77 70//77
f 73//78 72//78 95//78
f 73//79 95//79 98//79
f 97//80 94//80 96//80
f 99//81 74//81 98//81
f 75//82 44//82 99//82
f 79//83 127//83 77//83
f 78//84 79//84 77//84
f 103//85 30//85 76//85
f 28//86 128//86 78//86
f 128//87 80//87 102//87
f 103//88 80//88 30//88
f 106//89 83//89 105//89
f 86//90 83//90 84//90
f 59//91 84//91 133//91
f 133//92 83//92 106//92
f 51//93 108//94 107//95
f 111//96 112//96 133//96
f 136//97 91//97 110//97
f 114//98 133//98 110//98
f 111//99 114//99 87//99
f 111//100 133//100 114//100
f 68//101 115//101 67//101
f 91//102 136//102 92//102
f 38//103 139//104 117//105
f 38//106 93//106 139//106
f 69//107 38//108 117//109
f 98//110 95//110 119//110
f 97//111 96//112 120//113
f 118//114 71//114 121//114
f 99//115 98//115 119//116
f 123//117 145//117 100//117
f 100//118 126//118 75//118
f 127//119 79//119 125//119
f 128//120 148//120 125//120
f 103//121 126//121 130//121
f 149//122 124//122 82//122
f 150//123 149//123 81//123
f 127//124 150//124 101//124
f 80//125 130//125 102//125
f 130//126 80//126 103//126
f 131//127 47//127 135//127
f 105//128 47//128 132//128
f 131//129 132//129 47//129
f 112//130 134//130 108//130
f 106//131 132//131 136//131
f 109//132 134//133 112//132
f 137//134 109//135 113//136
f 92//137 138//137 104//137
f 135//138 104//138 138//138
f 119//139 95//139 122//139
f 141//140 139//140 116//140
f 142//141 139//141 141//141
f 140//142 146//142 120//142
f 146//143 140//143 151//143
f 145//144 123//144 119//144
f 124//60 141//145 116//61
f 146//146 125//147 97//148
f 143//149 144//149 121//149
f 146//150 151//150 142//150
f 127//151 125//151 146//151
f 148//152 147//152 144//152
f 126//153 100//153 145//153
f 149//154 141//154 124//154
f 149//155 150//155 141//155
f 150//156 142//156 141//156
f 129//157 147//157 148//157
f 132//158 131//158 135//158
f 138//159 132//159 135//159
f 169//160 156//161 155//162
f 159//163 154//163 155//163
f 160//164 153//165 161//166
f 159//167 158//167 154//167
f 155//168 156//168 163//168
f 163//169 160//169 162//169
f 165//170 164//170 166//170
f 166//171 164//171 180//171
f 283//172 185//172 154//172
f 157//173 153//174 171//175
f 157//176 187//176 188//176
f 175//177 174//178 172//179
f 172//180 222//180 189//180
f 178//181 160//181 161//181
f 157//182 173//183 178//184
f 180//185 179//185 195//185
f 164//186 194//186 179//186
f 182//187 202//187 184//187
f 183//188 202//188 182//188
f 166//189 196//189 203//189
f 166//190 212//190 165//190
f 217//191 167//192 169//193
f 170//194 152//194 167//194
f 171//195 170//195 186//195
f 213//196 187//197 171//198
f 213//199 215//199 187//199
f 188//200 187//200 215//200
f 172//201 215//202 222//203
f 177//204 160//204 178//204
f 192//205 173//205 190//205
f 189//206 175//177 172//179
f 158//207 159//208 176//209
f 162//210 251//210 176//210
f 193//211 174//178 175//177
f 180//212 195//212 181//212
f 195//213 232//213 181//213
f 196//214 181//214 197//214
f 198//215 235//215 199//215
f 205//216 201//216 202//216
f 184//217 202//217 239//217
f 198//218 207//218 196//218
f 183//219 204//219 202//219
f 200//220 205//220 204//220
f 207//221 203//221 196//221
f 209//222 183//222 242//222
f 212//223 211//223 165//223
f 283//224 216//224 185//224
f 169//225 185//225 218//225
f 217//226 169//226 218//226
f 170//227 167//228 219//229
f 170//230 220//230 186//230
f 221//231 186//231 220//231
f 170//232 219//232 220//232
f 223//233 215//234 214//235
f 215//234 223//233 222//236
f 226//237 227//238 191//239
f 250//240 158//240 176//240
f 193//241 229//241 226//241
f 229//242 175//243 231//244
f 230//245 231//246 225//247
f 195//248 194//248 232//248
f 197//249 181//249 233//249
f 197//250 233//250 235//250
f 235//251 233//251 236//251
f 238//252 199//252 234//252
f 234//253 199//253 235//253
f 201//254 255//254 237//254
f 239//255 202//255 237//255
f 184//256 239//256 258//256
f 207//257 261//257 203//257
f 185//258 216//258 218//258
f 167//192 217//191 264//259
f 264//260 219//229 167//228
f 223//261 248//261 247//261
f 227//262 247//262 248//262
f 247//263 225//263 223//263
f 226//237 247//264 227//238
f 229//265 247//264 226//237
f 230//245 247//264 229//265
f 250//266 274//266 158//266
f 271//267 249//267 177//267
f 233//268 232//268 252//268
f 254//269 255//269 238//269
f 237//270 255//270 239//270
f 256//271 257//272 255//271
f 236//273 252//273 261//273
f 254//274 238//275 253//276
f 261//277 240//277 236//277
f 262//278 241//278 243//278
f 262//279 254//279 241//279
f 242//280 263//280 260//280
f 259//281 242//281 260//281
f 257//282 244//282 258//282
f 217//283 218//283 246//283
f 220//284 219//284 266//284
f 221//285 266//285 267//285
f 227//286 248//286 268//286
f 268//287 248//287 221//287
f 273//288 268//288 267//288
f 280//289 274//289 250//289
f 251//290 281//290 250//290
f 249//291 281//291 251//291
f 271//292 273//293 270//294
f 272//295 268//295 273//295
f 275//296 194//297 164//298
f 277//299 194//299 275//299
f 277//300 252//300 276//300
f 284//301 275//301 278//301
f 245//302 261//302 284//302
f 261//303 252//303 284//303
f 245//304 284//304 278//304
f 245//305 278//305 211//305
f 265//306 264//306 246//306
f 281//307 265//307 246//307
f 269//308 266//308 282//308
f 280//309 246//309 279//309
f 280//310 281//310 246//310
f 280//311 283//311 274//311
f 284//312 277//312 275//312
f 291//313 288//313 285//313
f 329//314 300//314 288//314
f 302//315 288//315 300//315
f 292//316 335//317 290//318
f 320//319 291//319 285//319
f 298//320 296//320 322//320
f 296//321 298//321 325//321
f 286//322 287//322 290//322
f 289//323 287//323 328//323
f 288//324 289//324 329//324
f 314//325 305//325 334//325
f 308//326 285//327 302//328
f 301//329 309//329 302//329
f 309//330 301//330 336//330
f 319//331 309//331 336//331
f 313//332 306//332 305//332
f 312//333 306//333 313//333
f 306//334 312//334 304//334
f 313//335 305//335 314//335
f 307//336 315//336 314//336
f 293//337 335//337 292//337
f 294//338 320//338 285//338
f 348//339 321//339 346//339
f 346//340 295//340 297//340
f 289//341 328//341 364//341
f 303//342 331//342 332//342
f 338//343 332//343 367//343
f 301//344 300//344 366//344
f 301//345 366//345 336//345
f 401//346 303//346 337//346
f 305//347 306//347 333//347
f 339//348 369//348 523//348
f 336//349 310//349 319//349
f 336//350 366//350 337//350
f 337//351 310//351 336//351
f 307//352 334//352 523//352
f 340//353 307//353 523//353
f 340//354 341//354 307//354
f 372//355 310//355 316//355
f 308//356 342//357 294//358
f 342//359 378//359 294//359
f 342//357 308//356 319//360
f 345//361 335//361 293//361
f 352//362 349//362 350//362
f 350//363 349//363 388//363
f 354//364 352//364 351//364
f 352//365 350//365 351//365
f 387//366 323//366 353//366
f 298//367 322//367 324//367
f 322//368 388//368 324//368
f 355//369 352//369 354//369
f 324//370 349//370 358//370
f 358//371 349//371 356//371
f 326//372 324//372 358//372
f 358//373 356//373 359//373
f 326//374 392//374 325//374
f 362//375 325//375 395//375
f 430//376 328//376 286//376
f 364//377 328//377 430//377
f 286//378 363//378 430//378
f 329//379 289//379 396//379
f 289//380 364//380 396//380
f 368//381 366//381 365//381
f 366//382 368//383 401//384
f 401//385 331//385 303//385
f 333//386 306//386 405//386
f 405//387 306//387 367//387
f 306//388 338//388 367//388
f 369//389 339//389 404//389
f 371//390 379//390 372//390
f 374//391 373//391 312//391
f 377//392 376//392 341//392
f 380//393 378//393 342//393
f 379//394 380//394 319//394
f 381//395 343//395 344//395
f 317//396 315//396 384//396
f 415//397 384//397 315//397
f 385//398 318//398 320//398
f 347//399 348//399 346//399
f 297//400 347//400 346//400
f 353//401 351//401 387//401
f 299//402 347//403 297//404
f 350//405 420//405 421//405
f 351//406 350//406 389//406
f 351//407 389//408 387//407
f 390//409 323//409 418//409
f 326//410 419//410 392//410
f 426//411 326//411 358//411
f 359//412 356//413 360//414
f 394//415 393//415 355//415
f 396//416 364//416 430//416
f 330//417 396//417 431//417
f 330//418 398//418 397//418
f 397//419 368//419 365//419
f 402//420 400//420 401//420
f 367//421 331//421 403//421
f 403//422 405//422 367//422
f 375//423 410//423 403//423
f 377//424 411//424 370//424
f 528//425 408//425 377//425
f 413//426 402//427 368//383
f 415//428 370//428 411//428
f 412//429 378//429 380//429
f 380//430 379//430 371//430
f 371//431 412//431 380//431
f 381//432 382//432 413//432
f 344//433 382//433 381//433
f 438//434 439//434 385//434
f 385//435 294//435 378//435
f 417//436 348//436 435//436
f 417//437 424//437 420//437
f 422//438 418//438 387//438
f 423//439 390//439 418//439
f 424//440 419//440 326//440
f 421//441 420//441 425//441
f 424//442 425//442 420//442
f 389//443 421//443 425//443
f 389//444 425//444 426//444
f 392//445 419//445 395//445
f 419//446 440//446 395//446
f 359//447 426//447 358//447
f 360//414 427//448 359//412
f 360//449 428//449 427//449
f 389//450 426//450 427//450
f 422//451 389//451 427//451
f 394//452 423//452 428//452
f 408//453 404//453 406//453
f 414//454 403//454 402//454
f 411//455 408//455 406//455
f 378//456 412//456 398//456
f 378//457 398//457 438//457
f 411//458 406//459 407//460
f 432//461 411//458 407//460
f 439//462 436//462 433//462
f 419//463 417//463 435//463
f 419//464 435//464 440//464
f 440//465 434//465 299//465
f 299//466 429//466 395//466
f 440//467 299//467 395//467
f 430//468 436//468 431//468
f 439//469 431//469 436//469
f 438//470 431//470 439//470
f 438//471 398//471 431//471
f 437//472 433//472 436//472
f 433//473 437//473 327//473
f 444//474 449//474 445//474
f 449//475 444//475 441//475
f 446//476 445//476 442//476
f 441//477 447//477 449//477
f 444//478 450//478 441//478
f 453//479 470//479 446//479
f 441//480 454//480 447//480
f 456//481 455//481 472//481
f 488//482 458//482 461//482
f 462//483 457//484 476//485
f 459//486 460//486 464//486
f 452//487 464//487 461//487
f 460//488 461//488 464//488
f 467//489 469//489 457//489
f 479//490 464//490 452//490
f 452//491 461//491 469//491
f 453//492 442//492 451//492
f 470//493 450//494 446//495
f 473//496 456//496 500//496
f 458//497 488//497 475//497
f 459//498 443//498 473//498
f 473//499 503//499 474//499
f 474//500 488//500 460//500
f 492//501 451//501 463//501
f 459//502 464//502 463//502
f 480//503 467//503 481//503
f 450//504 486//504 441//505
f 451//506 466//507 468//508
f 469//509 495//509 452//509
f 482//510 495//510 469//510
f 480//511 482//511 467//511
f 483//512 450//513 484//514
f 456//515 472//515 497//515
f 476//516 475//516 489//516
f 490//517 476//517 489//517
f 491//518 490//518 489//518
f 506//519 474//519 503//519
f 487//520 488//521 506//522
f 466//507 451//506 492//523
f 517//524 483//512 484//514
f 518//525 484//525 470//525
f 500//526 456//526 497//526
f 502//527 503//527 500//527
f 475//528 488//528 505//528
f 466//529 487//529 507//529
f 480//530 504//530 514//530
f 507//531 502//531 510//531
f 493//532 487//532 492//532
f 510//533 496//533 468//533
f 482//534 508//534 495//534
f 512//535 485//535 486//535
f 497//536 513//536 500//536
f 502//537 500//537 513//537
f 520//538 502//538 513//538
f 482//539 514//539 508//539
f 514//540 505//540 508//540
f 513//541 512//541 519//541
f 515//542 511//543 512//544
f 511//545 521//546 512//547
f 521//548 519//548 512//548
f 511//545 522//549 521//546
f 340//550 525//550 524//550
f 340//551 524//551 341//551
f 529//552 526//552 369//552
f 528//553 377//553 341//553
f 527//554 341//554 524//554
f 527//555 529//555 528//555
f 529//556 369//557 408//558
f 527//559 526//559 529//559
f 531//560 465//560 530//560
f 533//561 532//561 551//561
f 530//562 477//562 534//562
f 539//563 532//563 533//563
f 533//564 551//564 540//564
f 481//565 465//565 541//565
f 531//566 556//567 541//568
f 544//569 535//569 534//569
f 546//570 537//570 544//570
f 545//571 546//571 544//571
f 538//572 546//572 545//572
f 549//573 548//573 553//573
f 551//574 538//574 545//574
f 551//575 545//575 552//575
f 540//576 549//577 533//578
f 540//579 551//579 552//579
f 543//580 491//580 554//580
f 545//581 548//581 549//581
f 557//582 554//582 491//582
f 494//583 557//583 555//583
f 558//584 559//584 560//584
f 561//585 558//585 560//585
f 562//586 558//586 561//586
f 561//587 565//588 573//589
f 564//590 562//590 561//590
f 558//591 588//591 559//591
f 574//592 565//592 566//592
f 574//593 566//593 581//593
f 575//594 584//595 581//596
f 570//597 575//597 568//597
f 560//598 559//598 589//598
f 560//599 589//600 565//601
f 595//602 566//602 593//602
f 580//603 570//603 591//603
f 562//604 588//604 558//604
f 582//605 580//605 583//605
f 572//606 585//606 564//606
f 586//607 577//607 584//607
f 587//608 575//608 578//608
f 587//609 602//609 575//609
f 571//610 582//610 587//610
f 564//611 561//611 572//611
f 589//612 559//612 588//612
f 591//613 579//613 592//613
f 565//614 590//614 593//614
f 596//615 592//615 595//615
f 597//616 583//616 591//616
f 583//617 580//617 591//617
f 582//618 583//618 598//618
f 585//619 610//619 604//619
f 599//620 585//620 576//620
f 577//621 599//621 576//621
f 600//622 599//622 586//622
f 600//623 586//623 601//623
f 603//624 602//624 587//624
f 582//625 598//625 587//625
f 598//626 603//626 587//626
f 563//627 609//628 588//629
f 601//630 575//630 602//630
f 589//631 588//631 605//631
f 590//632 589//632 594//632
f 594//633 612//633 613//633
f 607//634 593//634 594//634
f 596//635 593//635 607//635
f 613//636 610//636 594//636
f 610//637 607//637 594//637
f 599//638 607//638 610//638
f 608//639 592//639 596//639
f 604//640 610//640 613//640
f 585//641 599//641 610//641
f 601//642 603//642 608//642
f 598//643 608//643 603//643
f 588//644 611//644 606//644
f 611//645 588//629 609//628
f 612//646 606//646 611//646
f 613//647 612//647 611//647
f 615//648 637//648 639//648
f 619//649 617//649 621//649
f 621//650 617//650 620//650
f 621//651 646//651 678//651
f 621//652 622//652 619//652
f 622//653 618//653 619//653
f 621//654 678//654 623//654
f 651//655 648//655 627//655
f 627//656 648//656 653//656
f 622//657 645//657 618//657
f 614//658 621//658 623//658
f 614//659 623//659 624//659
f 629//660 622//660 614//660
f 631//661 614//661 624//661
f 626//662 627//662 633//662
f 633//663 632//663 626//663
f 634//664 627//664 628//664
f 631//665 635//665 614//665
f 639//666 637//666 660//666
f 640//667 639//667 661//667
f 615//668 616//669 643//670
f 616//671 640//671 641//671
f 617//672 618//672 645//672
f 620//673 617//673 646//673
f 621//674 620//674 646//674
f 623//675 678//675 649//675
f 650//676 649//676 679//676
f 650//677 679//678 680//679
f 652//680 647//680 651//680
f 652//681 650//681 647//681
f 647//682 681//682 651//682
f 654//683 653//683 655//683
f 623//684 649//684 624//684
f 650//685 624//685 649//685
f 657//686 624//686 650//686
f 657//687 650//687 652//687
f 653//688 656//688 628//688
f 631//689 624//689 657//689
f 632//690 657//690 652//690
f 683//691 634//691 628//691
f 657//692 685//692 631//692
f 658//693 632//693 633//693
f 637//694 638//694 660//694
f 665//695 664//695 663//695
f 673//696 664//696 666//696
f 676//697 666//697 667//697
f 695//698 637//698 615//698
f 640//699 669//699 641//699
f 670//700 693//700 662//700
f 672//701 664//701 642//701
f 674//702 672//702 642//702
f 642//703 664//703 673//703
f 674//704 671//705 670//706
f 674//707 642//707 673//707
f 675//708 673//708 676//708
f 641//709 698//709 644//709
f 678//710 646//710 677//710
f 679//711 678//711 677//711
f 649//712 678//712 679//712
f 680//713 647//713 650//713
f 683//714 654//714 705//714
f 686//715 685//715 632//715
f 659//716 658//716 633//716
f 659//717 634//717 683//717
f 707//718 622//718 630//718
f 636//719 688//719 630//719
f 658//720 686//720 632//720
f 659//721 710//721 658//721
f 661//722 712//722 715//722
f 692//723 691//723 665//723
f 662//724 693//724 694//724
f 691//725 664//725 665//725
f 690//726 664//726 691//726
f 722//727 698//727 641//727
f 671//728 641//728 669//728
f 723//729 671//729 697//729
f 723//730 641//730 671//730
f 697//731 674//731 675//731
f 697//732 696//732 723//732
f 696//733 697//733 675//733
f 699//734 675//734 676//734
f 648//735 681//735 682//735
f 732//736 655//736 682//736
f 684//737 655//737 732//737
f 734//738 654//738 684//738
f 654//739 704//739 705//739
f 683//740 705//740 706//740
f 659//741 683//741 706//741
f 712//742 638//742 711//742
f 713//743 711//744 638//745
f 665//746 689//746 692//746
f 694//747 693//747 715//747
f 716//748 694//749 715//750
f 694//751 716//751 689//751
f 663//752 694//752 689//752
f 718//753 692//753 689//753
f 720//754 692//754 718//754
f 723//755 716//755 743//755
f 723//756 717//756 716//756
f 696//757 724//757 717//757
f 675//758 725//758 724//758
f 725//759 718//759 724//759
f 721//760 725//760 699//760
f 721//761 720//761 725//761
f 695//762 615//762 643//762
f 677//763 726//763 701//763
f 726//764 677//764 727//764
f 729//765 680//766 702//767
f 703//768 647//768 730//768
f 647//769 680//769 730//769
f 682//770 681//771 703//772
f 731//773 682//770 703//772
f 747//774 729//774 702//774
f 733//775 684//775 732//775
f 684//776 733//776 734//776
f 734//777 733//777 732//777
f 735//778 734//779 750//780
f 707//781 756//782 645//783
f 708//784 738//784 709//784
f 706//785 705//785 737//785
f 686//786 736//786 708//786
f 658//787 736//787 686//787
f 741//788 710//788 742//788
f 737//789 742//789 710//789
f 740//790 658//791 741//792
f 743//793 714//793 755//793
f 722//794 743//794 755//794
f 700//795 755//795 695//795
f 700//796 698//796 755//796
f 726//797 744//797 745//797
f 746//798 731//798 703//798
f 756//799 728//799 645//799
f 747//800 702//800 726//800
f 730//801 680//766 729//765
f 762//802 729//802 759//802
f 735//803 752//803 705//803
f 766//804 738//804 708//804
f 754//805 764//805 740//805
f 753//806 756//806 707//806
f 753//807 707//807 688//807
f 739//808 753//808 688//808
f 741//809 742//809 740//809
f 695//810 755//810 713//810
f 745//811 728//811 757//811
f 726//812 745//812 747//812
f 756//813 757//813 728//813
f 747//814 745//814 758//814
f 729//815 747//815 759//815
f 730//816 729//816 760//816
f 748//817 730//817 760//817
f 758//818 766//818 747//818
f 766//819 759//819 747//819
f 765//820 761//820 763//820
f 765//821 763//821 764//821
f 738//822 766//822 767//822
f 737//823 752//823 754//823
f 757//824 756//824 767//824
f 785//825 783//825 768//825
f 782//826 785//826 769//826
f 769//827 785//827 768//827
f 772//828 794//828 773//828
f 774//829 771//829 775//829
f 777//830 774//830 775//830
f 772//831 773//831 778//831
f 773//832 825//833 779//834
f 777//835 775//835 778//835
f 781//836 778//836 779//836
f 780//837 779//837 776//837
f 780//838 776//838 800//838
f 777//839 799//839 774//839
f 781//840 777//840 778//840
f 769//841 786//841 782//841
f 768//842 784//842 789//842
f 815//843 789//843 784//843
f 786//844 769//844 770//844
f 793//845 794//846 772//847
f 827//848 776//848 825//848
f 796//849 776//849 828//849
f 801//850 797//850 798//850
f 800//851 796//852 801//853
f 804//854 805//854 803//854
f 808//855 777//855 781//855
f 782//856 837//856 809//856
f 858//857 837//857 782//857
f 813//858 816//858 812//858
f 790//859 811//859 787//859
f 790//860 814//860 811//860
f 787//861 811//862 788//863
f 815//864 812//864 817//864
f 812//865 816//865 817//865
f 819//866 816//866 814//866
f 787//861 788//863 791//867
f 792//868 815//868 818//868
f 818//869 815//869 817//869
f 792//870 846//870 821//870
f 822//871 848//871 830//871
f 826//872 794//872 795//872
f 797//873 828//873 829//873
f 776//874 827//874 828//874
f 826//875 827//875 825//875
f 823//876 822//876 833//876
f 803//877 822//877 802//877
f 801//878 798//878 833//878
f 833//879 822//879 803//879
f 799//880 824//881 771//882
f 852//883 824//883 799//883
f 805//884 804//884 835//884
f 802//885 806//886 803//887
f 807//888 852//888 777//888
f 780//889 835//889 834//889
f 839//890 813//890 812//890
f 839//891 840//891 813//891
f 839//892 861//892 840//892
f 841//893 811//893 814//893
f 811//894 841//894 842//894
f 868//895 846//895 818//895
f 870//896 844//896 845//896
f 869//897 844//897 870//897
f 847//898 871//898 820//898
f 849//899 823//899 851//899
f 848//900 823//900 849//900
f 793//901 874//901 795//901
f 826//902 795//902 875//902
f 877//903 797//903 829//903
f 798//904 877//904 833//904
f 853//905 851//905 823//905
f 831//906 830//906 848//906
f 855//907 830//907 831//907
f 832//908 855//908 856//908
f 886//909 824//909 852//909
f 856//910 857//911 806//886
f 896//912 808//912 836//912
f 804//913 898//913 835//913
f 857//914 898//914 804//914
f 809//915 837//915 884//915
f 858//916 859//917 837//918
f 841//919 840//919 862//919
f 842//920 841//920 862//920
f 863//921 864//921 838//921
f 865//922 861//922 868//922
f 866//923 862//923 870//923
f 866//924 842//924 862//924
f 865//925 862//925 861//925
f 863//926 842//926 866//926
f 864//927 863//927 867//927
f 869//928 865//928 818//928
f 871//929 872//929 866//929
f 864//930 867//930 872//930
f 864//931 872//931 847//931
f 872//932 871//932 847//932
f 850//933 824//933 873//933
f 795//934 874//934 875//934
f 829//935 826//936 876//937
f 878//938 849//938 851//938
f 831//939 848//939 849//939
f 880//940 829//940 876//940
f 829//941 881//941 877//941
f 854//942 878//942 853//942
f 856//943 855//944 883//945
f 835//946 898//946 893//946
f 854//947 893//947 857//947
f 834//948 896//948 836//948
f 897//949 834//949 835//949
f 857//950 893//950 898//950
f 856//943 883//945 857//951
f 899//952 868//952 885//952
f 886//953 873//953 824//953
f 890//954 880//954 876//954
f 893//955 882//955 881//955
f 893//956 881//956 891//956
f 894//957 886//957 852//957
f 896//958 834//958 892//958
f 901//959 892//960 897//961
f 807//962 896//963 895//964
f 899//965 885//965 859//965
f 899//966 859//917 858//916
f 888//967 874//967 887//967
f 875//968 888//968 889//968
f 889//969 892//969 879//969
f 895//970 887//970 886//970
f 895//971 886//971 894//971
f 907//972 905//972 906//972
f 920//973 908//973 906//973
f 902//974 910//974 928//974
f 902//975 928//975 929//975
f 902//976 930//976 914//976
f 913//977 903//977 904//977
f 914//978 916//978 904//978
f 905//979 918//979 917//979
f 950//980 919//981 918//982
f 918//983 905//984 907//985
f 959//986 955//986 954//986
f 922//987 956//987 924//987
f 924//988 956//988 923//988
f 927//989 922//989 924//989
f 966//990 908//990 926//990
f 911//991 930//991 932//991
f 937//992 936//992 973//992
f 946//993 936//994 938//995
f 941//996 911//996 940//996
f 943//997 933//997 931//997
f 942//998 974//998 933//998
f 944//999 935//999 936//999
f 944//1000 945//1000 935//1000
f 975//1001 935//1001 945//1001
f 944//1002 936//1002 946//1002
f 912//1003 967//1004 903//1005
f 939//1006 911//1006 947//1006
f 947//1007 911//1007 941//1007
f 931//1008 975//1008 948//1008
f 944//1009 946//1009 949//1009
f 916//1010 915//1010 904//1010
f 920//1011 951//1011 953//1011
f 952//1012 953//1012 951//1012
f 953//1013 921//1013 955//1013
f 921//1014 953//1014 989//1014
f 954//1015 921//1015 957//1015
f 920//1016 953//1016 961//1016
f 959//1017 956//1017 922//1017
f 959//1018 994//1018 955//1018
f 994//1019 993//1019 955//1019
f 962//1020 994//1020 959//1020
f 964//1021 994//1021 962//1021
f 924//1022 964//1023 927//1022
f 965//1024 964//1024 924//1024
f 908//1025 966//1025 907//1025
f 967//1026 998//1026 928//1026
f 970//1027 971//1027 931//1027
f 973//1028 1001//1028 937//1028
f 940//1029 932//1030 969//1031
f 974//1032 940//1032 969//1032
f 934//1033 931//1033 971//1033
f 934//1034 971//1034 972//1034
f 934//1035 973//1035 935//1036
f 934//1035 972//1037 973//1035
f 938//1038 937//1038 976//1038
f 942//1039 977//1039 974//1039
f 978//1040 941//1040 977//1040
f 979//1041 978//1041 977//1041
f 979//1042 977//1042 942//1042
f 945//1043 948//1043 975//1043
f 1010//1044 948//1044 945//1044
f 984//1045 949//1045 981//1045
f 946//993 938//995 982//1046
f 982//1047 949//1047 946//1047
f 978//1048 1007//1048 947//1048
f 948//1049 983//1049 943//1049
f 915//1050 985//1051 913//1052
f 916//1053 985//1053 915//1053
f 939//1054 986//1054 916//1054
f 951//1055 987//1055 952//1055
f 990//1056 921//1056 989//1056
f 952//1057 989//1057 953//1057
f 957//1058 921//1058 990//1058
f 1018//1059 926//1059 961//1059
f 993//1060 994//1060 995//1060
f 996//1061 994//1061 964//1061
f 965//1062 960//1062 992//1062
f 926//1063 1022//1063 966//1063
f 903//1005 967//1004 909//1064
f 998//1065 999//1065 928//1065
f 969//1066 932//1066 1026//1066
f 1000//1067 970//1068 974//1069
f 973//1070 972//1070 1001//1070
f 1002//1071 937//1071 1001//1071
f 1027//1072 974//1072 969//1072
f 974//1073 1027//1073 1003//1073
f 972//1074 1000//1074 1004//1074
f 1008//1075 978//1075 979//1075
f 1009//1076 980//1076 1040//1076
f 984//1077 981//1078 1011//1079
f 1007//1080 939//1080 947//1080
f 1008//1081 1007//1081 978//1081
f 1049//1082 979//1082 983//1082
f 983//1083 1009//1083 1049//1083
f 1010//1084 1033//1084 980//1084
f 985//1085 1012//1085 912//1085
f 986//1086 939//1086 1006//1086
f 950//1087 918//1087 1013//1087
f 1014//1088 987//1088 988//1088
f 989//1089 1019//1089 1015//1089
f 1017//1090 1042//1090 992//1090
f 1014//1091 1019//1091 952//1091
f 990//1092 989//1092 1015//1092
f 1020//1093 1016//1093 990//1093
f 1017//1094 1016//1094 1042//1094
f 1018//1095 1023//1095 926//1095
f 1018//1096 1015//1096 1019//1096
f 1015//1097 995//1097 1020//1097
f 996//1098 1020//1098 995//1098
f 965//1099 992//1099 1042//1099
f 999//1100 998//1100 1043//1100
f 1025//1101 1026//1102 999//1103
f 972//1104 1004//1104 1034//1104
f 1035//1105 1027//1105 1008//1105
f 1048//1106 1007//1106 1008//1106
f 1040//1107 1036//1107 1032//1107
f 980//1108 1033//1108 1040//1108
f 1033//1109 1036//1109 1040//1109
f 1011//1079 981//1078 1005//1110
f 1049//1111 1009//1111 1040//1111
f 988//1112 1013//1112 1023//1112
f 1023//1113 1014//1113 988//1113
f 1041//1114 1013//1114 997//1114
f 1041//1115 1023//1115 1013//1115
f 1022//1116 1023//1116 997//1116
f 1043//1117 1024//1117 1044//1117
f 1027//1118 1026//1118 1047//1118
f 1005//1119 1029//1119 1034//1119
f 1049//1120 1028//1120 1031//1120
f 1005//1121 1034//1121 1033//1121
f 1006//1122 1007//1122 1048//1122
f 1052//1123 1006//1123 1045//1123
f 1031//1124 1035//1124 1049//1124
f 1012//1125 1050//1125 1051//1125
f 986//1126 1052//1126 1050//1126
f 1030//1127 1044//1127 1024//1127
f 1046//1128 1053//1128 1025//1128
f 1045//1129 1025//1129 1053//1129
f 1052//1130 1045//1130 1053//1130
f 1069//1131 1056//1131 1067//1131
f 1090//1132 1054//1132 1055//1132
f 1058//1133 1069//1133 1068//1133
f 1057//1134 1058//1134 1068//1134
f 1056//1135 1060//1135 1061//1135
f 1058//1136 1059//1136 1060//1136
f 1077//1137 1062//1137 1063//1137
f 1064//1138 1062//1138 1065//1138
f 1065//1139 1077//1139 1081//1139
f 1066//1140 1064//1141 1065//1142
f 1067//1143 1054//1143 1090//1143
f 1071//1144 1097//1144 1072//1144
f 1059//1145 1094//1146 1095//1147
f 1073//1148 1096//1149 1071//1150
f 1060//1151 1059//1152 1074//1153
f 1062//1154 1076//1154 1063//1154
f 1080//1155 1078//1155 1116//1155
f 1081//1156 1077//1156 1109//1156
f 1079//1157 1082//1157 1113//1157
f 1082//1158 1109//1158 1113//1158
f 1078//1159 1080//1159 1083//1159
f 1083//1160 1080//1160 1111//1160
f 1081//1161 1082//1161 1086//1161
f 1065//1162 1119//1162 1066//1162
f 1124//1163 1068//1163 1067//1163
f 1068//1164 1089//1164 1057//1164
f 1070//1165 1057//1165 1089//1165
f 1092//1166 1071//1166 1096//1166
f 1098//1167 1097//1167 1099//1167
f 1099//1168 1097//1168 1100//1168
f 1129//1169 1103//1170 1095//1171
f 1129//1172 1095//1173 1073//1174
f 1104//1175 1073//1175 1072//1175
f 1133//1176 1073//1176 1104//1176
f 1105//1177 1061//1177 1060//1177
f 1106//1178 1105//1178 1060//1178
f 1108//1179 1063//1179 1076//1179
f 1112//1180 1111//1180 1139//1180
f 1079//1181 1114//1181 1078//1181
f 1116//1182 1078//1183 1114//1184
f 1079//1185 1113//1185 1114//1185
f 1079//1186 1120//1186 1082//1186
f 1123//1187 1084//1187 1085//1187
f 1147//1188 1089//1188 1068//1188
f 1124//1189 1090//1189 1125//1189
f 1099//1190 1100//1190 1150//1190
f 1072//1191 1102//1191 1130//1191
f 1074//1192 1103//1192 1132//1192
f 1132//1193 1181//1193 1074//1193
f 1129//1172 1073//1174 1133//1194
f 1130//1195 1104//1195 1072//1195
f 1180//1196 1106//1196 1075//1196
f 1107//1197 1105//1197 1156//1197
f 1106//1198 1135//1198 1105//1198
f 1108//1199 1076//1199 1137//1199
f 1137//1200 1076//1200 1136//1200
f 1109//1201 1138//1202 1115//1203
f 1157//1204 1140//1204 1138//1204
f 1159//1205 1142//1206 1117//1207
f 1112//1208 1139//1208 1144//1208
f 1160//1209 1120//1209 1122//1209
f 1120//1210 1160//1210 1086//1210
f 1083//1211 1146//1212 1087//1213
f 1163//1214 1123//1214 1118//1214
f 1165//1215 1066//1215 1119//1215
f 1084//1216 1123//1216 1083//1216
f 1088//1217 1145//1217 1182//1217
f 1088//1218 1066//1218 1165//1218
f 1126//1219 1092//1219 1169//1219
f 1150//1220 1100//1220 1149//1220
f 1149//1221 1100//1222 1097//1222
f 1151//1223 1166//1224 1055//1225
f 1152//1226 1128//1226 1127//1226
f 1128//1227 1152//1227 1172//1227
f 1150//1228 1149//1228 1153//1228
f 1155//1229 1178//1229 1179//1229
f 1103//1230 1154//1231 1132//1232
f 1154//1233 1171//1234 1132//1235
f 1156//1236 1105//1237 1135//1238
f 1135//1239 1106//1239 1180//1239
f 1140//1240 1141//1240 1115//1240
f 1158//1241 1141//1241 1140//1241
f 1117//1242 1141//1242 1158//1242
f 1158//1243 1160//1243 1161//1243
f 1162//1244 1143//1245 1142//1246
f 1160//1247 1140//1247 1164//1247
f 1160//1248 1158//1248 1140//1248
f 1122//1249 1161//1249 1160//1249
f 1146//1250 1162//1250 1161//1250
f 1146//1251 1163//1251 1162//1251
f 1146//1252 1123//1252 1163//1252
f 1165//1253 1119//1253 1164//1253
f 1125//1254 1184//1254 1147//1254
f 1148//1255 1189//1255 1168//1255
f 1172//1256 1152//1256 1176//1256
f 1173//1257 1169//1257 1172//1257
f 1149//1258 1170//1259 1175//1260
f 1154//1261 1174//1261 1176//1261
f 1176//1262 1174//1262 1172//1262
f 1134//1263 1177//1263 1173//1263
f 1173//1264 1174//1264 1134//1264
f 1177//1265 1155//1265 1179//1265
f 1132//1266 1188//1266 1181//1266
f 1188//1267 1187//1267 1181//1267
f 1137//1268 1136//1268 1182//1268
f 1186//1269 1166//1269 1151//1269
f 1189//1270 1148//1270 1184//1270
f 1175//1271 1173//1271 1177//1271
f 1170//1272 1173//1272 1175//1272
f 1156//1273 1191//1274 1151//1275
f 1193//1276 1191//1276 1156//1276
f 1192//1277 1180//1277 1187//1277
f 1135//1238 1193//1278 1156//1236
f 1192//1279 1135//1279 1180//1279
f 1192//1280 1193//1280 1135//1280
f 1190//1281 1189//1281 1184//1281
f 1191//1282 1185//1282 1186//1282
f 1151//1283 1191//1283 1186//1283
f 1196//1284 1195//1284 1194//1284
f 1196//1285 1194//1285 1201//1285
f 1198//1286 976//1286 1002//1286
f 1199//1287 1198//1288 1002//1287
f 1194//1289 1197//1289 1201//1289
f 1200//1290 1201//1290 1198//1290
f 982//1291 1199//1291 1037//1291
f 982//1292 1200//1292 1199//1292
f 1196//1293 1200//1293 982//1293
f 1196//1294 1201//1294 1200//1294
f 1200//1295 1198//1288 1199//1287
f 1098//1296 1202//1296 1203//1296
f 1102//1297 1098//1297 1203//1297
f 1098//1298 1099//1298 1202//1298
f 1202//1299 1099//1299 1204//1299
f 1205//1300 1202//1300 1204//1300
f 1217//1301 1208//1301 1207//1301
f 1204//1302 1211//1302 1210//1302
f 1205//1303 1204//1303 1210//1303
f 1206//1304 1205//1304 1212//1304
f 1215//1305 1216//1305 1208//1305
f 1216//1306 1212//1306 1213//1306
f 1212//1307 1216//1307 1206//1307
f 1225//1308 1208//1309 1217//1310
f 1218//1311 1206//1311 1215//1311
f 1203//1312 1218//1312 1209//1312
f 1131//1313 1102//1313 1203//1313
f 1211//1314 1204//1314 1099//1314
f 1221//1315 1219//1315 1210//1315
f 1222//1316 1221//1316 1210//1316
f 1222//1317 1220//1317 1226//1317
f 1224//1318 1222//1318 1225//1318
f 1223//1319 1214//1319 1221//1319
f 1223//1320 1212//1320 1214//1320
f 1224//1321 1217//1321 1213//1321
f 1213//1322 1212//1322 1223//1322
f 1224//1323 1213//1324 1223//1325
f 1224//1326 1223//1326 1229//1326
f 1209//1327 1218//1327 1226//1327
f 1225//1328 1218//1328 1215//1328
f 1131//1329 1209//1330 1230//1331
f 1229//1332 1221//1332 1222//1332
f 1178//1333 1230//1333 1179//1333
f 1230//1334 1153//1334 1179//1334
f 1230//1335 1228//1335 1153//1335
f 1226//1336 1228//1336 1209//1336
f 1230//1331 1209//1330 1228//1337
f 1232//1338 1231//1338 1241//1338
f 519//1339 1233//1339 1260//1339
f 1233//1340 1240//1340 1260//1340
f 1238//1341 1233//1341 1235//1341
f 1235//1342 1233//1342 520//1342
f 1244//1343 519//1343 1260//1343
f 1231//1344 1232//1345 1234//1346
f 1236//1347 1235//1347 520//1347
f 1236//1348 1234//1348 1235//1348
f 1252//1349 1237//1350 1255//1351
f 1241//1352 1239//1352 1238//1352
f 1243//1353 1245//1353 1267//1353
f 1231//1354 1351//1355 1316//1356
f 1243//1357 1247//1357 1245//1357
f 1243//1358 1276//1358 1247//1358
f 1351//1359 1231//1359 1249//1359
f 1278//1360 1250//1360 1234//1360
f 1264//1361 1260//1361 1259//1361
f 1260//1362 1242//1362 1259//1362
f 1243//1363 1267//1363 1301//1363
f 1243//1364 1301//1364 1269//1364
f 1243//1365 1269//1366 1268//1367
f 1264//1368 1265//1368 1271//1368
f 1271//1369 1272//1370 1264//1371
f 1270//1372 1264//1371 1272//1370
f 1272//1370 1304//1373 1270//1372
f 1273//1374 1266//1374 1247//1374
f 1273//1375 1274//1375 1266//1375
f 1276//1376 1246//1377 1275//1378
f 1303//1379 1244//1379 1270//1379
f 1234//1380 1250//1380 1249//1380
f 1281//1381 1280//1381 1251//1381
f 1253//1382 1284//1382 1285//1382
f 1285//1383 1309//1383 1253//1383
f 1253//1384 1310//1384 1286//1384
f 1290//1385 1283//1385 1285//1385
f 1294//1386 1290//1386 1284//1386
f 1284//1387 1253//1388 1288//1387
f 1284//1387 1288//1387 1292//1389
f 1253//1390 1286//1391 1288//1390
f 1293//1392 1287//1392 1289//1392
f 1293//1393 1289//1393 1311//1393
f 1297//1394 1296//1394 1252//1394
f 1252//1349 1255//1351 1297//1395
f 1242//1396 1298//1396 1259//1396
f 1299//1397 1264//1397 1259//1397
f 1301//1398 1267//1398 1319//1398
f 1261//1399 1265//1399 1321//1399
f 1266//1400 1265//1400 1261//1400
f 1302//1401 1272//1401 1274//1401
f 1270//1402 1330//1402 1303//1402
f 1276//1403 1361//1404 1273//1405
f 1305//1406 1275//1406 1277//1406
f 1329//1407 1250//1407 1278//1407
f 1290//1408 1307//1409 1283//1410
f 1283//1411 1308//1411 1309//1411
f 1287//1412 1310//1412 1306//1412
f 1289//1413 1306//1413 1311//1413
f 1313//1414 1312//1414 1256//1414
f 1288//1415 1314//1415 1292//1415
f 1255//1416 1312//1416 1297//1416
f 1315//1417 1297//1417 1312//1417
f 1257//1418 1239//1418 1317//1418
f 1269//1419 1319//1419 1354//1419
f 1323//1420 1324//1420 1321//1420
f 1324//1421 1261//1421 1321//1421
f 1324//1422 1320//1422 1319//1422
f 1330//1423 1327//1423 1303//1423
f 1360//1424 1327//1424 1330//1424
f 1304//1425 1302//1426 1323//1427
f 1331//1428 1281//1428 1279//1428
f 1306//1429 1310//1429 1335//1429
f 1336//1430 1307//1430 1333//1430
f 1336//1431 1333//1431 1337//1431
f 1339//1432 1334//1432 1309//1432
f 1339//1433 1309//1433 1308//1433
f 1340//1434 1334//1434 1339//1434
f 1310//1435 1334//1435 1340//1435
f 1336//1436 1342//1436 1343//1436
f 1345//1437 1311//1437 1341//1437
f 1337//1438 1312//1438 1342//1438
f 1343//1439 1312//1439 1313//1439
f 1345//1440 1349//1440 1295//1440
f 1296//1441 1375//1441 1252//1441
f 1350//1442 1297//1442 1315//1442
f 1296//1443 1350//1443 1375//1443
f 1241//1444 1316//1444 1239//1444
f 1369//1445 1352//1446 1317//1447
f 1298//1448 1258//1448 1352//1448
f 1298//1449 1352//1450 1353//1451
f 1318//1452 1298//1452 1353//1452
f 1356//1453 1354//1453 1320//1453
f 1323//1454 1357//1454 1324//1454
f 1357//1455 1323//1455 1325//1455
f 1361//1456 1320//1456 1357//1456
f 1361//1457 1358//1457 1320//1457
f 1328//1458 1362//1458 1359//1458
f 1329//1459 1327//1459 1360//1459
f 1330//1460 1355//1461 1360//1462
f 1305//1463 1358//1463 1361//1463
f 1363//1464 1373//1464 1351//1464
f 1364//1465 1250//1466 1329//1467
f 1363//1468 1250//1468 1364//1468
f 1332//1469 1279//1469 1365//1469
f 1365//1470 1279//1471 1252//1472
f 1333//1473 1332//1473 1366//1473
f 1366//1474 1332//1474 1337//1474
f 1339//1475 1338//1476 1344//1477
f 1368//1478 1344//1478 1347//1478
f 1368//1479 1339//1480 1344//1481
f 1349//1482 1340//1482 1368//1482
f 1350//1483 1315//1483 1374//1483
f 1349//1484 1367//1484 1340//1484
f 1370//1485 1316//1485 1371//1485
f 1317//1486 1370//1487 1369//1488
f 1353//1451 1352//1450 1377//1489
f 1355//1490 1353//1490 1372//1490
f 1363//1491 1376//1491 1373//1491
f 1329//1492 1360//1492 1379//1492
f 1374//1493 1332//1493 1365//1493
f 1375//1470 1365//1470 1252//1472
f 1375//1494 1374//1494 1365//1494
f 1315//1495 1337//1495 1374//1495
f 1369//1445 1377//1496 1352//1446
f 1372//1497 1377//1497 1379//1497
f 1385//1498 1384//1498 1382//1498
f 1378//1499 1382//1499 1381//1499
f 1378//1500 1381//1500 1392//1500
f 1383//1501 1385//1501 1382//1501
f 1383//1502 1382//1503 1378//1504
f 1384//1505 1385//1505 1386//1505
f 1387//1506 1383//1502 1378//1504
f 1404//1507 1387//1508 1378//1509
f 1388//1510 1413//1510 1389//1510
f 1384//1511 1380//1511 1391//1511
f 1392//1512 1390//1512 1417//1512
f 1392//1513 1418//1513 1398//1513
f 1407//1514 1394//1514 1421//1514
f 1421//1515 1394//1515 1419//1515
f 1395//1516 1396//1516 1422//1516
f 1398//1517 1393//1518 1399//1519
f 1400//1520 1425//1520 1394//1520
f 1427//1521 1425//1521 1400//1521
f 1408//1522 1396//1522 1402//1522
f 1402//1523 1396//1523 1395//1523
f 1432//1524 1404//1524 1398//1524
f 1432//1525 1398//1526 1468//1527
f 1410//1528 1402//1528 1409//1528
f 1413//1529 1388//1529 1412//1529
f 1412//1530 1436//1530 1413//1530
f 1412//1531 1388//1531 1414//1531
f 1444//1532 1413//1532 1437//1532
f 1414//1533 1388//1533 1389//1533
f 1391//1534 1380//1534 1415//1534
f 1390//1535 1391//1535 1416//1535
f 1417//1536 1390//1536 1416//1536
f 1458//1537 1418//1537 1417//1537
f 1421//1538 1426//1538 1401//1538
f 1395//1539 1423//1539 1462//1539
f 1393//1540 1424//1540 1399//1540
f 1408//1541 1401//1541 1396//1541
f 1428//1542 1395//1543 1397//1544
f 1429//1545 1468//1545 1427//1545
f 1408//1546 1430//1546 1401//1546
f 1433//1547 1404//1548 1432//1548
f 1409//1549 1434//1549 1410//1549
f 1413//1550 1436//1550 1437//1550
f 1473//1551 1437//1551 1436//1551
f 1448//1552 1440//1552 1439//1552
f 1445//1553 1438//1553 1440//1553
f 1443//1554 1442//1554 1441//1554
f 1414//1555 1471//1555 1412//1555
f 1437//1556 1438//1556 1444//1556
f 1449//1557 1447//1557 1450//1557
f 1453//1558 1441//1558 1451//1558
f 1446//1559 1482//1559 1444//1559
f 1449//1560 1450//1560 1452//1560
f 1453//1561 1454//1561 1452//1561
f 1453//1562 1451//1562 1455//1562
f 1455//1563 1515//1563 1453//1563
f 1389//1564 1444//1564 1481//1564
f 1415//1565 1416//1565 1391//1565
f 1418//1566 1458//1566 1459//1566
f 1425//1567 1464//1567 1420//1567
f 1460//1568 1419//1568 1420//1568
f 1422//1569 1396//1569 1489//1569
f 1422//1570 1486//1570 1462//1570
f 1464//1571 1424//1571 1459//1571
f 1426//1572 1419//1572 1466//1572
f 1433//1573 1432//1573 1469//1573
f 1492//1574 1469//1574 1429//1574
f 1431//1575 1467//1575 1500//1575
f 1405//1576 1470//1576 1429//1576
f 1430//1577 1470//1577 1405//1577
f 1498//1578 1430//1578 1410//1578
f 1527//1579 1501//1579 1411//1579
f 1526//1580 1411//1581 1387//1506
f 1528//1582 1526//1582 1387//1582
f 1471//1583 1435//1583 1412//1583
f 1472//1584 1476//1584 1438//1584
f 1474//1585 1440//1585 1476//1585
f 1477//1586 1440//1587 1474//1588
f 1442//1589 1505//1589 1475//1589
f 1451//1590 1441//1590 1475//1590
f 1455//1591 1451//1591 1478//1591
f 1449//1592 1479//1592 1445//1592
f 1479//1593 1446//1593 1445//1593
f 1479//1594 1482//1594 1446//1594
f 1480//1595 1513//1595 1452//1595
f 1518//1596 1481//1596 1482//1596
f 1516//1597 1480//1597 1454//1597
f 1481//1598 1517//1599 1414//1600
f 1484//1601 1483//1601 1415//1601
f 1458//1602 1416//1602 1483//1602
f 1422//1603 1489//1603 1486//1603
f 1463//1604 1458//1604 1487//1604
f 1488//1605 1461//1605 1466//1605
f 1419//1606 1460//1606 1488//1606
f 1466//1607 1419//1607 1488//1607
f 1461//1608 1488//1608 1489//1608
f 1490//1609 1489//1609 1488//1609
f 1525//1610 1491//1611 1486//1612
f 1463//1613 1487//1613 1523//1613
f 1465//1614 1459//1614 1463//1614
f 1524//1615 1465//1615 1492//1615
f 1525//1616 1489//1616 1490//1616
f 1490//1617 1488//1617 1493//1617
f 1496//1618 1491//1611 1525//1610
f 1470//1619 1524//1619 1492//1619
f 1498//1620 1499//1620 1430//1620
f 1493//1621 1494//1621 1430//1621
f 1490//1622 1493//1622 1430//1622
f 1496//1623 1499//1623 1500//1623
f 1492//1624 1429//1624 1470//1624
f 1494//1625 1470//1625 1430//1625
f 1470//1626 1494//1626 1497//1626
f 1500//1627 1498//1627 1434//1627
f 1526//1628 1527//1628 1411//1628
f 1522//1629 1528//1629 1433//1629
f 1436//1630 1502//1630 1473//1630
f 1503//1631 1504//1631 1473//1631
f 1476//1632 1532//1632 1474//1632
f 1506//1633 1505//1633 1509//1633
f 1505//1634 1507//1634 1508//1634
f 1507//1635 1505//1635 1506//1635
f 1478//1636 1475//1636 1508//1636
f 1511//1637 1478//1637 1508//1637
f 1504//1638 1532//1638 1476//1638
f 1510//1639 1506//1639 1509//1639
f 1534//1640 1482//1640 1531//1640
f 1479//1641 1512//1641 1482//1641
f 1531//1642 1482//1642 1512//1642
f 1513//1643 1510//1643 1532//1643
f 1515//1644 1455//1644 1511//1644
f 1522//1645 1487//1645 1485//1645
f 1486//1646 1489//1646 1525//1646
f 1523//1647 1487//1647 1522//1647
f 1465//1648 1524//1648 1460//1648
f 1490//1649 1499//1649 1525//1649
f 1499//1650 1496//1650 1525//1650
f 1528//1651 1535//1651 1526//1651
f 1528//1652 1522//1653 1535//1654
f 1502//1655 1471//1655 1529//1655
f 1514//1656 1506//1656 1510//1656
f 1507//1657 1506//1657 1514//1657
f 1515//1658 1533//1658 1514//1658
f 1518//1659 1517//1659 1481//1659
f 1518//1660 1530//1660 1517//1660
f 1520//1661 1535//1661 1521//1661
f 1527//1662 1520//1662 1457//1662
f 1526//1663 1535//1663 1520//1663
f 1529//1664 1471//1664 1530//1664
f 1502//1665 1529//1665 1534//1665
f 1518//1666 1534//1666 1530//1666
f 1538//1667 1546//1667 1536//1667
f 1546//1668 1538//1668 1541//1668
f 1248//1669 1246//1669 1537//1669
f 1537//1670 1536//1670 1546//1670
f 1539//1671 1546//1671 1541//1671
f 1263//1672 1540//1672 1536//1672
f 1549//1673 1541//1674 1540//1675
f 1539//1676 1541//1676 1542//1676
f 1543//1677 1542//1677 1544//1677
f 1551//1678 1553//1678 1544//1678
f 1539//1679 1545//1679 1557//1679
f 1548//1680 1540//1680 1547//1680
f 1549//1681 1550//1681 1542//1681
f 1551//1682 1550//1682 1552//1682
f 1545//1683 1543//1683 1555//1683
f 1555//1684 1543//1684 1554//1684
f 1328//1685 1305//1685 1248//1685
f 1557//1686 1545//1686 1570//1686
f 1547//1687 1269//1687 1568//1687
f 1559//1688 1558//1688 1548//1688
f 1553//1689 1560//1689 1563//1689
f 1562//1690 1561//1690 1552//1690
f 1561//1691 1560//1691 1552//1691
f 1566//1692 1563//1692 1560//1692
f 1570//1693 1565//1693 1566//1693
f 1570//1694 1545//1694 1565//1694
f 1557//1695 1570//1695 1567//1695
f 1567//1696 1328//1696 1557//1696
f 1568//1697 1569//1698 1548//1699
f 1567//1700 1571//1700 1328//1700
f 1568//1701 1573//1701 1569//1701
f 1573//1702 1568//1703 1572//1704
f 1359//1705 1573//1705 1572//1705
f 1571//1706 1569//1706 1573//1706
f 1397//1707 1575//1707 1576//1707
f 1579//1708 1575//1708 1577//1708
f 1578//1709 1581//1709 1491//1709
f 1584//1710 1592//1710 1583//1710
f 1582//1711 1592//1712 1584//1713
f 1585//1714 1583//1714 1591//1714
f 1588//1715 1587//1716 1603//1717
f 1597//1718 1593//1718 1595//1718
f 1596//1719 1597//1719 1595//1719
f 1600//1720 1585//1721 1597//1722
f 1598//1723 1582//1711 1584//1713
f 1652//1724 1601//1724 1587//1724
f 1588//1725 1603//1725 1606//1725
f 1606//1726 1608//1726 1588//1726
f 1607//1727 1588//1727 1608//1727
f 1610//1728 1589//1729 1609//1730
f 1591//1731 1590//1732 1612//1733
f 1594//1734 1593//1734 1612//1734
f 1614//1735 1613//1735 1640//1735
f 1596//1736 1595//1736 1613//1736
f 1614//1737 1615//1737 1616//1737
f 1618//1738 1596//1738 1616//1738
f 1616//1739 1617//1739 1618//1739
f 1620//1740 1600//1740 1596//1740
f 1620//1741 1596//1742 1622//1743
f 1622//1744 1596//1744 1618//1744
f 1619//1745 1618//1745 1617//1745
f 1624//1746 1584//1746 1599//1746
f 1676//1747 1598//1747 1624//1747
f 1586//1748 1585//1748 1650//1748
f 1625//1749 1649//1749 1619//1749
f 1601//1750 1652//1751 1602//1752
f 1603//1753 1602//1753 1653//1753
f 1635//1754 1633//1754 1627//1754
f 1634//1755 1626//1755 1628//1755
f 1629//1756 1630//1756 1632//1756
f 1604//1757 1630//1757 1629//1757
f 1636//1758 1628//1758 1658//1758
f 1606//1759 1638//1759 1608//1759
f 1606//1760 1605//1760 1638//1760
f 1660//1761 1605//1762 1629//1763
f 1629//1763 1637//1764 1660//1761
f 1635//1765 1636//1765 1639//1765
f 1631//1766 1635//1766 1639//1766
f 1608//1767 1697//1768 1607//1769
f 1590//1770 1610//1770 1611//1770
f 1582//1771 1609//1730 1589//1729
f 1644//1772 1615//1773 1645//1774
f 1647//1775 1646//1775 1645//1775
f 1648//1776 1618//1777 1619//1778
f 1673//1779 1648//1779 1649//1779
f 1625//1780 1623//1780 1651//1780
f 1679//1781 1651//1781 1623//1781
f 1676//1782 1718//1782 1598//1782
f 1648//1783 1707//1784 1622//1785
f 1707//1786 1620//1741 1622//1743
f 1602//1752 1652//1751 1681//1787
f 1654//1788 1626//1789 1627//1790
f 1628//1791 1626//1791 1655//1791
f 1656//1792 1630//1792 1604//1792
f 1604//1793 1653//1794 1656//1795
f 1627//1796 1633//1796 1632//1796
f 1632//1797 1656//1797 1657//1797
f 1656//1798 1684//1798 1657//1798
f 1688//1799 1632//1799 1657//1799
f 1685//1800 1659//1800 1660//1800
f 1636//1801 1658//1801 1665//1801
f 1658//1802 1664//1802 1665//1802
f 1665//1803 1663//1803 1639//1803
f 1692//1804 1607//1769 1697//1768
f 1667//1805 1609//1805 1718//1805
f 1594//1806 1612//1807 1669//1808
f 1671//1809 1642//1809 1669//1809
f 1671//1810 1666//1810 1642//1810
f 1670//1811 1643//1811 1666//1811
f 1671//1812 1670//1813 1666//1814
f 1582//1815 1718//1816 1609//1817
f 1675//1818 1648//1818 1673//1818
f 1646//1819 1647//1819 1679//1819
f 1703//1820 1675//1820 1673//1820
f 1677//1821 1708//1821 1624//1821
f 1708//1822 1676//1822 1624//1822
f 1599//1823 1677//1823 1624//1823
f 1706//1824 1621//1825 1600//1826
f 1706//1827 1620//1827 1674//1827
f 1620//1828 1707//1828 1674//1828
f 1705//1829 1673//1829 1680//1829
f 1705//1830 1680//1830 1651//1830
f 1683//1831 1681//1831 1682//1831
f 1653//1832 1681//1832 1683//1832
f 1656//1833 1683//1833 1684//1833
f 1687//1834 1684//1834 1685//1834
f 1657//1835 1684//1835 1686//1835
f 1689//1836 1688//1836 1686//1836
f 1689//1837 1686//1837 1690//1837
f 1655//1838 1654//1838 1691//1838
f 1654//1839 1688//1839 1689//1839
f 1654//1788 1655//1840 1626//1789
f 1684//1841 1683//1841 1693//1841
f 1686//1842 1687//1842 1661//1842
f 1685//1843 1661//1843 1687//1843
f 1661//1844 1690//1844 1686//1844
f 1690//1845 1694//1845 1689//1845
f 1664//1846 1655//1846 1691//1846
f 1664//1847 1658//1847 1655//1847
f 1659//1848 1693//1848 1696//1848
f 1659//1849 1685//1849 1693//1849
f 1664//1850 1695//1850 1665//1850
f 1696//1851 1692//1851 1697//1851
f 1696//1852 1697//1852 1638//1852
f 1638//1853 1659//1853 1696//1853
f 1611//1854 1610//1854 1668//1854
f 1698//1855 1611//1855 1668//1855
f 1669//1856 1701//1856 1700//1856
f 1669//1857 1699//1857 1701//1857
f 1670//1813 1671//1812 1703//1858
f 1704//1859 1671//1859 1700//1859
f 1702//1860 1704//1860 1700//1860
f 1704//1861 1675//1862 1671//1863
f 1671//1863 1675//1862 1703//1864
f 1717//1865 1621//1825 1706//1824
f 1707//1866 1702//1866 1674//1866
f 1707//1867 1704//1867 1702//1867
f 1673//1868 1705//1868 1703//1868
f 1705//1869 1672//1869 1703//1869
f 1679//1870 1672//1870 1705//1870
f 1708//1871 1718//1871 1676//1871
f 1678//1872 1719//1872 1677//1872
f 1719//1873 1678//1873 1621//1873
f 1681//1874 1652//1874 1712//1874
f 1682//1875 1681//1875 1712//1875
f 1683//1876 1682//1876 1693//1876
f 1691//1877 1654//1877 1689//1877
f 1693//1878 1682//1878 1713//1878
f 1691//1879 1689//1879 1694//1879
f 1668//1880 1667//1880 1714//1880
f 1668//1881 1714//1881 1698//1881
f 1701//1882 1699//1882 1715//1882
f 1717//1883 1641//1883 1722//1883
f 1716//1884 1714//1884 1667//1884
f 1715//1885 1641//1885 1717//1885
f 1702//1886 1701//1886 1715//1886
f 1719//1887 1717//1887 1722//1887
f 1677//1888 1719//1888 1716//1888
f 1719//1889 1621//1889 1717//1889
f 1722//1890 1714//1890 1716//1890
f 1718//1891 1716//1891 1667//1891
f 1727//1892 1721//1892 1726//1892
f 1729//1893 1753//1893 1730//1893
f 1732//1894 1725//1894 1724//1894
f 1727//1895 1728//1895 1739//1895
f 1733//1896 1751//1896 1731//1896
f 1731//1897 1729//1897 1734//1897
f 1721//1898 1727//1898 1739//1898
f 1733//1899 1734//1899 1735//1899
f 1732//1900 1724//1900 1723//1900
f 1741//1901 1733//1901 1735//1901
f 1735//1902 1734//1902 1740//1902
f 1740//1903 1730//1903 1736//1903
f 1742//1904 1740//1904 1736//1904
f 1742//1905 1743//1905 1740//1905
f 1746//1906 1761//1906 1763//1906
f 1746//1907 1747//1907 1744//1907
f 1772//1908 1724//1908 1725//1908
f 1726//1909 1724//1909 1772//1909
f 1754//1910 1756//1910 1753//1910
f 1732//1911 1748//1911 1725//1911
f 1739//1912 1728//1912 1755//1912
f 1739//1913 1755//1913 1758//1913
f 1731//1914 1751//1914 1752//1914
f 1738//1915 1739//1915 1758//1915
f 1736//1916 1757//1916 1778//1916
f 1778//1917 1777//1917 1736//1917
f 1743//1918 1735//1918 1740//1918
f 1736//1919 1777//1919 1742//1919
f 1782//1920 1723//1920 1738//1920
f 1747//1921 1784//1922 1745//1923
f 1763//1924 1761//1924 1762//1924
f 1747//1921 1745//1923 1744//1925
f 1768//1926 1767//1926 1764//1926
f 1771//1927 1770//1927 1746//1927
f 1772//1928 1725//1928 1748//1928
f 1749//1929 1772//1929 1799//1929
f 1754//1930 1773//1930 1774//1930
f 1775//1931 1751//1931 1755//1931
f 1776//1932 1756//1932 1754//1932
f 1759//1933 1806//1933 1738//1933
f 1742//1934 1777//1934 1779//1934
f 1738//1935 1806//1935 1782//1935
f 1790//1936 1789//1936 1815//1936
f 1791//1937 1789//1937 1790//1937
f 1790//1938 1787//1938 1791//1938
f 1792//1939 1764//1939 1787//1939
f 1762//1940 1761//1940 1788//1940
f 1765//1941 1789//1941 1791//1941
f 1766//1942 1764//1942 1767//1942
f 1795//1943 1796//1943 1766//1943
f 1824//1944 1768//1944 1793//1944
f 1794//1945 1798//1945 1771//1945
f 1772//1946 1748//1946 1825//1946
f 1750//1947 1749//1947 1775//1947
f 1827//1948 1773//1948 1751//1948
f 1774//1949 1773//1950 1828//1951
f 1777//1952 1756//1952 1802//1952
f 1802//1953 1756//1953 1776//1953
f 1777//1954 1802//1954 1803//1954
f 1804//1955 1777//1955 1803//1955
f 1779//1956 1804//1956 1811//1956
f 1780//1957 1833//1957 1737//1957
f 1834//1958 1782//1959 1806//1960
f 1783//1961 1807//1961 1741//1961
f 1808//1962 1783//1962 1809//1962
f 1810//1963 1809//1963 1783//1963
f 1812//1964 1786//1964 1760//1964
f 1815//1965 1788//1965 1786//1965
f 1786//1966 1814//1966 1815//1966
f 1790//1967 1816//1968 1813//1969
f 1792//1970 1787//1970 1818//1970
f 1821//1971 1794//1971 1769//1971
f 1796//1972 1768//1972 1824//1972
f 1793//1973 1792//1973 1820//1973
f 1793//1974 1820//1974 1824//1974
f 1796//1975 1824//1975 1823//1975
f 1798//1976 1797//1976 1770//1976
f 1772//1977 1826//1977 1799//1977
f 1799//1978 1826//1978 1847//1978
f 1749//1979 1799//1979 1847//1979
f 1751//1980 1830//1981 1827//1982
f 1800//1983 1773//1984 1827//1985
f 1800//1986 1829//1986 1828//1986
f 1774//1949 1828//1951 1853//1987
f 1802//1988 1801//1988 1853//1988
f 1802//1989 1831//1989 1832//1989
f 1803//1990 1802//1990 1832//1990
f 1805//1991 1876//1992 1806//1993
f 1858//1994 1876//1994 1805//1994
f 1759//1995 1858//1995 1805//1995
f 1858//1996 1857//1996 1876//1996
f 1860//1997 1804//1997 1803//1997
f 1781//1998 1833//1998 1780//1998
f 1858//1999 1759//1999 1741//1999
f 1807//2000 1858//2000 1741//2000
f 1810//2001 1859//2001 1809//2001
f 1837//2002 1812//2002 1836//2002
f 1837//2003 1814//2004 1812//2005
f 1838//2006 1817//2006 1814//2006
f 1813//2007 1816//2007 1840//2007
f 1839//2008 1816//2008 1817//2008
f 1841//2009 1840//2010 1839//2011
f 1840//2010 1841//2009 1818//2012
f 1819//2013 1818//2013 1864//2013
f 1818//2014 1841//2014 1864//2014
f 1839//2015 1817//2016 1842//2016
f 1842//2017 1838//2017 1844//2017
f 1838//2018 1842//2018 1817//2018
f 1842//2019 1841//2019 1839//2019
f 1837//2020 1878//2020 1843//2020
f 1838//2021 1821//2021 1769//2021
f 1844//2022 1769//2022 1822//2022
f 1844//2023 1823//2023 1842//2023
f 1843//2024 1846//2024 1797//2024
f 1843//2025 1794//2025 1821//2025
f 1843//2026 1797//2026 1798//2026
f 1856//2027 1827//2028 1855//2029
f 1829//2030 1856//2030 1851//2030
f 1850//2031 1849//2031 1852//2031
f 1802//2032 1853//2032 1854//2032
f 1855//2033 1848//2033 1871//2033
f 1857//2034 1856//2034 1855//2034
f 1867//2035 1832//2035 1831//2035
f 1857//2036 1871//2036 1876//2036
f 1803//2037 1877//2037 1860//2037
f 1860//2038 1877//2039 1861//2040
f 1811//2041 1860//2038 1861//2040
f 1862//2042 1835//2042 1747//2042
f 1835//2043 1862//2043 1836//2043
f 1846//2044 1862//2044 1797//2044
f 1865//2045 1848//2045 1847//2045
f 1826//2046 1865//2047 1847//2047
f 1854//2048 1853//2048 1866//2048
f 1868//2049 1825//2050 1833//2051
f 1826//2052 1825//2052 1869//2052
f 1869//2053 1865//2053 1826//2053
f 1869//2054 1825//2054 1868//2054
f 1870//2055 1848//2056 1865//2057
f 1875//2058 1871//2058 1870//2058
f 1870//2059 1871//2059 1848//2059
f 1867//2060 1851//2061 1872//2062
f 1875//2063 1870//2063 1869//2063
f 1876//2064 1871//2064 1875//2064
f 1859//2065 1851//2065 1856//2065
f 1873//2066 1859//2066 1872//2066
f 1875//2067 1834//2068 1876//2069
f 1878//2070 1836//2070 1862//2070
f 1879//2071 1882//2071 1883//2071
f 1882//2072 1881//2072 1883//2072
f 1894//2073 1885//2073 1881//2073
f 1883//2074 1881//2074 1885//2074
f 1879//2075 1886//2075 1887//2075
f 1880//2076 1913//2076 1888//2076
f 1893//2077 1907//2077 1890//2077
f 1888//2078 1889//2078 1896//2078
f 1891//2079 1889//2079 1906//2079
f 1906//2080 1892//2080 1891//2080
f 1892//2081 1906//2081 1905//2081
f 1893//2082 1890//2082 1898//2082
f 1884//2083 1896//2083 1895//2083
f 1891//2084 1897//2084 1899//2084
f 1901//2085 1900//2085 1883//2085
f 1913//2086 1880//2086 1887//2086
f 1889//2087 1888//2087 1902//2087
f 1889//2088 1903//2088 1906//2088
f 1916//2089 1905//2089 1906//2089
f 1916//2090 1906//2090 1904//2090
f 1905//2091 1907//2091 1893//2091
f 1919//2092 1890//2092 1907//2092
f 1891//2093 1895//2093 1896//2093
f 1910//2094 1890//2094 1919//2094
f 1895//2095 1908//2095 1894//2095
f 1894//2096 1908//2096 1901//2096
f 1911//2097 1891//2097 1899//2097
f 1913//2098 1887//2098 1925//2098
f 1915//2099 1904//2099 1903//2099
f 1904//2100 1921//2101 1916//2102
f 1927//2103 1919//2103 1917//2103
f 1920//2104 1902//2104 1914//2104
f 1895//2105 1926//2105 1908//2105
f 1928//2106 1910//2106 1919//2106
f 1928//2107 1930//2107 1910//2107
f 1908//2108 1920//2108 1922//2108
f 1923//2109 1909//2109 1911//2109
f 1930//2110 1911//2110 1912//2110
f 1923//2111 1930//2111 1929//2111
f 1910//2112 1930//2112 1912//2112
f 1901//2113 1933//2113 1900//2113
f 1933//2114 1901//2115 1922//2116
f 1925//2117 1887//2117 1886//2117
f 1932//2118 1913//2118 1925//2118
f 1902//2119 1920//2119 1915//2119
f 1920//2120 1926//2120 1915//2120
f 1918//2121 1917//2121 1916//2121
f 1929//2122 1927//2122 1918//2122
f 1931//2123 1932//2124 1924//2125
f 1931//2126 1914//2126 1932//2126
f 1931//2127 1924//2127 1933//2127
f 1936//2128 1934//2128 1937//2128
f 1935//2129 1936//2130 1937//2131
f 1940//2132 1937//2132 1947//2132
f 1935//2133 1937//2134 1940//2135
f 1942//2136 1934//2136 1941//2136
f 1943//2137 1944//2137 1948//2137
f 1939//2138 1940//2138 1947//2138
f 1948//2139 1939//2139 1947//2139
f 1966//2140 1952//2140 1950//2140
f 1988//2141 1936//2130 1955//2142
f 1956//2143 1939//2143 1957//2143
f 1949//2144 1948//2144 1958//2144
f 1957//2145 1948//2145 1949//2145
f 1970//2146 1957//2146 1949//2146
f 1959//2147 1950//2147 1938//2147
f 1958//2148 1948//2148 1950//2148
f 1959//2149 1958//2149 1950//2149
f 1959//2150 1945//2150 1960//2150
f 1940//2135 1955//2151 1935//2133
f 1956//2152 1973//2152 1940//2152
f 1934//2153 1942//2153 1962//2153
f 1965//2154 1964//2154 1963//2154
f 1966//2155 1944//2155 1977//2155
f 1952//2156 1966//2156 1977//2156
f 1952//2157 1977//2157 1961//2157
f 1952//2158 1961//2158 1979//2158
f 1968//2159 1945//2159 1946//2159
f 1967//2160 1968//2160 1946//2160
f 1947//2161 1962//2161 1963//2161
f 1957//2162 1986//2162 1956//2162
f 1958//2163 1970//2164 1949//2165
f 1958//2166 1959//2166 1969//2166
f 1970//2167 1986//2167 1957//2167
f 1984//2168 1970//2164 1958//2163
f 1969//2169 1971//2169 1958//2169
f 1972//2170 1987//2170 1969//2170
f 1940//2171 1973//2171 1955//2171
f 1988//2172 1974//2172 1941//2172
f 1962//2173 1942//2173 1975//2173
f 1983//2174 1977//2174 1964//2174
f 1968//2175 1967//2175 1992//2175
f 1981//2176 1965//2176 1976//2176
f 1991//2177 1981//2177 1976//2177
f 1982//2178 1977//2178 1983//2178
f 1982//2179 1978//2179 1977//2179
f 1984//2180 1982//2180 1983//2180
f 1984//2181 1978//2181 1982//2181
f 1954//2182 1968//2182 1994//2182
f 1983//2183 1986//2183 1984//2183
f 1983//2184 1981//2184 1986//2184
f 1993//2185 1985//2185 1972//2185
f 1994//2186 1993//2186 1954//2186
f 1986//2187 1981//2187 1995//2187
f 1970//2188 1984//2188 1986//2188
f 1969//2189 1987//2189 1971//2189
f 1985//2190 1987//2190 1972//2190
f 1975//2191 1974//2191 1988//2191
f 1989//2192 1991//2193 1975//2194
f 1979//2195 1980//2195 1967//2195
f 1983//2196 1964//2196 1965//2196
f 1993//2197 1994//2197 1992//2197
f 1995//2198 1996//2198 1973//2198
f 1995//2199 1991//2199 1996//2199
f 1990//2200 1997//2201 1988//2202
f 1997//2203 1989//2203 1988//2203
f 1990//2204 1996//2204 1997//2204
f 2000//2205 1998//2205 2007//2205
f 2000//2206 2007//2206 1999//2206
f 2006//2207 2014//2207 1998//2207
f 2002//2208 2000//2208 1999//2208
f 2001//2209 2000//2209 2005//2209
f 2004//2210 2000//2210 2002//2210
f 2003//2211 2002//2211 2008//2211
f 2006//2212 1998//2212 2001//2212
f 2008//2213 2015//2213 2016//2213
f 2008//2214 1999//2214 2015//2214
f 2002//2215 1999//2215 2008//2215
f 2019//2216 2008//2216 2016//2216
f 2009//2217 2023//2217 2010//2217
f 2009//2218 2017//2218 2023//2218
f 2008//2219 2025//2219 2003//2219
f 2039//2220 2006//2220 2001//2220
f 2005//2221 2039//2221 2001//2221
f 2007//2222 2014//2223 2012//2224
f 2018//2225 2034//2225 2048//2225
f 2019//2226 2035//2226 2020//2226
f 2017//2227 2009//2227 2021//2227
f 2024//2228 2023//2228 2017//2228
f 2008//2229 2019//2229 2025//2229
f 2020//2230 2035//2230 2026//2230
f 2022//2231 2009//2232 2027//2233
f 2022//2231 2021//2234 2009//2232
f 2027//2235 2026//2235 2022//2235
f 2020//2236 2026//2236 2027//2236
f 2028//2237 2020//2237 2027//2237
f 2030//2238 2010//2238 2023//2238
f 2030//2239 2023//2239 2177//2239
f 2003//2240 2025//2240 2028//2240
f 2058//2241 2012//2241 2014//2241
f 2019//2242 2033//2242 2035//2242
f 2036//2243 2021//2243 2022//2243
f 2029//2244 2030//2244 2055//2244
f 2040//2245 2011//2245 2039//2245
f 2013//2246 2043//2246 2032//2246
f 2017//2247 2046//2247 2024//2247
f 2024//2248 2046//2248 2051//2248
f 2046//2249 2044//2249 2047//2249
f 2033//2250 2060//2250 2049//2250
f 2050//2251 2049//2251 2060//2251
f 2024//2252 2051//2252 2034//2252
f 2028//2253 2063//2253 2065//2253
f 2038//2254 2037//2254 2030//2254
f 2056//2255 2040//2256 2041//2257
f 2058//2258 2057//2258 2012//2258
f 2013//2259 2031//2260 2043//2261
f 2060//2262 2032//2262 2059//2262
f 2061//2263 2060//2263 2059//2263
f 2052//2264 2045//2264 2044//2264
f 2047//2265 2044//2265 2045//2265
f 2062//2266 2051//2266 2047//2266
f 2050//2267 2061//2267 2063//2267
f 2050//2268 2060//2268 2061//2268
f 2052//2269 2049//2269 2050//2269
f 2045//2270 2052//2270 2053//2270
f 2051//2271 2062//2271 2206//2271
f 2063//2272 2061//2272 2070//2272
f 2037//2273 2047//2273 2054//2273
f 2054//2274 2047//2274 2045//2274
f 2038//2275 2062//2276 2037//2275
f 2070//2277 2066//2277 2065//2277
f 2067//2278 2057//2278 2058//2278
f 2068//2279 2043//2279 2031//2279
f 2069//2280 2068//2280 2031//2280
f 2059//2281 2068//2281 2072//2281
f 2070//2282 2059//2282 2072//2282
f 2059//2283 2070//2283 2061//2283
f 2073//2284 2069//2284 2071//2284
f 2074//2285 2075//2285 2011//2285
f 2006//2286 2075//2287 2058//2288
f 2073//2289 2068//2289 2069//2289
f 2071//2290 2069//2290 2067//2290
f 2080//2291 2079//2291 2088//2291
f 2080//2292 2077//2292 2076//2292
f 2076//2293 2077//2293 2082//2293
f 2082//2294 2077//2294 2090//2294
f 2081//2295 2080//2295 2084//2295
f 2076//2296 2082//2297 2085//2298
f 2085//2299 2084//2300 2076//2301
f 2088//2302 2079//2302 2078//2302
f 2091//2303 2093//2303 2097//2303
f 2116//2304 2117//2304 2115//2304
f 2097//2305 2093//2305 2098//2305
f 2096//2306 2093//2306 2115//2306
f 2117//2307 2099//2307 2115//2307
f 2082//2308 2090//2308 2100//2308
f 2102//2309 2101//2309 2091//2309
f 2122//2310 2097//2310 2098//2310
f 2098//2311 2096//2311 2122//2311
f 2104//2312 2115//2312 2099//2312
f 2099//2313 2118//2313 2105//2313
f 2099//2314 2105//2314 2106//2314
f 2160//2315 2083//2315 2109//2315
f 2127//2316 2082//2316 2100//2316
f 2100//2317 2095//2317 2138//2317
f 2103//2318 2102//2318 2086//2318
f 2139//2319 2101//2319 2103//2319
f 2097//2320 2107//2320 2086//2320
f 2108//2321 2104//2321 2099//2321
f 2087//2322 2084//2322 2124//2322
f 2124//2323 2084//2300 2085//2299
f 2143//2324 2088//2324 2078//2324
f 2089//2325 2110//2325 2111//2325
f 2094//2326 2090//2326 2111//2326
f 2094//2327 2111//2327 2112//2327
f 2093//2328 2092//2328 2114//2328
f 2115//2329 2114//2329 2116//2329
f 2116//2330 2114//2330 2148//2330
f 2117//2331 2116//2331 2133//2331
f 2118//2332 2117//2332 2133//2332
f 2094//2333 2119//2333 2095//2333
f 2119//2334 2112//2334 2120//2334
f 2101//2335 2119//2335 2120//2335
f 2093//2336 2114//2336 2115//2336
f 2095//2337 2119//2337 2101//2337
f 2142//2338 2106//2338 2105//2338
f 2108//2339 2129//2339 2104//2339
f 2126//2340 2082//2340 2127//2340
f 2125//2341 2124//2341 2085//2341
f 2088//2342 2143//2342 2110//2342
f 2111//2343 2145//2343 2112//2343
f 2092//2344 2132//2344 2114//2344
f 2132//2345 2092//2345 2113//2345
f 2133//2346 2116//2346 2148//2346
f 2112//2347 2145//2347 2146//2347
f 2136//2348 2142//2348 2137//2348
f 2150//2349 2121//2350 2152//2351
f 2140//2352 2122//2352 2129//2352
f 2141//2353 2108//2353 2136//2353
f 2141//2354 2129//2354 2108//2354
f 2157//2355 2078//2355 2130//2355
f 2158//2356 2144//2356 2143//2356
f 2110//2357 2144//2357 2131//2357
f 2159//2358 2145//2358 2131//2358
f 2113//2359 2134//2359 2151//2359
f 2147//2360 2132//2360 2113//2360
f 2162//2361 2149//2361 2148//2361
f 2133//2362 2148//2362 2149//2362
f 2159//2363 2146//2363 2145//2363
f 2150//2364 2146//2364 2159//2364
f 2151//2365 2112//2365 2146//2365
f 2147//2366 2113//2366 2153//2366
f 2154//2367 2148//2367 2132//2367
f 2135//2368 2149//2368 2136//2368
f 2136//2369 2137//2369 2135//2369
f 2164//2370 2152//2371 2139//2372
f 2128//2373 2140//2373 2154//2373
f 2154//2374 2164//2374 2128//2374
f 2165//2375 2154//2375 2140//2375
f 2165//2376 2140//2376 2129//2376
f 2141//2377 2165//2377 2129//2377
f 2160//2378 2157//2378 2130//2378
f 2159//2379 2131//2379 2161//2379
f 2150//2380 2159//2380 2163//2380
f 2155//2381 2159//2381 2167//2381
f 2169//2382 2156//2382 2166//2382
f 2167//2383 2166//2384 2125//2385
f 2160//2386 2158//2386 2157//2386
f 2144//2387 2158//2387 2168//2387
f 2168//2388 2161//2388 2144//2388
f 2170//2389 2159//2390 2161//2391
f 2169//2392 2160//2392 2156//2392
f 2160//2393 2169//2393 2158//2393
f 2167//2383 2168//2394 2166//2384
f 2161//2395 2168//2395 2167//2395
f 2170//2396 2161//2396 2167//2396
f 2177//2397 2171//2397 2176//2397
f 2176//2398 2174//2399 2175//2400
f 2018//2401 2048//2401 2173//2401
f 2183//2402 2180//2402 2179//2402
f 2182//2403 2183//2403 2189//2403
f 2184//2404 2183//2404 2182//2404
f 2182//2405 2181//2405 2184//2405
f 2185//2406 2030//2406 2177//2406
f 2187//2407 2185//2407 2176//2407
f 2179//2408 2175//2408 2188//2408
f 2181//2409 2182//2409 2189//2409
f 2189//2410 2179//2410 2188//2410
f 2184//2411 2191//2411 2202//2411
f 2194//2412 2203//2412 2183//2412
f 2185//2413 2195//2413 2030//2413
f 2180//2414 2186//2414 2187//2414
f 2176//2415 2180//2415 2187//2415
f 2038//2416 2030//2416 2195//2416
f 2197//2417 2048//2417 2034//2417
f 2205//2418 2196//2418 2197//2418
f 2188//2419 2190//2419 2189//2419
f 2192//2420 2189//2420 2190//2420
f 2199//2421 2192//2421 2190//2421
f 2203//2422 2201//2422 2200//2422
f 2187//2423 2204//2423 2195//2423
f 2201//2424 2199//2424 2200//2424
f 2209//2425 2038//2425 2195//2425
f 2207//2426 2208//2426 2193//2426
f 2193//2427 2208//2427 2204//2427
f 2208//2428 2205//2428 2197//2428
f 2038//2429 2206//2429 2062//2429
f 2197//2430 2206//2430 2210//2430
f 2204//2431 2210//2431 2064//2431
f 2208//2432 2197//2432 2210//2432
f 2105//2433 2118//2433 2211//2433
f 2105//2434 2211//2434 2214//2434
f 2211//2435 2212//2435 2219//2435
f 2212//2436 2215//2436 2217//2436
f 2217//2437 2215//2437 2216//2437
f 2243//2438 2223//2438 2222//2438
f 2226//2439 2241//2439 2242//2439
f 2227//2440 2244//2441 2228//2442
f 2226//2443 2223//2444 2227//2445
f 2231//2446 2251//2446 2252//2446
f 2233//2447 2307//2448 2232//2449
f 2231//2450 2234//2450 2264//2450
f 2237//2451 2231//2451 2264//2451
f 2236//2452 2262//2452 2235//2452
f 2233//2453 2220//2453 2237//2453
f 2334//2454 2240//2454 2221//2454
f 2221//2455 2240//2455 2239//2455
f 2271//2456 2242//2457 2239//2458
f 2242//2459 2222//2460 2223//2461
f 2271//2462 2222//2462 2242//2462
f 2246//2463 2276//2463 2270//2463
f 2247//2464 2221//2464 2224//2464
f 2244//2465 2245//2465 2248//2465
f 2228//2466 2244//2466 2248//2466
f 2248//2467 2276//2467 2246//2467
f 2246//2468 2270//2469 2275//2470
f 2228//2471 2248//2471 2284//2471
f 2234//2472 2252//2472 2254//2472
f 2286//2473 2235//2473 2257//2473
f 2263//2474 2235//2474 2253//2474
f 2253//2475 2235//2475 2286//2475
f 2234//2476 2254//2476 2261//2476
f 2260//2477 2261//2477 2255//2477
f 2261//2478 2254//2478 2255//2478
f 2262//2479 2256//2479 2235//2479
f 2260//2480 2255//2480 2256//2480
f 2234//2481 2259//2481 2264//2481
f 2259//2482 2265//2482 2264//2482
f 2265//2483 2268//2484 2264//2485
f 2266//2486 2262//2486 2236//2486
f 2267//2487 2266//2487 2236//2487
f 2238//2488 2264//2485 2268//2484
f 2243//2489 2222//2489 2296//2489
f 2273//2490 2243//2490 2298//2490
f 2277//2491 2245//2491 2272//2491
f 2276//2492 2277//2492 2299//2492
f 2270//2469 2274//2493 2275//2470
f 2278//2494 2275//2494 2274//2494
f 2278//2495 2280//2495 2279//2495
f 2248//2496 2245//2496 2276//2496
f 2282//2497 2275//2498 2278//2499
f 2281//2500 2246//2501 2275//2502
f 2284//2503 2248//2504 2246//2505
f 2249//2506 2250//2506 2225//2506
f 2228//2507 2284//2508 2304//2509
f 2254//2510 2252//2510 2332//2510
f 2286//2511 2257//2511 2287//2511
f 2253//2512 2286//2512 2315//2512
f 2258//2513 2253//2513 2316//2513
f 2320//2514 2258//2514 2316//2514
f 2289//2515 2261//2515 2260//2515
f 2258//2516 2293//2516 2267//2516
f 2268//2517 2322//2517 2238//2517
f 2274//2518 2294//2518 2295//2518
f 2327//2519 2297//2519 2294//2519
f 2274//2520 2295//2520 2280//2520
f 2299//2521 2326//2521 2270//2521
f 2326//2522 2327//2522 2270//2522
f 2303//2523 2278//2523 2279//2523
f 2282//2497 2278//2499 2303//2524
f 2250//2525 2249//2525 2305//2525
f 111//2526 87//2526 67//2526 112//2526
f 2284//2503 2246//2505 2281//2527
f 2331//2528 2283//2528 2304//2528
f 2346//2529 2284//2529 2281//2529
f 2306//2530 2346//2530 2281//2530
f 2282//2531 2306//2531 2281//2531
f 2285//2532 2307//2532 2309//2532
f 2254//2533 2332//2533 2310//2533
f 2333//2534 2310//2534 2332//2534
f 2310//2535 2311//2535 2254//2535
f 2315//2536 2286//2536 2314//2536
f 2314//2537 2286//2537 2313//2537
f 2319//2538 2314//2538 2313//2538
f 2315//2539 2314//2539 2319//2539
f 2253//2540 2315//2540 2316//2540
f 2318//2541 2313//2541 2312//2541
f 2313//2542 2318//2542 2319//2542
f 2308//2543 2307//2448 2233//2447
f 2317//2544 2265//2544 2290//2544
f 2289//2545 2292//2546 2290//2547
f 2293//2548 2320//2548 2291//2548
f 2322//2549 2269//2549 2233//2549
f 2294//2550 2297//2550 2323//2550
f 2336//2551 2296//2551 2271//2551
f 2298//2552 2296//2552 2336//2552
f 2298//2553 2325//2553 2272//2553
f 2328//2554 2323//2554 2297//2554
f 2324//2555 2295//2556 2323//2557
f 2324//2555 2280//2558 2295//2556
f 2342//2559 2330//2559 2306//2559
f 2283//2560 2305//2560 2249//2560
f 2284//2561 2344//2562 2304//2563
f 2284//2564 2346//2564 2345//2564
f 2332//2565 2285//2565 2309//2565
f 2347//2566 2332//2566 2309//2566
f 2269//2567 2308//2567 2233//2567
f 2335//2568 2240//2568 2334//2568
f 2338//2569 2339//2570 2325//2571
f 2341//2572 2326//2573 2329//2574
f 2341//2575 2330//2575 2326//2575
f 2329//2576 2325//2577 2349//2578
f 2247//2579 2350//2580 2334//2581
f 2304//2582 2344//2582 2331//2582
f 2352//2583 2284//2583 2345//2583
f 2352//2584 2344//2562 2284//2561
f 2247//2585 2305//2585 2343//2585
f 2250//2586 2305//2586 2247//2586
f 2347//2587 2309//2587 2308//2587
f 2321//2588 2347//2588 2308//2588
f 2351//2589 2337//2589 2336//2589
f 2343//2590 2351//2590 2348//2590
f 2343//2591 2348//2591 2350//2591
f 2337//2592 2344//2592 2338//2592
f 2352//2593 2349//2593 2339//2593
f 2340//2594 2349//2594 2352//2594
f 2247//2595 2343//2595 2350//2595
f 2357//2596 2343//2596 2331//2596
f 2331//2597 2344//2597 2357//2597
f 2357//2598 2337//2598 2351//2598
f 2358//2599 2359//2599 2361//2599
f 2380//2600 2359//2600 2358//2600
f 2361//2601 2385//2601 2358//2601
f 2363//2602 2361//2602 2362//2602
f 2354//2603 2365//2603 2421//2603
f 2370//2604 2397//2604 2371//2604
f 2356//2605 2353//2605 2369//2605
f 2375//2606 2374//2607 2371//2608
f 2372//2609 2375//2606 2371//2608
f 2359//2610 2380//2610 2381//2610
f 2360//2611 2359//2611 2381//2611
f 2416//2612 2382//2612 2414//2612
f 2387//2613 2383//2613 2384//2613
f 2388//2614 2387//2614 2384//2614
f 2363//2615 2385//2615 2361//2615
f 2390//2616 2385//2616 2363//2616
f 2362//2617 2390//2617 2363//2617
f 2362//2618 2389//2618 2390//2618
f 2392//2619 2395//2619 2397//2619
f 2365//2620 2366//2620 2421//2620
f 2367//2621 2364//2622 2368//2623
f 2373//2624 2368//2624 2396//2624
f 2394//2625 2392//2625 2370//2625
f 2370//2626 2392//2626 2397//2626
f 2355//2627 2463//2627 2365//2627
f 2372//2628 2397//2628 2399//2628
f 2373//2629 2376//2629 2369//2629
f 2372//2630 2399//2630 2400//2630
f 2463//2631 2355//2631 2401//2631
f 2379//2632 2355//2632 2356//2632
f 2403//2633 2377//2634 2374//2635
f 2403//2633 2374//2635 2375//2636
f 2375//2637 2405//2637 2403//2637
f 2400//2638 2378//2638 2372//2638
f 2404//2639 2378//2639 2400//2639
f 2376//2640 2379//2640 2356//2640
f 2411//2641 2383//2641 2412//2641
f 2414//2642 2383//2643 2386//2644
f 2414//2645 2409//2646 2435//2647
f 2360//2648 2381//2648 2415//2648
f 2389//2649 2360//2649 2415//2649
f 2382//2650 2416//2650 2417//2650
f 2419//2651 2441//2651 2417//2651
f 2419//2652 2386//2652 2387//2652
f 2390//2653 2389//2653 2438//2653
f 2394//2654 2393//2654 2424//2654
f 2392//2655 2394//2655 2424//2655
f 2392//2656 2424//2656 2448//2656
f 2365//2657 2463//2657 2366//2657
f 2425//2658 2396//2658 2391//2658
f 2368//2659 2391//2659 2396//2659
f 2396//2660 2423//2660 2393//2660
f 2426//2661 2398//2661 2395//2661
f 2426//2662 2395//2662 2449//2662
f 2429//2663 2376//2663 2428//2663
f 2404//2664 2400//2664 2450//2664
f 2406//2665 2451//2666 2379//2667
f 2429//2668 2406//2668 2379//2668
f 2475//2669 2402//2670 2403//2671
f 2452//2672 2407//2672 2358//2672
f 2452//2673 2358//2673 2408//2673
f 2413//2674 2381//2674 2432//2674
f 2432//2675 2434//2675 2413//2675
f 2414//2676 2436//2676 2410//2676
f 2436//2677 2412//2677 2410//2677
f 2433//2678 2411//2678 2458//2678
f 2440//2679 2418//2679 2442//2679
f 2417//2680 2441//2680 2442//2680
f 2441//2681 2462//2681 2461//2681
f 2438//2682 2444//2682 2390//2682
f 2422//2683 2364//2683 2421//2683
f 2468//2684 2427//2684 2398//2684
f 2400//2685 2398//2685 2471//2685
f 2430//2686 2406//2686 2429//2686
f 2428//2687 2430//2688 2429//2689
f 2404//2690 2476//2691 2405//2692
f 2432//2693 2431//2693 2454//2693
f 2434//2694 2435//2694 2413//2694
f 2457//2695 2435//2695 2460//2695
f 2460//2696 2461//2696 2457//2696
f 2462//2697 2437//2697 2458//2697
f 2433//2698 2458//2698 2437//2698
f 2459//2699 2439//2699 2438//2699
f 2440//2700 2434//2700 2459//2700
f 2385//2701 2480//2701 2408//2701
f 2421//2702 2445//2702 2464//2702
f 2464//2703 2445//2703 2463//2703
f 2448//2704 2424//2704 2465//2704
f 2466//2705 2447//2705 2467//2705
f 2468//2706 2398//2706 2426//2706
f 2471//2707 2468//2707 2472//2707
f 2472//2708 2468//2708 2470//2708
f 2402//2709 2474//2709 2428//2709
f 2475//2669 2474//2710 2402//2670
f 2476//2711 2450//2711 2471//2711
f 2490//2712 2475//2712 2403//2712
f 2479//2713 2453//2713 2408//2713
f 2480//2714 2479//2714 2408//2714
f 2481//2715 2439//2715 2455//2715
f 2481//2716 2480//2716 2444//2716
f 2487//2717 2467//2717 2447//2717
f 2497//2718 2424//2718 2423//2718
f 2497//2719 2423//2719 2484//2719
f 2485//2720 2483//2721 2465//2722
f 2470//2723 2468//2723 2483//2723
f 2496//2724 2466//2724 2488//2724
f 2472//2725 2470//2725 2501//2725
f 2474//2726 2488//2726 2473//2726
f 2472//2727 2501//2727 2491//2727
f 2475//2728 2490//2728 2496//2728
f 2476//2729 2491//2729 2490//2729
f 2498//2730 2463//2730 2486//2730
f 2497//2731 2484//2731 2496//2731
f 2501//2732 2483//2721 2485//2720
f 2498//2733 2494//2733 2482//2733
f 2499//2734 2494//2734 2498//2734
f 2466//2735 2467//2735 2495//2735
f 2491//2736 2501//2736 2497//2736
f 2502//2737 2495//2737 2500//2737
f 2475//2738 2496//2738 2488//2738
f 2489//2739 2499//2739 2486//2739
f 2502//2740 2489//2740 2492//2740
f 2502//2741 2500//2742 2489//2743
f 5//2744 1//2744 4//2744
f 7//2745 3//2745 17//2745
f 21//8 11//2746 20//9
f 2//2747 1//2747 5//2747
f 2//2748 5//2748 7//2748
f 8//2749 20//2749 9//2749
f 2//2750 6//2750 1//2750
f 12//2751 2//2751 7//2751
f 14//2752 12//2752 7//2752
f 29//2753 13//2753 9//2753
f 29//2754 11//2754 10//2754
f 33//2755 34//2756 15//2757
f 21//2758 16//2758 22//2758
f 14//2759 7//2759 17//2759
f 18//2760 40//2760 8//2760
f 45//2761 10//2761 21//2761
f 43//2762 45//2762 21//2762
f 14//2763 17//2763 23//2763
f 23//2764 17//2764 19//2764
f 8//2765 24//2765 19//2765
f 14//2766 23//2766 24//2766
f 24//2767 78//2767 27//2767
f 9//2768 13//2768 25//2768
f 78//2769 24//2769 25//2769
f 29//2770 30//2770 13//2770
f 46//2771 30//2771 29//2771
f 14//2772 32//2772 12//2772
f 32//2773 31//2773 12//2773
f 34//2756 33//2755 49//2774
f 36//2775 35//2775 34//2775
f 37//2776 15//2776 35//2776
f 38//2777 3//2777 4//2777
f 1//2778 93//2778 4//2778
f 69//2779 39//2779 3//2779
f 20//2780 40//2780 41//2780
f 18//2781 17//2781 39//2781
f 18//2782 19//2782 17//2782
f 20//2783 41//2783 16//2783
f 42//2784 43//2784 22//2784
f 42//2785 22//2785 98//2785
f 42//2786 44//2786 43//2786
f 13//2787 28//2787 25//2787
f 28//2788 78//2788 25//2788
f 30//2789 80//2789 13//2789
f 28//2790 13//2790 80//2791
f 33//2792 104//2793 47//2794
f 55//2795 49//2795 50//2795
f 62//2796 56//2796 59//2796
f 57//2797 59//2797 51//2797
f 60//2798 57//2798 58//2798
f 52//2799 60//2799 58//2799
f 53//2800 60//2800 52//2800
f 54//2801 36//2801 34//2801
f 55//40 61//2802 54//38
f 55//2803 56//2803 62//2803
f 62//2804 61//2804 55//2804
f 63//2805 62//2805 59//2805
f 54//2806 91//2806 36//2806
f 64//2807 63//2807 57//2807
f 68//2808 63//2808 64//2808
f 63//2809 68//2809 67//2809
f 65//2810 64//2810 57//2810
f 88//2811 68//2811 64//2811
f 94//2812 39//2812 96//2812
f 71//2813 70//2813 40//2813
f 18//2814 71//2814 40//2814
f 73//24 41//23 72//2815
f 116//2816 93//2816 1//2816
f 44//2817 42//2817 99//2817
f 75//2818 43//2818 44//2818
f 32//2819 101//2820 81//2821
f 127//2822 32//2822 27//2822
f 32//2819 127//2823 101//2820
f 81//2824 82//2824 31//2824
f 58//2825 107//2825 52//2825
f 56//2826 86//2826 84//2826
f 51//93 59//2827 108//94
f 107//2828 58//2828 51//2828
f 66//2829 53//71 85//71
f 54//2830 110//2830 91//2830
f 61//2831 110//2831 54//2831
f 61//2832 114//2832 110//2832
f 89//2833 65//2833 66//2833
f 37//2834 92//2834 90//2834
f 93//2835 38//2835 4//2835
f 96//2836 69//107 117//109
f 95//2837 71//2837 118//2837
f 95//2838 70//2838 71//2838
f 94//2839 71//2839 18//2839
f 18//2840 39//2840 94//2840
f 26//62 116//61 6//2841
f 75//2842 99//2843 123//2844
f 100//2845 75//2842 123//2844
f 82//2846 124//2846 26//2846
f 77//2847 127//2847 27//2847
f 78//2848 128//2848 79//2848
f 80//2849 128//2849 28//2849
f 149//2850 82//2850 81//2850
f 105//2851 48//2851 47//2851
f 105//2852 50//2852 48//2852
f 50//2853 105//2853 83//2853
f 83//2854 133//2854 84//2854
f 108//2855 59//2855 133//2855
f 109//2856 85//2856 107//2856
f 136//2857 110//2858 106//2859
f 112//2860 108//2860 133//2860
f 113//2861 109//2861 112//2861
f 115//2862 112//2862 67//2862
f 115//2863 113//2863 112//2863
f 88//2864 115//2864 68//2864
f 115//2865 137//134 113//136
f 137//2866 89//2866 66//2866
f 137//2867 115//2867 88//2867
f 137//2868 66//2868 85//2868
f 89//2869 137//2869 88//2869
f 92//2870 104//2870 90//2870
f 37//2871 91//2871 92//2871
f 139//2872 93//2872 116//2872
f 120//2873 117//2874 139//2875
f 120//2876 96//2876 117//2876
f 94//2877 97//2877 71//2877
f 118//2878 122//2878 95//2878
f 121//2879 122//2879 118//2879
f 123//2880 99//2880 119//2880
f 79//2881 128//2881 125//2881
f 102//2882 129//2882 128//2882
f 128//2883 129//2883 148//2883
f 102//2884 130//2884 129//2884
f 76//2885 75//2885 103//2885
f 103//2886 75//2886 126//2886
f 81//2887 101//2887 150//2887
f 104//2793 135//2888 47//2794
f 132//2889 106//2889 105//2889
f 108//2890 134//2890 107//2890
f 109//2891 107//2891 134//2891
f 136//2892 132//2892 138//2892
f 110//2858 133//2893 106//2859
f 137//2894 85//2894 109//2894
f 90//74 104//2895 33//75
f 136//2896 138//2896 92//2896
f 140//2897 120//2873 139//2875
f 97//2898 143//2898 71//2898
f 71//2899 143//2899 121//2899
f 144//2900 119//2900 122//2900
f 144//2901 122//2901 121//2901
f 145//2902 119//2902 144//2902
f 146//2903 97//111 120//113
f 143//2904 97//148 125//147
f 150//2905 127//2905 146//2905
f 148//2906 143//2906 125//2906
f 148//2907 144//2907 143//2907
f 147//2908 129//2909 144//2910
f 126//2911 145//2911 144//2911
f 129//2909 126//2912 144//2910
f 150//2913 146//2913 142//2913
f 129//2914 130//2914 126//2914
f 151//2915 140//2915 139//2915
f 151//2916 139//2916 142//2916
f 152//2917 156//2917 167//2917
f 158//2918 283//2919 154//2920
f 155//2921 154//2922 168//2923
f 169//2924 155//2924 168//2924
f 152//2925 163//2925 156//2925
f 160//2926 163//2926 152//2926
f 160//2927 152//2927 170//2927
f 157//2928 161//2928 153//2928
f 163//2929 159//2929 155//2929
f 162//2930 159//2930 163//2930
f 154//2931 185//2931 169//2931
f 168//2923 154//2922 169//2932
f 156//161 169//160 167//2933
f 171//175 153//174 170//2934
f 170//2935 153//165 160//164
f 187//197 157//2936 171//198
f 190//2937 173//2937 157//2937
f 157//2938 174//2938 190//2938
f 188//2939 172//179 174//178
f 162//2940 160//2940 177//2940
f 178//2941 161//2941 157//2941
f 162//2942 176//209 159//208
f 164//2943 179//2943 180//2943
f 196//2944 166//2944 180//2944
f 215//202 172//201 188//2945
f 174//2946 191//2946 190//2946
f 157//2947 188//2947 174//2947
f 178//184 173//183 192//2948
f 228//2949 192//2949 190//2949
f 190//2950 272//2950 228//2950
f 190//2951 191//2951 272//2951
f 174//2952 193//2952 226//2952
f 192//2953 177//2953 178//2953
f 175//243 189//2954 231//244
f 175//2955 229//2955 193//2955
f 195//2956 179//2956 194//2956
f 200//2957 199//2957 201//2957
f 235//2958 198//2958 197//2958
f 237//2959 202//2959 201//2959
f 196//2960 180//2960 181//2960
f 198//2961 196//2961 197//2961
f 208//2962 198//2962 200//2962
f 200//2963 198//2963 199//2963
f 204//2964 205//2964 202//2964
f 205//2965 200//2965 201//2965
f 210//2966 184//2966 206//2966
f 208//2967 207//2967 198//2967
f 183//2968 209//2968 204//2968
f 204//2969 208//2969 200//2969
f 204//2970 209//2970 243//2970
f 209//2971 242//2971 243//2971
f 184//2972 210//2972 182//2972
f 210//2973 183//2973 182//2973
f 203//2974 212//2974 166//2974
f 212//2975 203//2975 245//2975
f 261//2975 245//2975 203//2975
f 215//2976 213//2976 214//2976
f 213//2977 171//2977 186//2977
f 213//2978 248//2979 214//2980
f 214//2981 248//2981 223//2981
f 224//2982 222//2982 223//2982
f 224//2983 189//2983 222//2983
f 226//2984 191//2984 174//2984
f 189//2985 224//2986 225//2987
f 162//2988 177//2988 251//2988
f 251//2989 177//2989 249//2989
f 192//2990 228//2990 273//2990
f 189//2985 225//2987 231//2991
f 233//2992 181//2992 232//2992
f 238//2993 201//2993 199//2993
f 235//2994 236//2994 234//2994
f 201//2995 238//2995 255//2995
f 258//2996 206//2996 184//2996
f 244//2997 206//2997 258//2997
f 240//2998 261//2998 207//2998
f 208//2999 243//2999 241//2999
f 241//3000 207//3000 208//3000
f 241//3001 240//3001 207//3001
f 208//3002 204//3002 243//3002
f 242//3003 262//3003 243//3003
f 210//3004 242//3004 183//3004
f 210//3005 244//3005 242//3005
f 244//3006 210//3006 206//3006
f 211//3007 278//3007 165//3007
f 245//3008 211//3008 212//3008
f 221//3009 213//3009 186//3009
f 221//3010 248//2979 213//2978
f 225//3011 224//3011 223//3011
f 227//3012 268//3012 272//3012
f 191//239 227//238 272//3013
f 230//245 225//247 247//264
f 228//3014 272//3014 273//3014
f 274//3015 283//2919 158//2918
f 251//3016 250//3016 176//3016
f 271//3017 177//3017 192//3017
f 273//3018 271//3018 192//3018
f 230//3019 229//242 231//244
f 276//3020 232//3020 194//3020
f 252//3021 236//3021 233//3021
f 253//3022 234//3022 236//3022
f 238//275 234//3023 253//276
f 256//3024 255//3024 254//3024
f 255//3025 257//3025 239//3025
f 258//3026 239//3026 257//3026
f 240//3027 241//3027 253//3027
f 253//3028 241//3028 254//3028
f 240//3029 253//3029 236//3029
f 259//3030 260//3030 256//3030
f 259//3031 262//3031 242//3031
f 254//3032 262//3032 256//3032
f 262//3033 259//3033 256//3033
f 263//3034 257//3034 260//3034
f 244//3035 263//3035 242//3035
f 244//3036 257//3036 263//3036
f 282//3037 219//3037 264//3037
f 218//3038 279//3038 246//3038
f 279//3039 218//3039 216//3039
f 246//3040 264//3040 217//3040
f 282//3041 264//3041 265//3041
f 221//3042 220//3042 266//3042
f 266//3043 219//3043 282//3043
f 269//3044 267//3044 266//3044
f 268//3045 221//3045 267//3045
f 269//3046 270//3046 267//3046
f 271//292 270//294 269//3047
f 273//3048 267//3048 270//3048
f 249//3049 271//3049 269//3049
f 194//3050 277//3050 276//3050
f 276//3051 252//3051 232//3051
f 165//3052 275//296 164//298
f 284//3053 252//3053 277//3053
f 260//3054 257//3054 256//3054
f 165//3055 278//3055 275//3055
f 283//3056 279//3056 216//3056
f 265//3057 249//3057 282//3057
f 281//3058 249//3058 265//3058
f 249//3059 269//3059 282//3059
f 283//3060 280//3060 279//3060
f 280//3061 250//3061 281//3061
f 335//317 286//3062 290//318
f 290//3063 287//3063 292//3063
f 289//3064 291//3064 287//3064
f 291//3065 289//3065 288//3065
f 291//3066 292//3066 287//3066
f 288//3067 302//3067 285//3067
f 293//3068 292//3068 291//3068
f 318//3069 293//3070 291//3071
f 321//3072 296//3072 295//3072
f 296//3073 297//3073 295//3073
f 296//3074 325//3075 297//3076
f 287//3077 286//3077 328//3077
f 300//3078 301//3078 302//3078
f 310//3079 337//3079 303//3079
f 311//3080 310//3080 303//3080
f 311//3081 303//3081 304//3081
f 312//3082 311//3082 304//3082
f 307//3083 314//3083 334//3083
f 309//3084 308//3084 302//3084
f 309//3085 319//3085 308//3085
f 311//3086 316//3086 310//3086
f 313//3087 314//3087 317//3087
f 317//3088 314//3088 315//3088
f 308//326 294//3089 285//327
f 311//3090 344//3090 316//3090
f 291//3091 320//3091 318//3091
f 321//3092 295//3092 346//3092
f 322//3093 321//3094 386//3095
f 321//3096 348//3096 386//3096
f 324//3097 388//3097 349//3097
f 323//3098 357//3098 353//3098
f 296//3099 321//3099 322//3099
f 357//3100 355//3100 353//3100
f 355//3101 354//3101 353//3101
f 325//3075 362//3102 297//3076
f 300//3103 329//3103 330//3103
f 339//3104 334//3104 333//3104
f 304//3105 303//3105 332//3105
f 338//3106 304//3106 332//3106
f 304//3107 338//3107 306//3107
f 334//3108 305//3108 333//3108
f 523//3109 334//3109 339//3109
f 379//3110 319//3110 310//3110
f 310//3111 372//3111 379//3111
f 311//3112 312//3112 373//3112
f 317//3113 383//3113 313//3113
f 313//3114 383//3114 312//3114
f 341//3115 315//3115 307//3115
f 319//3116 380//3116 342//3116
f 343//3117 372//3117 316//3117
f 344//3118 343//3118 316//3118
f 311//3119 373//3119 344//3119
f 293//3070 318//3069 345//3120
f 388//3121 322//3093 386//3095
f 324//3122 326//3122 298//3122
f 355//3123 356//3123 352//3123
f 298//3124 326//3124 325//3124
f 349//3125 352//3125 356//3125
f 361//3126 394//3126 355//3126
f 355//3127 360//3127 356//3127
f 357//3128 361//3128 355//3128
f 357//3129 391//3129 361//3129
f 362//3130 299//402 297//404
f 330//3131 329//3131 396//3131
f 286//3132 327//3133 363//3134
f 365//3135 300//3135 330//3135
f 366//3136 300//3136 365//3136
f 367//3137 332//3137 331//3137
f 404//3138 339//3138 333//3138
f 401//3139 337//3139 366//3139
f 372//3140 409//3140 371//3140
f 315//3141 376//3141 370//3141
f 415//3142 315//3142 370//3142
f 341//3143 376//3143 315//3143
f 343//3144 413//3144 372//3144
f 381//3145 413//3145 343//3145
f 344//3146 373//3146 382//3146
f 383//3147 374//3147 312//3147
f 383//3148 375//3148 374//3148
f 317//3149 384//3149 383//3149
f 416//3150 327//3150 335//3150
f 335//3151 345//3151 416//3151
f 416//3152 345//3153 318//3154
f 385//3155 320//3155 294//3155
f 386//3156 348//3156 417//3156
f 388//3157 386//3157 417//3157
f 420//3158 350//3158 388//3158
f 389//3159 350//3159 421//3159
f 351//3160 353//3161 354//3162
f 323//3163 387//3163 418//3163
f 391//3164 323//3164 390//3164
f 423//3165 391//3165 390//3165
f 355//3166 393//3166 360//3166
f 394//3167 428//3167 393//3167
f 394//3168 361//3168 391//3168
f 357//3169 323//3169 391//3169
f 395//3170 325//3170 392//3170
f 395//3171 429//3171 362//3171
f 330//3172 397//3172 365//3172
f 400//3173 399//3173 331//3173
f 398//3174 330//3174 431//3174
f 331//3175 401//3175 400//3175
f 402//3176 399//3176 400//3176
f 403//3177 331//3177 399//3177
f 399//3178 402//3178 403//3178
f 404//3179 333//3179 405//3179
f 406//3180 404//3180 405//3180
f 403//3181 407//3181 405//3181
f 408//558 369//557 404//3182
f 409//3183 368//3183 397//3183
f 401//384 368//383 402//427
f 410//3184 407//3185 403//3186
f 407//3187 406//3187 405//3187
f 376//3188 377//3188 370//3188
f 411//3189 377//3189 408//3189
f 529//3190 408//3190 528//3190
f 413//3191 409//3191 372//3191
f 409//3192 413//3192 368//3192
f 374//3193 375//3193 373//3193
f 375//3194 403//3194 414//3194
f 375//3195 407//3195 410//3195
f 415//3196 411//3196 432//3196
f 375//3197 382//3197 373//3197
f 414//3198 382//3198 375//3198
f 414//3199 413//3199 382//3199
f 375//3200 383//3200 407//3200
f 383//3201 432//3201 407//3201
f 384//3202 432//3202 383//3202
f 415//3203 432//3203 384//3203
f 335//3204 327//3204 286//3204
f 433//3205 416//3152 318//3154
f 318//3206 385//3206 433//3206
f 385//3207 439//3207 433//3207
f 438//3208 385//3208 378//3208
f 435//3209 348//3209 347//3209
f 420//3210 388//3210 417//3210
f 419//3211 424//3211 417//3211
f 424//3212 426//3212 425//3212
f 387//3213 389//3213 422//3213
f 422//3214 423//3214 418//3214
f 426//3215 424//3215 326//3215
f 427//3216 426//3216 359//3216
f 427//3217 428//3217 422//3217
f 360//3218 393//3218 428//3218
f 428//3219 423//3219 422//3219
f 391//3220 423//3220 394//3220
f 362//3221 429//3221 299//3221
f 363//3222 436//3222 430//3222
f 430//3223 431//3223 396//3223
f 398//3224 412//3224 397//3224
f 412//3225 409//3225 397//3225
f 371//3226 409//3226 412//3226
f 413//3227 414//3227 402//3227
f 416//3228 433//3228 327//3228
f 299//3229 434//3229 347//3229
f 435//3230 347//3230 434//3230
f 437//3231 436//3231 363//3231
f 437//3232 363//3134 327//3133
f 440//3233 435//3233 434//3233
f 442//3234 449//3234 455//3234
f 443//3235 442//3235 455//3235
f 445//3236 449//3236 442//3236
f 445//3237 446//3237 444//3237
f 446//495 450//494 444//3238
f 455//3239 449//3239 447//3239
f 448//3240 455//3240 447//3240
f 456//3241 443//3241 455//3241
f 451//3242 442//3243 443//3244
f 453//3245 446//3245 442//3245
f 455//3246 448//3246 472//3246
f 443//3247 456//3247 473//3247
f 476//3248 457//3248 458//3248
f 460//3249 459//3249 473//3249
f 461//3250 460//3250 488//3250
f 457//3251 461//3251 458//3251
f 462//3252 476//3253 478//3254
f 463//3255 443//3255 459//3255
f 461//3256 457//3256 469//3256
f 463//3257 451//3242 443//3244
f 462//3258 465//3259 467//3260
f 468//3261 453//3261 451//3261
f 470//3262 484//3262 450//3262
f 447//3263 454//3263 471//3263
f 471//3264 448//3264 447//3264
f 476//3265 458//3265 475//3265
f 474//3266 460//3266 473//3266
f 490//3267 478//3267 476//3267
f 479//3268 463//3268 464//3268
f 479//3269 492//3269 463//3269
f 465//3259 481//3270 467//3260
f 450//3271 483//3272 486//3273
f 482//3274 469//3274 467//3274
f 495//3275 479//3275 452//3275
f 453//3276 468//3276 518//3276
f 454//3277 485//3277 471//3277
f 448//3278 471//3278 497//3278
f 472//3279 448//3279 497//3279
f 486//3280 485//3280 454//3280
f 488//3281 474//3281 506//3281
f 479//3282 493//3282 492//3282
f 494//3283 480//3283 481//3283
f 481//3284 541//3285 494//3286
f 466//3287 510//3287 468//3287
f 495//3288 493//3288 479//3288
f 468//3289 496//3289 518//3289
f 453//3290 518//3290 470//3290
f 486//504 454//3291 441//505
f 501//3292 499//3292 498//3292
f 503//3293 473//3293 500//3293
f 504//3294 489//3294 475//3294
f 487//3295 505//3295 488//3295
f 505//3296 504//3296 475//3296
f 504//3297 491//3297 489//3297
f 507//3298 503//3298 502//3298
f 507//3299 506//3299 503//3299
f 487//520 506//522 507//3300
f 555//3301 557//3301 491//3301
f 509//3302 491//3302 504//3302
f 555//3303 491//3303 509//3303
f 480//3304 509//3304 504//3304
f 483//3272 515//3305 486//3273
f 492//3306 487//3306 466//3306
f 493//3307 508//3307 487//3307
f 482//3308 480//3308 514//3308
f 480//3309 494//3309 555//3309
f 509//3310 480//3310 555//3310
f 510//3311 516//3311 496//3311
f 466//3312 507//3312 510//3312
f 495//3313 508//3313 493//3313
f 484//3314 518//3315 511//3316
f 517//3317 484//3317 511//3317
f 471//3318 485//3318 512//3318
f 471//3319 512//3319 497//3319
f 516//3320 502//3320 520//3320
f 508//3321 505//3321 487//3321
f 505//3322 514//3322 504//3322
f 502//3323 516//3323 510//3323
f 516//3324 522//3324 496//3324
f 483//3325 517//3325 515//3325
f 522//3326 511//3316 518//3315
f 496//3327 522//3327 518//3327
f 513//3328 497//3328 512//3328
f 515//3329 512//3329 486//3329
f 519//3330 520//3330 513//3331
f 521//3332 1233//3332 519//3332
f 520//3333 1233//3334 521//3333
f 520//3335 521//3335 522//3335
f 511//543 515//542 517//3336
f 522//3337 516//3337 520//3337
f 340//3338 523//3338 525//3338
f 525//3339 527//3339 524//3339
f 526//3340 523//3340 369//3340
f 526//3341 525//3341 523//3341
f 527//3342 525//3342 526//3342
f 527//3343 528//3343 341//3343
f 465//3344 478//3345 530//3346
f 531//3347 530//3347 532//3347
f 532//3348 536//3348 551//3348
f 478//3349 490//3349 477//3349
f 477//3350 530//3346 478//3345
f 530//3351 534//3351 535//3351
f 536//3352 535//3352 537//3352
f 536//3353 537//3353 538//3353
f 532//3354 530//3354 535//3354
f 539//3355 542//3355 532//3355
f 532//3356 535//3356 536//3356
f 538//3357 551//3357 536//3357
f 533//578 549//577 539//3358
f 531//566 541//568 465//3359
f 542//3360 556//3360 531//3360
f 542//3361 531//3361 532//3361
f 477//3362 490//3362 543//3362
f 543//3363 534//3363 477//3363
f 537//3364 535//3364 544//3364
f 538//3365 537//3365 546//3365
f 544//3366 548//3366 545//3366
f 542//3367 549//3367 553//3367
f 542//3368 539//3368 549//3368
f 556//3369 494//3286 541//3285
f 556//3370 542//3370 553//3370
f 543//3371 490//3371 491//3371
f 554//3372 534//3373 543//3374
f 544//3375 534//3375 548//3375
f 557//3376 534//3373 554//3372
f 534//3377 557//3377 548//3377
f 556//3378 553//3378 548//3378
f 556//3379 548//3379 557//3379
f 556//3380 557//3380 494//3380
f 561//3381 560//599 565//601
f 572//3382 561//3382 573//3382
f 562//3383 563//627 588//629
f 564//3384 563//3385 562//3386
f 568//3387 569//3387 567//3387
f 568//3388 581//3388 569//3388
f 571//3389 570//3389 580//3389
f 574//3390 573//3390 565//3390
f 574//3391 572//3391 573//3391
f 574//3392 581//3392 577//3392
f 581//3393 566//3393 569//3393
f 577//3394 581//3394 584//3394
f 575//3395 581//3395 568//3395
f 575//3396 570//3396 571//3396
f 578//3397 575//3397 571//3397
f 593//3398 566//3398 565//3398
f 579//3399 567//3399 592//3399
f 570//3400 568//3400 591//3400
f 591//3401 568//3401 579//3401
f 590//3402 565//3402 589//3402
f 567//3403 569//3403 595//3403
f 569//3404 566//3404 595//3404
f 568//3405 567//3405 579//3405
f 582//3406 571//3406 580//3406
f 576//3407 585//3407 572//3407
f 574//3408 576//3408 572//3408
f 577//3409 576//3409 574//3409
f 575//594 586//3410 584//595
f 578//3411 571//3411 587//3411
f 594//3412 593//3412 590//3412
f 595//3413 592//3413 567//3413
f 596//3414 595//3414 593//3414
f 599//3415 577//3415 586//3415
f 575//3416 601//3416 586//3416
f 600//3417 601//3417 608//3417
f 601//3418 602//3418 603//3418
f 585//3419 604//3420 564//3384
f 606//3421 605//3421 588//3421
f 594//3422 589//3422 605//3422
f 612//3423 594//3423 605//3423
f 597//3424 591//3424 592//3424
f 608//3425 597//3425 592//3425
f 598//3426 583//3426 597//3426
f 600//3427 608//3427 596//3427
f 608//3428 598//3428 597//3428
f 609//3429 563//3430 604//3431
f 564//3384 604//3420 563//3385
f 606//3432 612//3432 605//3432
f 613//3433 611//3433 609//3433
f 609//3429 604//3431 613//3434
f 616//669 615//668 639//3435
f 619//3436 618//3436 617//3436
f 652//3437 625//3437 626//3437
f 627//3438 626//3438 625//3438
f 628//3439 627//3439 653//3439
f 614//3440 622//3440 621//3440
f 629//3441 630//3441 622//3441
f 626//3442 632//3442 652//3442
f 633//3443 627//3443 634//3443
f 614//3444 635//3444 629//3444
f 635//3445 636//3445 629//3445
f 661//3446 639//3446 660//3446
f 616//3447 639//3447 640//3447
f 616//3448 644//3448 643//3448
f 625//3449 652//3449 651//3449
f 648//3450 655//3450 653//3450
f 627//3451 625//3451 651//3451
f 656//3452 653//3452 654//3452
f 628//3453 656//3453 683//3453
f 630//3454 629//3454 636//3454
f 631//3455 688//3455 635//3455
f 631//3456 709//3456 688//3456
f 632//3457 685//3457 657//3457
f 659//3458 633//3458 634//3458
f 693//3459 640//3459 661//3459
f 640//3460 693//3460 669//3460
f 672//3461 663//3461 664//3461
f 690//3462 667//3462 666//3462
f 693//3463 670//3463 669//3463
f 671//705 669//3464 670//706
f 663//3465 670//3466 662//3467
f 672//3468 670//3468 663//3468
f 670//3469 672//3469 674//3469
f 673//3470 666//3470 676//3470
f 668//3471 676//3471 667//3471
f 616//3472 641//3472 644//3472
f 673//3473 675//3473 674//3473
f 646//3474 617//3474 677//3474
f 645//3475 677//3475 617//3475
f 651//3476 681//3476 648//3476
f 682//3477 655//3477 648//3477
f 654//3478 655//3478 684//3478
f 683//3479 656//3479 654//3479
f 685//3480 709//3480 631//3480
f 630//3481 687//3481 707//3481
f 688//3482 687//3482 630//3482
f 688//3483 636//3483 635//3483
f 660//3484 638//3484 712//3484
f 661//3485 660//3485 712//3485
f 690//3486 691//3486 692//3486
f 637//3487 695//3487 638//3487
f 693//3488 661//3488 715//3488
f 663//3465 662//3467 694//3489
f 689//3490 665//3490 663//3490
f 690//3491 666//3491 664//3491
f 719//3492 668//3492 667//3492
f 719//3493 667//3493 690//3493
f 641//3494 723//3494 722//3494
f 674//3495 697//3495 671//3495
f 675//3496 699//3496 725//3496
f 668//3497 699//3497 676//3497
f 668//3498 721//3498 699//3498
f 698//3499 700//3499 644//3499
f 701//3500 702//3500 677//3500
f 679//3501 677//3501 702//3501
f 702//3502 680//679 679//678
f 681//3503 647//3503 703//3504
f 682//3505 731//3505 732//3505
f 654//3506 734//3506 704//3506
f 622//3507 707//781 645//783
f 709//3508 738//3508 688//3508
f 685//3509 708//3510 709//3511
f 686//3512 708//3510 685//3509
f 710//3513 741//3513 658//3513
f 659//3514 737//3514 710//3514
f 737//3515 659//3515 706//3515
f 707//3516 687//3516 688//3516
f 711//3517 714//3517 712//3517
f 715//3518 712//3518 714//3518
f 716//3519 717//3519 689//3519
f 717//3520 718//3520 689//3520
f 719//3521 690//3521 692//3521
f 720//3522 719//3522 692//3522
f 695//3523 713//743 638//745
f 716//748 715//750 743//3524
f 721//3525 668//3525 719//3525
f 722//3526 723//3526 743//3526
f 724//3527 696//3527 675//3527
f 696//3528 717//3528 723//3528
f 717//3529 724//3529 718//3529
f 722//3530 755//3530 698//3530
f 644//3531 695//3531 643//3531
f 644//3532 700//3532 695//3532
f 726//3533 702//3533 701//3533
f 727//3534 677//3534 645//3534
f 645//3535 728//3535 727//3535
f 705//3536 704//3536 734//3536
f 735//778 705//3537 734//779
f 738//3538 739//3538 688//3538
f 658//791 740//790 736//3539
f 737//3540 754//3540 742//3540
f 743//3541 715//3541 714//3541
f 725//3542 720//3542 718//3542
f 721//3543 719//3543 720//3543
f 727//3544 744//3544 726//3544
f 728//3545 744//3545 727//3545
f 730//3546 746//3546 703//3546
f 749//3547 731//3547 746//3547
f 730//3548 748//3548 746//3548
f 749//3549 734//3549 732//3549
f 749//3550 732//3550 731//3550
f 750//3551 734//3551 749//3551
f 735//3552 750//3552 751//3552
f 708//3553 762//3553 766//3553
f 752//3554 735//3554 751//3554
f 708//3555 736//3555 762//3555
f 740//3556 764//3556 736//3556
f 737//3557 705//3557 752//3557
f 738//3558 767//3558 739//3558
f 767//3559 753//3559 739//3559
f 754//3560 740//3560 742//3560
f 713//3561 714//3562 711//3563
f 713//3561 755//3564 714//3562
f 745//3565 744//3565 728//3565
f 746//3566 748//3566 761//3566
f 763//3567 761//3567 748//3567
f 761//3568 749//3568 746//3568
f 751//3569 749//3569 761//3569
f 751//3570 750//3570 749//3570
f 762//3571 760//3571 729//3571
f 760//3572 763//3572 748//3572
f 760//3573 764//3573 763//3573
f 765//3574 752//3575 761//3576
f 752//3577 751//3577 761//3577
f 767//3578 758//3579 757//3580
f 767//3581 766//3581 758//3581
f 766//3582 762//3582 759//3582
f 736//3583 764//3583 760//3583
f 736//3584 760//3584 762//3584
f 765//3574 754//3585 752//3575
f 753//3586 767//3586 756//3586
f 754//3587 765//3587 764//3587
f 757//3580 758//3579 745//3588
f 768//3589 770//3589 769//3589
f 772//3590 771//3591 793//3592
f 775//3593 771//3593 772//3593
f 774//3594 799//880 771//882
f 778//3595 775//3595 772//3595
f 779//3596 778//3596 773//3596
f 785//3597 782//3597 783//3597
f 784//3598 768//3598 783//3598
f 770//3599 768//3599 789//3599
f 821//3600 770//3600 789//3600
f 795//3601 794//846 793//845
f 825//833 773//832 794//3602
f 796//3603 828//3603 797//3603
f 779//3604 825//3604 776//3604
f 796//3605 800//3605 776//3605
f 801//3606 796//3606 797//3606
f 800//851 801//853 805//3607
f 833//3608 805//3608 801//3608
f 835//3609 800//3609 805//3609
f 805//3610 833//3610 803//3610
f 834//3611 779//3611 780//3611
f 809//3612 783//3612 782//3612
f 809//3613 784//3613 783//3613
f 784//3614 809//3614 810//3614
f 782//3615 786//3616 858//3617
f 812//3618 784//3618 810//3618
f 816//3619 813//3619 814//3619
f 792//3620 789//3620 815//3620
f 815//3621 784//3621 812//3621
f 819//3622 814//3622 790//3622
f 843//3623 791//3623 788//3623
f 819//3624 817//3624 816//3624
f 820//3625 819//3625 790//3625
f 819//3626 820//3626 845//3626
f 791//3627 790//3628 787//3629
f 791//3627 820//3630 790//3628
f 821//3631 789//3631 792//3631
f 847//3632 820//3632 791//3632
f 791//3633 843//3633 847//3633
f 821//3634 786//3634 770//3634
f 821//3635 846//3635 786//3635
f 793//3592 771//3591 824//3636
f 829//3637 828//3637 827//3637
f 825//3638 794//3638 826//3638
f 798//3639 797//3639 877//3639
f 802//3640 822//3640 830//3640
f 802//3641 830//3641 832//3641
f 833//3642 853//3642 823//3642
f 806//886 802//885 856//910
f 781//3643 779//3643 834//3643
f 780//3644 800//3644 835//3644
f 806//3645 804//3645 803//3645
f 852//3646 799//3646 777//3646
f 808//3647 807//3647 777//3647
f 808//3648 781//3648 836//3648
f 836//3649 781//3649 834//3649
f 812//3650 810//3650 839//3650
f 860//3651 839//3651 810//3651
f 814//3652 813//3652 841//3652
f 813//3653 840//3653 841//3653
f 788//3654 811//3654 838//3654
f 843//3655 788//3655 838//3655
f 817//3656 844//3656 818//3656
f 845//3657 844//3657 817//3657
f 817//3658 819//3658 845//3658
f 820//3659 871//3659 845//3659
f 846//3660 792//3660 818//3660
f 786//3616 846//3661 858//3617
f 822//3662 823//3662 848//3662
f 793//3663 824//3663 850//3663
f 829//935 827//3664 826//936
f 833//3665 877//3665 853//3665
f 877//3666 854//3666 853//3666
f 855//3667 832//3667 830//3667
f 832//3668 856//3668 802//3668
f 808//3669 896//963 807//962
f 806//3670 857//3670 804//3670
f 810//3671 809//3671 860//3671
f 861//3672 839//3672 860//3672
f 861//3673 862//3673 840//3673
f 838//3674 811//3674 863//3674
f 863//3675 811//3675 842//3675
f 864//3676 843//3676 838//3676
f 868//3677 861//3677 860//3677
f 818//3678 865//3678 868//3678
f 867//3679 863//3679 866//3679
f 844//3680 869//3680 818//3680
f 869//3681 870//3681 862//3681
f 865//3682 869//3682 862//3682
f 845//3683 871//3683 870//3683
f 871//3684 866//3684 870//3684
f 866//3685 872//3685 867//3685
f 864//3686 847//3686 843//3686
f 874//3687 793//3687 850//3687
f 879//3688 826//3688 875//3688
f 880//3689 881//3689 829//3689
f 881//3690 882//3690 877//3690
f 853//3691 878//3691 851//3691
f 854//3692 883//3693 878//3694
f 878//3695 831//3695 849//3695
f 883//3696 855//3696 831//3696
f 878//3697 883//3697 831//3697
f 882//3698 854//3698 877//3698
f 834//3699 897//961 892//960
f 901//3700 897//3700 835//3701
f 901//3702 835//3702 893//3702
f 883//3693 854//3692 857//3703
f 807//3704 894//3704 852//3704
f 884//3705 837//3705 859//3705
f 860//3706 809//3706 884//3706
f 884//3707 868//3707 860//3707
f 885//3708 868//3708 884//3708
f 859//3709 885//3709 884//3709
f 899//3710 846//3710 868//3710
f 846//3711 899//3711 858//3711
f 887//3712 850//3712 873//3712
f 887//3713 874//3713 850//3713
f 886//3714 887//3714 873//3714
f 874//3715 888//3715 875//3715
f 879//3716 875//3716 889//3716
f 879//3717 876//3717 826//3717
f 890//3718 876//3718 879//3718
f 890//3719 891//3719 880//3719
f 881//3720 880//3720 891//3720
f 892//3721 901//3721 879//3721
f 879//3722 901//3722 890//3722
f 893//3723 854//3723 882//3723
f 807//3724 895//3724 894//3724
f 896//3725 892//3725 900//3725
f 901//3726 893//3726 891//3726
f 887//3727 895//3727 888//3727
f 895//3728 889//3728 888//3728
f 900//3729 892//3729 889//3729
f 895//3730 900//3730 889//3730
f 901//3731 891//3731 890//3731
f 896//3732 900//3732 895//3732
f 904//3733 910//3733 902//3733
f 906//3734 905//3734 917//3734
f 908//3735 907//3735 906//3735
f 910//3736 909//3736 928//3736
f 910//3737 903//3737 909//3737
f 930//3738 902//3738 929//3738
f 904//3739 903//3739 910//3739
f 914//3740 904//3740 902//3740
f 919//981 917//3741 918//982
f 919//3742 906//3742 917//3742
f 920//3743 906//3743 919//3743
f 920//3744 919//3744 951//3744
f 921//3745 954//3745 955//3745
f 925//3746 924//3746 923//3746
f 926//3747 908//3747 920//3747
f 968//3748 930//3748 929//3748
f 940//1029 911//3749 932//1030
f 970//3750 931//3750 933//3750
f 974//3751 970//3751 933//3751
f 931//3752 934//3752 975//3752
f 930//3753 939//3753 914//3753
f 939//3754 930//3754 911//3754
f 943//3755 942//3755 933//3755
f 948//3756 943//3756 931//3756
f 913//1052 904//3757 915//1050
f 913//3758 912//3758 903//3758
f 914//3759 939//3759 916//3759
f 951//3760 919//3760 950//3760
f 959//3761 954//3761 956//3761
f 954//3762 957//3762 956//3762
f 991//3763 956//3764 957//3765
f 958//3766 923//3766 956//3766
f 960//3767 925//3767 923//3767
f 960//3768 923//3768 958//3768
f 955//3769 961//3769 953//3769
f 1018//3770 961//3770 955//3770
f 922//3771 962//3771 959//3771
f 927//3772 962//3772 922//3772
f 962//3773 927//3773 964//3773
f 907//985 997//3774 918//983
f 963//3775 997//3775 907//3775
f 967//3776 928//3776 909//3776
f 968//3777 932//3777 930//3777
f 977//3778 940//3778 974//3778
f 936//3779 935//3779 973//3779
f 937//3780 938//3780 936//3780
f 977//3781 941//3781 940//3781
f 975//3782 934//3782 935//3782
f 947//3783 941//3783 978//3783
f 943//3784 983//3784 942//3784
f 942//3785 983//3785 979//3785
f 1010//3786 945//3786 944//3786
f 1010//3787 980//3787 948//3787
f 984//3788 1010//3788 944//3788
f 944//3789 949//3789 984//3789
f 913//3790 985//3790 912//3790
f 916//3791 986//3791 985//3791
f 987//3792 951//3792 950//3792
f 987//3793 950//3793 988//3793
f 1014//3794 952//3794 987//3794
f 991//3763 957//3765 990//3795
f 958//3796 956//3796 991//3796
f 960//3797 958//3797 992//3797
f 961//3798 926//3798 920//3798
f 955//3799 993//3799 1018//3799
f 994//3800 996//3800 995//3800
f 993//3801 995//3801 1015//3801
f 924//3802 925//3802 965//3802
f 964//3803 965//3803 1021//3803
f 965//3804 925//3804 960//3804
f 966//3805 963//3805 907//3805
f 966//3806 1022//3806 963//3806
f 929//3807 928//3807 999//3807
f 999//3808 968//3808 929//3808
f 932//3809 968//3809 1026//3809
f 970//1068 1000//1067 971//3810
f 972//3811 971//3811 1000//3811
f 1001//3812 972//3812 1034//3812
f 1002//3813 976//3813 937//3813
f 1037//3814 981//3814 949//3814
f 982//3815 1037//3815 949//3815
f 980//3816 1009//3816 948//3816
f 983//3817 948//3817 1009//3817
f 984//3818 1011//3818 1010//3818
f 1013//3819 988//3819 950//3819
f 952//3820 1019//3820 989//3820
f 990//3821 1016//3821 991//3821
f 1017//3822 958//3822 991//3822
f 991//3823 1016//3823 1017//3823
f 992//3824 958//3824 1017//3824
f 1019//3825 1014//3825 1018//3825
f 1020//3826 990//3826 1015//3826
f 1023//3827 1018//3827 1014//3827
f 1018//3828 993//3828 1015//3828
f 996//3829 1016//3829 1020//3829
f 965//3830 1042//3830 1021//3830
f 996//3831 964//3831 1021//3831
f 996//3832 1021//3833 1016//3834
f 997//3835 963//3835 1022//3835
f 1022//3836 926//3836 1023//3836
f 1030//3837 1024//3837 967//3837
f 1024//3838 998//3838 967//3838
f 1043//3839 998//3839 1024//3839
f 1043//3840 1025//3841 999//3842
f 1026//3843 968//3843 999//3843
f 1027//3844 969//3844 1026//3844
f 1031//3845 1028//3845 1000//3845
f 1034//3846 1029//3846 1001//3846
f 974//3847 1003//3847 1000//3847
f 1003//3848 1031//3848 1000//3848
f 1004//3849 1000//3849 1028//3849
f 1033//3850 1034//3850 1004//3850
f 1029//3851 1002//3851 1001//3851
f 1027//3852 1047//3852 1048//3852
f 1035//3853 1003//3853 1027//3853
f 1028//3854 1032//3855 1004//3856
f 1032//3857 1036//3857 1033//3857
f 1199//3858 1002//3858 1029//3858
f 1029//3859 1037//3859 1199//3859
f 979//3860 1035//3860 1008//3860
f 979//3861 1049//3861 1035//3861
f 1005//3862 1037//3862 1029//3862
f 1033//3863 1011//3863 1005//3863
f 1037//3864 1005//3864 981//3864
f 912//3865 1030//3865 967//3865
f 1007//3866 1006//3866 939//3866
f 1011//3867 1033//3867 1010//3867
f 1050//3868 1012//3868 985//3868
f 1012//3869 1030//3869 912//3869
f 986//3870 1050//3870 985//3870
f 1052//3871 986//3871 1006//3871
f 997//3872 1013//3872 918//3872
f 997//3873 1023//3873 1041//3873
f 1021//3874 1042//3874 1016//3874
f 1043//3840 1046//3875 1025//3841
f 1046//3876 1043//3876 1044//3876
f 1045//3877 1026//1102 1025//1101
f 1045//3878 1047//3878 1026//3878
f 1045//3879 1048//3879 1047//3879
f 1035//3880 1031//3880 1003//3880
f 1006//3881 1048//3881 1045//3881
f 1048//3882 1008//3882 1027//3882
f 1050//3883 1046//3883 1051//3883
f 1012//3884 1051//3884 1030//3884
f 1050//3885 1053//3885 1046//3885
f 1050//3886 1052//3886 1053//3886
f 1044//3887 1051//3887 1046//3887
f 1030//3888 1051//3888 1044//3888
f 1056//3889 1054//3889 1067//3889
f 1059//3890 1058//3890 1057//3890
f 1056//3891 1055//3891 1054//3891
f 1058//3892 1056//3892 1069//3892
f 1060//3893 1056//3893 1058//3893
f 1061//3894 1055//3895 1056//3896
f 1065//3897 1062//3897 1077//3897
f 1065//3898 1081//3898 1119//3898
f 1068//3899 1069//3899 1067//3899
f 1070//3900 1059//3900 1057//3900
f 1059//3901 1070//3901 1094//3901
f 1073//3902 1071//3902 1072//3902
f 1182//3903 1076//3904 1062//3905
f 1111//3906 1080//3907 1116//3908
f 1182//3909 1062//3909 1064//3909
f 1082//3910 1081//3910 1109//3910
f 1083//3911 1079//3911 1078//3911
f 1084//3912 1083//3912 1111//3912
f 1085//3913 1084//3913 1111//3913
f 1087//3914 1079//3914 1083//3914
f 1124//3915 1067//3915 1090//3915
f 1124//3916 1125//3916 1068//3916
f 1091//3917 1070//3917 1089//3917
f 1071//3918 1092//3918 1093//3918
f 1128//3919 1096//3919 1127//3919
f 1071//3920 1093//3920 1097//3920
f 1098//3921 1072//3921 1097//3921
f 1073//1148 1095//3922 1096//1149
f 1127//3923 1096//3923 1095//3923
f 1098//3924 1101//3924 1072//3924
f 1102//3925 1101//3925 1098//3925
f 1059//1152 1103//3926 1074//1153
f 1103//1170 1059//3927 1095//1171
f 1101//3928 1102//3928 1072//3928
f 1074//3929 1075//3929 1060//3929
f 1107//3930 1055//3895 1061//3894
f 1061//3931 1105//3931 1107//3931
f 1055//1225 1107//3932 1151//1223
f 1106//3933 1060//3933 1075//3933
f 1077//3934 1063//3934 1108//3934
f 1109//3935 1077//3935 1108//3935
f 1111//3906 1116//3908 1139//3936
f 1114//3937 1113//3937 1110//3937
f 1115//1203 1113//3938 1109//1201
f 1115//3939 1110//3939 1113//3939
f 1114//3940 1110//3940 1117//3940
f 1085//3941 1111//3941 1112//3941
f 1118//3942 1085//3942 1112//3942
f 1120//3943 1086//3943 1082//3943
f 1087//3944 1121//3944 1079//3944
f 1121//3945 1120//3945 1079//3945
f 1122//3946 1120//3946 1121//3946
f 1085//3947 1118//3947 1123//3947
f 1086//3948 1119//3948 1081//3948
f 1088//3949 1182//3949 1064//3949
f 1066//1140 1088//3950 1064//1141
f 1094//3951 1070//3951 1091//3951
f 1148//3952 1091//3952 1089//3952
f 1096//3953 1128//3953 1092//3953
f 1093//3954 1092//3954 1126//3954
f 1127//3955 1094//3955 1152//3955
f 1095//1147 1094//1146 1127//3956
f 1097//3957 1093//3957 1149//3957
f 1134//3958 1104//3958 1130//3958
f 1133//3959 1104//3959 1134//3959
f 1074//3960 1181//3961 1075//3962
f 1109//3963 1108//3963 1138//3963
f 1137//3964 1138//3964 1108//3964
f 1139//3965 1116//3965 1142//3965
f 1143//3966 1139//3966 1142//3966
f 1140//3967 1115//3967 1138//3967
f 1110//3968 1115//3968 1141//3968
f 1114//1184 1117//3969 1116//1182
f 1117//3970 1110//3970 1141//3970
f 1117//1207 1142//1206 1116//3971
f 1143//3972 1144//3972 1139//3972
f 1144//3973 1118//3973 1112//3973
f 1164//3974 1119//3974 1086//3974
f 1086//3975 1160//3975 1164//3975
f 1087//3976 1146//3976 1121//3976
f 1121//3977 1146//3977 1122//3977
f 1118//3978 1144//3978 1163//3978
f 1123//3979 1146//3979 1083//3979
f 1148//3980 1089//3980 1147//3980
f 1166//3981 1125//3981 1090//3981
f 1055//3982 1166//3982 1090//3982
f 1149//3983 1093//3983 1126//3983
f 1128//3984 1169//3984 1092//3984
f 1152//3985 1094//3985 1167//3985
f 1154//1231 1103//1230 1129//3986
f 1154//1233 1176//3987 1171//1234
f 1155//3988 1130//3988 1102//3988
f 1133//3989 1154//1231 1129//3986
f 1133//3990 1174//3990 1154//3990
f 1134//3991 1174//3991 1133//3991
f 1180//3992 1075//3962 1181//3961
f 1156//1273 1151//1275 1107//3993
f 1157//3994 1138//3994 1137//3994
f 1164//3995 1140//3995 1157//3995
f 1161//3996 1117//3996 1158//3996
f 1161//3997 1159//3997 1117//3997
f 1161//3998 1162//3998 1159//3998
f 1162//3999 1142//3999 1159//3999
f 1163//4000 1143//1245 1162//1244
f 1163//4001 1144//4001 1143//4001
f 1122//4002 1146//4002 1161//4002
f 1088//4003 1165//4004 1145//4005
f 1147//4006 1068//4006 1125//4006
f 1184//4007 1148//4007 1147//4007
f 1091//4008 1148//4008 1167//4008
f 1169//4009 1128//4009 1172//4009
f 1170//4010 1126//4010 1169//4010
f 1167//4011 1148//4011 1168//4011
f 1167//4012 1094//4012 1091//4012
f 1170//1259 1149//1258 1126//4013
f 1170//4014 1169//4014 1173//4014
f 1176//4015 1152//4015 1167//4015
f 1176//4016 1167//4016 1171//4016
f 1174//4017 1173//4017 1172//4017
f 1149//4018 1175//4018 1153//4018
f 1171//4019 1188//4019 1132//4019
f 1167//4020 1188//4020 1171//4020
f 1155//4021 1177//4021 1130//4021
f 1179//4022 1153//4022 1177//4022
f 1177//4023 1153//4023 1175//4023
f 1180//4024 1181//4024 1187//4024
f 1134//4025 1130//4025 1177//4025
f 1076//3904 1182//3903 1136//4026
f 1183//4027 1137//4027 1182//4027
f 1183//4028 1157//4028 1137//4028
f 1183//4029 1164//4029 1157//4029
f 1183//4030 1182//4030 1145//4030
f 1165//4031 1164//4031 1183//4031
f 1165//4004 1183//4032 1145//4005
f 1185//4033 1125//4033 1166//4033
f 1125//4034 1185//4034 1184//4034
f 1168//4035 1189//4035 1192//4035
f 1192//4036 1187//4036 1168//4036
f 1188//4037 1167//4037 1168//4037
f 1187//4038 1188//4038 1168//4038
f 1186//4039 1185//4039 1166//4039
f 1190//4040 1184//4040 1185//4040
f 1191//4041 1190//4041 1185//4041
f 1190//4042 1192//4042 1189//4042
f 1193//4043 1190//4043 1191//4043
f 1192//4044 1190//4044 1193//4044
f 1194//4045 1195//4045 1197//4045
f 1195//4046 938//4046 976//4046
f 1195//4047 982//4047 938//4047
f 1196//4048 982//4048 1195//4048
f 1197//4049 976//4049 1198//4049
f 1197//4050 1195//4050 976//4050
f 1201//4051 1197//4051 1198//4051
f 1206//4052 1202//4052 1205//4052
f 1206//4053 1203//4053 1202//4053
f 1208//4054 1216//4054 1207//4054
f 1215//4055 1206//4055 1216//4055
f 1217//4056 1207//4056 1213//4056
f 1207//4057 1216//4057 1213//4057
f 1217//1310 1224//4058 1225//1308
f 1218//4059 1203//4059 1206//4059
f 1131//4060 1178//4061 1102//4062
f 1209//1330 1131//1329 1203//4063
f 1211//4064 1099//4064 1150//4064
f 1153//4065 1211//4065 1150//4065
f 1212//4066 1205//4067 1210//4068
f 1220//4069 1210//4069 1211//4069
f 1219//4070 1214//4070 1212//4070
f 1221//4071 1214//4071 1219//4071
f 1222//4072 1210//4072 1220//4072
f 1224//4073 1229//4073 1222//4073
f 1225//4074 1226//4074 1218//4074
f 1225//4075 1215//4075 1208//4075
f 1222//4076 1226//4076 1225//4076
f 1102//4077 1178//4077 1155//4077
f 1131//4060 1230//4078 1178//4061
f 1211//4079 1153//4079 1227//4079
f 1153//4080 1228//4080 1227//4080
f 1228//4081 1211//4081 1227//4081
f 1228//4082 1220//4082 1211//4082
f 1221//4083 1229//4083 1223//4083
f 1226//4084 1220//4084 1228//4084
f 1240//4085 1233//4085 1238//4085
f 1235//4086 1232//4086 1238//4086
f 1235//4087 1234//4087 1232//4087
f 1231//1354 1316//1356 1241//4088
f 1244//4089 520//4089 519//4089
f 1236//4090 520//4090 1244//4090
f 1257//4091 1240//4091 1238//4091
f 1238//4092 1232//4092 1241//4092
f 1260//4093 1240//4093 1242//4093
f 1537//4094 1246//4094 1262//4094
f 1264//4095 1244//4095 1260//4095
f 1303//4096 1236//4096 1244//4096
f 1236//4097 1278//4097 1234//4097
f 1234//1346 1249//4098 1231//1344
f 1237//4099 1252//4099 1251//4099
f 1280//4100 1237//4100 1251//4100
f 1254//4101 1237//4101 1280//4101
f 1255//4102 1237//4102 1254//4102
f 1254//4103 1282//4103 1256//4103
f 1256//4104 1255//4104 1254//4104
f 1257//4105 1258//4105 1240//4105
f 1242//4106 1240//4106 1258//4106
f 1263//4107 1262//4107 1269//4107
f 1264//4108 1299//4108 1265//4108
f 1271//4109 1265//4109 1266//4109
f 1245//4110 1266//4110 1267//4110
f 1266//4111 1261//4111 1267//4111
f 1262//4112 1246//4112 1268//4112
f 1268//4113 1269//4113 1262//4113
f 1274//4114 1271//4114 1266//4114
f 1246//4115 1243//4115 1268//4115
f 1244//4116 1264//4116 1270//4116
f 1274//4117 1272//4117 1271//4117
f 1245//4118 1247//4118 1266//4118
f 1276//1376 1243//4119 1246//1377
f 1248//4120 1277//4120 1246//4120
f 1277//4121 1275//4121 1246//4121
f 1276//1403 1273//1405 1247//4122
f 1303//4123 1278//4123 1236//4123
f 1280//4124 1281//4124 1331//4124
f 1254//4125 1280//4125 1282//4125
f 1256//4126 1282//4126 1307//4126
f 1288//4127 1286//4127 1287//4127
f 1251//4128 1252//4128 1279//4128
f 1307//1409 1290//1408 1256//4129
f 1284//4130 1290//4130 1285//4130
f 1256//4131 1312//4131 1255//4131
f 1291//4132 1313//4132 1290//4132
f 1291//4133 1290//4133 1294//4133
f 1292//4134 1294//4134 1284//4134
f 1295//4135 1288//4135 1293//4135
f 1293//4136 1288//4136 1287//4136
f 1257//4137 1238//4137 1239//4137
f 1258//4138 1257//4139 1317//4140
f 1258//4141 1298//4141 1242//4141
f 1300//4142 1299//4142 1259//4142
f 1318//4143 1259//4144 1298//4143
f 1300//4145 1259//4146 1318//4147
f 1269//4148 1301//4148 1319//4148
f 1300//4149 1265//4149 1299//4149
f 1272//4150 1302//4150 1304//4150
f 1273//4151 1325//4152 1274//4153
f 1273//4154 1361//4154 1325//4154
f 1275//4155 1305//4155 1276//4155
f 1248//4156 1305//4156 1277//4156
f 1363//4157 1249//4157 1250//4157
f 1303//4158 1327//4158 1329//4158
f 1251//4159 1279//4159 1281//4159
f 1331//4160 1282//4160 1280//4160
f 1333//4161 1282//4161 1331//4161
f 1307//4162 1282//4162 1333//4162
f 1308//4163 1283//4163 1307//4163
f 1310//4164 1253//4164 1309//4164
f 1285//4165 1283//4165 1309//4165
f 1287//4166 1286//4166 1310//4166
f 1306//4167 1289//4167 1287//4167
f 1290//4168 1313//4168 1256//4168
f 1294//4169 1346//4169 1291//4169
f 1291//4170 1346//4170 1313//4170
f 1347//4171 1346//4171 1294//4171
f 1314//4172 1294//4172 1292//4172
f 1314//4173 1347//4173 1294//4173
f 1348//4174 1347//4174 1314//4174
f 1295//4175 1314//4175 1288//4175
f 1295//4176 1293//4176 1345//4176
f 1297//4177 1350//4177 1296//4177
f 1317//4140 1352//4178 1258//4138
f 1322//4179 1321//4180 1300//4181
f 1265//4182 1300//4182 1321//4182
f 1323//4183 1322//4183 1304//4183
f 1274//4153 1325//4152 1302//4184
f 1302//1426 1325//4185 1323//1427
f 1270//4186 1304//4186 1330//4186
f 1330//4187 1304//4187 1322//4187
f 1276//4188 1305//4188 1361//4188
f 1305//4189 1328//4190 1359//4191
f 1329//4192 1278//4192 1303//4192
f 1249//4193 1363//4193 1351//4193
f 1332//4194 1331//4194 1279//4194
f 1332//4195 1333//4195 1331//4195
f 1307//4196 1336//4196 1308//4196
f 1338//4197 1339//4197 1308//4197
f 1336//4198 1338//4198 1308//4198
f 1310//4199 1309//4199 1334//4199
f 1340//4200 1335//4200 1310//4200
f 1341//4201 1306//4201 1335//4201
f 1337//4202 1342//4202 1336//4202
f 1311//4203 1306//4203 1341//4203
f 1343//4204 1342//4204 1312//4204
f 1346//4205 1343//4205 1313//4205
f 1347//4206 1338//4206 1346//4206
f 1346//4207 1338//4207 1343//4207
f 1349//4208 1347//4209 1348//4210
f 1461//4211 1426//4212 1466//4213
f 1349//4214 1348//4215 1314//4216
f 1311//4217 1345//4217 1293//4217
f 1317//4218 1239//4219 1316//4220
f 1318//4147 1322//4221 1300//4145
f 1355//4222 1318//4222 1353//4222
f 1324//4223 1357//4223 1320//4223
f 1320//4224 1354//4224 1319//4224
f 1356//4225 1269//4225 1354//4225
f 1355//4226 1322//4226 1318//4226
f 1322//4179 1323//4227 1321//4180
f 1358//4228 1326//4228 1356//4228
f 1320//4229 1358//4229 1356//4229
f 1326//4230 1359//4191 1356//4231
f 1359//4232 1572//4232 1356//4232
f 1325//4233 1361//4233 1357//4233
f 1358//4234 1305//4234 1326//4234
f 1359//4191 1326//4230 1305//4189
f 1355//4235 1330//4235 1322//4235
f 1337//4236 1333//4236 1366//4236
f 1335//4237 1340//4237 1367//4237
f 1367//4238 1341//4238 1335//4238
f 1343//4239 1338//4239 1336//4239
f 1338//1476 1347//4240 1344//1477
f 1340//4241 1339//1480 1368//1479
f 1345//4242 1341//4242 1367//4242
f 1337//4243 1315//4243 1312//4243
f 1349//4208 1368//4244 1347//4209
f 1349//4245 1345//4245 1367//4245
f 1370//4246 1317//4218 1316//4220
f 1372//4247 1353//4247 1377//4247
f 1351//1355 1373//4248 1316//1356
f 1373//4249 1371//4249 1316//4249
f 1364//4250 1369//4250 1376//4250
f 1379//4251 1360//4251 1372//4251
f 1355//4252 1372//4252 1360//4252
f 1376//4253 1363//4253 1364//4253
f 1364//4254 1379//4254 1369//4254
f 1364//1465 1329//1467 1379//4255
f 1374//4256 1337//4256 1332//4256
f 1350//4257 1374//4257 1375//4257
f 1376//4258 1370//4258 1371//4258
f 1376//4259 1369//1488 1370//1487
f 1379//4260 1377//4260 1369//4260
f 1373//4261 1376//4261 1371//4261
f 1382//4262 1384//4262 1391//4262
f 1404//4263 1378//4263 1392//4263
f 1384//4264 1386//4264 1380//4264
f 1383//4265 1386//4265 1385//4265
f 1390//4266 1382//4266 1391//4266
f 1382//4267 1390//4267 1381//4267
f 1392//4268 1381//4268 1390//4268
f 1392//4269 1417//4269 1418//4269
f 1398//1517 1418//4270 1393//1518
f 1393//4271 1418//4271 1424//4271
f 1425//4272 1420//4272 1394//4272
f 1395//4273 1422//4273 1423//4273
f 1398//4274 1404//4274 1392//4274
f 1399//4275 1468//1527 1398//1526
f 1400//4276 1394//4276 1407//4276
f 1401//4277 1407//4277 1421//4277
f 1403//4278 1402//4278 1395//4278
f 1403//4279 1409//4279 1402//4279
f 1407//4280 1405//4280 1400//4280
f 1406//4281 1405//4281 1407//4281
f 1405//4282 1427//4283 1400//4284
f 1409//4285 1403//4285 1431//4285
f 1410//4286 1408//4286 1402//4286
f 1389//4287 1413//4287 1444//4287
f 1414//1600 1389//4288 1481//1598
f 1419//4289 1394//4289 1420//4289
f 1424//4290 1418//4290 1459//4290
f 1399//4291 1424//4291 1425//4291
f 1464//4292 1425//4292 1424//4292
f 1401//4293 1426//4293 1396//4293
f 1397//1544 1395//1543 1462//4294
f 1427//4295 1399//4295 1425//4295
f 1468//4296 1399//4296 1427//4296
f 1403//4297 1428//4297 1431//4297
f 1428//4298 1403//4298 1395//4298
f 1405//4282 1429//4299 1427//4283
f 1406//4300 1407//4300 1401//4300
f 1386//4301 1457//4302 1380//4303
f 1406//4304 1430//4304 1405//4304
f 1401//4305 1430//4305 1406//4305
f 1430//4306 1408//4306 1410//4306
f 1434//4307 1409//4307 1431//4307
f 1386//4308 1383//4308 1411//4308
f 1411//4309 1501//4309 1386//4309
f 1387//1506 1411//1581 1383//1502
f 1387//1508 1404//1507 1433//4310
f 1435//4311 1436//4311 1412//4311
f 1438//4312 1437//4312 1472//4312
f 1476//4313 1440//4313 1438//4313
f 1439//4314 1440//1587 1477//1586
f 1442//4315 1447//4315 1439//4315
f 1443//4316 1447//4316 1442//4316
f 1475//4317 1441//4317 1442//4317
f 1448//4318 1445//4318 1440//4318
f 1445//4319 1446//4319 1438//4319
f 1447//4320 1449//4320 1448//4320
f 1448//4321 1439//4321 1447//4321
f 1453//4322 1443//4322 1441//4322
f 1443//4323 1450//4323 1447//4323
f 1453//4324 1450//4324 1443//4324
f 1446//4325 1444//4325 1438//4325
f 1445//4326 1448//4326 1449//4326
f 1452//4327 1450//4327 1453//4327
f 1454//4328 1480//4328 1452//4328
f 1457//4329 1456//4330 1380//4331
f 1456//4332 1415//4332 1380//4332
f 1458//4333 1417//4333 1416//4333
f 1464//4334 1460//4334 1420//4334
f 1426//4335 1421//4335 1419//4335
f 1465//4336 1464//4336 1459//4336
f 1426//4337 1489//4337 1396//4337
f 1572//1704 1568//1703 1269//4338
f 1489//4339 1426//4212 1461//4211
f 1423//4340 1422//4340 1462//4340
f 1432//4341 1468//4341 1469//4341
f 1468//4342 1429//4342 1469//4342
f 1431//4343 1495//4343 1467//4343
f 1431//4344 1578//4344 1495//4344
f 1434//4345 1498//4345 1410//4345
f 1500//4346 1434//4346 1431//4346
f 1433//4347 1528//4347 1387//4347
f 1436//4348 1435//4348 1471//4348
f 1471//4349 1502//4349 1436//4349
f 1472//4350 1437//4350 1473//4350
f 1476//4351 1472//4351 1473//4351
f 1477//4352 1442//4352 1439//4352
f 1475//4353 1478//4353 1451//4353
f 1414//4354 1530//4355 1471//4356
f 1513//4357 1449//4357 1452//4357
f 1479//4358 1449//4358 1513//4358
f 1453//4359 1515//4359 1454//4359
f 1481//4360 1444//4360 1482//4360
f 1513//4361 1480//4361 1514//4361
f 1454//4362 1515//4362 1516//4362
f 1416//4363 1415//4363 1483//4363
f 1458//4364 1483//4364 1485//4364
f 1485//4365 1487//4365 1458//4365
f 1458//4366 1463//4366 1459//4366
f 1464//4367 1465//4367 1460//4367
f 1491//4368 1462//4368 1486//4368
f 1469//4369 1465//4369 1463//4369
f 1493//4370 1488//4370 1494//4370
f 1494//4371 1488//4371 1497//4371
f 1495//4372 1496//4372 1467//4372
f 1495//4373 1491//4373 1496//4373
f 1433//4374 1469//4374 1523//4374
f 1469//4375 1492//4375 1465//4375
f 1470//4376 1497//4376 1524//4376
f 1499//4377 1490//4377 1430//4377
f 1500//4378 1499//4378 1498//4378
f 1500//4379 1467//4379 1496//4379
f 1578//4380 1491//4380 1495//4380
f 1522//4381 1433//4381 1523//4381
f 1503//4382 1473//4382 1502//4382
f 1473//4383 1504//4383 1476//4383
f 1532//4384 1477//4384 1474//4384
f 1509//4385 1477//4385 1532//4385
f 1505//4386 1442//4386 1477//4386
f 1477//4387 1509//4387 1505//4387
f 1475//4388 1505//4388 1508//4388
f 1531//4389 1504//4389 1503//4389
f 1531//4390 1512//4390 1504//4390
f 1512//4391 1532//4391 1504//4391
f 1511//4392 1455//4392 1478//4392
f 1479//4393 1532//4393 1512//4393
f 1532//4394 1479//4394 1513//4394
f 1532//4395 1510//4395 1509//4395
f 1513//4396 1514//4396 1510//4396
f 1515//4397 1514//4397 1516//4397
f 1517//4398 1530//4355 1414//4354
f 1516//4399 1514//4399 1480//4399
f 1519//4400 1484//4400 1415//4400
f 1519//4401 1415//4401 1456//4401
f 1520//4402 1484//4402 1519//4402
f 1483//4403 1484//4403 1521//4403
f 1520//4404 1521//4404 1484//4404
f 1521//4405 1485//4405 1483//4405
f 1535//4406 1485//4406 1521//4406
f 1524//4407 1488//4407 1460//4407
f 1524//4408 1497//4408 1488//4408
f 1522//1653 1485//4409 1535//1654
f 1523//4410 1469//4410 1463//4410
f 1501//4411 1457//4302 1386//4301
f 1527//4412 1457//4412 1501//4412
f 1527//4413 1526//4413 1520//4413
f 1531//4414 1503//4414 1502//4414
f 1507//4415 1533//4416 1508//4417
f 1514//4418 1533//4416 1507//4415
f 1533//4419 1511//4419 1508//4419
f 1511//4420 1533//4420 1515//4420
f 1534//4421 1518//4421 1482//4421
f 1457//4329 1519//4422 1456//4330
f 1457//4423 1520//4423 1519//4423
f 1534//4424 1529//4424 1530//4424
f 1534//4425 1531//4425 1502//4425
f 1248//4426 1537//4426 1546//4426
f 1537//4427 1262//4427 1263//4427
f 1537//4428 1263//4428 1536//4428
f 1540//1675 1541//1674 1538//4429
f 1540//4430 1538//4430 1536//4430
f 1542//4431 1541//4431 1549//4431
f 1551//4432 1544//4432 1542//4432
f 1545//4433 1539//4433 1542//4433
f 1546//4434 1557//4434 1248//4434
f 1546//4435 1539//4435 1557//4435
f 1263//4436 1269//4436 1547//4436
f 1547//4437 1540//4437 1263//4437
f 1549//4438 1540//4438 1548//4438
f 1551//4439 1542//4439 1550//4439
f 1560//4440 1553//4440 1551//4440
f 1556//4441 1544//4441 1553//4441
f 1545//4442 1542//4442 1543//4442
f 1544//4443 1554//4443 1543//4443
f 1556//4444 1554//4444 1544//4444
f 1557//4445 1328//4445 1248//4445
f 1549//4446 1548//4446 1558//4446
f 1548//1699 1547//4447 1568//1697
f 1552//4448 1550//4448 1549//4448
f 1558//4449 1552//4449 1549//4449
f 1562//4450 1552//4450 1558//4450
f 1560//4451 1551//4451 1552//4451
f 1561//4452 1566//4453 1560//4454
f 1563//4455 1556//4455 1553//4455
f 1565//4456 1545//4456 1555//4456
f 1566//4457 1564//4457 1555//4457
f 1565//4458 1555//4458 1564//4458
f 1555//4459 1554//4459 1566//4459
f 1563//4460 1566//4460 1554//4460
f 1565//4461 1564//4461 1566//4461
f 1556//4462 1563//4462 1554//4462
f 1559//4463 1548//4463 1569//4463
f 1572//4464 1269//4464 1356//4464
f 1562//4465 1558//4465 1559//4465
f 1562//4466 1559//4466 1561//4466
f 1561//4467 1559//4468 1569//4469
f 1566//4453 1561//4452 1574//4470
f 1362//4471 1573//4471 1359//4471
f 1574//4472 1571//4472 1570//4472
f 1567//4473 1570//4474 1571//4475
f 1328//4476 1571//4476 1362//4476
f 1570//4477 1566//4453 1574//4470
f 1574//4478 1561//4467 1569//4469
f 1362//4479 1571//4479 1573//4479
f 1571//4480 1574//4480 1569//4480
f 1462//4481 1575//4481 1397//4481
f 1575//4482 1462//4482 1577//4482
f 1576//4483 1428//4483 1397//4483
f 1579//4484 1576//4484 1575//4484
f 1580//4485 1576//4485 1579//4485
f 1576//4486 1580//4486 1428//4486
f 1462//4487 1491//4487 1577//4487
f 1581//4488 1577//4488 1491//4488
f 1581//4489 1579//4489 1577//4489
f 1580//4490 1579//4490 1581//4490
f 1428//4491 1578//4491 1431//4491
f 1580//4492 1578//4492 1428//4492
f 1578//4493 1580//4493 1581//4493
f 1590//4494 1583//4495 1592//4496
f 1582//4497 1589//4498 1592//4499
f 1583//4500 1586//4500 1584//4500
f 1586//4501 1583//4501 1585//4501
f 1607//4502 1587//1716 1588//1715
f 1613//4503 1593//4504 1594//4505
f 1613//4503 1595//4506 1593//4504
f 1591//1731 1583//4507 1590//1732
f 1585//4508 1591//4508 1593//4508
f 1597//1722 1585//1721 1593//4509
f 1600//4510 1597//4510 1596//4510
f 1624//4511 1598//4511 1584//4511
f 1586//4512 1599//4512 1584//4512
f 1603//4513 1601//4513 1602//4513
f 1603//4514 1587//4514 1601//4514
f 1604//1793 1603//4515 1653//1794
f 1605//4516 1603//4516 1604//4516
f 1606//4517 1603//4517 1605//4517
f 1592//4499 1589//4498 1610//4518
f 1590//4494 1592//4496 1610//4519
f 1593//4520 1591//4520 1612//4520
f 1615//4521 1614//4521 1640//4521
f 1596//4522 1613//4522 1614//4522
f 1616//4523 1596//4523 1614//4523
f 1644//4524 1617//4524 1616//4524
f 1644//4525 1616//4525 1615//4525
f 1646//4526 1644//1772 1645//1774
f 1623//4527 1617//4527 1644//4527
f 1600//4528 1621//4528 1585//4528
f 1623//4529 1619//4529 1617//4529
f 1586//4530 1650//4530 1599//4530
f 1623//4531 1625//4531 1619//4531
f 1587//4532 1712//4532 1652//4532
f 1632//4533 1630//4533 1656//4533
f 1631//4534 1633//4534 1635//4534
f 1636//4535 1634//4535 1628//4535
f 1604//4536 1629//4536 1605//4536
f 1637//4537 1629//4537 1632//4537
f 1633//4538 1631//4538 1632//4538
f 1631//4539 1637//4539 1632//4539
f 1636//4540 1635//4540 1634//4540
f 1638//4541 1605//4541 1660//4541
f 1662//4542 1637//4543 1639//4544
f 1608//4545 1638//4545 1697//4545
f 1615//4546 1640//4546 1666//4546
f 1612//4547 1590//4547 1611//4547
f 1613//4548 1594//4548 1640//4548
f 1640//4549 1594//4549 1642//4549
f 1666//4550 1643//4550 1615//4550
f 1643//4551 1645//4552 1615//4553
f 1644//4554 1646//4554 1623//4554
f 1582//1815 1598//4555 1718//1816
f 1618//1777 1648//1776 1622//4556
f 1649//4557 1648//4557 1619//4557
f 1679//4558 1623//4558 1646//4558
f 1650//4559 1678//4559 1599//4559
f 1585//4560 1621//4560 1650//4560
f 1625//4561 1680//4561 1649//4561
f 1651//4562 1680//4562 1625//4562
f 1602//4563 1681//4563 1653//4563
f 1656//4564 1653//4564 1683//4564
f 1688//4565 1627//4565 1632//4565
f 1657//4566 1686//4566 1688//4566
f 1654//4567 1627//4567 1688//4567
f 1638//4568 1660//4568 1659//4568
f 1661//4569 1685//4570 1660//4571
f 1662//4572 1661//4572 1637//4572
f 1607//4573 1692//4574 1587//4575
f 1662//4576 1639//4576 1663//4576
f 1694//4577 1662//4577 1663//4577
f 1636//4578 1665//4578 1639//4578
f 1665//4579 1695//4579 1663//4579
f 1666//4580 1640//4580 1642//4580
f 1668//4581 1610//4581 1609//4581
f 1611//4582 1641//4582 1612//4582
f 1594//4583 1669//4583 1642//4583
f 1669//1808 1612//1807 1641//4584
f 1672//4585 1645//4552 1643//4551
f 1670//4586 1672//4586 1643//4586
f 1647//4587 1645//4587 1672//4587
f 1648//1783 1675//4588 1707//1784
f 1647//4589 1672//4589 1679//4589
f 1599//4590 1678//4590 1677//4590
f 1621//4591 1678//4591 1650//4591
f 1620//4592 1706//4592 1600//4592
f 1705//4593 1651//4593 1679//4593
f 1680//4594 1673//4594 1649//4594
f 1686//4595 1684//4595 1687//4595
f 1658//4596 1628//4596 1655//4596
f 1692//4574 1712//4597 1587//4575
f 1693//4598 1685//4598 1684//4598
f 1661//4599 1662//4599 1694//4599
f 1694//4600 1690//4600 1661//4600
f 1663//4601 1695//4601 1694//4601
f 1695//4602 1664//4602 1691//4602
f 1609//4603 1667//4603 1668//4603
f 1698//4604 1641//4604 1611//4604
f 1669//4605 1641//4605 1699//4605
f 1700//4606 1671//4606 1669//4606
f 1703//4607 1672//4607 1670//4607
f 1702//4608 1706//4608 1674//4608
f 1707//4609 1675//1862 1704//1861
f 1710//4610 1709//4610 1711//4610
f 1695//4611 1691//4611 1694//4611
f 1696//4612 1720//4612 1692//4612
f 1696//4613 1693//4613 1713//4613
f 1696//4614 1713//4614 1720//4614
f 1715//4615 1699//4615 1641//4615
f 1722//4616 1641//4616 1698//4616
f 1700//4617 1701//4617 1702//4617
f 1706//4618 1702//4618 1715//4618
f 1717//4619 1706//4619 1715//4619
f 1708//4620 1716//4620 1718//4620
f 1716//4621 1708//4621 1677//4621
f 1720//4622 1682//4622 1712//4622
f 1692//4623 1720//4623 1712//4623
f 1720//4624 1713//4624 1682//4624
f 1722//4625 1698//4625 1714//4625
f 1719//4626 1722//4626 1716//4626
f 1721//4627 1724//4627 1726//4627
f 1752//4628 1729//4628 1731//4628
f 1733//4629 1755//4629 1751//4629
f 1723//4630 1724//4630 1721//4630
f 1733//4631 1758//4631 1755//4631
f 1731//4632 1734//4632 1733//4632
f 1730//4633 1734//4633 1729//4633
f 1737//4634 1825//2050 1732//4635
f 1739//4636 1738//4636 1721//4636
f 1730//4637 1740//4637 1734//4637
f 1723//4638 1737//4639 1732//4640
f 1738//4641 1723//4641 1721//4641
f 1744//4642 1745//4642 1761//4642
f 1746//4643 1744//4643 1761//4643
f 1728//4644 1727//4644 1726//4644
f 1753//4645 1729//4645 1754//4645
f 1757//4646 1730//4646 1753//4646
f 1732//4647 1825//4647 1748//4647
f 1755//4648 1728//4648 1750//4648
f 1736//4649 1730//4649 1757//4649
f 1756//4650 1757//4650 1753//4650
f 1758//4651 1759//4651 1738//4651
f 1758//4652 1733//4652 1741//4652
f 1743//4653 1741//4653 1735//4653
f 1723//4638 1780//4654 1737//4639
f 1742//4655 1783//4655 1743//4655
f 1760//4656 1761//4656 1745//4656
f 1763//4657 1794//4657 1771//4657
f 1746//4658 1770//4658 1747//4658
f 1771//4659 1746//4659 1763//4659
f 1749//4660 1726//4660 1772//4660
f 1773//4661 1752//4661 1751//4661
f 1773//4662 1729//4662 1752//4662
f 1773//4663 1754//4663 1729//4663
f 1755//4664 1750//4664 1775//4664
f 1776//4665 1754//4665 1774//4665
f 1756//4666 1778//4666 1757//4666
f 1777//4667 1778//4667 1756//4667
f 1779//4668 1777//4668 1804//4668
f 1741//4669 1759//4669 1758//4669
f 1723//4670 1781//4670 1780//4670
f 1723//4671 1782//4671 1781//4671
f 1741//4672 1743//4672 1783//4672
f 1782//1959 1834//1958 1781//4673
f 1760//4674 1745//4674 1784//4674
f 1785//4675 1760//4675 1784//4675
f 1761//4676 1760//4677 1786//4678
f 1788//4679 1761//4676 1786//4678
f 1788//4680 1815//4680 1789//4680
f 1791//4681 1787//4681 1764//4681
f 1747//4682 1835//4682 1784//4682
f 1788//4683 1765//4683 1762//4683
f 1765//4684 1791//4684 1766//4684
f 1765//4685 1788//4685 1789//4685
f 1764//4686 1766//4686 1791//4686
f 1793//4687 1764//4687 1792//4687
f 1794//4688 1763//4688 1762//4688
f 1769//4689 1762//4689 1765//4689
f 1769//4690 1765//4690 1766//4690
f 1769//4691 1794//4691 1762//4691
f 1769//4692 1766//4692 1822//4692
f 1795//4693 1766//4693 1767//4693
f 1795//4694 1767//4694 1768//4694
f 1768//4695 1796//4695 1795//4695
f 1793//4696 1768//4696 1764//4696
f 1771//4697 1798//4697 1770//4697
f 1728//4698 1726//4698 1749//4698
f 1828//4699 1773//1984 1800//1983
f 1749//4700 1750//4700 1728//4700
f 1749//4701 1830//4701 1775//4701
f 1830//1981 1751//1980 1775//4702
f 1776//4703 1774//4703 1801//4703
f 1806//1993 1759//4704 1805//1991
f 1783//4705 1808//4705 1807//4705
f 1811//4706 1810//4706 1783//4706
f 1783//4707 1742//4707 1811//4707
f 1812//4708 1760//4708 1785//4708
f 1814//4709 1786//4709 1812//4709
f 1816//4710 1815//4710 1817//4710
f 1813//1969 1787//4711 1790//1967
f 1816//4712 1790//4712 1815//4712
f 1787//4713 1813//4713 1840//4713
f 1818//4714 1787//4714 1840//4714
f 1818//4715 1819//4715 1792//4715
f 1820//4716 1792//4716 1819//4716
f 1796//4717 1822//4717 1766//4717
f 1796//4718 1823//4718 1822//4718
f 1770//4719 1797//4719 1747//4719
f 1826//4720 1772//4720 1825//4720
f 1830//4721 1749//4721 1848//4721
f 1855//4722 1830//4722 1848//4722
f 1801//4723 1774//4723 1853//4723
f 1776//4724 1801//4724 1802//4724
f 1834//2068 1806//4725 1876//2069
f 1737//4634 1833//2051 1825//2050
f 1808//4726 1809//4726 1859//4726
f 1808//4727 1859//4727 1807//4727
f 1811//4728 1861//4728 1810//4728
f 1810//4729 1861//4729 1859//4729
f 1811//4730 1742//4730 1779//4730
f 1860//4731 1811//4731 1804//4731
f 1785//4732 1784//4732 1835//4732
f 1836//4733 1812//4733 1785//4733
f 1817//4734 1815//4734 1814//4734
f 1839//4735 1840//4735 1816//4735
f 1837//2003 1838//4736 1814//2004
f 1842//4737 1823//4737 1863//4737
f 1841//4738 1842//4738 1863//4738
f 1823//4739 1841//4739 1863//4739
f 1864//4740 1841//4740 1823//4740
f 1845//4741 1864//4741 1823//4741
f 1845//4742 1819//4742 1864//4742
f 1837//4743 1843//4743 1821//4743
f 1838//4744 1837//4744 1821//4744
f 1769//4745 1844//4745 1838//4745
f 1823//4746 1844//4746 1822//4746
f 1824//4747 1845//4747 1823//4747
f 1845//4748 1820//4748 1819//4748
f 1820//4749 1845//4749 1824//4749
f 1797//4750 1862//4750 1747//4750
f 1798//4751 1794//4751 1843//4751
f 1827//4752 1829//4752 1800//4752
f 1848//4753 1749//4753 1847//4753
f 1855//4754 1827//4754 1830//4754
f 1856//2027 1829//4755 1827//2028
f 1831//4756 1802//4756 1854//4756
f 1857//4757 1855//4757 1871//4757
f 1857//4758 1807//4758 1856//4758
f 1877//4759 1803//4759 1832//4759
f 1877//4760 1832//4760 1867//4760
f 1807//4761 1857//4761 1858//4761
f 1859//4762 1861//4762 1872//4762
f 1861//4763 1877//4763 1872//4763
f 1874//4764 1833//4764 1781//4764
f 1781//4765 1834//4765 1874//4765
f 1835//4766 1836//4766 1785//4766
f 1878//4767 1837//4767 1836//4767
f 1846//4768 1843//4768 1878//4768
f 1866//4769 1829//4769 1851//4769
f 1869//4770 1870//2055 1865//2057
f 1851//2061 1867//2060 1866//4771
f 1867//4772 1831//4772 1854//4772
f 1867//4773 1854//4773 1866//4773
f 1873//4774 1872//4774 1851//4774
f 1868//4775 1874//4775 1869//4775
f 1874//4776 1875//4776 1869//4776
f 1807//4777 1859//4777 1856//4777
f 1859//4778 1873//4778 1851//4778
f 1867//4779 1872//4779 1877//4779
f 1833//4780 1874//4781 1868//4782
f 1834//4783 1875//4783 1874//4783
f 1878//4784 1862//4784 1846//4784
f 1881//4785 1882//4785 1880//4785
f 1880//4786 1882//4786 1879//4786
f 1894//4787 1881//4788 1884//4789
f 1888//4790 1881//4790 1880//4790
f 1888//4791 1884//4791 1881//4791
f 1884//4792 1888//4792 1896//4792
f 1905//4793 1893//4794 1892//4795
f 1895//4796 1894//4787 1884//4789
f 1896//4797 1889//4797 1891//4797
f 1897//4798 1891//4798 1892//4798
f 1897//4799 1892//4799 1893//4799
f 1898//4800 1897//4800 1893//4800
f 1901//4801 1885//4801 1894//4801
f 1898//4802 1912//4802 1897//4802
f 1900//4803 1879//4803 1883//4803
f 1901//4804 1883//4804 1885//4804
f 1880//4805 1879//4805 1887//4805
f 1888//4806 1913//4806 1902//4806
f 1889//4807 1902//4807 1903//4807
f 1906//4808 1903//4808 1904//4808
f 1917//4809 1907//4809 1905//4809
f 1910//4810 1898//4810 1890//4810
f 1909//4811 1895//4811 1891//4811
f 1891//4812 1911//4812 1909//4812
f 1912//4813 1911//4813 1897//4813
f 1899//4814 1897//4814 1911//4814
f 1910//4815 1912//4815 1898//4815
f 1914//4816 1902//4816 1913//4816
f 1902//4817 1915//4817 1903//4817
f 1921//2101 1918//4818 1916//2102
f 1917//4819 1905//4819 1916//4819
f 1919//4820 1907//4820 1917//4820
f 1879//4821 1924//4822 1886//4823
f 1921//4824 1904//4824 1915//4824
f 1927//4825 1928//4825 1919//4825
f 1908//4826 1926//4826 1920//4826
f 1908//4827 1922//2116 1901//2115
f 1926//4828 1895//4828 1909//4828
f 1930//4829 1923//4830 1911//4831
f 1914//4832 1913//4832 1932//4832
f 1931//4833 1920//4833 1914//4833
f 1926//4834 1921//4834 1915//4834
f 1921//4835 1909//4835 1918//4835
f 1917//4836 1918//4836 1927//4836
f 1900//4837 1924//4822 1879//4821
f 1922//4838 1920//4838 1931//4838
f 1909//4839 1921//4839 1926//4839
f 1923//4840 1929//4841 1909//4842
f 1909//4842 1929//4841 1918//4843
f 1929//4844 1930//4844 1927//4844
f 1928//4845 1927//4845 1930//4845
f 1922//4846 1931//4846 1933//4846
f 1886//4847 1932//4847 1925//4847
f 1932//2124 1886//4848 1924//2125
f 1933//4849 1924//4849 1900//4849
f 1947//4850 1937//4850 1934//4850
f 1988//4851 1941//4851 1936//4851
f 1934//4852 1936//4852 1941//4852
f 1966//4853 1948//4853 1944//4853
f 1945//4854 1951//4854 1946//4854
f 1947//4855 1934//4855 1962//4855
f 1950//4856 1948//4856 1966//4856
f 1951//4857 1938//4858 1952//4859
f 1952//4860 1938//4860 1950//4860
f 1953//4861 1938//4861 1951//4861
f 1945//4862 1959//4862 1953//4862
f 1953//4863 1951//4863 1945//4863
f 1948//4864 1957//4864 1939//4864
f 1938//4865 1953//4865 1959//4865
f 1954//4866 1960//4866 1945//4866
f 1956//4867 1940//4867 1939//4867
f 1960//4868 1972//4868 1959//4868
f 1955//2142 1936//2130 1935//2129
f 1964//4869 1944//4869 1943//4869
f 1964//4870 1943//4870 1963//4870
f 1952//4871 1946//4871 1951//4871
f 1967//4872 1946//4872 1952//4872
f 1948//4873 1947//4873 1963//4873
f 1948//4874 1963//4874 1943//4874
f 1954//4875 1945//4875 1968//4875
f 1972//4876 1969//4876 1959//4876
f 1960//4877 1954//4877 1972//4877
f 1942//4878 1941//4878 1974//4878
f 1975//4879 1942//4879 1974//4879
f 1963//4880 1962//4880 1976//4880
f 1976//4881 1962//4881 1975//4881
f 1964//4882 1977//4882 1944//4882
f 1961//4883 1977//4883 1978//4883
f 1952//4884 1979//4884 1967//4884
f 1976//4885 1965//4885 1963//4885
f 1994//4886 1968//4886 1992//4886
f 1986//4887 1995//4887 1956//4887
f 1981//4888 1991//4888 1995//4888
f 1971//4889 1985//4889 1984//4889
f 1984//4890 1985//4890 1978//4890
f 1993//4891 1972//4891 1954//4891
f 1955//4892 1990//2200 1988//2202
f 1971//4893 1984//4893 1958//4893
f 1971//4894 1987//4894 1985//4894
f 1990//4895 1955//4895 1973//4895
f 1973//4896 1956//4896 1995//4896
f 1991//4897 1989//4897 1996//4897
f 1991//2193 1976//4898 1975//2194
f 1981//4899 1983//4899 1965//4899
f 1967//4900 1980//4900 1992//4900
f 1978//4901 1985//4901 1980//4901
f 1985//4902 1992//4902 1980//4902
f 1993//4903 1992//4903 1985//4903
f 1973//4904 1996//4904 1990//4904
f 1988//4905 1989//4905 1975//4905
f 1996//4906 1989//4906 1997//4906
f 2000//4907 2001//4907 1998//4907
f 2003//4908 2004//4908 2002//4908
f 2013//4909 1999//4909 2007//4909
f 2007//2222 1998//4910 2014//2223
f 2010//4911 2027//4911 2009//4911
f 2004//4912 2005//4913 2000//4914
f 2013//4915 2015//4915 1999//4915
f 2017//4916 2021//4916 2046//4916
f 2026//4917 2035//4917 2022//4917
f 2018//4918 2023//4918 2024//4918
f 2025//4919 2019//4919 2020//4919
f 2006//4920 2058//4920 2014//4920
f 2020//4921 2028//4921 2025//4921
f 2004//4922 2003//4923 2042//4922
f 2029//4924 2027//4924 2010//4924
f 2029//4925 2053//4925 2027//4925
f 2030//4926 2029//4926 2010//4926
f 2039//4927 2011//4927 2006//4927
f 2041//4928 2005//4913 2004//4912
f 2007//4929 2012//4929 2031//4929
f 2007//4930 2031//2260 2013//2259
f 2032//4931 2015//4931 2013//4931
f 2033//4932 2016//4932 2032//4932
f 2033//4933 2019//4933 2016//4933
f 2032//4934 2016//4934 2015//4934
f 2036//4935 2044//4935 2021//4935
f 2044//4936 2046//4936 2021//4936
f 2034//4937 2018//4937 2024//4937
f 2036//4938 2022//4938 2035//4938
f 2053//4939 2028//4940 2027//4941
f 2003//4942 2028//4942 2042//4942
f 2029//4943 2054//4943 2053//4943
f 2055//4944 2030//4944 2037//4944
f 2055//4945 2054//4946 2029//4947
f 2011//4948 2075//2287 2006//2286
f 2039//4949 2005//4949 2040//4949
f 2041//2257 2040//2256 2005//4950
f 2042//4922 2041//4951 2004//4922
f 2031//4952 2012//4953 2057//4954
f 2033//4955 2032//4955 2060//4955
f 2049//4956 2035//4956 2033//4956
f 2036//4957 2035//4957 2049//4957
f 2063//4958 2052//4958 2050//4958
f 2028//4940 2053//4939 2063//4959
f 2028//4960 2065//4960 2042//4960
f 2066//4961 2041//4961 2042//4961
f 2059//4962 2032//4962 2043//4962
f 2047//4963 2051//4964 2046//4965
f 2052//4966 2044//4966 2036//4966
f 2052//4967 2036//4967 2049//4967
f 2070//4968 2065//4968 2063//4968
f 2053//4969 2052//4969 2063//4969
f 2054//4970 2045//4970 2053//4970
f 2066//4971 2042//4971 2065//4971
f 2056//4972 2066//4972 2073//4972
f 2073//4973 2066//4974 2072//4975
f 2055//4945 2037//4976 2054//4946
f 2064//4977 2038//4977 2209//4977
f 2071//4978 2074//4978 2040//4978
f 2040//4979 2074//4979 2011//4979
f 2071//4980 2040//4980 2056//4980
f 2066//4981 2056//4981 2041//4981
f 2059//4982 2043//4982 2068//4982
f 2057//4954 2069//4983 2031//4952
f 2067//4984 2069//4984 2057//4984
f 2073//4973 2072//4975 2068//4985
f 2037//4986 2062//4986 2047//4986
f 2070//4987 2072//4987 2066//4987
f 2071//4988 2056//4988 2073//4988
f 2075//4989 2067//4989 2058//4989
f 2067//4990 2074//4990 2071//4990
f 2075//4991 2074//4991 2067//4991
f 2077//4992 2080//4992 2088//4992
f 2079//4993 2083//4993 2130//4993
f 2079//4994 2130//4994 2078//4994
f 2081//4995 2079//4995 2080//4995
f 2081//4996 2083//4996 2079//4996
f 2076//4997 2084//4997 2080//4997
f 2087//4998 2083//4998 2081//4998
f 2087//4999 2081//4999 2084//4999
f 2088//5000 2089//5000 2077//5000
f 2077//5001 2089//5002 2090//5003
f 2091//5004 2092//5004 2093//5004
f 2090//5005 2094//5005 2095//5005
f 2120//5006 2092//5006 2091//5006
f 2115//5007 2104//5007 2096//5007
f 2118//5008 2099//5008 2117//5008
f 2095//5009 2100//5009 2090//5009
f 2097//5010 2102//5010 2091//5010
f 2102//5011 2103//5011 2101//5011
f 2101//5012 2120//5012 2091//5012
f 2093//5013 2096//5013 2098//5013
f 2104//5014 2122//5014 2096//5014
f 2126//5015 2085//2298 2082//2297
f 2086//5016 2102//5016 2097//5016
f 2103//5017 2086//5017 2107//5017
f 2122//5018 2107//5018 2097//5019
f 2108//5020 2099//5020 2106//5020
f 2087//5021 2109//5021 2083//5021
f 2089//5022 2088//5022 2110//5022
f 2090//5003 2089//5002 2111//5023
f 2113//5024 2092//5024 2120//5024
f 2119//5025 2094//5025 2112//5025
f 2095//5026 2101//5026 2121//5026
f 2100//5027 2138//5027 2127//5027
f 2138//5028 2095//5028 2121//5028
f 2139//5029 2121//5029 2101//5029
f 2123//5030 2103//5030 2107//5030
f 2123//5031 2107//5031 2122//5031
f 2123//5032 2128//5032 2103//5032
f 2104//5033 2129//5033 2122//5033
f 2126//5034 2125//5034 2085//5034
f 2128//5035 2139//5035 2103//5035
f 2087//5036 2124//5036 2109//5036
f 2120//5037 2134//5037 2113//5037
f 2148//5038 2114//5038 2132//5038
f 2135//5039 2118//5039 2133//5039
f 2135//5040 2133//5040 2149//5040
f 2134//5041 2120//5041 2112//5041
f 2150//5042 2127//5042 2138//5042
f 2121//2350 2150//2349 2138//5043
f 2139//2372 2152//2371 2121//5044
f 2123//5045 2122//5045 2140//5045
f 2128//5046 2123//5046 2140//5046
f 2108//5047 2106//5047 2136//5047
f 2106//5048 2142//5048 2136//5048
f 2127//5049 2155//5049 2126//5049
f 2124//5050 2156//5051 2109//5052
f 2144//5053 2110//5053 2143//5053
f 2157//5054 2143//5054 2078//5054
f 2158//5055 2143//5055 2157//5055
f 2145//5056 2110//5056 2131//5056
f 2145//5057 2111//5057 2110//5057
f 2134//5058 2112//5058 2151//5058
f 2151//5059 2153//5059 2113//5059
f 2154//5060 2132//5060 2147//5060
f 2162//5061 2148//5061 2154//5061
f 2150//5062 2152//5062 2146//5062
f 2152//5063 2151//5063 2146//5063
f 2152//5064 2153//5064 2151//5064
f 2162//5065 2141//5065 2136//5065
f 2160//5066 2130//5066 2083//5066
f 2163//5067 2155//5067 2127//5067
f 2150//5068 2163//5068 2127//5068
f 2128//5069 2164//5069 2139//5069
f 2165//5070 2141//5070 2162//5070
f 2155//5071 2125//5071 2126//5071
f 2156//5072 2124//5072 2166//5072
f 2124//5073 2125//2385 2166//2384
f 2161//5074 2131//5074 2144//5074
f 2260//5075 2266//5076 2291//5077
f 2164//5078 2153//5078 2152//5078
f 2164//5079 2147//5080 2153//5081
f 2164//5079 2154//5082 2147//5080
f 2165//5083 2162//5083 2154//5083
f 2136//5084 2149//5084 2162//5084
f 2169//5085 2166//5085 2168//5085
f 2163//5086 2159//5086 2155//5086
f 2109//5052 2156//5051 2160//5087
f 2125//5088 2155//5088 2167//5088
f 2169//5089 2168//5089 2158//5089
f 2171//5090 2172//5090 2173//5090
f 2172//5091 2023//5091 2018//5091
f 2173//5092 2172//5092 2018//5092
f 2175//5093 2174//5093 2178//5093
f 2176//5094 2171//5094 2174//5094
f 2177//5095 2023//5095 2172//5095
f 2177//5096 2172//5096 2171//5096
f 2185//5097 2177//5097 2176//5097
f 2174//5098 2171//5098 2178//5098
f 2048//5099 2171//5099 2173//5099
f 2048//5100 2178//5100 2171//5100
f 2175//5101 2178//5101 2188//5101
f 2189//5102 2183//5102 2179//5102
f 2180//5103 2175//5103 2179//5103
f 2186//5104 2180//5104 2183//5104
f 2191//5105 2184//5105 2181//5105
f 2176//5106 2175//5106 2180//5106
f 2178//5107 2048//5107 2196//5107
f 2191//5108 2181//5108 2192//5108
f 2192//5109 2181//5109 2189//5109
f 2186//5110 2183//5110 2203//5110
f 2193//5111 2186//5111 2203//5111
f 2194//5112 2183//5112 2184//5112
f 2202//5113 2194//5113 2184//5113
f 2195//5114 2185//5114 2187//5114
f 2193//5115 2187//5115 2186//5115
f 2196//5116 2188//5116 2178//5116
f 2196//5117 2048//5117 2197//5117
f 2198//5118 2196//5118 2205//5118
f 2190//5119 2188//5119 2198//5119
f 2198//5120 2188//5120 2196//5120
f 2199//5121 2191//5121 2192//5121
f 2198//5122 2200//5122 2190//5122
f 2199//5123 2190//5123 2200//5123
f 2202//5124 2191//5124 2199//5124
f 2202//5125 2199//5125 2201//5125
f 2207//5126 2203//5126 2200//5126
f 2194//5127 2202//5127 2201//5127
f 2194//5128 2201//5128 2203//5128
f 2207//5129 2193//5129 2203//5129
f 2204//5130 2209//5130 2195//5130
f 2204//5131 2187//5131 2193//5131
f 2197//5132 2034//5132 2051//5132
f 2051//5133 2206//5133 2197//5133
f 2207//5134 2200//5134 2198//5134
f 2207//5135 2198//5135 2205//5135
f 2064//5136 2206//5136 2038//5136
f 2208//5137 2207//5137 2205//5137
f 2204//5138 2064//5138 2209//5138
f 2064//5139 2210//5139 2206//5139
f 2208//5140 2210//5140 2204//5140
f 2211//5141 2118//5141 2212//5141
f 2212//5142 2118//5142 2215//5142
f 2105//5143 2213//5143 2142//5143
f 2214//5144 2211//5144 2219//5144
f 2135//5145 2215//5145 2118//5145
f 2216//5146 2215//5146 2135//5146
f 2137//5147 2216//5147 2135//5147
f 2219//5148 2212//5148 2217//5148
f 2218//5149 2219//5149 2217//5149
f 2216//5150 2218//5150 2217//5150
f 2214//5151 2137//5151 2213//5151
f 2214//5152 2218//5152 2137//5152
f 2214//5153 2213//5153 2105//5153
f 2142//5154 2213//5154 2137//5154
f 2218//5155 2216//5155 2137//5155
f 2219//5156 2218//5156 2214//5156
f 2220//5157 2233//5157 2232//5157
f 2231//5158 2237//5158 2232//5158
f 2237//5159 2220//5159 2232//5159
f 2241//5160 2221//5160 2239//5160
f 2227//2445 2223//2444 2243//5161
f 2225//5162 2221//5162 2241//5162
f 2226//5163 2242//2459 2223//2461
f 2221//5164 2225//5164 2224//5164
f 2226//5165 2225//5165 2241//5165
f 2225//5166 2226//5166 2249//5166
f 2229//5167 2249//5167 2226//5167
f 2227//5168 2229//5168 2226//5168
f 2232//5169 2307//5169 2230//5169
f 2232//5170 2230//5171 2231//5171
f 2234//5172 2231//5172 2252//5172
f 2238//5173 2237//5173 2264//5173
f 2238//5174 2233//5174 2237//5174
f 2241//5175 2239//5175 2242//5175
f 2244//5176 2243//5176 2273//5176
f 2227//2440 2243//5177 2244//2441
f 2245//5178 2244//5178 2273//5178
f 2247//2579 2334//2581 2221//5179
f 2225//5180 2250//5180 2224//5180
f 2304//2509 2227//5181 2228//2507
f 2229//5182 2227//5182 2283//5182
f 2251//5183 2230//5183 2285//5183
f 2251//5184 2231//5184 2230//5184
f 2255//5185 2288//5185 2257//5185
f 2256//5186 2255//5186 2257//5186
f 2254//5187 2288//5187 2255//5187
f 2257//5188 2235//5188 2256//5188
f 2258//5189 2263//5189 2253//5189
f 2262//5190 2260//5190 2256//5190
f 2236//5191 2235//5191 2263//5191
f 2261//5192 2259//5192 2234//5192
f 2260//5075 2262//5193 2266//5076
f 2263//5194 2267//5194 2236//5194
f 2267//5195 2263//5195 2258//5195
f 2233//5196 2238//5196 2322//5196
f 2270//5197 2294//5197 2274//5197
f 2272//5198 2245//5198 2273//5198
f 2276//5199 2245//5199 2277//5199
f 2280//5200 2278//5200 2274//5200
f 2299//5201 2270//5201 2276//5201
f 2282//5202 2281//2500 2275//2502
f 2250//5203 2247//5203 2224//5203
f 2283//5204 2227//5204 2304//5204
f 2229//5205 2283//5205 2249//5205
f 2285//5206 2230//5206 2307//5206
f 2285//5207 2252//5207 2251//5207
f 2287//5208 2257//5208 2288//5208
f 2288//5209 2254//5209 2311//5209
f 2265//5210 2317//5210 2268//5210
f 2261//5211 2289//5211 2259//5211
f 2289//5212 2265//5212 2259//5212
f 2289//2545 2290//2547 2265//5213
f 2289//5214 2260//5214 2292//5214
f 2260//5215 2291//5215 2292//5215
f 2320//5216 2293//5216 2258//5216
f 2267//5217 2291//5217 2266//5217
f 2267//5218 2293//5218 2291//5218
f 2222//5219 2271//5219 2296//5219
f 2298//5220 2243//5220 2296//5220
f 2273//5221 2298//5221 2272//5221
f 2299//5222 2277//5222 2326//5222
f 2294//5223 2270//5223 2327//5223
f 2302//5224 2279//5224 2280//5224
f 2303//5225 2279//5225 2302//5225
f 2306//5226 2282//2497 2303//2524
f 2332//5227 2252//5227 2285//5227
f 2287//5228 2288//5228 2311//5228
f 2312//5229 2287//5229 2311//5229
f 2310//5230 2290//5230 2311//5230
f 2290//5231 2312//5231 2311//5231
f 2286//5232 2287//5232 2312//5232
f 2286//5233 2312//5233 2313//5233
f 2319//5234 2316//5234 2315//5234
f 2317//5235 2310//5235 2333//5235
f 2290//5236 2318//5236 2312//5236
f 2319//5237 2320//5237 2316//5237
f 2268//5238 2317//5238 2321//5238
f 2321//5239 2317//5239 2333//5239
f 2317//5240 2290//5240 2310//5240
f 2318//5241 2292//5241 2291//5241
f 2290//5242 2292//5242 2318//5242
f 2318//5243 2291//5243 2319//5243
f 2291//5244 2320//5244 2319//5244
f 2321//5245 2322//5245 2268//5245
f 2323//5246 2295//5246 2294//5246
f 2271//2456 2239//2458 2240//5247
f 2326//5248 2277//5248 2272//5248
f 2328//5249 2324//5250 2323//5251
f 2338//5252 2298//5252 2336//5252
f 2326//5253 2272//5253 2329//5253
f 2328//5254 2297//5254 2327//5254
f 2326//5255 2330//5255 2327//5255
f 2330//5256 2328//5256 2327//5256
f 2324//5257 2302//5257 2280//5257
f 2342//5258 2303//5259 2302//5260
f 2340//5261 2306//5261 2330//5261
f 2303//5259 2342//5258 2306//5262
f 2331//5263 2305//5263 2283//5263
f 2346//5264 2306//5264 2340//5264
f 2308//5265 2309//5265 2307//5265
f 2347//5266 2333//5266 2332//5266
f 2333//5267 2347//5267 2321//5267
f 2322//5268 2308//5268 2269//5268
f 2322//5269 2321//5269 2308//5269
f 2335//5270 2271//5270 2240//5270
f 2271//5271 2348//5271 2336//5271
f 2338//5272 2325//5272 2298//5272
f 2325//5273 2329//5273 2272//5273
f 2328//5249 2342//5274 2324//5250
f 2340//5275 2341//2572 2329//2574
f 2330//5276 2341//5276 2340//5276
f 2342//5277 2328//5277 2330//5277
f 2302//5278 2324//5278 2342//5278
f 2352//5279 2345//5279 2340//5279
f 2345//5280 2346//5280 2340//5280
f 2305//5281 2331//5281 2343//5281
f 2348//5282 2271//5282 2335//5282
f 2338//5283 2336//5283 2337//5283
f 2334//5284 2350//5284 2335//5284
f 2335//5285 2350//5285 2348//5285
f 2351//5286 2336//5286 2348//5286
f 2340//5287 2329//2576 2349//2578
f 2339//5288 2349//5288 2325//5288
f 2357//5289 2344//5289 2337//5289
f 2344//5290 2352//5290 2338//5290
f 2338//2569 2352//5291 2339//2570
f 2353//5292 2356//5292 2354//5292
f 2343//5293 2357//5293 2351//5293
f 2362//5294 2361//5294 2359//5294
f 2360//5295 2362//5296 2359//5297
f 2353//5298 2354//5298 2367//5298
f 2364//5299 2367//5299 2354//5299
f 2421//5300 2364//5300 2354//5300
f 2354//5301 2355//5301 2365//5301
f 2368//5302 2353//5302 2367//5302
f 2371//5303 2374//5303 2370//5303
f 2353//5304 2368//5304 2369//5304
f 2371//5305 2397//5305 2372//5305
f 2355//5306 2354//5306 2356//5306
f 2376//5307 2356//5307 2369//5307
f 2378//5308 2375//5308 2372//5308
f 2380//5309 2358//5309 2407//5309
f 2387//5310 2386//5310 2383//5310
f 2360//5295 2389//5311 2362//5296
f 2368//2623 2364//2622 2391//5312
f 2394//5313 2370//5313 2374//5313
f 2394//5314 2374//5314 2393//5314
f 2398//5315 2397//5315 2395//5315
f 2374//5316 2396//5316 2393//5316
f 2398//5317 2399//5317 2397//5317
f 2373//5318 2369//5318 2368//5318
f 2377//5319 2376//5319 2373//5319
f 2373//5320 2396//5320 2374//5320
f 2377//5321 2373//5321 2374//5321
f 2401//5322 2355//5322 2379//5322
f 2403//5323 2402//5323 2377//5323
f 2404//2690 2405//2692 2375//5324
f 2404//5325 2375//5325 2378//5325
f 2381//5326 2380//5326 2432//5326
f 2432//5327 2380//5327 2431//5327
f 2435//5328 2409//5328 2413//5328
f 2384//5329 2383//5329 2411//5329
f 2385//5330 2408//5330 2358//5330
f 2413//5331 2415//5331 2381//5331
f 2409//5332 2382//5332 2415//5332
f 2414//2645 2382//5333 2409//2646
f 2415//5334 2413//5334 2409//5334
f 2410//5335 2383//2643 2414//2642
f 2412//5336 2383//5336 2410//5336
f 2384//5337 2411//5337 2433//5337
f 2386//5338 2416//5338 2414//5338
f 2388//5339 2384//5339 2433//5339
f 2382//5340 2418//5340 2415//5340
f 2417//5341 2418//5341 2382//5341
f 2418//5342 2389//5342 2415//5342
f 2419//5343 2416//5343 2386//5343
f 2417//5344 2416//5344 2419//5344
f 2419//5345 2420//5345 2441//5345
f 2387//5346 2388//5346 2419//5346
f 2388//5347 2420//5347 2419//5347
f 2442//5348 2418//5348 2417//5348
f 2448//5349 2395//5349 2392//5349
f 2449//5350 2395//5350 2448//5350
f 2398//5351 2400//5351 2399//5351
f 2379//5352 2376//5352 2429//5352
f 2377//5353 2428//5353 2376//5353
f 2402//5354 2428//5354 2377//5354
f 2451//5355 2401//5355 2379//5355
f 2380//5356 2407//5356 2431//5356
f 2411//5357 2412//5357 2456//5357
f 2436//5358 2414//5358 2435//5358
f 2456//5359 2412//5359 2436//5359
f 2411//5360 2456//5360 2458//5360
f 2438//5361 2439//5361 2444//5361
f 2438//5362 2389//5362 2418//5362
f 2438//5363 2418//5363 2459//5363
f 2418//5364 2440//5364 2459//5364
f 2420//5365 2443//5365 2462//5365
f 2388//5366 2443//5366 2420//5366
f 2437//5367 2388//5367 2433//5367
f 2388//5368 2437//5368 2443//5368
f 2442//5369 2441//5369 2440//5369
f 2420//5370 2462//5370 2441//5370
f 2390//5371 2444//5372 2385//5373
f 2445//5374 2421//5374 2366//5374
f 2391//5375 2364//5375 2422//5375
f 2446//5376 2391//5376 2422//5376
f 2425//5377 2423//5377 2396//5377
f 2393//5378 2423//5378 2424//5378
f 2449//5379 2448//5379 2465//5379
f 2446//5380 2425//5380 2391//5380
f 2425//5381 2446//5381 2447//5381
f 2471//5382 2398//5382 2427//5382
f 2450//5383 2400//5383 2471//5383
f 2486//5384 2463//5384 2401//5384
f 2460//5385 2441//5386 2461//5387
f 2452//5388 2431//5388 2407//5388
f 2453//5389 2431//5389 2452//5389
f 2454//5390 2431//5390 2453//5390
f 2455//5391 2432//5391 2454//5391
f 2434//5392 2432//5392 2455//5392
f 2457//5393 2436//5393 2435//5393
f 2459//5394 2434//5394 2455//5394
f 2435//5395 2440//5395 2460//5395
f 2440//5396 2435//5396 2434//5396
f 2457//5397 2456//5397 2436//5397
f 2457//5398 2461//5398 2456//5398
f 2461//5399 2462//5399 2456//5399
f 2462//5400 2458//5400 2456//5400
f 2459//5401 2455//5401 2439//5401
f 2440//5402 2441//5386 2460//5385
f 2437//5403 2462//5403 2443//5403
f 2439//5404 2481//5404 2444//5404
f 2480//5405 2385//5373 2444//5372
f 2445//5406 2366//5406 2463//5406
f 2422//5407 2421//5407 2464//5407
f 2446//5408 2422//5408 2464//5408
f 2447//5409 2446//5409 2464//5409
f 2425//5410 2447//5410 2466//5410
f 2469//5411 2426//5411 2449//5411
f 2469//5412 2449//5412 2468//5412
f 2468//5413 2426//5413 2469//5413
f 2427//5414 2468//5414 2471//5414
f 2430//5415 2474//5415 2473//5415
f 2430//2688 2428//2687 2474//5416
f 2450//5417 2476//5417 2404//5417
f 2494//5418 2500//5419 2493//5420
f 2405//5421 2490//5421 2403//5421
f 2473//5422 2406//5422 2430//5422
f 2452//5423 2408//5423 2453//5423
f 2481//5424 2453//5424 2479//5424
f 2454//5425 2481//5425 2455//5425
f 2481//5426 2454//5426 2453//5426
f 2480//5427 2481//5427 2479//5427
f 2482//5428 2464//5428 2463//5428
f 2483//5429 2449//5429 2465//5429
f 2493//5430 2447//5430 2464//5430
f 2493//5431 2487//5432 2447//5433
f 2425//5434 2484//5434 2423//5434
f 2425//5435 2466//5435 2484//5435
f 2424//5436 2485//5436 2465//5436
f 2485//5437 2424//5438 2497//5439
f 2468//5440 2449//5440 2483//5440
f 2475//5441 2488//5441 2474//5441
f 2472//5442 2491//5442 2471//5442
f 2476//5443 2471//5443 2491//5443
f 2492//5444 2489//5444 2451//5444
f 2406//2665 2492//5445 2451//2666
f 2473//5446 2502//5446 2406//5446
f 2406//5447 2502//5447 2492//5447
f 2476//5448 2490//5448 2405//5448
f 2464//5449 2482//5449 2493//5449
f 2482//5450 2494//5450 2493//5450
f 2493//5431 2495//5451 2487//5432
f 2466//5452 2496//5452 2484//5452
f 2497//5453 2501//5454 2485//5453
f 2501//5455 2470//5455 2483//5455
f 2463//5456 2498//5456 2482//5456
f 2499//5457 2500//5419 2494//5418
f 2500//5458 2495//5458 2493//5458
f 2495//5459 2467//5459 2487//5459
f 2488//5460 2466//5460 2495//5460
f 2495//5461 2473//5461 2488//5461
f 2502//5462 2473//5462 2495//5462
f 2490//5463 2497//5463 2496//5463
f 2486//5464 2499//5464 2498//5464
f 2489//5465 2500//5465 2499//5465
f 2490//5466 2491//5466 2497//5466
f 552//5467 545//5467 549//5467 540//5467
f 462//483 467//5468 457//484
f 478//3254 465//5469 462//3252
f 600//5470 596//5470 607//5470 599//5470
f 1032//5471 1028//5471 1049//5471 1040//5471
f 1032//3855 1033//5472 1004//3856
f 1261//5473 1324//5473 1319//5473 1267//5473
f 1210//4068 1219//5474 1212//4066
f 1627//5475 1626//5475 1634//5475 1635//5475
f 1314//4216 1295//5476 1349//4214
f 1829//5477 1866//5477 1853//5477 1828//5477
f 1637//4543 1631//5478 1639//4544
f 1660//4571 1637//5479 1661//4569
f 1979//5480 1961//5480 1978//5480 1980//5480
f 2489//5481 2486//5481 2401//5481 2451//5481
f 2170//2389 2167//5482 2159//2390
f 61//5483 63//5483 67//5483 87//5483
l 547 550
l 2300 2301
l 1038 1039
l 2477 2478
