# Blender 5.0.1
# www.blender.org
mtllib chess_inner_5000.mtl
o chess_inner_5000
v -0.086482 0.096204 0.224961
v -0.094130 0.098016 0.225696
v -0.095168 0.096065 0.228831
v -0.105058 0.104050 0.213790
v -0.107857 0.106372 0.221791
v -0.107953 0.106615 0.221013
v -0.094578 0.094090 0.223845
v -0.095217 0.094204 0.214938
v -0.098592 0.092871 0.220178
v -0.098992 0.098094 0.223256
v -0.101773 0.095930 0.225197
v -0.085847 0.096156 0.214055
v -0.087422 0.098035 0.217788
v -0.082796 0.103373 0.215223
v -0.084268 0.103445 0.226563
v -0.107820 0.104547 0.219907
v -0.107762 0.106629 0.222765
v -0.107301 0.107004 0.223100
v -0.079679 0.109912 0.218827
v -0.079697 0.110330 0.218450
v -0.080187 0.106413 0.221463
v -0.080374 0.108238 0.224731
v -0.084605 0.108754 0.223751
v -0.094619 0.113596 0.220042
v -0.093919 0.114460 0.219381
v -0.089244 0.138059 0.219156
v -0.097576 0.139371 0.219695
v -0.093541 0.137606 0.224209
v -0.094714 0.138102 0.214309
v -0.090379 0.135725 0.215245
v -0.095381 0.132847 0.216363
v -0.092573 0.123535 0.223166
v -0.080196 0.110502 0.222557
v -0.091916 0.132895 0.221848
v -0.096403 0.132933 0.221324
v -0.093510 0.130287 0.221142
v -0.083291 0.115277 0.214756
v -0.094386 0.111565 0.217800
v -0.085878 0.114566 0.215518
v -0.086716 0.112082 0.208256
v -0.089606 0.094078 0.219789
v -0.107531 0.107729 0.224088
v -0.106941 0.109224 0.225988
v -0.107620 0.107161 0.223582
v -0.103295 0.095867 0.215680
v -0.100168 0.098030 0.216346
v -0.094536 0.096088 0.209354
v -0.096015 0.104524 0.206572
v -0.089531 0.097885 0.214347
v -0.095708 0.098092 0.212488
v -0.095059 0.103268 0.230970
v -0.087537 0.109269 0.231272
v -0.096258 0.130497 0.218084
v -0.093731 0.127635 0.216548
v -0.096729 0.124107 0.221883
v -0.102050 0.105010 0.229259
v -0.080151 0.106138 0.222542
v -0.087851 0.106310 0.207388
v -0.106163 0.112681 0.216319
v -0.094050 0.112278 0.217251
v -0.093070 0.119470 0.211379
v -0.091856 0.130475 0.218391
v -0.090667 0.132952 0.218456
v -0.094847 0.110700 0.232473
v -0.101668 0.112661 0.229272
v -0.090828 0.125078 0.219079
v -0.107435 0.109139 0.224203
v -0.098181 0.136365 0.222419
v -0.098867 0.135871 0.216778
v -0.095081 0.123478 0.215162
v -0.100715 0.111380 0.207784
v -0.092690 0.114017 0.219719
v -0.081059 0.016683 0.200226
v -0.072517 0.019771 0.209266
v -0.071139 0.017129 0.214258
v -0.107709 0.025400 0.206768
v -0.117055 0.028756 0.218423
v -0.109005 0.028222 0.201778
v -0.074068 0.018733 0.231933
v -0.082238 0.024644 0.232385
v -0.081278 0.017917 0.239239
v -0.075650 0.028785 0.232505
v -0.077342 0.025472 0.226587
v -0.075422 0.025701 0.218598
v -0.091663 0.018729 0.195462
v -0.105695 0.023811 0.204669
v -0.088169 0.024273 0.201397
v -0.070497 0.019634 0.222979
v -0.091122 0.019093 0.242713
v -0.099860 0.017773 0.242051
v -0.102469 0.017627 0.196903
v -0.116302 0.017871 0.226238
v -0.111839 0.018311 0.203591
v -0.094615 0.016980 0.213830
v -0.092411 0.016980 0.214598
v -0.089056 0.025209 0.235873
v -0.103885 0.042872 0.217156
v -0.103424 0.042763 0.223699
v -0.109142 0.045981 0.216754
v -0.083299 0.024580 0.205631
v -0.075307 0.023921 0.218259
v -0.071269 0.028069 0.217994
v -0.072397 0.032028 0.225120
v -0.079534 0.033824 0.203630
v -0.082169 0.028864 0.199298
v -0.093314 0.032438 0.196744
v -0.097576 0.025197 0.236000
v -0.085937 0.029136 0.240597
v -0.101188 0.028392 0.240716
v -0.086782 0.042741 0.211741
v -0.083773 0.042775 0.219605
v -0.071754 0.032283 0.216180
v -0.093798 0.031466 0.241687
v -0.091577 0.042619 0.229302
v -0.099517 0.042676 0.227645
v -0.093535 0.025417 0.200729
v -0.099836 0.028327 0.196830
v -0.074842 0.029845 0.206133
v -0.112629 0.035422 0.212286
v -0.082626 0.034508 0.236803
v -0.114744 0.032745 0.227545
v -0.106374 0.032645 0.237636
v -0.079662 0.046274 0.223324
v -0.086870 0.043064 0.226802
v -0.087924 0.054907 0.213912
v -0.080409 0.046427 0.212433
v -0.090395 0.046283 0.204373
v -0.100999 0.055991 0.220011
v -0.102628 0.053299 0.223484
v -0.104285 0.046273 0.229940
v -0.091078 0.046230 0.233714
v -0.086197 0.046009 0.231672
v -0.094259 0.069716 0.224351
v -0.099363 0.068455 0.221217
v -0.092470 0.060936 0.213080
v -0.089550 0.071405 0.215517
v -0.088198 0.062601 0.216960
v -0.090283 0.070264 0.221511
v -0.088189 0.080176 0.217423
v -0.098831 0.054349 0.212305
v -0.097336 0.065891 0.215789
v -0.084805 0.085931 0.209867
v -0.086983 0.083093 0.220274
v -0.092520 0.083011 0.212691
v -0.091608 0.085425 0.206344
v -0.096419 0.083216 0.225034
v -0.097717 0.057224 0.225686
v -0.093938 0.053966 0.228057
v -0.087608 0.090765 0.209529
v -0.090024 0.093531 0.223465
v -0.082772 0.090784 0.220539
v -0.099890 0.042946 0.210478
v -0.094286 0.042766 0.208458
v -0.117611 0.019937 0.217021
v -0.104952 0.024981 0.232289
v -0.110336 0.025342 0.225116
v -0.105156 0.019827 0.240255
v -0.104624 0.033460 0.199957
v -0.111887 0.024607 0.219636
v -0.114855 0.030700 0.208948
v -0.100026 0.082809 0.217896
v -0.113042 0.028923 0.231934
v -0.105103 0.046320 0.208891
v -0.098928 0.046111 0.204702
v -0.086925 0.055718 0.221726
v -0.090975 0.082147 0.225065
v -0.102629 0.085467 0.209460
v -0.095766 0.089047 0.208579
v -0.103020 0.089011 0.213047
v -0.095925 0.082815 0.213374
v -0.091778 0.084763 0.231958
v -0.101530 0.085205 0.230375
v -0.106282 0.085269 0.223042
v -0.099667 0.087714 0.228817
v -0.081286 0.084921 0.215832
v -0.084458 0.085276 0.228356
v -0.103555 0.090898 0.225713
v -0.094771 0.089102 0.230112
v -0.086957 0.089011 0.227505
v -0.085195 0.087398 0.227695
v -0.083683 0.088949 0.215481
v -0.104970 0.089073 0.220266
v -0.081226 0.086485 0.219244
v -0.106354 0.087186 0.219232
v -0.098632 0.090616 0.208356
v -0.079985 0.085935 0.222501
v -0.079845 0.087879 0.221493
v -0.079892 0.087761 0.218564
v -0.087380 0.087571 0.206825
v -0.087375 0.085984 0.206626
v -0.083803 0.085981 0.208799
v -0.083209 0.087613 0.210138
v -0.103119 0.086023 0.230002
v -0.097297 0.086166 0.233167
v -0.100793 0.087661 0.231277
v -0.108326 0.086190 0.221699
v -0.107879 0.087474 0.217804
v -0.108043 0.086152 0.215687
v -0.108433 0.085976 0.220831
v -0.108150 0.085986 0.218557
v -0.099815 0.086117 0.232169
v -0.095165 0.085815 0.232990
v -0.094138 0.085983 0.233312
v -0.091782 0.086128 0.233352
v -0.103838 0.087621 0.228975
v -0.105136 0.085979 0.227925
v -0.106494 0.085985 0.225776
v -0.106504 0.087558 0.225365
v -0.080513 0.087799 0.223293
v -0.080673 0.086148 0.213901
v -0.081729 0.085985 0.212097
v -0.093670 0.083949 0.204404
v -0.099369 0.086051 0.206090
v -0.100331 0.086049 0.206411
v -0.106674 0.087395 0.213028
v -0.098080 0.087658 0.205668
v -0.102269 0.087627 0.207638
v -0.104807 0.086121 0.209540
v -0.105644 0.087636 0.211902
v -0.104206 0.087727 0.209648
v -0.107978 0.085984 0.221405
v 0.083200 0.112455 0.230562
v 0.090808 0.104891 0.232414
v 0.093513 0.111813 0.232286
v 0.081929 0.096111 0.225393
v 0.085635 0.093961 0.219575
v 0.088377 0.094020 0.224272
v 0.089335 0.096294 0.228788
v 0.093521 0.094018 0.221512
v 0.098439 0.096284 0.215533
v 0.098503 0.095927 0.223396
v 0.092817 0.097949 0.213956
v 0.084556 0.099432 0.213496
v 0.088683 0.103700 0.207321
v 0.080115 0.104376 0.211771
v 0.083977 0.098089 0.223478
v 0.075461 0.106928 0.221645
v 0.090806 0.121493 0.225352
v 0.090827 0.130381 0.217953
v 0.087582 0.132758 0.217076
v 0.091114 0.131914 0.215635
v 0.090073 0.138577 0.224235
v 0.090725 0.138984 0.215261
v 0.084730 0.138086 0.221686
v 0.088488 0.128458 0.217175
v 0.076040 0.109774 0.224379
v 0.085749 0.123330 0.221574
v 0.088029 0.130087 0.220521
v 0.086929 0.132907 0.221336
v 0.086315 0.137655 0.215774
v 0.103605 0.107698 0.223327
v 0.100573 0.111456 0.227644
v 0.098073 0.106371 0.230332
v 0.082845 0.105981 0.230951
v 0.087323 0.098190 0.226048
v 0.097346 0.104322 0.209416
v 0.090883 0.118425 0.211789
v 0.101489 0.113730 0.215590
v 0.095550 0.109485 0.207310
v 0.095824 0.097475 0.223712
v 0.091804 0.125898 0.218781
v 0.076703 0.109719 0.214111
v 0.101629 0.106033 0.214199
v 0.091417 0.095934 0.210322
v 0.092771 0.094021 0.216455
v 0.103198 0.107862 0.225175
v 0.091764 0.098910 0.226945
v 0.089514 0.112257 0.217729
v 0.077080 0.113379 0.216675
v 0.082766 0.096020 0.212365
v 0.079734 0.095950 0.217526
v 0.089443 0.111973 0.217946
v 0.075519 0.105693 0.222735
v 0.103313 0.105772 0.222139
v 0.096815 0.098985 0.220663
v 0.080757 0.111776 0.209680
v 0.090351 0.132418 0.222258
v 0.076011 0.107727 0.224548
v 0.086025 0.092206 0.218402
v 0.087462 0.111259 0.206397
v 0.103652 0.109895 0.219279
v 0.076223 0.108181 0.225193
v 0.090813 0.122377 0.215164
v 0.092692 0.132863 0.218376
v 0.093422 0.131697 0.220434
v 0.094118 0.136717 0.222083
v 0.094333 0.138095 0.217940
v 0.084499 0.112402 0.217634
v 0.088209 0.097894 0.212502
v 0.084219 0.016980 0.225238
v 0.083019 0.016980 0.222320
v 0.081939 0.016979 0.219516
v 0.070948 0.028780 0.232629
v 0.066460 0.029156 0.218007
v 0.070678 0.025802 0.218798
v 0.094220 0.017023 0.211838
v 0.109951 0.028938 0.209084
v 0.110571 0.033840 0.215179
v 0.112410 0.028669 0.221634
v 0.092483 0.025044 0.202921
v 0.088790 0.029118 0.196424
v 0.099382 0.029098 0.198828
v 0.071242 0.033507 0.231615
v 0.067645 0.017808 0.227535
v 0.080621 0.018104 0.241436
v 0.067149 0.019026 0.211960
v 0.074704 0.018376 0.201157
v 0.106599 0.018458 0.235786
v 0.111693 0.017758 0.211253
v 0.112868 0.019018 0.224224
v 0.103039 0.025069 0.230345
v 0.106710 0.025143 0.220294
v 0.095050 0.017585 0.242537
v 0.087337 0.023353 0.238557
v 0.075516 0.023261 0.233384
v 0.071476 0.019877 0.234830
v 0.097594 0.025163 0.235204
v 0.081674 0.024016 0.202823
v 0.106045 0.031450 0.203925
v 0.088560 0.025359 0.237584
v 0.072054 0.024503 0.218519
v 0.075715 0.025050 0.208556
v 0.077805 0.025572 0.233051
v 0.101027 0.028856 0.239059
v 0.084556 0.028010 0.241617
v 0.099516 0.042917 0.216652
v 0.085674 0.025555 0.201528
v 0.104701 0.045970 0.219329
v 0.101562 0.046496 0.229053
v 0.096256 0.042802 0.211238
v 0.101641 0.046546 0.210636
v 0.088141 0.042659 0.229759
v 0.096274 0.042855 0.227578
v 0.095107 0.046322 0.233822
v 0.096865 0.055152 0.216312
v 0.104106 0.024833 0.210273
v 0.089988 0.062931 0.225396
v 0.084430 0.071368 0.221942
v 0.083098 0.062927 0.219941
v 0.084989 0.046382 0.234229
v 0.078800 0.031232 0.239735
v 0.086927 0.032575 0.241845
v 0.109097 0.030824 0.231603
v 0.109697 0.033968 0.227009
v 0.080395 0.043014 0.223898
v 0.074209 0.046280 0.219921
v 0.081820 0.042662 0.212537
v 0.096111 0.054132 0.225230
v 0.098756 0.033167 0.239555
v 0.088741 0.053972 0.228545
v 0.082519 0.054943 0.223561
v 0.085332 0.054952 0.212798
v 0.094849 0.061254 0.219907
v 0.086267 0.083040 0.214721
v 0.083641 0.082974 0.221526
v 0.085912 0.074916 0.215295
v 0.094594 0.034214 0.199459
v 0.079008 0.028963 0.199261
v 0.076494 0.034953 0.203795
v 0.091080 0.042701 0.209129
v 0.093124 0.078674 0.216379
v 0.095715 0.083046 0.216860
v 0.094575 0.079707 0.222194
v 0.092892 0.056976 0.214362
v 0.095732 0.046354 0.205645
v 0.087909 0.089021 0.230337
v 0.090994 0.090883 0.231240
v 0.083177 0.090828 0.229245
v 0.101399 0.086177 0.215103
v 0.096432 0.084963 0.208110
v 0.077944 0.090926 0.220516
v 0.081031 0.088881 0.213042
v 0.080084 0.088946 0.224864
v 0.083286 0.085748 0.231293
v 0.092621 0.085115 0.232734
v 0.089379 0.016976 0.213677
v 0.086779 0.016980 0.213048
v 0.088287 0.016979 0.214542
v 0.093573 0.019885 0.196393
v 0.105492 0.018388 0.202071
v 0.086417 0.017198 0.196234
v 0.070182 0.029384 0.206973
v 0.067873 0.033976 0.219149
v 0.087228 0.085829 0.205372
v 0.079444 0.046445 0.208483
v 0.077160 0.046323 0.228540
v 0.088129 0.066151 0.213985
v 0.087412 0.046546 0.204399
v 0.080721 0.085735 0.210076
v 0.076478 0.086321 0.218369
v 0.089895 0.082673 0.224838
v 0.086725 0.082868 0.225003
v 0.101115 0.085152 0.225189
v 0.093612 0.089078 0.210064
v 0.092246 0.090610 0.208211
v 0.099244 0.090730 0.212750
v 0.077533 0.085140 0.224674
v 0.082457 0.090701 0.210572
v 0.099302 0.087847 0.225539
v 0.094395 0.093547 0.222684
v 0.090595 0.085340 0.206349
v 0.085066 0.085799 0.206912
v 0.100576 0.089027 0.219044
v 0.075459 0.087502 0.220438
v 0.076772 0.087607 0.225129
v 0.075736 0.086027 0.222880
v 0.087637 0.086167 0.233931
v 0.087503 0.087597 0.233365
v 0.082879 0.086168 0.232519
v 0.103700 0.086126 0.221634
v 0.102407 0.086136 0.226088
v 0.102234 0.087730 0.225161
v 0.080074 0.086485 0.231186
v 0.078955 0.086165 0.229623
v 0.077258 0.086208 0.227029
v 0.075404 0.086145 0.216703
v 0.082774 0.087632 0.231966
v 0.091423 0.086136 0.233906
v 0.078536 0.087642 0.228329
v 0.095451 0.086156 0.232818
v 0.091540 0.087648 0.233284
v 0.076676 0.087616 0.214036
v 0.077091 0.086390 0.212155
v 0.075452 0.086023 0.219871
v 0.080509 0.085924 0.208573
v 0.082503 0.085985 0.207261
v 0.103336 0.087568 0.220885
v 0.094231 0.085986 0.205832
v 0.097571 0.085984 0.207946
v 0.098523 0.087072 0.208618
v 0.103507 0.086841 0.217192
v 0.101402 0.087763 0.227240
v 0.098963 0.085984 0.209036
v 0.079457 0.088205 0.208425
v 0.082979 0.087542 0.207261
v 0.093015 0.096062 -0.226582
v 0.088856 0.094076 -0.221432
v 0.081683 0.096064 -0.221433
v 0.099644 0.109032 -0.227853
v 0.090650 0.112197 -0.230665
v 0.095010 0.118489 -0.224812
v 0.098257 0.112042 -0.207632
v 0.104237 0.107345 -0.213902
v 0.104119 0.110540 -0.214190
v 0.085575 0.096160 -0.209338
v 0.095959 0.096126 -0.210110
v 0.089221 0.098083 -0.211028
v 0.095151 0.105444 -0.229883
v 0.095322 0.105251 -0.205919
v 0.087017 0.111079 -0.204712
v 0.076520 0.106349 -0.214689
v 0.076427 0.106419 -0.215089
v 0.076249 0.106921 -0.215534
v 0.085451 0.094011 -0.217122
v 0.089298 0.094014 -0.213127
v 0.101693 0.114373 -0.222025
v 0.104552 0.110422 -0.218327
v 0.104611 0.110390 -0.218367
v 0.104581 0.108058 -0.216401
v 0.096592 0.120277 -0.219928
v 0.093397 0.125067 -0.216657
v 0.074810 0.109029 -0.215035
v 0.084009 0.097961 -0.215425
v 0.104255 0.106644 -0.215348
v 0.096077 0.097956 -0.214117
v 0.093631 0.097971 -0.223432
v 0.102604 0.105232 -0.222193
v 0.085969 0.138744 -0.217224
v 0.090315 0.138783 -0.212674
v 0.094287 0.139070 -0.218000
v 0.077025 0.107725 -0.211904
v 0.104157 0.106026 -0.214623
v 0.076534 0.106455 -0.214058
v 0.092291 0.130378 -0.216506
v 0.091768 0.130011 -0.218527
v 0.091821 0.132831 -0.219705
v 0.087749 0.132904 -0.215160
v 0.092179 0.132890 -0.214925
v 0.094515 0.136105 -0.214477
v 0.087923 0.132821 -0.219586
v 0.085204 0.135762 -0.216299
v 0.087023 0.131927 -0.219880
v 0.090565 0.125031 -0.214525
v 0.094180 0.118904 -0.224569
v 0.089536 0.111342 -0.218749
v 0.085827 0.104516 -0.229254
v 0.082182 0.110738 -0.228444
v 0.084040 0.117784 -0.224031
v 0.090215 0.112010 -0.219267
v 0.082929 0.119039 -0.217597
v 0.078909 0.110743 -0.210578
v 0.089358 0.130447 -0.216329
v 0.086437 0.098075 -0.222502
v 0.077987 0.103895 -0.220414
v 0.095064 0.094012 -0.218366
v 0.088376 0.131978 -0.213762
v 0.099838 0.096147 -0.219687
v 0.084962 0.104609 -0.205988
v 0.077467 0.109257 -0.223085
v 0.089403 0.111956 -0.219229
v 0.100147 0.115602 -0.222005
v 0.090704 0.123250 -0.221982
v 0.089989 0.138215 -0.222567
v 0.094494 0.135729 -0.220516
v 0.103744 0.107890 -0.212132
v 0.098451 0.114566 -0.221203
v 0.112731 0.028459 -0.213883
v 0.107150 0.025619 -0.223769
v 0.110279 0.028596 -0.229136
v 0.089195 0.034947 -0.237755
v 0.077794 0.030689 -0.236991
v 0.071016 0.033644 -0.227492
v 0.113868 0.018294 -0.219359
v 0.112540 0.018109 -0.209037
v 0.106471 0.018567 -0.200159
v 0.099252 0.018659 -0.239352
v 0.096305 0.024056 -0.235315
v 0.105457 0.024128 -0.228085
v 0.110011 0.018312 -0.230840
v 0.068620 0.018062 -0.227227
v 0.078128 0.018785 -0.237885
v 0.066545 0.017718 -0.215495
v 0.106127 0.028997 -0.200912
v 0.103819 0.034433 -0.201182
v 0.094996 0.032076 -0.195502
v 0.087174 0.042444 -0.226973
v 0.096023 0.043050 -0.226199
v 0.103214 0.032707 -0.235694
v 0.083067 0.018518 -0.195272
v 0.081989 0.025369 -0.202394
v 0.077658 0.025280 -0.205628
v 0.081345 0.025112 -0.232515
v 0.074530 0.025015 -0.224972
v 0.074484 0.027925 -0.234009
v 0.108341 0.023982 -0.213777
v 0.082092 0.046079 -0.205131
v 0.081101 0.042810 -0.212636
v 0.087927 0.042787 -0.207672
v 0.110981 0.033740 -0.210944
v 0.112396 0.031434 -0.223063
v 0.102765 0.025083 -0.205571
v 0.088311 0.027955 -0.195681
v 0.100007 0.025550 -0.201780
v 0.095523 0.018169 -0.194333
v 0.094998 0.025511 -0.234720
v 0.087158 0.029162 -0.240381
v 0.100470 0.028890 -0.238005
v 0.080877 0.042431 -0.223817
v 0.100137 0.042175 -0.223460
v 0.100400 0.042848 -0.215474
v 0.067557 0.028918 -0.222140
v 0.089099 0.055378 -0.210944
v 0.083980 0.055863 -0.213463
v 0.095092 0.060989 -0.214033
v 0.092284 0.071869 -0.212541
v 0.086090 0.067504 -0.213632
v 0.092281 0.023611 -0.198327
v 0.080059 0.042794 -0.220015
v 0.078330 0.034072 -0.200366
v 0.068729 0.033518 -0.214946
v 0.068260 0.029386 -0.211388
v 0.100406 0.046142 -0.228443
v 0.097699 0.042983 -0.210126
v 0.103147 0.046082 -0.210280
v 0.100280 0.053045 -0.218702
v 0.094900 0.054926 -0.210545
v 0.083205 0.054544 -0.222099
v 0.082686 0.046367 -0.230838
v 0.076332 0.046177 -0.223371
v 0.094111 0.053296 -0.226309
v 0.091212 0.046584 -0.232639
v 0.095812 0.046037 -0.203708
v 0.086733 0.083109 -0.222583
v 0.077296 0.085078 -0.218935
v 0.084001 0.085575 -0.228658
v 0.104724 0.046624 -0.222479
v 0.095224 0.061297 -0.220898
v 0.095762 0.065171 -0.217715
v 0.087772 0.085779 -0.204801
v 0.084054 0.083019 -0.215184
v 0.090950 0.083013 -0.211235
v 0.085520 0.093183 -0.222644
v 0.093746 0.090678 -0.228639
v 0.083094 0.090373 -0.226409
v 0.096473 0.089060 -0.208565
v 0.088541 0.089051 -0.206529
v 0.089487 0.018473 -0.241390
v 0.077185 0.029048 -0.199224
v 0.072957 0.025242 -0.215344
v 0.070704 0.018378 -0.203968
v 0.075815 0.046238 -0.213753
v 0.085986 0.063174 -0.221745
v 0.092726 0.069940 -0.222472
v 0.093768 0.082948 -0.222686
v 0.096192 0.082961 -0.216087
v 0.085027 0.081306 -0.218675
v 0.096317 0.085547 -0.229555
v 0.097317 0.087498 -0.227824
v 0.093001 0.089048 -0.228474
v 0.097456 0.085313 -0.206271
v 0.103415 0.085151 -0.218131
v 0.079548 0.085867 -0.210177
v 0.078276 0.087601 -0.221333
v 0.081885 0.089037 -0.224525
v 0.079738 0.090535 -0.213507
v 0.079390 0.089068 -0.216038
v 0.100749 0.088556 -0.217179
v 0.099084 0.089124 -0.224318
v 0.089172 0.094046 -0.219826
v 0.096672 0.093355 -0.220998
v 0.087758 0.094046 -0.216973
v 0.088184 0.094047 -0.217901
v 0.087330 0.094046 -0.218852
v 0.088707 0.094049 -0.218908
v 0.094927 0.090753 -0.207394
v 0.101433 0.090675 -0.214662
v 0.076221 0.087403 -0.213510
v 0.075895 0.086147 -0.215094
v 0.075931 0.086165 -0.218609
v 0.099961 0.085928 -0.206899
v 0.095404 0.087643 -0.204666
v 0.098059 0.087609 -0.206083
v 0.103387 0.086094 -0.211883
v 0.097304 0.085985 -0.205322
v 0.077308 0.086140 -0.211241
v 0.090317 0.137797 -0.217630
v 0.079753 0.087610 -0.208503
v 0.087789 0.087641 -0.203850
v 0.093534 0.086086 -0.203764
v 0.092310 0.087569 -0.203877
v 0.080898 0.086016 -0.207007
v 0.083578 0.087516 -0.205284
v 0.082256 0.085704 -0.206005
v 0.090255 0.084826 -0.203360
v 0.083642 0.085984 -0.205149
v 0.101913 0.087588 -0.209675
v 0.104942 0.088800 -0.219925
v 0.105367 0.085008 -0.219880
v 0.097404 0.086019 -0.229866
v 0.099714 0.087533 -0.227948
v 0.100869 0.085687 -0.227665
v 0.076421 0.087536 -0.218640
v 0.077508 0.087662 -0.211315
v -0.098039 0.094060 -0.218949
v -0.095075 0.095975 -0.230253
v -0.094877 0.094022 -0.225202
v -0.095457 0.097992 -0.226543
v -0.088671 0.098154 -0.224514
v -0.084574 0.095969 -0.221406
v -0.088681 0.103518 -0.231277
v -0.101887 0.096143 -0.215306
v -0.103296 0.096063 -0.224233
v -0.094133 0.095939 -0.210810
v -0.087854 0.096082 -0.228340
v -0.098370 0.098008 -0.223923
v -0.092811 0.093765 -0.216744
v -0.100593 0.098168 -0.218108
v -0.092060 0.097921 -0.214345
v -0.093115 0.103926 -0.208095
v -0.088343 0.118022 -0.227422
v -0.094084 0.112248 -0.222442
v -0.090582 0.118975 -0.227613
v -0.095804 0.110518 -0.207283
v -0.094182 0.122916 -0.215863
v -0.104877 0.110327 -0.212009
v -0.108037 0.106482 -0.218231
v -0.082579 0.107103 -0.227486
v -0.092587 0.111712 -0.233498
v -0.084316 0.115601 -0.224998
v -0.082764 0.114677 -0.224626
v -0.100977 0.104425 -0.209569
v -0.090428 0.133896 -0.219668
v -0.093296 0.132905 -0.223718
v -0.091295 0.135971 -0.224979
v -0.107565 0.109117 -0.215500
v -0.097953 0.123399 -0.218614
v -0.097868 0.121593 -0.225321
v -0.096859 0.138498 -0.224649
v -0.098833 0.138843 -0.219950
v -0.091117 0.138892 -0.217070
v -0.096596 0.128738 -0.219783
v -0.096510 0.132883 -0.223128
v -0.085542 0.106866 -0.209971
v -0.088634 0.112303 -0.208673
v -0.095331 0.130420 -0.221916
v -0.093929 0.132531 -0.217636
v -0.097255 0.132885 -0.219151
v -0.089774 0.138830 -0.222647
v -0.102340 0.117118 -0.226439
v -0.100051 0.109668 -0.232720
v -0.101149 0.103275 -0.230612
v -0.105627 0.105449 -0.227255
v -0.087777 0.098039 -0.218517
v -0.087559 0.095992 -0.213374
v -0.089493 0.094056 -0.220632
v -0.080932 0.108391 -0.215484
v -0.089628 0.123431 -0.220554
v -0.107705 0.107713 -0.215733
v -0.079867 0.107542 -0.220976
v -0.078908 0.103864 -0.216130
v -0.107673 0.104773 -0.213588
v -0.080723 0.108093 -0.215505
v -0.080707 0.108373 -0.215590
v -0.093996 0.137430 -0.215418
v -0.098765 0.136208 -0.217686
v -0.092634 0.130158 -0.219877
v -0.094905 0.127258 -0.223447
v -0.094163 0.112199 -0.222403
v -0.102252 0.104650 -0.216523
v -0.079894 0.110375 -0.221291
v -0.079733 0.110072 -0.220690
v -0.108588 0.025427 -0.231248
v -0.111076 0.023619 -0.229155
v -0.112129 0.025400 -0.218909
v -0.084850 0.025166 -0.206318
v -0.092499 0.018883 -0.196861
v -0.081395 0.018467 -0.200729
v -0.074081 0.033590 -0.213346
v -0.071473 0.028621 -0.225353
v -0.073724 0.032727 -0.228865
v -0.107395 0.018889 -0.240017
v -0.117835 0.018033 -0.222226
v -0.114551 0.017339 -0.232902
v -0.084570 0.042832 -0.224184
v -0.091581 0.042637 -0.230298
v -0.102393 0.029549 -0.198872
v -0.103121 0.025276 -0.205668
v -0.096425 0.025407 -0.203211
v -0.102274 0.017469 -0.198210
v -0.094370 0.018693 -0.244505
v -0.114728 0.017081 -0.208916
v -0.078299 0.029001 -0.237407
v -0.087011 0.028494 -0.242524
v -0.082136 0.032713 -0.239533
v -0.078602 0.025339 -0.213531
v -0.070681 0.018348 -0.223072
v -0.076724 0.025219 -0.221176
v -0.071853 0.029024 -0.215045
v -0.086406 0.043123 -0.213028
v -0.087417 0.042246 -0.211549
v -0.073083 0.017841 -0.209604
v -0.083927 0.046497 -0.231867
v -0.079466 0.046263 -0.223022
v -0.089000 0.024109 -0.238533
v -0.084043 0.019637 -0.242174
v -0.077072 0.023840 -0.228639
v -0.084026 0.025265 -0.235150
v -0.093146 0.046268 -0.235799
v -0.077555 0.016804 -0.237208
v -0.074859 0.019750 -0.234529
v -0.092767 0.031642 -0.243398
v -0.079213 0.028962 -0.203033
v -0.096851 0.016980 -0.227133
v -0.089557 0.033095 -0.199216
v -0.099475 0.042792 -0.211494
v -0.090422 0.054274 -0.228800
v -0.095889 0.065077 -0.225426
v -0.099026 0.081402 -0.224741
v -0.094984 0.082985 -0.226465
v -0.093325 0.063574 -0.215220
v -0.093241 0.054474 -0.211932
v -0.087510 0.054571 -0.215334
v -0.114717 0.030084 -0.210226
v -0.117308 0.029095 -0.221940
v -0.104529 0.042780 -0.219535
v -0.109112 0.046166 -0.218184
v -0.107983 0.046320 -0.226986
v -0.091223 0.046438 -0.205809
v -0.082263 0.046463 -0.211139
v -0.094507 0.054492 -0.228906
v -0.101616 0.055048 -0.222338
v -0.089278 0.066955 -0.223922
v -0.087369 0.057226 -0.222307
v -0.085323 0.054042 -0.220484
v -0.099822 0.082858 -0.218693
v -0.091164 0.083031 -0.213974
v -0.099906 0.085348 -0.209026
v -0.100707 0.055275 -0.216386
v -0.082512 0.085359 -0.225877
v -0.083917 0.087530 -0.227755
v -0.085960 0.087690 -0.211381
v -0.100527 0.046480 -0.234320
v -0.088529 0.080156 -0.222401
v -0.087880 0.083041 -0.222646
v -0.082656 0.085162 -0.214276
v -0.090451 0.081432 -0.216221
v -0.105161 0.087237 -0.226192
v -0.099790 0.085183 -0.232676
v -0.105964 0.085324 -0.227044
v -0.099834 0.023870 -0.238289
v -0.097044 0.025527 -0.238344
v -0.116895 0.018754 -0.214574
v -0.109328 0.024928 -0.211731
v -0.108367 0.033272 -0.203530
v -0.114259 0.034117 -0.214187
v -0.092264 0.016980 -0.226070
v -0.101429 0.029875 -0.242153
v -0.093048 0.029020 -0.197673
v -0.099675 0.042625 -0.229062
v -0.113586 0.028683 -0.232580
v -0.099928 0.067069 -0.220232
v -0.102374 0.046412 -0.208552
v -0.108915 0.031555 -0.237844
v -0.091125 0.085208 -0.233679
v -0.114835 0.033785 -0.227655
v -0.095997 0.080177 -0.215086
v -0.106033 0.085290 -0.215361
v -0.090986 0.085390 -0.207713
v -0.104112 0.088810 -0.217036
v -0.102491 0.087517 -0.211122
v -0.094269 0.087518 -0.233232
v -0.088716 0.088896 -0.230001
v -0.083678 0.089163 -0.219678
v -0.096092 0.088974 -0.209672
v -0.103614 0.090745 -0.214010
v -0.104180 0.091011 -0.225832
v -0.101743 0.089034 -0.228470
v -0.082937 0.090754 -0.217478
v -0.086699 0.090931 -0.229133
v -0.088049 0.089081 -0.211471
v -0.100293 0.093362 -0.218279
v -0.096516 0.090746 -0.231849
v -0.106875 0.087600 -0.214667
v -0.105520 0.086129 -0.211714
v -0.104189 0.087791 -0.210638
v -0.103803 0.087816 -0.210064
v -0.102647 0.085954 -0.209291
v -0.100822 0.085984 -0.208144
v -0.098172 0.086048 -0.207025
v -0.101045 0.087641 -0.208490
v -0.093884 0.086640 -0.206231
v -0.090944 0.086086 -0.206769
v -0.094889 0.086035 -0.206535
v -0.108112 0.086040 -0.222949
v -0.106956 0.087593 -0.226250
v -0.105549 0.086135 -0.229492
v -0.085902 0.085984 -0.209141
v -0.089732 0.087583 -0.207260
v -0.087163 0.085985 -0.208314
v -0.083701 0.087618 -0.211177
v -0.084697 0.085986 -0.210118
v -0.082658 0.087636 -0.228560
v -0.083761 0.086190 -0.230772
v -0.088836 0.087636 -0.233567
v -0.084754 0.087996 -0.231340
v -0.107253 0.085985 -0.226373
v -0.101128 0.087780 -0.208554
v -0.237655 0.114695 0.209112
v -0.230830 0.105101 0.213077
v -0.238256 0.105918 0.208543
v -0.199034 0.114711 0.229951
v -0.205274 0.114880 0.218372
v -0.206400 0.114900 0.226603
v -0.221074 0.105308 0.197757
v -0.220912 0.098873 0.197541
v -0.229691 0.105721 0.200065
v -0.214029 0.105290 0.234237
v -0.225714 0.105278 0.229618
v -0.225347 0.105974 0.231472
v -0.228773 0.114818 0.237493
v -0.215516 0.114529 0.233834
v -0.212438 0.114590 0.239892
v -0.206920 0.105178 0.213051
v -0.200610 0.112651 0.209442
v -0.204990 0.114912 0.219448
v -0.197134 0.099073 0.220185
v -0.204455 0.098687 0.203043
v -0.235266 0.098609 0.204969
v -0.237703 0.105057 0.207650
v -0.232854 0.105511 0.225533
v -0.232765 0.114709 0.221183
v -0.199246 0.104851 0.208566
v -0.207847 0.104607 0.238762
v -0.224960 0.099096 0.239821
v -0.199025 0.104870 0.230394
v -0.225361 0.105247 0.207782
v -0.211466 0.105298 0.204641
v -0.207878 0.114774 0.199988
v -0.217657 0.114865 0.206109
v -0.229279 0.114849 0.200265
v -0.225840 0.114858 0.207247
v -0.204167 0.105100 0.224783
v -0.238241 0.114771 0.230363
v -0.208278 0.104978 0.200071
v -0.240322 0.099062 0.222360
v -0.238435 0.104963 0.230359
v -0.229589 0.104984 0.239306
v -0.221678 0.114908 0.206369
v -0.231792 0.105072 0.201824
v -0.224905 0.105621 0.230424
v -0.212618 0.089603 0.205973
v -0.214321 0.045354 0.200833
v -0.224244 0.070936 0.203475
v -0.207610 0.089830 0.230716
v -0.222880 0.089710 0.235745
v -0.215579 0.071537 0.236238
v -0.231808 0.089682 0.210329
v -0.232446 0.082045 0.211406
v -0.233391 0.089710 0.225513
v -0.206743 0.042464 0.207922
v -0.205732 0.082921 0.228659
v -0.235078 0.042452 0.222972
v -0.236410 0.025703 0.239174
v -0.218221 0.042487 0.236161
v -0.223967 0.042355 0.203852
v -0.213982 0.026806 0.193859
v -0.228378 0.025903 0.195060
v -0.230943 0.045357 0.204495
v -0.220774 0.092315 0.240648
v -0.206545 0.090927 0.237322
v -0.198806 0.094990 0.226333
v -0.238913 0.092209 0.225519
v -0.207990 0.089566 0.208986
v -0.202204 0.089697 0.219442
v -0.202023 0.071284 0.217507
v -0.198037 0.090255 0.221501
v -0.228482 0.045387 0.236347
v -0.213543 0.045343 0.238541
v -0.196705 0.026084 0.206281
v -0.192907 0.026006 0.223441
v -0.240225 0.026157 0.204466
v -0.237978 0.045386 0.221095
v -0.206348 0.091705 0.202076
v -0.226690 0.071860 0.234088
v -0.237296 0.092633 0.208747
v -0.221880 0.095160 0.198419
v -0.222933 0.090188 0.199211
v -0.199565 0.095161 0.209755
v -0.205342 0.042469 0.230037
v -0.201773 0.042472 0.220820
v -0.200498 0.026257 0.238431
v -0.226396 0.025681 0.244940
v -0.242795 0.026819 0.229941
v -0.244987 0.025960 0.215677
v -0.232440 0.095140 0.236109
v -0.234317 0.042558 0.212297
v -0.212527 0.025999 0.245167
v -0.198498 0.019817 0.235885
v -0.236046 0.018771 0.239395
v -0.244293 0.019782 0.224730
v -0.193213 0.019789 0.217167
v -0.241050 0.020517 0.205746
v -0.199407 0.019626 0.201797
v -0.214953 0.019406 0.193768
v -0.231782 0.019219 0.196639
v -0.225599 0.019675 0.245080
v -0.212829 0.019921 0.245145
v -0.234301 0.095308 0.201438
v -0.232838 0.098088 0.203240
v -0.239292 0.098256 0.213327
v -0.212577 0.098266 0.240077
v -0.204499 0.095305 0.236023
v -0.203141 0.098243 0.234168
v -0.202931 0.095593 0.233569
v -0.221516 0.095145 0.240405
v -0.233624 0.098207 0.235375
v -0.235242 0.095305 0.233904
v -0.225787 0.096057 0.239914
v -0.236607 0.095604 0.229922
v -0.201275 0.095672 0.205125
v -0.211937 0.098277 0.199657
v -0.211209 0.095336 0.197291
v -0.197766 0.095280 0.219413
v -0.189845 0.095308 0.221455
v -0.202405 0.095305 0.205253
v -0.206043 0.098100 0.202228
v -0.222492 0.098274 0.200267
v -0.239425 0.095305 0.212534
v -0.233145 0.095305 0.203181
v -0.211780 0.095305 0.198969
v -0.223026 0.095305 0.198215
v -0.242484 0.095309 0.223679
v -0.239558 0.098206 0.224594
v -0.240197 0.095305 0.223771
v -0.198635 0.098261 0.211620
v -0.198017 0.097495 0.223568
v -0.239607 0.021452 0.232864
v -0.236127 0.021565 0.236907
v -0.243099 0.021945 0.226225
v -0.233403 0.024800 0.197730
v -0.201845 0.021565 0.199388
v -0.236635 0.021565 0.200142
v -0.230604 0.024568 0.243196
v -0.209720 0.020028 0.245818
v -0.230106 0.021432 0.242199
v -0.196186 0.021565 0.210220
v -0.198303 0.021565 0.205914
v -0.243306 0.021565 0.219593
v -0.243157 0.024745 0.208961
v -0.243744 0.024732 0.225643
v -0.204693 0.023415 0.198835
v -0.242992 0.021196 0.215879
v -0.193177 0.021892 0.220309
v -0.198954 0.021817 0.236539
v -0.194063 0.024742 0.226019
v -0.224149 0.024653 0.195062
v -0.219945 0.021517 0.193238
v -0.236889 0.024687 0.201659
v -0.214131 0.024733 0.195597
v -0.199382 0.021565 0.234500
v -0.241516 0.021837 0.207117
v -0.215298 0.021836 0.245239
v -0.212512 0.025009 0.246165
v -0.201798 0.024939 0.239005
v -0.195266 0.024597 0.209654
v -0.203319 0.024609 0.198510
v -0.240858 0.024704 0.233760
v 0.240644 0.098984 0.226362
v 0.239388 0.104937 0.230422
v 0.230001 0.105094 0.239611
v 0.240695 0.099876 0.213912
v 0.230872 0.104951 0.199993
v 0.239331 0.104971 0.208591
v 0.219894 0.099514 0.197959
v 0.230881 0.114772 0.239049
v 0.220442 0.114700 0.240993
v 0.202295 0.105032 0.209622
v 0.208143 0.105464 0.213122
v 0.206782 0.105161 0.202570
v 0.209809 0.098741 0.238182
v 0.228601 0.098675 0.240026
v 0.206193 0.105818 0.221720
v 0.200643 0.105034 0.230743
v 0.204409 0.105287 0.233119
v 0.217170 0.114876 0.232844
v 0.213500 0.105556 0.231492
v 0.212993 0.114875 0.232075
v 0.236850 0.115055 0.210117
v 0.236120 0.115039 0.219809
v 0.233390 0.114974 0.227291
v 0.239141 0.114836 0.209279
v 0.234547 0.114734 0.215171
v 0.234644 0.105234 0.214712
v 0.225023 0.105378 0.205384
v 0.204707 0.099096 0.203433
v 0.208885 0.104920 0.200262
v 0.238293 0.114792 0.229689
v 0.231885 0.105270 0.226095
v 0.227012 0.114889 0.232083
v 0.226994 0.114881 0.231987
v 0.198174 0.100356 0.220882
v 0.220240 0.114861 0.233131
v 0.226952 0.114893 0.207290
v 0.212145 0.115986 0.203929
v 0.209643 0.104946 0.237984
v 0.226581 0.105306 0.231473
v 0.228143 0.114746 0.200072
v 0.213436 0.105600 0.207764
v 0.209050 0.114733 0.239161
v 0.209192 0.114842 0.200308
v 0.202427 0.113795 0.209842
v 0.212993 0.114910 0.207235
v 0.206786 0.114856 0.222475
v 0.206480 0.114811 0.218768
v 0.207678 0.114786 0.226618
v 0.200579 0.114704 0.229863
v 0.219822 0.106111 0.233009
v 0.210585 0.089689 0.207805
v 0.205192 0.072658 0.211402
v 0.203591 0.089715 0.219057
v 0.231747 0.042533 0.207624
v 0.216798 0.044722 0.201608
v 0.231085 0.054220 0.205111
v 0.198849 0.091468 0.216325
v 0.205180 0.090367 0.234603
v 0.209142 0.045109 0.203747
v 0.240927 0.093133 0.223174
v 0.217234 0.093436 0.240548
v 0.233979 0.091208 0.235428
v 0.205581 0.089660 0.226372
v 0.196211 0.025776 0.230588
v 0.217501 0.026072 0.245737
v 0.204177 0.026341 0.240829
v 0.207919 0.089670 0.228969
v 0.200356 0.045377 0.219059
v 0.237048 0.042485 0.218374
v 0.245930 0.026870 0.216152
v 0.234037 0.089598 0.224301
v 0.225370 0.089740 0.234748
v 0.231055 0.071968 0.232412
v 0.216333 0.042467 0.203448
v 0.238527 0.026377 0.201529
v 0.218049 0.026263 0.193495
v 0.235108 0.092743 0.204886
v 0.234573 0.089722 0.211864
v 0.219752 0.089690 0.203478
v 0.205963 0.092786 0.203389
v 0.218976 0.093318 0.198415
v 0.207242 0.045321 0.233559
v 0.224851 0.045343 0.238116
v 0.221338 0.042491 0.236338
v 0.234529 0.042470 0.228303
v 0.244817 0.026002 0.228666
v 0.200874 0.095160 0.229556
v 0.203211 0.042475 0.219651
v 0.207994 0.042567 0.231772
v 0.238463 0.045369 0.226151
v 0.219185 0.064374 0.236525
v 0.195631 0.026517 0.211057
v 0.205146 0.026895 0.197705
v 0.233079 0.026201 0.242114
v 0.212814 0.019554 0.244580
v 0.230877 0.018842 0.243257
v 0.240829 0.020139 0.235535
v 0.245606 0.019889 0.216509
v 0.222200 0.020075 0.193563
v 0.201728 0.021460 0.238488
v 0.194130 0.019916 0.214430
v 0.237021 0.019765 0.199523
v 0.208109 0.019520 0.196291
v 0.196044 0.019306 0.229779
v 0.228340 0.098288 0.239698
v 0.235889 0.097880 0.233862
v 0.240400 0.096038 0.221331
v 0.237353 0.095062 0.231507
v 0.224235 0.095305 0.240990
v 0.217643 0.097301 0.240479
v 0.199391 0.095305 0.212575
v 0.206706 0.095251 0.202710
v 0.202112 0.097835 0.208034
v 0.209639 0.097268 0.201002
v 0.227062 0.095305 0.198996
v 0.205417 0.097621 0.233792
v 0.198941 0.097151 0.220763
v 0.236419 0.095305 0.205277
v 0.203605 0.095305 0.233950
v 0.222524 0.098234 0.198678
v 0.234172 0.098278 0.203352
v 0.241395 0.095305 0.215427
v 0.239712 0.097736 0.211420
v 0.195517 0.021565 0.219614
v 0.195320 0.024625 0.227590
v 0.195155 0.024702 0.214918
v 0.230055 0.024939 0.246071
v 0.242545 0.024642 0.231947
v 0.236992 0.021565 0.239008
v 0.216646 0.024939 0.193733
v 0.197387 0.021565 0.210241
v 0.204532 0.024939 0.198458
v 0.241225 0.021565 0.231861
v 0.240565 0.021540 0.205095
v 0.234920 0.021565 0.200184
v 0.242637 0.021565 0.210241
v 0.246552 0.024646 0.218316
v 0.244507 0.021565 0.219614
v 0.244293 0.021565 0.222810
v 0.224348 0.021637 0.194485
v 0.229385 0.021565 0.196989
v 0.213674 0.021565 0.195962
v 0.206439 0.025242 0.244618
v 0.227119 0.021400 0.244632
v 0.216816 0.021565 0.243895
v 0.205072 0.024893 0.241359
v 0.198372 0.021565 0.234711
v 0.230372 0.024939 0.194473
v 0.221754 0.021184 0.194313
v 0.204704 0.024939 0.241080
v 0.207017 0.021469 0.241943
v 0.196431 0.022173 0.230255
v 0.237537 0.024842 0.199465
v 0.223447 0.024939 0.245717
v 0.237973 0.024939 0.238794
v 0.206569 0.024939 0.242161
v 0.196359 0.021565 0.213277
v 0.195732 0.021565 0.216419
v 0.245679 0.021806 0.213752
v 0.244293 0.021565 0.216419
v 0.232259 0.021565 0.198401
v 0.211250 0.024939 0.194802
v 0.201850 0.020732 0.200452
v 0.199220 0.024661 0.204392
v 0.236038 0.024939 0.198727
v 0.243370 0.021554 0.227610
v 0.199662 0.024939 0.235228
v 0.229559 0.091594 -0.200787
v 0.238835 0.090378 -0.210066
v 0.240763 0.092025 -0.224150
v 0.211063 0.041230 -0.233802
v 0.222512 0.025228 -0.245838
v 0.209429 0.024713 -0.244119
v 0.198470 0.097711 -0.215863
v 0.203478 0.097455 -0.234468
v 0.220237 0.097528 -0.241600
v 0.234293 0.104265 -0.224467
v 0.239150 0.113556 -0.230480
v 0.239094 0.103901 -0.230747
v 0.224459 0.104011 -0.205205
v 0.205254 0.103693 -0.232365
v 0.205893 0.104061 -0.213701
v 0.220780 0.113673 -0.206088
v 0.212698 0.113685 -0.207284
v 0.218483 0.113550 -0.198782
v 0.235547 0.097595 -0.204456
v 0.218217 0.097306 -0.197219
v 0.236242 0.097430 -0.234546
v 0.219097 0.096286 -0.198857
v 0.211628 0.097417 -0.198726
v 0.204975 0.113794 -0.222231
v 0.207513 0.104181 -0.226218
v 0.241873 0.097802 -0.219619
v 0.214145 0.104359 -0.234470
v 0.213052 0.113468 -0.231675
v 0.208769 0.113677 -0.239052
v 0.233449 0.113806 -0.219082
v 0.231855 0.113372 -0.226372
v 0.208805 0.103793 -0.200102
v 0.230548 0.103653 -0.200180
v 0.206091 0.113633 -0.218392
v 0.201894 0.112880 -0.210088
v 0.232931 0.113725 -0.217095
v 0.226194 0.104006 -0.231555
v 0.230547 0.103500 -0.239478
v 0.208907 0.117248 -0.236302
v 0.213212 0.104291 -0.207828
v 0.219971 0.113697 -0.205860
v 0.226626 0.113713 -0.232028
v 0.219491 0.113004 -0.240823
v 0.225499 0.097459 -0.198036
v 0.239546 0.112639 -0.214126
v 0.239127 0.103803 -0.208787
v 0.231724 0.113442 -0.212985
v 0.231549 0.104174 -0.213233
v 0.230468 0.113663 -0.200439
v 0.200063 0.104598 -0.208845
v 0.208851 0.103808 -0.239357
v 0.200190 0.103829 -0.230403
v 0.200156 0.113526 -0.230672
v 0.207274 0.113680 -0.226705
v 0.199195 0.113416 -0.221060
v 0.201959 0.103881 -0.206665
v 0.208742 0.113423 -0.200180
v 0.208045 0.088995 -0.202942
v 0.199079 0.089045 -0.224102
v 0.203849 0.088517 -0.223824
v 0.231491 0.091557 -0.237211
v 0.213104 0.089141 -0.239272
v 0.207259 0.093971 -0.235889
v 0.203719 0.069892 -0.224432
v 0.211651 0.044164 -0.237619
v 0.201972 0.044393 -0.227731
v 0.224493 0.088401 -0.234577
v 0.233952 0.088555 -0.226715
v 0.213738 0.093907 -0.199302
v 0.199850 0.093956 -0.213174
v 0.199516 0.024696 -0.203435
v 0.207861 0.041305 -0.207611
v 0.193290 0.024803 -0.218765
v 0.202894 0.041314 -0.220397
v 0.201085 0.044146 -0.212943
v 0.237440 0.058367 -0.221275
v 0.234769 0.088532 -0.213688
v 0.208016 0.088519 -0.208874
v 0.221890 0.041236 -0.203132
v 0.210069 0.044130 -0.202698
v 0.215628 0.088507 -0.205354
v 0.206661 0.077562 -0.209865
v 0.213077 0.088356 -0.232473
v 0.237943 0.024785 -0.201428
v 0.232268 0.041312 -0.208173
v 0.233140 0.070939 -0.209750
v 0.245675 0.025307 -0.219239
v 0.199816 0.024727 -0.236922
v 0.223174 0.088462 -0.204908
v 0.222848 0.041320 -0.236543
v 0.230639 0.044029 -0.235778
v 0.236351 0.041327 -0.219378
v 0.231182 0.041182 -0.232062
v 0.236865 0.025216 -0.239048
v 0.218810 0.025089 -0.193760
v 0.238846 0.044276 -0.221371
v 0.200639 0.018322 -0.202297
v 0.196916 0.018916 -0.233102
v 0.193810 0.018760 -0.218641
v 0.216599 0.018032 -0.193752
v 0.232073 0.018445 -0.196778
v 0.240582 0.019237 -0.203498
v 0.207936 0.018086 -0.243071
v 0.239033 0.018928 -0.236978
v 0.223698 0.018553 -0.245258
v 0.245556 0.018835 -0.218240
v 0.199093 0.094647 -0.213504
v 0.199136 0.096507 -0.224125
v 0.198306 0.094123 -0.215529
v 0.202421 0.094121 -0.207112
v 0.210332 0.094416 -0.200800
v 0.231560 0.097025 -0.236854
v 0.240693 0.092611 -0.224757
v 0.237277 0.097132 -0.232224
v 0.239348 0.096305 -0.210998
v 0.241069 0.094123 -0.223930
v 0.221081 0.097040 -0.199572
v 0.224200 0.094126 -0.196394
v 0.212618 0.094123 -0.199098
v 0.201900 0.094126 -0.204097
v 0.211133 0.097045 -0.200414
v 0.230808 0.097076 -0.202825
v 0.234024 0.094123 -0.203293
v 0.237499 0.094127 -0.208063
v 0.240316 0.094123 -0.212676
v 0.203689 0.093402 -0.233224
v 0.206715 0.096187 -0.236398
v 0.218332 0.097024 -0.241006
v 0.235246 0.097053 -0.204667
v 0.239809 0.094383 -0.218210
v 0.242789 0.094154 -0.224293
v 0.236111 0.094123 -0.234032
v 0.226770 0.094123 -0.240316
v 0.227807 0.094126 -0.242222
v 0.215514 0.094123 -0.241093
v 0.223870 0.094123 -0.198322
v 0.234492 0.023581 -0.198159
v 0.240042 0.023757 -0.204094
v 0.222722 0.023757 -0.193636
v 0.193997 0.020793 -0.223785
v 0.194638 0.021048 -0.213509
v 0.194784 0.023460 -0.211289
v 0.197066 0.020382 -0.229080
v 0.208860 0.020467 -0.243758
v 0.203600 0.020382 -0.240680
v 0.214752 0.024063 -0.246472
v 0.219527 0.020260 -0.245604
v 0.207516 0.023511 -0.242919
v 0.196696 0.023526 -0.231216
v 0.199852 0.020382 -0.234748
v 0.215373 0.022600 -0.193997
v 0.221848 0.019275 -0.193687
v 0.210319 0.020382 -0.197082
v 0.234438 0.023757 -0.197697
v 0.243659 0.023369 -0.208769
v 0.202852 0.022363 -0.199675
v 0.203449 0.020382 -0.201173
v 0.200262 0.020382 -0.204800
v 0.246749 0.020382 -0.217724
v 0.245476 0.020856 -0.215426
v 0.211947 0.023797 -0.244138
v 0.242317 0.020382 -0.229080
v 0.243483 0.023309 -0.229350
v 0.239661 0.020006 -0.234299
v 0.233166 0.020607 -0.242027
v 0.229065 0.020382 -0.242333
v 0.236084 0.023519 -0.240645
v 0.235150 0.020379 -0.200073
v 0.239121 0.020382 -0.204800
v 0.207444 0.020382 -0.198495
v 0.231611 0.023514 -0.243247
v 0.245676 0.020676 -0.221826
v 0.243972 0.020382 -0.216512
v 0.243972 0.020382 -0.222903
v 0.232163 0.020632 -0.196628
v 0.195040 0.023541 -0.219711
v -0.232889 0.104258 -0.224646
v -0.238120 0.104361 -0.209025
v -0.225138 0.104534 -0.208079
v -0.211443 0.113802 -0.240108
v -0.213317 0.113170 -0.233732
v -0.211825 0.104489 -0.232187
v -0.208573 0.113880 -0.200950
v -0.211703 0.113975 -0.207739
v -0.219015 0.113951 -0.206365
v -0.207913 0.103107 -0.201087
v -0.212899 0.104620 -0.204886
v -0.230904 0.113777 -0.226853
v -0.232371 0.113953 -0.219876
v -0.240046 0.099142 -0.220952
v -0.232014 0.097725 -0.237624
v -0.238353 0.097797 -0.210110
v -0.225656 0.104206 -0.233980
v -0.238200 0.113829 -0.209549
v -0.230498 0.104680 -0.213470
v -0.231013 0.113956 -0.213004
v -0.225643 0.114023 -0.232468
v -0.207794 0.103744 -0.239852
v -0.206733 0.104508 -0.226631
v -0.196939 0.098376 -0.222658
v -0.199173 0.113875 -0.230577
v -0.199093 0.113890 -0.209090
v -0.229544 0.104005 -0.200609
v -0.237991 0.104959 -0.231041
v -0.237494 0.104030 -0.232002
v -0.229413 0.097759 -0.200594
v -0.238294 0.113777 -0.230899
v -0.229433 0.113885 -0.239497
v -0.225627 0.114008 -0.232400
v -0.228392 0.111960 -0.202320
v -0.205550 0.097692 -0.238332
v -0.205332 0.097586 -0.237791
v -0.207893 0.097586 -0.239499
v -0.229580 0.103946 -0.239514
v -0.205079 0.113977 -0.221268
v -0.206542 0.113739 -0.226739
v -0.204061 0.104909 -0.215201
v -0.206193 0.113998 -0.213006
v -0.205095 0.114007 -0.218598
v -0.218504 0.113973 -0.206232
v -0.216294 0.099638 -0.198176
v -0.201015 0.098202 -0.207790
v -0.199059 0.104188 -0.231057
v -0.199716 0.104015 -0.209402
v -0.206707 0.097586 -0.238791
v -0.219437 0.113990 -0.233458
v -0.206722 0.041572 -0.231930
v -0.211562 0.071461 -0.235316
v -0.207414 0.088723 -0.229671
v -0.198049 0.091494 -0.226044
v -0.202685 0.088817 -0.217640
v -0.234078 0.041597 -0.213575
v -0.233960 0.041607 -0.227315
v -0.242393 0.025688 -0.231027
v -0.232688 0.088778 -0.211531
v -0.234110 0.071079 -0.226828
v -0.235292 0.071031 -0.217049
v -0.237594 0.091923 -0.209997
v -0.237482 0.089397 -0.229207
v -0.217745 0.044466 -0.239602
v -0.203830 0.041803 -0.212569
v -0.200444 0.044484 -0.226699
v -0.203170 0.044482 -0.209012
v -0.230784 0.088796 -0.229965
v -0.214770 0.091733 -0.198889
v -0.216860 0.088785 -0.236182
v -0.207759 0.092589 -0.238437
v -0.223183 0.090261 -0.240911
v -0.236004 0.094255 -0.231552
v -0.222439 0.088615 -0.205828
v -0.228174 0.091547 -0.200646
v -0.199840 0.089278 -0.210115
v -0.201840 0.094262 -0.207130
v -0.225641 0.059082 -0.236280
v -0.219354 0.041670 -0.203620
v -0.212431 0.025191 -0.194561
v -0.213603 0.088749 -0.205342
v -0.217993 0.044428 -0.200499
v -0.229130 0.044207 -0.204335
v -0.230021 0.044495 -0.235918
v -0.192778 0.025191 -0.216184
v -0.198874 0.024921 -0.202466
v -0.203733 0.024915 -0.241892
v -0.244313 0.025123 -0.214960
v -0.221978 0.041598 -0.236035
v -0.214388 0.024987 -0.246097
v -0.230471 0.025245 -0.243130
v -0.204473 0.055524 -0.208724
v -0.195023 0.025477 -0.231970
v -0.238266 0.025221 -0.202659
v -0.227835 0.025231 -0.195439
v -0.192464 0.018694 -0.220448
v -0.241322 0.018593 -0.233344
v -0.206906 0.018404 -0.243486
v -0.197411 0.018894 -0.235605
v -0.230231 0.019350 -0.243353
v -0.218762 0.017178 -0.246366
v -0.238048 0.019613 -0.202438
v -0.219143 0.019374 -0.193938
v -0.244745 0.018582 -0.219180
v -0.200948 0.019133 -0.201338
v -0.231523 0.094389 -0.237099
v -0.238155 0.097333 -0.227892
v -0.233358 0.094428 -0.238231
v -0.212009 0.097336 -0.240235
v -0.217417 0.095051 -0.241381
v -0.224099 0.097353 -0.240064
v -0.197761 0.094680 -0.214097
v -0.199573 0.094664 -0.229631
v -0.199420 0.097296 -0.229163
v -0.207475 0.094614 -0.238517
v -0.226043 0.097315 -0.199901
v -0.237448 0.097369 -0.210459
v -0.235103 0.094403 -0.205772
v -0.226094 0.094407 -0.197625
v -0.211830 0.097368 -0.200061
v -0.203998 0.094423 -0.202078
v -0.225328 0.094403 -0.199388
v -0.239218 0.094403 -0.227094
v -0.239291 0.094659 -0.222887
v -0.222731 0.094403 -0.241424
v -0.198000 0.094403 -0.212944
v -0.204297 0.094403 -0.203589
v -0.197686 0.097352 -0.214789
v -0.237640 0.094900 -0.210616
v -0.239251 0.097321 -0.219844
v -0.202864 0.097325 -0.205624
v -0.214430 0.094403 -0.198634
v -0.197789 0.021137 -0.235271
v -0.194328 0.020663 -0.216824
v -0.194956 0.020663 -0.226358
v -0.202426 0.024037 -0.241021
v -0.205556 0.024037 -0.242622
v -0.203311 0.023919 -0.241765
v -0.218567 0.020663 -0.246438
v -0.201294 0.020663 -0.237335
v -0.206755 0.020663 -0.242169
v -0.220748 0.024037 -0.247764
v -0.241234 0.020663 -0.229393
v -0.242420 0.023721 -0.229611
v -0.234269 0.024037 -0.241083
v -0.239821 0.020663 -0.207773
v -0.243950 0.023798 -0.215909
v -0.238864 0.023771 -0.203092
v -0.200803 0.023829 -0.200616
v -0.197636 0.020663 -0.203928
v -0.194950 0.021193 -0.210587
v -0.198101 0.020663 -0.233701
v -0.195983 0.020663 -0.229393
v -0.238384 0.020570 -0.235109
v -0.244159 0.021027 -0.218973
v -0.242261 0.020663 -0.213682
v -0.241234 0.020663 -0.210647
v -0.223109 0.023766 -0.196010
v -0.229343 0.023845 -0.198100
v -0.227807 0.022189 -0.195222
v -0.226533 0.020663 -0.196684
v -0.213774 0.020611 -0.194137
v -0.233516 0.020663 -0.239450
v -0.193945 0.023493 -0.228549
v -0.194007 0.020663 -0.221611
v -0.193517 0.023680 -0.214124
v -0.227627 0.023452 -0.244618
v -0.222532 0.020505 -0.246933
v -0.213317 0.023831 -0.194804
v -0.235006 0.020521 -0.200736
v -0.032708 0.111936 0.208716
v -0.041878 0.111544 0.216332
v -0.036105 0.114174 0.204612
v -0.047236 0.115730 0.219800
v -0.040789 0.111646 0.225902
v -0.037967 0.116400 0.205916
v -0.026793 0.115771 0.204701
v -0.044584 0.114897 0.211139
v -0.036184 0.115163 0.235392
v -0.027648 0.114715 0.235795
v -0.022411 0.116801 0.232823
v -0.038363 0.078363 0.221886
v -0.042821 0.053075 0.217012
v -0.043332 0.052844 0.223722
v -0.043346 0.116767 0.229902
v -0.045047 0.114647 0.228413
v -0.015893 0.114118 0.217008
v -0.017424 0.114097 0.228359
v -0.024073 0.111597 0.228425
v -0.038585 0.097067 0.224467
v -0.030885 0.094531 0.227528
v -0.027679 0.076849 0.227203
v -0.024096 0.093610 0.222218
v -0.037437 0.087808 0.217324
v -0.020935 0.114704 0.208055
v -0.021518 0.111804 0.214569
v -0.033166 0.080686 0.213322
v -0.025028 0.094795 0.215290
v -0.026770 0.077512 0.214405
v -0.016098 0.116368 0.223344
v -0.033845 0.093508 0.212987
v -0.032478 0.111595 0.231433
v -0.019731 0.052832 0.223694
v -0.020815 0.052811 0.213853
v -0.024040 0.077310 0.219335
v -0.034553 0.081574 0.226179
v -0.035952 0.052852 0.231246
v -0.025011 0.052779 0.230779
v -0.044700 0.044818 0.211021
v -0.049109 0.048992 0.223076
v -0.048075 0.049899 0.211612
v -0.038311 0.052873 0.209617
v -0.041240 0.049924 0.204335
v -0.013476 0.049923 0.221531
v -0.016942 0.049885 0.208223
v -0.045465 0.049923 0.231871
v -0.032457 0.049931 0.238785
v -0.020923 0.049954 0.235319
v -0.017561 0.044939 0.211472
v -0.054366 0.032672 0.205087
v -0.035668 0.044960 0.204809
v -0.024846 0.032968 0.193584
v -0.014169 0.036557 0.200138
v -0.014481 0.031592 0.199071
v -0.025649 0.049865 0.202958
v -0.055600 0.030612 0.231456
v -0.057444 0.036374 0.217298
v -0.058638 0.031515 0.218250
v -0.018833 0.026164 0.204962
v -0.009942 0.019080 0.204960
v -0.026044 0.018625 0.194267
v -0.029549 0.052852 0.207871
v -0.048880 0.036299 0.239100
v -0.032741 0.031151 0.246962
v -0.028074 0.036328 0.245853
v -0.048319 0.044111 0.216632
v -0.045386 0.044460 0.228550
v -0.019730 0.044638 0.230898
v -0.009516 0.035240 0.235417
v -0.004256 0.034273 0.222433
v -0.006574 0.036338 0.210769
v -0.015792 0.044700 0.225104
v -0.015661 0.044705 0.216494
v -0.028553 0.044692 0.204281
v -0.036155 0.031148 0.193512
v -0.044043 0.026112 0.204337
v -0.048388 0.030578 0.199272
v -0.025422 0.044528 0.235451
v -0.039980 0.036630 0.195267
v -0.032571 0.044715 0.236536
v -0.005463 0.019440 0.221034
v -0.011491 0.026191 0.218772
v -0.013447 0.026080 0.228435
v -0.006295 0.032533 0.208356
v -0.051047 0.031908 0.239322
v -0.043556 0.030351 0.243989
v -0.018530 0.031318 0.244048
v -0.033734 0.026075 0.239818
v -0.036268 0.021308 0.245703
v -0.015857 0.020286 0.241546
v -0.020590 0.026002 0.237514
v -0.010432 0.031226 0.237242
v -0.004918 0.029940 0.222369
v -0.049726 0.026285 0.211887
v -0.033018 0.026068 0.200007
v -0.051428 0.025997 0.223281
v -0.051583 0.020994 0.237229
v -0.046905 0.026201 0.233290
v -0.040773 0.044411 0.233296
v -0.042204 0.019541 0.195997
v -0.054110 0.019219 0.206380
v -0.050606 0.018143 0.237185
v -0.029972 0.018051 0.246400
v -0.058114 0.019838 0.219791
v -0.007355 0.021344 0.230650
v -0.024119 0.168518 0.218954
v -0.028496 0.159097 0.218630
v -0.038541 0.166604 0.218670
v -0.034180 0.159203 0.218189
v -0.038046 0.157646 0.218194
v -0.036556 0.158084 0.218173
v -0.034440 0.168550 0.222002
v -0.025546 0.168858 0.221985
v -0.025274 0.168479 0.221586
v -0.025160 0.168680 0.221702
v -0.028352 0.162954 0.221868
v -0.025286 0.168817 0.218290
v -0.028522 0.162836 0.222002
v -0.026949 0.165971 0.222030
v -0.034829 0.153479 0.218188
v -0.036215 0.154727 0.218203
v -0.036161 0.153157 0.218727
v -0.024482 0.157247 0.221577
v -0.026730 0.167041 0.221587
v -0.037229 0.157776 0.221589
v -0.022740 0.161087 0.221215
v -0.023981 0.165145 0.221766
v -0.035262 0.168544 0.221543
v -0.029058 0.168563 0.222016
v -0.033965 0.159160 0.218579
v -0.024105 0.158506 0.222687
v -0.034217 0.162559 0.218139
v -0.037574 0.161260 0.225536
v -0.034208 0.162764 0.221965
v -0.038901 0.165088 0.218588
v -0.038819 0.157245 0.218565
v -0.038778 0.164907 0.221444
v -0.024012 0.163281 0.218177
v -0.023924 0.156585 0.218590
v -0.034218 0.158925 0.218230
v -0.037848 0.157450 0.218605
v -0.034175 0.159146 0.221597
v -0.027061 0.153770 0.221966
v -0.029029 0.153076 0.222264
v -0.033780 0.159470 0.218591
v -0.028657 0.162313 0.217208
v -0.028649 0.159113 0.218113
v -0.028585 0.158896 0.221961
v -0.028467 0.162834 0.218227
v -0.026804 0.154388 0.217726
v -0.026581 0.154477 0.218745
v -0.035592 0.153127 0.221586
v -0.028433 0.162711 0.221975
v -0.027277 0.153160 0.221529
v -0.025767 0.163510 0.223975
v -0.026704 0.153138 0.218723
v -0.027326 0.168539 0.221394
v -0.026995 0.166417 0.222016
v -0.027775 0.168220 0.222003
v -0.038817 0.157248 0.221470
v -0.030513 0.146369 0.222443
v -0.030805 0.145126 0.205131
v -0.033898 0.146411 0.219829
v -0.029773 0.147614 0.221143
v -0.031349 0.147186 0.216321
v -0.030588 0.147509 0.217613
v -0.033557 0.150746 0.223634
v -0.027335 0.151378 0.219562
v -0.034482 0.150815 0.216940
v -0.017488 0.145190 0.223495
v -0.044643 0.145049 0.227205
v -0.035722 0.150014 0.221081
v -0.030118 0.151206 0.216016
v -0.019514 0.144803 0.210845
v -0.028656 0.150552 0.223400
v -0.032933 0.122572 0.226118
v -0.037192 0.122529 0.219828
v -0.032264 0.119956 0.226728
v -0.036337 0.119949 0.216965
v -0.037841 0.119981 0.215125
v -0.039132 0.119067 0.221225
v -0.026903 0.122508 0.224764
v -0.023387 0.144805 0.233151
v -0.030543 0.144865 0.235360
v -0.035990 0.118823 0.226174
v -0.032747 0.119986 0.212544
v -0.029075 0.117874 0.219725
v -0.032754 0.117879 0.218811
v -0.026461 0.119675 0.224275
v -0.025985 0.119037 0.214458
v -0.025311 0.119979 0.217287
v -0.025049 0.123198 0.216567
v -0.034300 0.122550 0.214349
v -0.028521 0.122916 0.213540
v -0.042165 0.145195 0.209502
v -0.046492 0.144656 0.217857
v -0.026121 0.122407 0.217761
v -0.031292 0.114248 0.221926
v -0.029711 0.117857 0.221597
v -0.029425 0.117761 0.220976
v -0.038621 0.122700 0.218123
v -0.036349 0.119986 0.214223
v -0.034462 0.120027 0.213319
v -0.030835 0.120063 0.212735
v -0.029628 0.120440 0.213618
v -0.033870 0.122507 0.215867
v -0.036453 0.122507 0.220431
v -0.035813 0.122507 0.217150
v -0.023919 0.120115 0.211841
v -0.026420 0.120035 0.220380
v -0.027212 0.120035 0.216435
v -0.038460 0.120035 0.217206
v -0.035024 0.122458 0.217431
v -0.035775 0.122496 0.219446
v -0.039191 0.121537 0.212237
v -0.027023 0.122507 0.217178
v -0.020781 0.122507 0.217555
v -0.027174 0.122472 0.221047
v -0.037872 0.122507 0.228867
v -0.031504 0.122507 0.235090
v -0.031152 0.120091 0.230843
v -0.032107 0.120035 0.214729
v -0.029215 0.120116 0.216387
v -0.042454 0.120051 0.217116
v -0.034513 0.120035 0.224752
v -0.027543 0.122470 0.221974
v -0.030426 0.120035 0.225001
v -0.031698 0.120100 0.215691
v -0.027643 0.120148 0.217968
v -0.027926 0.120137 0.223396
v -0.027052 0.120113 0.219848
v -0.031201 0.120118 0.224463
v -0.033013 0.122476 0.224148
v -0.030743 0.122475 0.224385
v -0.031708 0.122491 0.224434
v -0.035750 0.122465 0.221260
v -0.027452 0.120035 0.223555
v -0.034892 0.120168 0.223405
v -0.034495 0.122513 0.223406
v -0.021515 0.121605 0.225019
v -0.026791 0.122532 0.215700
v -0.028475 0.122480 0.223275
v -0.031843 0.122524 0.213915
v -0.030151 0.120056 0.215960
v -0.027214 0.120096 0.219190
v -0.028211 0.120101 0.217254
v -0.032809 0.120106 0.224146
v -0.030587 0.120108 0.224290
v -0.028150 0.122491 0.222959
v -0.027357 0.120103 0.221442
v -0.025492 0.090351 -0.223226
v -0.020711 0.111630 -0.217880
v -0.024286 0.094048 -0.218644
v -0.028736 0.111247 -0.229687
v -0.031468 0.083893 -0.227326
v -0.036549 0.091469 -0.225159
v -0.040742 0.111715 -0.227119
v -0.047195 0.115638 -0.224912
v -0.043828 0.114276 -0.230717
v -0.020631 0.114300 -0.231541
v -0.022106 0.111537 -0.226191
v -0.045911 0.116545 -0.213587
v -0.047227 0.114174 -0.215485
v -0.041488 0.113787 -0.207737
v -0.016670 0.116179 -0.224966
v -0.024168 0.116738 -0.206794
v -0.024106 0.114279 -0.206529
v -0.016241 0.114913 -0.215991
v -0.021642 0.053370 -0.224922
v -0.019684 0.049916 -0.234558
v -0.030323 0.049911 -0.238923
v -0.036070 0.115660 -0.204868
v -0.036319 0.115381 -0.235444
v -0.027373 0.116306 -0.235260
v -0.030315 0.111536 -0.209020
v -0.034535 0.111375 -0.230876
v -0.029540 0.053012 -0.231391
v -0.035308 0.077148 -0.213442
v -0.029624 0.078947 -0.213218
v -0.038022 0.095451 -0.215188
v -0.040048 0.111526 -0.212775
v -0.037963 0.052991 -0.231080
v -0.043694 0.052915 -0.222670
v -0.029139 0.092887 -0.213436
v -0.024839 0.081011 -0.216651
v -0.038780 0.091856 -0.220611
v -0.014371 0.036331 -0.239305
v -0.005180 0.033880 -0.226147
v -0.010736 0.031876 -0.237593
v -0.027994 0.052749 -0.208352
v -0.022294 0.053036 -0.213342
v -0.039104 0.074065 -0.224350
v -0.041915 0.053213 -0.214897
v -0.015720 0.049912 -0.211355
v -0.027557 0.044338 -0.235850
v -0.019113 0.044560 -0.230005
v -0.037501 0.044888 -0.235372
v -0.041031 0.033936 -0.246025
v -0.019249 0.052908 -0.220402
v -0.019089 0.044699 -0.210325
v -0.014287 0.043890 -0.221673
v -0.017096 0.045888 -0.211991
v -0.015963 0.049757 -0.228623
v -0.049996 0.049872 -0.218543
v -0.043214 0.049864 -0.234568
v -0.048472 0.046345 -0.223907
v -0.038909 0.049960 -0.203811
v -0.052441 0.036305 -0.237147
v -0.045651 0.043825 -0.231205
v -0.058210 0.036235 -0.221401
v -0.035671 0.044830 -0.204242
v -0.024455 0.049952 -0.203801
v -0.028578 0.044013 -0.203254
v -0.042440 0.044648 -0.207891
v -0.015221 0.025928 -0.232092
v -0.011310 0.026057 -0.221776
v -0.007953 0.021358 -0.231631
v -0.030220 0.034239 -0.247512
v -0.030581 0.031562 -0.193269
v -0.031932 0.026083 -0.199795
v -0.019647 0.030799 -0.196283
v -0.027662 0.036090 -0.194077
v -0.042673 0.036732 -0.196556
v -0.046780 0.044755 -0.215053
v -0.044514 0.031266 -0.196270
v -0.045566 0.026167 -0.234782
v -0.036587 0.025979 -0.240222
v -0.041967 0.021354 -0.244882
v -0.037555 0.052718 -0.209013
v -0.056261 0.031284 -0.208877
v -0.044231 0.026052 -0.204147
v -0.008973 0.035329 -0.206306
v -0.018969 0.031404 -0.244460
v -0.024962 0.026130 -0.239325
v -0.029772 0.029643 -0.246259
v -0.010288 0.030184 -0.204247
v -0.004805 0.030738 -0.220465
v -0.049704 0.031405 -0.240531
v -0.056275 0.031570 -0.232660
v -0.051681 0.034219 -0.201540
v -0.051786 0.026078 -0.218759
v -0.047178 0.018847 -0.198639
v -0.059451 0.032427 -0.220826
v -0.013685 0.026160 -0.211243
v -0.005727 0.019000 -0.223806
v -0.032742 0.018601 -0.246676
v -0.017055 0.019811 -0.242177
v -0.055772 0.020086 -0.208741
v -0.020910 0.026169 -0.203000
v -0.012222 0.021327 -0.202734
v -0.051045 0.019524 -0.238233
v -0.058173 0.018955 -0.220135
v -0.032689 0.019595 -0.194134
v -0.012665 0.018126 -0.202623
v -0.030127 0.168557 -0.218349
v -0.029041 0.168469 -0.218351
v -0.028107 0.168219 -0.218364
v -0.029128 0.159308 -0.222218
v -0.025904 0.152976 -0.222173
v -0.027667 0.156494 -0.222215
v -0.029032 0.162540 -0.222225
v -0.024840 0.164648 -0.218909
v -0.024182 0.165110 -0.221735
v -0.034536 0.162818 -0.222187
v -0.035843 0.166887 -0.222180
v -0.035625 0.165880 -0.222194
v -0.034702 0.159139 -0.222131
v -0.035101 0.158832 -0.222195
v -0.036935 0.158070 -0.222190
v -0.024127 0.156087 -0.221723
v -0.024092 0.156387 -0.222150
v -0.025181 0.157615 -0.222169
v -0.026315 0.168525 -0.221555
v -0.038279 0.157379 -0.221708
v -0.036387 0.167622 -0.221641
v -0.038006 0.168910 -0.218538
v -0.038914 0.164807 -0.218859
v -0.039158 0.165032 -0.221736
v -0.039424 0.156135 -0.222115
v -0.028853 0.162682 -0.218421
v -0.033751 0.168931 -0.222803
v -0.034777 0.168554 -0.221750
v -0.036055 0.161730 -0.215937
v -0.037336 0.168584 -0.219259
v -0.039575 0.158997 -0.221121
v -0.036891 0.153166 -0.221683
v -0.034518 0.159105 -0.222050
v -0.025633 0.168848 -0.218457
v -0.028773 0.162873 -0.218412
v -0.039167 0.159136 -0.222189
v -0.037912 0.157781 -0.222181
v -0.038695 0.157826 -0.222140
v -0.038913 0.158229 -0.222176
v -0.026435 0.168542 -0.218972
v -0.033620 0.159786 -0.218215
v -0.026507 0.153018 -0.218344
v -0.037393 0.152890 -0.218756
v -0.026334 0.157993 -0.222186
v -0.026445 0.153182 -0.218797
v -0.026608 0.158085 -0.222189
v -0.034691 0.162655 -0.222111
v -0.029099 0.159457 -0.218832
v -0.035332 0.153204 -0.218827
v -0.028682 0.159054 -0.222215
v -0.026346 0.153227 -0.221594
v -0.034325 0.159166 -0.218774
v -0.039139 0.156590 -0.218810
v -0.037513 0.157749 -0.218533
v -0.034674 0.162863 -0.218362
v -0.027868 0.156438 -0.218303
v -0.034309 0.150667 -0.217086
v -0.035465 0.150541 -0.222155
v -0.030669 0.147665 -0.219104
v -0.031338 0.152284 -0.222862
v -0.028483 0.150324 -0.217414
v -0.028012 0.150149 -0.222566
v -0.032040 0.148975 -0.224430
v -0.030286 0.147127 -0.217377
v -0.029290 0.147131 -0.223061
v -0.035353 0.146971 -0.220009
v -0.033013 0.146427 -0.221508
v -0.030756 0.122513 -0.226663
v -0.025357 0.122536 -0.222072
v -0.026921 0.120494 -0.224346
v -0.026370 0.122333 -0.217629
v -0.016658 0.145021 -0.221125
v -0.028142 0.120562 -0.225918
v -0.033734 0.119693 -0.226346
v -0.045807 0.145021 -0.224510
v -0.035716 0.122518 -0.225109
v -0.038447 0.122606 -0.220478
v -0.045348 0.144823 -0.213645
v -0.035610 0.122823 -0.214191
v -0.032884 0.119111 -0.228049
v -0.033134 0.117662 -0.218694
v -0.030556 0.114277 -0.220038
v -0.037891 0.119983 -0.218533
v -0.029201 0.118938 -0.212921
v -0.028265 0.120008 -0.214609
v -0.039959 0.144881 -0.233201
v -0.030292 0.145146 -0.205636
v -0.018351 0.144606 -0.212802
v -0.030773 0.144991 -0.235159
v -0.033310 0.123261 -0.214234
v -0.030299 0.122840 -0.213111
v -0.024227 0.118924 -0.219214
v -0.022298 0.144538 -0.232353
v -0.030101 0.119986 -0.227755
v -0.039297 0.119082 -0.219049
v -0.028959 0.120050 -0.227055
v -0.026853 0.117780 -0.219376
v -0.030862 0.117874 -0.218084
v -0.036106 0.119079 -0.213446
v -0.033937 0.117796 -0.220121
v -0.033152 0.115076 -0.221239
v -0.033911 0.117866 -0.219264
v -0.034069 0.118062 -0.219242
v -0.021367 0.120143 -0.223457
v -0.027700 0.120035 -0.217163
v -0.027678 0.120035 -0.230375
v -0.034151 0.122507 -0.214317
v -0.027514 0.122507 -0.216555
v -0.029185 0.122474 -0.216848
v -0.031583 0.121584 -0.209444
v -0.022851 0.121450 -0.213584
v -0.031674 0.121054 -0.231335
v -0.040891 0.122507 -0.214393
v -0.024737 0.122507 -0.228552
v -0.035535 0.120050 -0.217677
v -0.031486 0.120051 -0.215735
v -0.034633 0.122491 -0.217005
v -0.033811 0.120039 -0.216131
v -0.040208 0.122507 -0.241178
v -0.035524 0.122477 -0.218201
v -0.036158 0.122509 -0.219379
v -0.035976 0.120063 -0.222061
v -0.025817 0.120035 -0.222702
v -0.042312 0.120035 -0.223176
v -0.032107 0.120035 -0.225871
v -0.034013 0.122476 -0.224007
v -0.029850 0.122470 -0.224139
v -0.034326 0.120039 -0.224123
v -0.032000 0.122631 -0.224955
v -0.036376 0.120039 -0.219976
v -0.028096 0.122435 -0.222286
v -0.026585 0.122507 -0.221348
v -0.028050 0.122473 -0.218137
v -0.035034 0.122491 -0.223144
v -0.035379 0.122491 -0.217857
v -0.026196 0.125164 -0.221701
v -0.035655 0.122491 -0.222232
v -0.032826 0.122458 -0.215848
v -0.032572 0.120068 -0.224511
v -0.030594 0.120076 -0.224452
v -0.029196 0.120039 -0.216429
v -0.031762 0.120054 -0.224585
v -0.025124 0.120446 -0.221961
v -0.029293 0.122834 -0.216106
v -0.148264 0.025369 0.205781
v -0.140565 0.024876 0.213055
v -0.140066 0.018070 0.203059
v -0.173439 0.018160 0.203512
v -0.151287 0.018269 0.196979
v -0.134035 0.018397 0.213587
v -0.139386 0.025076 0.219928
v -0.149163 0.019033 0.242472
v -0.134093 0.018465 0.226790
v -0.162503 0.019215 0.196901
v -0.162571 0.025693 0.202444
v -0.146765 0.028412 0.198363
v -0.168288 0.025297 0.233426
v -0.177263 0.028729 0.232280
v -0.180385 0.028518 0.218003
v -0.167155 0.023341 0.204517
v -0.141448 0.025348 0.227989
v -0.140239 0.018611 0.237010
v -0.174623 0.024720 0.217859
v -0.171585 0.025544 0.209296
v -0.175053 0.033219 0.204621
v -0.181028 0.033128 0.221091
v -0.173513 0.025210 0.225540
v -0.179396 0.019782 0.212588
v -0.180236 0.018484 0.222664
v -0.171944 0.028506 0.201882
v -0.158520 0.025761 0.237116
v -0.174355 0.018894 0.235887
v -0.163203 0.018533 0.242859
v -0.134634 0.028809 0.228371
v -0.143196 0.028443 0.239623
v -0.143340 0.025761 0.207032
v -0.133001 0.028371 0.217828
v -0.158818 0.028456 0.196211
v -0.137750 0.033230 0.205027
v -0.132334 0.033168 0.218547
v -0.149295 0.025283 0.235458
v -0.166630 0.028351 0.241667
v -0.142200 0.040030 0.219271
v -0.137958 0.028817 0.204785
v -0.161441 0.033163 0.196009
v -0.148765 0.033140 0.196874
v -0.167160 0.033113 0.241944
v -0.178666 0.033226 0.231066
v -0.170391 0.040518 0.221349
v -0.166947 0.040449 0.210254
v -0.164003 0.041549 0.230424
v -0.176483 0.045091 0.224144
v -0.167572 0.041945 0.212181
v -0.149538 0.033083 0.243058
v -0.135954 0.033300 0.232415
v -0.144889 0.046315 0.204168
v -0.148054 0.047242 0.216999
v -0.141390 0.045857 0.232733
v -0.154692 0.028455 0.243809
v -0.145014 0.040790 0.227074
v -0.144007 0.041879 0.216254
v -0.149379 0.041480 0.209709
v -0.151746 0.044663 0.201025
v -0.136670 0.045500 0.218588
v -0.155505 0.040302 0.233790
v -0.146755 0.045214 0.237335
v -0.156832 0.045038 0.240382
v -0.146178 0.042286 0.228666
v -0.159375 0.041518 0.207903
v -0.168817 0.045046 0.235978
v -0.156301 0.047471 0.228189
v -0.163532 0.047462 0.225870
v -0.176412 0.045229 0.215960
v -0.158535 0.041961 0.233553
v -0.152055 0.047442 0.211163
v -0.153420 0.047079 0.210749
v -0.164612 0.045261 0.201481
v -0.137401 0.045147 0.225765
v -0.171126 0.045339 0.205673
v -0.164173 0.047413 0.212292
v -0.162619 0.047289 0.211544
v -0.164677 0.039685 0.216405
v -0.159769 0.039382 0.211482
v -0.164620 0.047417 0.222967
v -0.147121 0.039093 0.218305
v -0.152973 0.039428 0.212306
v -0.158247 0.047445 0.210405
v -0.147877 0.047467 0.220882
v -0.158440 0.047463 0.229387
v -0.148985 0.047573 0.227373
v -0.151713 0.039154 0.228266
v -0.165162 0.039085 0.227622
v -0.165384 0.047526 0.219219
v -0.157525 0.089529 0.206295
v -0.159008 0.090070 0.214589
v -0.166224 0.094959 0.212363
v -0.150783 0.048505 0.205293
v -0.157598 0.058912 0.201795
v -0.148862 0.061564 0.205259
v -0.150050 0.095001 0.200809
v -0.149755 0.090206 0.195141
v -0.151158 0.092592 0.190380
v -0.162794 0.049409 0.204355
v -0.153393 0.104771 0.226616
v -0.155425 0.104297 0.234133
v -0.153827 0.083624 0.240943
v -0.151608 0.112819 0.210244
v -0.149080 0.111609 0.213174
v -0.147818 0.103214 0.208653
v -0.151177 0.115526 0.210406
v -0.152839 0.111264 0.207397
v -0.154395 0.112441 0.213778
v -0.147844 0.092207 0.227091
v -0.146555 0.078604 0.229380
v -0.152528 0.086072 0.220120
v -0.156703 0.114813 0.220347
v -0.157872 0.114098 0.210355
v -0.159812 0.100753 0.229942
v -0.156548 0.065659 0.247016
v -0.155419 0.080005 0.246726
v -0.158412 0.081358 0.246039
v -0.163812 0.093565 0.201813
v -0.158594 0.085444 0.194310
v -0.162556 0.091871 0.190651
v -0.162828 0.099400 0.199304
v -0.160115 0.092290 0.189364
v -0.160270 0.113089 0.210207
v -0.160682 0.048892 0.234664
v -0.167346 0.068775 0.231768
v -0.167974 0.048959 0.223892
v -0.147642 0.100085 0.218611
v -0.152466 0.090890 0.214885
v -0.147287 0.094972 0.212363
v -0.165680 0.093000 0.226020
v -0.163986 0.101479 0.226514
v -0.165163 0.098133 0.218957
v -0.155820 0.102667 0.197351
v -0.154649 0.048281 0.239310
v -0.150467 0.048048 0.225756
v -0.153095 0.048099 0.233888
v -0.162615 0.116335 0.210075
v -0.164422 0.112496 0.213579
v -0.153578 0.081057 0.217727
v -0.158692 0.067333 0.205029
v -0.158986 0.081168 0.217315
v -0.144539 0.050405 0.214338
v -0.146259 0.064229 0.213727
v -0.159091 0.086688 0.218269
v -0.158270 0.103357 0.234930
v -0.157326 0.046347 0.212638
v -0.163986 0.047791 0.217936
v -0.158482 0.047953 0.210029
v -0.158985 0.047829 0.226532
v -0.158112 0.056399 0.245111
v -0.165696 0.064552 0.208848
v -0.169398 0.060747 0.216058
v -0.159613 0.081015 0.241629
v -0.166500 0.048380 0.211533
v -0.165916 0.104488 0.209839
v -0.153004 0.061700 0.241463
v -0.145744 0.048929 0.225441
v -0.166268 0.080477 0.231063
v -0.161683 0.112688 0.209805
v -0.149790 0.076120 0.221617
v -0.154037 0.086829 0.191685
v -0.152928 0.039363 0.223019
v -0.150839 0.046942 0.224243
v -0.163661 0.075952 0.221505
v -0.158434 0.038749 0.215142
v -0.149874 0.047592 0.217575
v -0.161001 0.038669 0.220463
v -0.151646 0.039041 0.218516
v 0.145551 0.025490 0.231285
v 0.141987 0.025333 0.224409
v 0.135119 0.018664 0.223393
v 0.143260 0.018195 0.237761
v 0.177662 0.018678 0.206037
v 0.177384 0.023810 0.218131
v 0.182167 0.018397 0.219103
v 0.136135 0.019742 0.211657
v 0.139930 0.017763 0.205315
v 0.151491 0.028489 0.242600
v 0.140343 0.028482 0.235285
v 0.151693 0.017958 0.197203
v 0.157813 0.024883 0.201852
v 0.165383 0.018342 0.197111
v 0.173778 0.023138 0.230826
v 0.173345 0.018078 0.238274
v 0.180036 0.018003 0.229796
v 0.167962 0.024956 0.205255
v 0.173440 0.028614 0.201039
v 0.181131 0.028752 0.211971
v 0.147417 0.025334 0.206445
v 0.140602 0.028597 0.203630
v 0.151658 0.028515 0.196763
v 0.143008 0.025416 0.212048
v 0.156213 0.025127 0.236856
v 0.165275 0.024807 0.236322
v 0.164690 0.029331 0.242785
v 0.164355 0.028833 0.196415
v 0.155934 0.025889 0.201299
v 0.176569 0.025824 0.217475
v 0.181924 0.028811 0.225891
v 0.173576 0.025632 0.229617
v 0.161173 0.033366 0.195623
v 0.155876 0.017896 0.242894
v 0.163627 0.019772 0.243026
v 0.182736 0.033170 0.217734
v 0.147397 0.041725 0.214193
v 0.149349 0.042401 0.230344
v 0.138235 0.045054 0.221386
v 0.152556 0.041534 0.208797
v 0.140691 0.044850 0.210534
v 0.146020 0.033201 0.240879
v 0.175982 0.033217 0.236059
v 0.171967 0.040390 0.220985
v 0.164687 0.040901 0.231940
v 0.134856 0.028693 0.221141
v 0.134227 0.033563 0.218470
v 0.158471 0.032977 0.243975
v 0.170741 0.042011 0.224295
v 0.161331 0.042015 0.233222
v 0.174659 0.033310 0.202038
v 0.137672 0.033286 0.232407
v 0.144771 0.040768 0.221555
v 0.150365 0.040972 0.229882
v 0.144227 0.033087 0.200390
v 0.174729 0.028788 0.237331
v 0.151615 0.044650 0.201110
v 0.164347 0.041419 0.208923
v 0.178276 0.045231 0.222415
v 0.170459 0.042080 0.212635
v 0.171453 0.045384 0.234823
v 0.165250 0.047256 0.213580
v 0.160741 0.045350 0.239800
v 0.164144 0.047462 0.226465
v 0.151707 0.047462 0.225595
v 0.144389 0.045314 0.234409
v 0.150035 0.047433 0.211738
v 0.164126 0.045170 0.201077
v 0.163190 0.047442 0.210895
v 0.172402 0.045200 0.204909
v 0.177230 0.045640 0.212352
v 0.150483 0.047430 0.222217
v 0.150313 0.047437 0.217334
v 0.153195 0.047152 0.211112
v 0.161723 0.039482 0.211499
v 0.165973 0.039327 0.215725
v 0.151859 0.045232 0.238940
v 0.160896 0.047451 0.209238
v 0.153492 0.039280 0.211783
v 0.149160 0.039222 0.220311
v 0.168309 0.047622 0.221587
v 0.155864 0.039330 0.230246
v 0.158401 0.047618 0.230232
v 0.167454 0.039623 0.224281
v 0.150128 0.047447 0.220209
v 0.152143 0.097347 0.198828
v 0.149797 0.102442 0.207963
v 0.152585 0.110893 0.207573
v 0.164606 0.099689 0.199488
v 0.159793 0.102781 0.197680
v 0.163739 0.111594 0.206656
v 0.163570 0.112888 0.210089
v 0.159459 0.107951 0.201451
v 0.164541 0.048477 0.205078
v 0.157647 0.058912 0.201526
v 0.166385 0.061561 0.204991
v 0.164076 0.092620 0.190131
v 0.167599 0.100081 0.218345
v 0.162781 0.090891 0.214615
v 0.167958 0.094973 0.212095
v 0.167487 0.103265 0.208405
v 0.165432 0.093122 0.201188
v 0.158350 0.066387 0.247221
v 0.156954 0.084914 0.244763
v 0.155562 0.083574 0.240691
v 0.162242 0.061709 0.241199
v 0.162148 0.048097 0.233616
v 0.169500 0.048930 0.225179
v 0.155898 0.048175 0.225668
v 0.154564 0.048893 0.234398
v 0.148389 0.048397 0.212279
v 0.154714 0.062308 0.241443
v 0.148359 0.078715 0.228973
v 0.147352 0.049128 0.225085
v 0.161648 0.101458 0.229613
v 0.160044 0.080085 0.246209
v 0.161360 0.081071 0.241335
v 0.161240 0.112936 0.212424
v 0.158256 0.114369 0.209723
v 0.149019 0.094963 0.212094
v 0.155711 0.112881 0.212136
v 0.152852 0.115561 0.209976
v 0.150823 0.112496 0.213310
v 0.157719 0.089529 0.206027
v 0.168690 0.078595 0.229108
v 0.168985 0.064231 0.213458
v 0.165454 0.076121 0.221349
v 0.165876 0.111966 0.212383
v 0.167398 0.092203 0.226825
v 0.156652 0.085443 0.194040
v 0.162713 0.086080 0.219841
v 0.153034 0.112652 0.210267
v 0.160079 0.039056 0.224090
v 0.153198 0.039261 0.220881
v 0.163756 0.039153 0.218914
v 0.158382 0.114597 0.220227
v 0.159366 0.110157 0.203553
v 0.159966 0.101782 0.236200
v 0.156985 0.102765 0.235402
v 0.145188 0.055507 0.214984
v 0.148817 0.062138 0.211325
v 0.165487 0.090202 0.194876
v 0.156156 0.086686 0.218003
v 0.151648 0.076058 0.221183
v 0.152358 0.049477 0.204089
v 0.165062 0.047514 0.216496
v 0.159516 0.038770 0.214570
v 0.149551 0.064557 0.208580
v 0.170702 0.050411 0.214001
v 0.160971 0.047825 0.210784
v 0.156236 0.090070 0.214320
v 0.149765 0.098733 0.218554
v 0.156553 0.067332 0.204760
v 0.152684 0.091891 0.190504
v 0.154896 0.098209 0.231959
v 0.149616 0.092277 0.226717
v 0.155089 0.092303 0.189111
v 0.164103 0.115587 0.210030
v 0.156261 0.081170 0.217048
v 0.161666 0.081059 0.217460
v 0.154069 0.044193 0.215291
v 0.150845 0.047902 0.217999
v 0.164716 0.047810 0.223746
v 0.161210 0.086827 0.191419
v 0.160277 0.048761 0.239498
v 0.157134 0.056387 0.244838
v 0.144447 0.018308 -0.240025
v 0.155007 0.023762 -0.239440
v 0.153992 0.019648 -0.244572
v 0.175311 0.025470 -0.220527
v 0.170368 0.028730 -0.200478
v 0.173989 0.025303 -0.212039
v 0.142138 0.018312 -0.203425
v 0.135177 0.017680 -0.214682
v 0.180432 0.018065 -0.229072
v 0.141783 0.028509 -0.203807
v 0.147497 0.025749 -0.206243
v 0.155304 0.028342 -0.197412
v 0.143372 0.023867 -0.232202
v 0.155831 0.028349 -0.244674
v 0.168086 0.028414 -0.242633
v 0.154656 0.018184 -0.197469
v 0.151814 0.023249 -0.202845
v 0.164539 0.025122 -0.204959
v 0.172012 0.023227 -0.207364
v 0.154920 0.033243 -0.196727
v 0.160736 0.040697 -0.207555
v 0.150529 0.040680 -0.209563
v 0.172908 0.025300 -0.229887
v 0.175764 0.018517 -0.236646
v 0.156275 0.025350 -0.239636
v 0.158893 0.025725 -0.202715
v 0.180084 0.018558 -0.212932
v 0.169231 0.033042 -0.199048
v 0.165899 0.018165 -0.198736
v 0.173843 0.018325 -0.202979
v 0.135635 0.033145 -0.211324
v 0.134298 0.028456 -0.218921
v 0.139867 0.026226 -0.218121
v 0.179753 0.028352 -0.211110
v 0.140178 0.023746 -0.217108
v 0.142822 0.033410 -0.202201
v 0.177058 0.033448 -0.206220
v 0.166720 0.025354 -0.236201
v 0.135784 0.018614 -0.228525
v 0.181840 0.028412 -0.223152
v 0.136449 0.028413 -0.230978
v 0.144289 0.028349 -0.240367
v 0.177478 0.028348 -0.234794
v 0.156489 0.042037 -0.207675
v 0.169264 0.040198 -0.212023
v 0.170972 0.041995 -0.216680
v 0.182455 0.033238 -0.220421
v 0.179933 0.033281 -0.231822
v 0.171695 0.040918 -0.222285
v 0.144737 0.041220 -0.221682
v 0.145233 0.042224 -0.217078
v 0.147758 0.042178 -0.230255
v 0.149602 0.033279 -0.243324
v 0.137096 0.033253 -0.233345
v 0.141975 0.025261 -0.229584
v 0.164145 0.018410 -0.243893
v 0.169259 0.033156 -0.242423
v 0.156189 0.040643 -0.234575
v 0.165728 0.040951 -0.232057
v 0.147948 0.044993 -0.203822
v 0.165388 0.044712 -0.202322
v 0.172229 0.045418 -0.206505
v 0.166302 0.042109 -0.232248
v 0.133816 0.033021 -0.223398
v 0.141911 0.045570 -0.209829
v 0.149293 0.046987 -0.216123
v 0.143297 0.045658 -0.234112
v 0.163854 0.045407 -0.240374
v 0.172162 0.045280 -0.235704
v 0.177180 0.045423 -0.215541
v 0.177309 0.045093 -0.227567
v 0.164885 0.047462 -0.226834
v 0.149212 0.047467 -0.221865
v 0.149935 0.047462 -0.224767
v 0.138009 0.045499 -0.219554
v 0.138741 0.045147 -0.226740
v 0.164820 0.047316 -0.215117
v 0.165240 0.047422 -0.213367
v 0.153394 0.047442 -0.212135
v 0.151623 0.045568 -0.240179
v 0.167871 0.039371 -0.215836
v 0.150438 0.038897 -0.227238
v 0.156574 0.039371 -0.211521
v 0.164193 0.047464 -0.230815
v 0.166745 0.047530 -0.220255
v 0.162511 0.047465 -0.234338
v 0.158700 0.039339 -0.229525
v 0.159045 0.047447 -0.211188
v 0.149776 0.039572 -0.217626
v 0.152162 0.047327 -0.226779
v 0.152439 0.047462 -0.227706
v 0.152814 0.047344 -0.227271
v 0.164978 0.039436 -0.226654
v 0.166975 0.092304 -0.227938
v 0.168225 0.078714 -0.230212
v 0.161010 0.083302 -0.241957
v 0.158865 0.089529 -0.207267
v 0.164908 0.095202 -0.202169
v 0.159933 0.085444 -0.195282
v 0.152596 0.105227 -0.225088
v 0.155170 0.111878 -0.218315
v 0.155357 0.098133 -0.234392
v 0.145877 0.050404 -0.215307
v 0.153261 0.047029 -0.215105
v 0.160296 0.048033 -0.212947
v 0.163289 0.112670 -0.211145
v 0.167354 0.105526 -0.211174
v 0.165761 0.112496 -0.214551
v 0.147773 0.064326 -0.214623
v 0.154917 0.081058 -0.218699
v 0.151129 0.076119 -0.222589
v 0.147081 0.048929 -0.226408
v 0.149186 0.092192 -0.228075
v 0.153867 0.086072 -0.221091
v 0.153803 0.090891 -0.215855
v 0.151152 0.093125 -0.202432
v 0.148626 0.094972 -0.213334
v 0.148983 0.100083 -0.219586
v 0.160639 0.047830 -0.227354
v 0.162020 0.048892 -0.235636
v 0.168195 0.048493 -0.213524
v 0.156491 0.101693 -0.236588
v 0.155224 0.081089 -0.242571
v 0.162593 0.038583 -0.221480
v 0.159471 0.038709 -0.225474
v 0.161957 0.062339 -0.242552
v 0.154342 0.061705 -0.242437
v 0.147894 0.078604 -0.230353
v 0.153987 0.111110 -0.208335
v 0.159790 0.110454 -0.205338
v 0.161813 0.110354 -0.206095
v 0.157792 0.114814 -0.213015
v 0.161851 0.111965 -0.210005
v 0.163307 0.111526 -0.207858
v 0.163943 0.116337 -0.211052
v 0.158348 0.114783 -0.220987
v 0.155032 0.086768 -0.192782
v 0.153099 0.092553 -0.191108
v 0.152891 0.112857 -0.211479
v 0.149128 0.102982 -0.209657
v 0.154115 0.100634 -0.198317
v 0.155990 0.048281 -0.240283
v 0.154436 0.048098 -0.234859
v 0.157942 0.066418 -0.248467
v 0.158772 0.080432 -0.247281
v 0.159591 0.102816 -0.236597
v 0.152770 0.115292 -0.211020
v 0.160431 0.086689 -0.219242
v 0.164936 0.076059 -0.222424
v 0.155843 0.066867 -0.206495
v 0.158928 0.058983 -0.202776
v 0.167034 0.064553 -0.209819
v 0.160348 0.090071 -0.215560
v 0.151641 0.047769 -0.223461
v 0.152893 0.048646 -0.205692
v 0.164304 0.049576 -0.205203
v 0.161368 0.102561 -0.229617
v 0.168355 0.062312 -0.213462
v 0.166821 0.098738 -0.219792
v 0.167563 0.094960 -0.213335
v 0.165247 0.047787 -0.218868
v 0.161720 0.113044 -0.215320
v 0.159317 0.104951 -0.200627
v 0.163714 0.092271 -0.191510
v 0.159422 0.089755 -0.190034
v 0.165327 0.101496 -0.227466
v 0.150744 0.111731 -0.213657
v 0.159202 0.038679 -0.215820
v 0.169230 0.049130 -0.226331
v 0.160324 0.081168 -0.218287
v 0.171396 0.055504 -0.216225
v 0.159450 0.056395 -0.246083
v 0.153739 0.038840 -0.217915
v 0.149767 0.055189 -0.205462
v 0.154067 0.038794 -0.223184
v -0.153360 0.024096 -0.238201
v -0.142193 0.025113 -0.229433
v -0.138636 0.018389 -0.235406
v -0.172892 0.024608 -0.226312
v -0.175242 0.025341 -0.218603
v -0.170459 0.028349 -0.239467
v -0.158489 0.025347 -0.238732
v -0.137270 0.028348 -0.233894
v -0.165165 0.025405 -0.235230
v -0.173420 0.018065 -0.236953
v -0.153920 0.018642 -0.196531
v -0.166385 0.018328 -0.198360
v -0.142998 0.017906 -0.200630
v -0.146792 0.024416 -0.204660
v -0.159445 0.028342 -0.196512
v -0.156577 0.025119 -0.202770
v -0.172652 0.025341 -0.213289
v -0.178299 0.028413 -0.230078
v -0.177652 0.033253 -0.232445
v -0.168270 0.033294 -0.241443
v -0.166425 0.025413 -0.205543
v -0.132908 0.028411 -0.222252
v -0.173497 0.028515 -0.203499
v -0.171927 0.033410 -0.201302
v -0.139666 0.025635 -0.219018
v -0.133217 0.018662 -0.224155
v -0.145002 0.033255 -0.198550
v -0.159828 0.033243 -0.195827
v -0.158918 0.028349 -0.243774
v -0.146662 0.028414 -0.241733
v -0.151231 0.018623 -0.243168
v -0.164614 0.017402 -0.242322
v -0.134278 0.018861 -0.212649
v -0.178791 0.019233 -0.228062
v -0.153044 0.033170 -0.243783
v -0.134994 0.028352 -0.210214
v -0.177560 0.018269 -0.209922
v -0.170011 0.041220 -0.220785
v -0.158550 0.040641 -0.233675
v -0.156199 0.041364 -0.207197
v -0.146845 0.040703 -0.210899
v -0.132816 0.033290 -0.224722
v -0.141919 0.024929 -0.210835
v -0.144381 0.028729 -0.199578
v -0.134345 0.033111 -0.210309
v -0.142413 0.040521 -0.220642
v -0.139115 0.033246 -0.236933
v -0.147151 0.040359 -0.230604
v -0.168433 0.045238 -0.203721
v -0.161354 0.047442 -0.211235
v -0.160890 0.047131 -0.211971
v -0.180450 0.028456 -0.218021
v -0.169515 0.042224 -0.216179
v -0.166990 0.042178 -0.229355
v -0.159939 0.044976 -0.200879
v -0.180932 0.033021 -0.222500
v -0.179113 0.033144 -0.210423
v -0.157521 0.047463 -0.228916
v -0.163955 0.047404 -0.215408
v -0.166016 0.047486 -0.220727
v -0.164177 0.040702 -0.208639
v -0.145300 0.042009 -0.213456
v -0.156610 0.041892 -0.233860
v -0.171783 0.045755 -0.233077
v -0.160424 0.045151 -0.239964
v -0.176007 0.045147 -0.225839
v -0.148724 0.041967 -0.231171
v -0.150893 0.045407 -0.239474
v -0.137517 0.045178 -0.226607
v -0.153655 0.039288 -0.228085
v -0.153803 0.047463 -0.228651
v -0.176738 0.045500 -0.218653
v -0.142586 0.045280 -0.234805
v -0.145329 0.045514 -0.203595
v -0.138364 0.044869 -0.211976
v -0.149507 0.047422 -0.212467
v -0.146675 0.039027 -0.222088
v -0.149405 0.047314 -0.225820
v -0.160754 0.038934 -0.210253
v -0.152512 0.047447 -0.209996
v -0.151056 0.039052 -0.213332
v -0.150062 0.047306 -0.214120
v -0.162598 0.047463 -0.227831
v -0.160289 0.039433 -0.228286
v -0.149863 0.047462 -0.225934
v -0.166163 0.039452 -0.221268
v -0.147906 0.047546 -0.219283
v -0.165765 0.100084 -0.218686
v -0.165616 0.103019 -0.208759
v -0.164130 0.111667 -0.212889
v -0.147775 0.092299 -0.227042
v -0.146523 0.078714 -0.229312
v -0.153796 0.081023 -0.241699
v -0.155884 0.089529 -0.206367
v -0.149838 0.095188 -0.201291
v -0.154816 0.085444 -0.194382
v -0.162089 0.115624 -0.210141
v -0.162753 0.110432 -0.207494
v -0.160092 0.113586 -0.211885
v -0.168871 0.050404 -0.214407
v -0.162743 0.047398 -0.214936
v -0.154606 0.048177 -0.211980
v -0.160193 0.108701 -0.219998
v -0.159392 0.097926 -0.233591
v -0.159524 0.081090 -0.241671
v -0.165562 0.092192 -0.227174
v -0.160945 0.090891 -0.214955
v -0.166122 0.094972 -0.212434
v -0.158758 0.048281 -0.239383
v -0.156806 0.066418 -0.247567
v -0.155298 0.056395 -0.245183
v -0.156620 0.038493 -0.215040
v -0.152021 0.038820 -0.219081
v -0.155141 0.108542 -0.229213
v -0.156959 0.114911 -0.219761
v -0.153939 0.112767 -0.212130
v -0.152729 0.062339 -0.241557
v -0.156715 0.109851 -0.203884
v -0.163596 0.093125 -0.201531
v -0.159752 0.086715 -0.191961
v -0.161841 0.092652 -0.190208
v -0.155327 0.089755 -0.189134
v -0.151256 0.092856 -0.190216
v -0.153837 0.097335 -0.233794
v -0.153085 0.108834 -0.220129
v -0.151637 0.113874 -0.212228
v -0.154961 0.110454 -0.204438
v -0.152935 0.110354 -0.205195
v -0.160882 0.099469 -0.196907
v -0.161917 0.112826 -0.210639
v -0.157990 0.079998 -0.246803
v -0.160313 0.048099 -0.233960
v -0.154997 0.081340 -0.246116
v -0.158093 0.103420 -0.235019
v -0.157369 0.114716 -0.211505
v -0.145518 0.049130 -0.225432
v -0.152728 0.048892 -0.234736
v -0.166853 0.078603 -0.229452
v -0.163619 0.076119 -0.221689
v -0.160881 0.086072 -0.220191
v -0.149902 0.047902 -0.216129
v -0.167170 0.064161 -0.213753
v -0.154317 0.086689 -0.218342
v -0.154400 0.090071 -0.214660
v -0.160406 0.061708 -0.241539
v -0.167667 0.048929 -0.225508
v -0.150521 0.049477 -0.204432
v -0.147714 0.064553 -0.208919
v -0.155812 0.058911 -0.201867
v -0.154717 0.067332 -0.205100
v -0.147927 0.098737 -0.218893
v -0.147394 0.105527 -0.210274
v -0.147185 0.094960 -0.212435
v -0.162727 0.048439 -0.205449
v -0.150283 0.090142 -0.192031
v -0.150500 0.116434 -0.210430
v -0.151442 0.111524 -0.206957
v -0.150470 0.110640 -0.207943
v -0.149813 0.076059 -0.221524
v -0.157916 0.038863 -0.224031
v -0.161787 0.039075 -0.218605
v -0.163678 0.047761 -0.221916
v -0.154303 0.047828 -0.226534
v -0.164547 0.061565 -0.205331
v -0.154424 0.081168 -0.217387
v -0.159831 0.081058 -0.217799
v -0.146553 0.048493 -0.212624
v -0.146981 0.062137 -0.211668
v -0.143352 0.055504 -0.215325
v -0.209884 0.071074 0.152237
v -0.210292 0.067059 0.160268
v -0.210833 0.064416 0.153893
v -0.215594 0.060447 0.156936
v -0.226908 0.072019 0.163003
v -0.229239 0.073352 0.155757
v -0.226674 0.064405 0.160880
v -0.223369 0.079245 0.153368
v -0.224801 0.073059 0.148268
v -0.215408 0.067508 0.147188
v -0.217341 0.074955 0.147268
v -0.218047 0.061563 0.161753
v -0.225111 0.061861 0.155129
v -0.213683 0.078055 0.152063
v -0.211531 0.076442 0.159736
v -0.220156 0.075453 0.165257
v -0.225841 0.077810 0.160050
v -0.219579 0.062032 0.150184
v -0.217535 0.079819 0.160501
v -0.222245 0.067512 0.165990
v -0.214751 0.070980 0.165325
v -0.221765 0.067812 0.146492
v -0.228600 0.067610 0.152899
v -0.216293 0.054841 0.153369
v -0.211539 0.053142 0.161780
v -0.210390 0.053164 0.154397
v -0.220115 0.053017 0.165661
v -0.217903 0.055069 0.160226
v -0.214972 0.051612 0.155004
v -0.217580 0.059741 0.153150
v -0.216273 0.059717 0.158965
v -0.216512 0.051512 0.159777
v -0.221431 0.051567 0.160438
v -0.221267 0.041674 0.160621
v -0.219968 0.051896 0.152022
v -0.221769 0.053194 0.147344
v -0.214529 0.053160 0.148190
v -0.222772 0.051797 0.154221
v -0.225745 0.053059 0.163149
v -0.222862 0.055060 0.156005
v -0.213904 0.033175 0.160729
v -0.215677 0.031921 0.168302
v -0.207563 0.032048 0.156064
v -0.226070 0.033434 0.157554
v -0.220171 0.032973 0.164670
v -0.221321 0.035132 0.162406
v -0.222499 0.059677 0.156506
v -0.221511 0.041256 0.152404
v -0.215371 0.036940 0.152807
v -0.220557 0.034980 0.149638
v -0.227841 0.053140 0.152936
v -0.225832 0.032956 0.151770
v -0.229174 0.032110 0.162846
v -0.214766 0.032911 0.148694
v -0.205089 0.026688 0.155667
v -0.208544 0.026511 0.146846
v -0.215245 0.041890 0.159539
v -0.218728 0.026672 0.170281
v -0.200771 0.016152 0.148261
v -0.200703 0.023727 0.153568
v -0.204674 0.016131 0.170646
v -0.207001 0.023783 0.171601
v -0.219533 0.023651 0.175713
v -0.212441 0.034583 0.155393
v -0.234054 0.025728 0.158412
v -0.230002 0.032017 0.149983
v -0.231014 0.026702 0.148586
v -0.229232 0.026355 0.166776
v -0.223401 0.016248 0.175737
v -0.237847 0.016086 0.165338
v -0.239484 0.016023 0.153493
v -0.206510 0.026550 0.163638
v -0.234596 0.023696 0.168276
v -0.214907 0.016041 0.136598
v -0.227860 0.023738 0.139566
v -0.224064 0.026285 0.142593
v -0.238636 0.023736 0.154236
v -0.214988 0.026850 0.143156
v -0.217050 0.032094 0.144160
v -0.210202 0.023867 0.139506
v -0.231464 0.016141 0.139804
v -0.206799 0.063342 0.157507
v -0.211987 0.061320 0.151794
v -0.215682 0.058384 0.159273
v -0.209563 0.064572 0.152756
v -0.214474 0.063859 0.165060
v -0.215560 0.060281 0.161649
v -0.217893 0.063728 0.146338
v -0.219862 0.060776 0.148904
v -0.217001 0.063721 0.166366
v -0.212082 0.063514 0.164276
v -0.223865 0.063666 0.147723
v -0.221807 0.063531 0.146258
v -0.215128 0.063667 0.147417
v -0.228104 0.063919 0.166320
v -0.221004 0.060321 0.150702
v -0.222999 0.060241 0.161909
v -0.225505 0.060814 0.154811
v -0.225175 0.059231 0.154925
v -0.227990 0.063892 0.151528
v -0.229180 0.063819 0.156436
v -0.225010 0.063832 0.163804
v -0.222010 0.057736 0.158459
v -0.212192 0.063821 0.149004
v -0.215633 0.060497 0.151062
v -0.212866 0.060314 0.157637
v -0.217847 0.059509 0.163427
v -0.212391 0.059632 0.154258
v -0.221805 0.060529 0.162328
v -0.214222 0.059072 0.151807
v -0.220973 0.059036 0.162932
v -0.222686 0.059144 0.162185
v -0.215619 0.059129 0.150683
v -0.164243 0.074959 0.150971
v -0.164639 0.077191 0.156718
v -0.158673 0.079977 0.152591
v -0.158507 0.063027 0.148980
v -0.153017 0.068719 0.146599
v -0.151092 0.062664 0.151721
v -0.146760 0.069039 0.158593
v -0.151253 0.062530 0.160685
v -0.166068 0.066466 0.155684
v -0.156474 0.059973 0.155848
v -0.159305 0.061220 0.160565
v -0.165551 0.072826 0.160808
v -0.162649 0.066517 0.163791
v -0.160352 0.073524 0.165519
v -0.151078 0.071474 0.164528
v -0.146916 0.071532 0.153201
v -0.158342 0.079148 0.161085
v -0.151911 0.079531 0.158145
v -0.156255 0.074621 0.146892
v -0.155500 0.067917 0.166427
v -0.162306 0.068772 0.147723
v -0.150955 0.077457 0.151108
v -0.158229 0.053053 0.147424
v -0.165557 0.053216 0.154176
v -0.158100 0.055159 0.152159
v -0.152024 0.053053 0.163226
v -0.152705 0.051568 0.157105
v -0.147553 0.053082 0.154745
v -0.154041 0.035651 0.151433
v -0.154098 0.032888 0.148572
v -0.159543 0.037518 0.150834
v -0.156648 0.051570 0.160080
v -0.155658 0.034038 0.162298
v -0.151435 0.038271 0.154335
v -0.159012 0.055045 0.159167
v -0.161581 0.053041 0.163881
v -0.157685 0.051589 0.151785
v -0.160018 0.051555 0.159235
v -0.152508 0.054977 0.156757
v -0.159227 0.059723 0.158824
v -0.148924 0.031612 0.165161
v -0.144967 0.032056 0.151906
v -0.150303 0.053131 0.149151
v -0.154909 0.051692 0.152540
v -0.148713 0.033266 0.155841
v -0.161200 0.047091 0.156368
v -0.155721 0.059758 0.153588
v -0.161573 0.039669 0.155505
v -0.159586 0.034673 0.162839
v -0.156249 0.031999 0.144691
v -0.163799 0.026510 0.143770
v -0.168420 0.031758 0.158036
v -0.162763 0.032963 0.161292
v -0.161709 0.033142 0.150552
v -0.154824 0.026616 0.142019
v -0.163125 0.032079 0.166848
v -0.145495 0.026419 0.147439
v -0.142381 0.026675 0.158372
v -0.151188 0.026629 0.169329
v -0.136883 0.016050 0.158611
v -0.144279 0.015999 0.140214
v -0.140648 0.023765 0.145911
v -0.169427 0.023561 0.142473
v -0.171201 0.026303 0.153611
v -0.175755 0.016064 0.161528
v -0.158148 0.016187 0.135469
v -0.164253 0.016154 0.175386
v -0.147521 0.016094 0.173802
v -0.138633 0.023769 0.163139
v -0.164052 0.023496 0.174310
v -0.149424 0.023729 0.173760
v -0.171219 0.016118 0.141407
v -0.155069 0.023700 0.136797
v -0.164378 0.026634 0.168386
v -0.174583 0.023685 0.163689
v -0.162990 0.063983 0.163331
v -0.159079 0.063995 0.165988
v -0.164347 0.063857 0.162599
v -0.146625 0.063663 0.158210
v -0.147823 0.063512 0.161842
v -0.147603 0.063666 0.159977
v -0.150286 0.060297 0.155929
v -0.152133 0.059541 0.150958
v -0.150764 0.059100 0.153097
v -0.150232 0.059122 0.154412
v -0.159582 0.060501 0.161026
v -0.166417 0.063833 0.154926
v -0.156744 0.060528 0.149876
v -0.160124 0.057795 0.162099
v -0.154798 0.059472 0.163011
v -0.166723 0.063405 0.159808
v -0.157295 0.059116 0.161450
v -0.154513 0.063952 0.165947
v -0.150852 0.063836 0.164187
v -0.154610 0.058564 0.150655
v -0.150225 0.060554 0.157478
v -0.152920 0.064006 0.147029
v -0.149241 0.063549 0.148646
v -0.147447 0.063796 0.152665
v -0.158361 0.059507 0.149220
v -0.162412 0.059611 0.151898
v -0.161913 0.057957 0.154003
v -0.163746 0.059536 0.156650
v -0.154464 0.063695 0.146102
v -0.163345 0.063943 0.148582
v -0.153748 0.059122 0.150163
v -0.155315 0.059134 0.149575
v -0.166742 0.063809 0.156763
v -0.159362 0.060757 0.163609
v -0.150974 0.060537 0.159697
v -0.155380 0.060107 0.149737
v -0.152847 0.059123 0.150742
v -0.157300 0.059141 0.149437
v -0.152069 0.059122 0.151344
v -0.162355 0.059087 0.160077
v -0.156480 0.059127 0.149462
v -0.162804 0.060157 0.153298
v -0.102120 0.053103 0.158659
v -0.097197 0.055119 0.158420
v -0.102012 0.053357 0.151680
v -0.093479 0.055199 0.152887
v -0.087098 0.053194 0.161412
v -0.095334 0.051646 0.160137
v -0.091219 0.051629 0.159946
v -0.097018 0.059769 0.154785
v -0.090884 0.059795 0.155291
v -0.091610 0.055177 0.159156
v -0.094318 0.053097 0.165721
v -0.092745 0.049579 0.152432
v -0.089787 0.048163 0.155147
v -0.087457 0.035296 0.154411
v -0.099931 0.032769 0.150716
v -0.087914 0.032904 0.150684
v -0.091593 0.032084 0.144187
v -0.092932 0.059811 0.160208
v -0.096850 0.052970 0.147492
v -0.091880 0.051638 0.152206
v -0.088866 0.053230 0.148324
v -0.111742 0.023816 0.149369
v -0.101333 0.026604 0.143929
v -0.100024 0.023666 0.137725
v -0.092280 0.041014 0.160631
v -0.098790 0.037456 0.155714
v -0.099726 0.033206 0.160750
v -0.091523 0.036356 0.150453
v -0.081507 0.031695 0.156061
v -0.084953 0.026544 0.144852
v -0.092633 0.026806 0.142013
v -0.102767 0.032005 0.147494
v -0.104442 0.031958 0.161339
v -0.109581 0.016085 0.143856
v -0.097710 0.051594 0.157853
v -0.087866 0.033079 0.161378
v -0.097690 0.026738 0.169713
v -0.110800 0.023778 0.165218
v -0.097963 0.023747 0.175278
v -0.087421 0.032010 0.166347
v -0.090815 0.015995 0.136574
v -0.105715 0.028085 0.163406
v -0.098552 0.031778 0.167752
v -0.082425 0.022814 0.170955
v -0.088940 0.026605 0.170140
v -0.097485 0.042267 0.153156
v -0.107197 0.026512 0.151466
v -0.104739 0.016092 0.173372
v -0.113960 0.016105 0.160673
v -0.079187 0.026493 0.154226
v -0.086951 0.016144 0.175488
v -0.074543 0.016114 0.161801
v -0.075192 0.023418 0.160642
v -0.079641 0.023748 0.143429
v -0.076259 0.016242 0.145530
v -0.098961 0.058617 0.154162
v -0.102565 0.063863 0.161458
v -0.095420 0.059308 0.161353
v -0.082311 0.063225 0.162926
v -0.085812 0.063897 0.161906
v -0.084051 0.063738 0.154512
v -0.090850 0.060466 0.149550
v -0.089418 0.064642 0.147840
v -0.090198 0.064665 0.147502
v -0.084592 0.063645 0.151410
v -0.087758 0.059288 0.159063
v -0.103185 0.063865 0.152782
v -0.100719 0.063747 0.149025
v -0.099670 0.060511 0.153458
v -0.092612 0.057678 0.155040
v -0.098606 0.063131 0.146962
v -0.096574 0.063741 0.146710
v -0.091680 0.064660 0.147024
v -0.092002 0.063764 0.146518
v -0.098301 0.063837 0.165539
v -0.092428 0.063765 0.166091
v -0.102932 0.063856 0.159411
v -0.091640 0.060421 0.150580
v -0.087911 0.060517 0.158857
v -0.090158 0.060100 0.150641
v -0.087813 0.064076 0.148721
v -0.089507 0.060434 0.161106
v -0.089346 0.057441 0.162766
v -0.096661 0.060241 0.162667
v -0.096521 0.060123 0.150091
v -0.097155 0.060331 0.161647
v -0.094501 0.059344 0.163442
v -0.100302 0.060177 0.156981
v -0.100885 0.058106 0.159081
v -0.100154 0.059487 0.153110
v -0.097689 0.059033 0.150714
v -0.095988 0.059133 0.149886
v -0.093047 0.058721 0.149324
v -0.094625 0.078774 0.161938
v -0.090578 0.069471 0.166138
v -0.087787 0.074611 0.163476
v -0.085174 0.066227 0.153015
v -0.085165 0.066409 0.160922
v -0.089635 0.061890 0.160570
v -0.084260 0.073250 0.154133
v -0.088605 0.072677 0.147554
v -0.088021 0.078948 0.155486
v -0.102444 0.076365 0.157162
v -0.100789 0.070096 0.163763
v -0.092038 0.061010 0.152458
v -0.101382 0.063422 0.157149
v -0.097263 0.063220 0.149319
v -0.092531 0.067521 0.146164
v -0.095621 0.073626 0.146518
v -0.096384 0.061716 0.161152
v -0.095835 0.079296 0.151352
v -0.097132 0.080312 0.156876
v -0.096369 0.070647 0.166439
v -0.104198 0.069356 0.156949
v -0.101414 0.070867 0.149781
v -0.035085 0.051555 0.095077
v -0.035171 0.053186 0.102064
v -0.040657 0.053241 0.093499
v -0.033380 0.059767 0.091104
v -0.027582 0.054988 0.092539
v -0.033386 0.055033 0.090124
v -0.030346 0.059775 0.095863
v -0.026942 0.033312 0.099244
v -0.023254 0.032883 0.090492
v -0.026099 0.036671 0.090159
v -0.032275 0.054961 0.096948
v -0.028605 0.053318 0.102315
v -0.023012 0.052875 0.097470
v -0.029749 0.051114 0.091307
v -0.032719 0.044230 0.089279
v -0.033455 0.051724 0.089815
v -0.033451 0.033921 0.087401
v -0.036943 0.035217 0.090765
v -0.026645 0.051466 0.093569
v -0.031983 0.033131 0.100434
v -0.032345 0.031859 0.105947
v -0.020096 0.032063 0.098139
v -0.036183 0.039250 0.095880
v -0.021075 0.030926 0.086640
v -0.039235 0.033035 0.094911
v -0.023559 0.053242 0.089743
v -0.030550 0.053193 0.084302
v -0.037856 0.053140 0.087294
v -0.030435 0.051528 0.097773
v -0.043558 0.032116 0.094436
v -0.043217 0.026283 0.101154
v -0.028306 0.041768 0.097456
v -0.036457 0.026453 0.106716
v -0.049259 0.023772 0.101328
v -0.039138 0.023684 0.111275
v -0.034934 0.031285 0.081543
v -0.028471 0.026631 0.079371
v -0.037374 0.026633 0.080547
v -0.017959 0.026131 0.087822
v -0.044069 0.026852 0.088371
v -0.017949 0.026641 0.098134
v -0.037637 0.023645 0.075480
v -0.049606 0.023607 0.086994
v -0.016010 0.023442 0.104781
v -0.012481 0.023757 0.089277
v -0.036016 0.016090 0.074088
v -0.049568 0.016124 0.084650
v -0.048634 0.016112 0.103568
v -0.020059 0.016038 0.076328
v -0.021690 0.023672 0.076693
v -0.013383 0.016018 0.101978
v -0.023578 0.023751 0.111221
v -0.028638 0.026353 0.106924
v -0.030859 0.016082 0.113389
v -0.012140 0.016089 0.086333
v -0.030832 0.059549 0.101343
v -0.035002 0.057069 0.093172
v -0.037823 0.063943 0.101405
v -0.037752 0.063837 0.085731
v -0.039421 0.063836 0.087844
v -0.041291 0.063955 0.092376
v -0.033387 0.064646 0.102873
v -0.031643 0.064669 0.103040
v -0.031237 0.063005 0.103973
v -0.030446 0.064645 0.103057
v -0.027388 0.064645 0.102234
v -0.028393 0.064646 0.102628
v -0.027180 0.062451 0.103773
v -0.024134 0.063864 0.100644
v -0.027205 0.063625 0.081199
v -0.024991 0.059180 0.095519
v -0.020962 0.063830 0.093552
v -0.030793 0.064049 0.103504
v -0.033147 0.060089 0.088109
v -0.030884 0.064022 0.083845
v -0.037280 0.060541 0.096778
v -0.040324 0.063925 0.098098
v -0.023657 0.064660 0.099183
v -0.030455 0.060284 0.100039
v -0.032051 0.060515 0.100172
v -0.027476 0.058870 0.087178
v -0.031034 0.059120 0.086832
v -0.032955 0.060083 0.087111
v -0.025449 0.064658 0.101060
v -0.022435 0.063845 0.089248
v -0.026551 0.060424 0.098118
v -0.024308 0.059491 0.094804
v -0.024379 0.060968 0.089472
v -0.024947 0.058537 0.092563
v -0.024473 0.064672 0.100129
v -0.024907 0.060486 0.093326
v -0.029083 0.058710 0.089353
v -0.039516 0.064035 0.099028
v -0.029054 0.059536 0.100350
v -0.037573 0.059533 0.090095
v -0.037059 0.058728 0.097088
v -0.039040 0.060796 0.093404
v -0.032913 0.059118 0.087022
v -0.031979 0.059120 0.086920
v -0.038179 0.058117 0.093055
v -0.028437 0.072850 0.084478
v -0.034776 0.072558 0.084068
v -0.031550 0.080256 0.090476
v -0.036863 0.073169 0.101612
v -0.030103 0.078889 0.099535
v -0.036328 0.079061 0.096164
v -0.027651 0.060936 0.091608
v -0.030924 0.060334 0.096508
v -0.037629 0.062161 0.092275
v -0.033034 0.064726 0.085060
v -0.038400 0.066520 0.087302
v -0.038672 0.075905 0.088587
v -0.025165 0.074031 0.100696
v -0.023765 0.066812 0.099801
v -0.021313 0.070669 0.093706
v -0.025194 0.078606 0.092581
v -0.024870 0.064616 0.087521
v -0.023259 0.072323 0.087425
v -0.041652 0.072303 0.093498
v -0.038607 0.064968 0.098078
v -0.032445 0.067200 0.103130
v 0.033009 0.036894 0.161524
v 0.036337 0.037416 0.155451
v 0.035491 0.051502 0.157510
v 0.028085 0.054841 0.156031
v 0.027960 0.059761 0.154973
v 0.032174 0.057430 0.152498
v 0.033835 0.051539 0.153122
v 0.034850 0.055117 0.156979
v 0.040274 0.053252 0.154192
v 0.033855 0.053064 0.147461
v 0.028881 0.053058 0.165427
v 0.038603 0.053262 0.161917
v 0.029926 0.058076 0.160040
v 0.023418 0.053149 0.161620
v 0.033502 0.041036 0.151783
v 0.022553 0.053450 0.153115
v 0.034648 0.059807 0.157419
v 0.036317 0.033058 0.163194
v 0.038529 0.032919 0.152050
v 0.018398 0.029345 0.155301
v 0.028731 0.032070 0.143969
v 0.026513 0.026707 0.143021
v 0.026758 0.052898 0.148176
v 0.022121 0.026737 0.167474
v 0.012467 0.023789 0.152008
v 0.013017 0.023688 0.163584
v 0.031367 0.036250 0.150088
v 0.028350 0.051562 0.159769
v 0.026851 0.042250 0.155436
v 0.032248 0.051648 0.160442
v 0.027543 0.051725 0.154365
v 0.024571 0.033257 0.154306
v 0.024288 0.031825 0.166889
v 0.027347 0.033371 0.163155
v 0.034705 0.032103 0.168009
v 0.044505 0.026756 0.161478
v 0.043449 0.031958 0.158976
v 0.036867 0.026131 0.142696
v 0.017827 0.027435 0.161172
v 0.018131 0.023661 0.141798
v 0.038601 0.023751 0.173925
v 0.049803 0.023719 0.160351
v 0.039485 0.026391 0.168184
v 0.026815 0.037880 0.160141
v 0.044088 0.026463 0.150431
v 0.046724 0.023820 0.144950
v 0.039985 0.031878 0.147943
v 0.028166 0.033042 0.148677
v 0.021508 0.023746 0.173329
v 0.033969 0.016139 0.176336
v 0.031051 0.026382 0.170802
v 0.047872 0.015978 0.167056
v 0.016452 0.016102 0.169565
v 0.011027 0.016115 0.152431
v 0.048537 0.016108 0.146645
v 0.031463 0.016084 0.136105
v 0.028079 0.023245 0.137240
v 0.016505 0.016087 0.141904
v 0.025414 0.064653 0.148839
v 0.026962 0.063718 0.146974
v 0.032677 0.063868 0.146502
v 0.041313 0.063917 0.155795
v 0.039708 0.063735 0.161996
v 0.035499 0.063858 0.165430
v 0.023901 0.063230 0.164667
v 0.029790 0.063862 0.166256
v 0.033312 0.060369 0.149768
v 0.031402 0.058617 0.156235
v 0.024178 0.060349 0.155953
v 0.037738 0.060203 0.156209
v 0.040707 0.063625 0.152351
v 0.037380 0.063922 0.148302
v 0.037727 0.060519 0.155026
v 0.039133 0.063808 0.150572
v 0.023378 0.064659 0.151010
v 0.024371 0.064667 0.149821
v 0.027288 0.059656 0.150888
v 0.024964 0.059724 0.152802
v 0.025791 0.058965 0.155455
v 0.021197 0.063794 0.153936
v 0.032882 0.057398 0.153957
v 0.027829 0.060301 0.150000
v 0.021820 0.063922 0.160111
v 0.025709 0.060369 0.153649
v 0.025097 0.063842 0.164268
v 0.034058 0.059257 0.162527
v 0.030060 0.060519 0.162802
v 0.024504 0.057942 0.160064
v 0.028119 0.060204 0.162293
v 0.035503 0.060275 0.151386
v 0.035142 0.060526 0.161275
v 0.037334 0.059118 0.159105
v 0.036913 0.059118 0.159924
v 0.037757 0.060130 0.156577
v 0.037644 0.059121 0.158422
v 0.035685 0.073838 0.147794
v 0.032988 0.068231 0.146313
v 0.025586 0.073731 0.148570
v 0.028899 0.063387 0.149137
v 0.027890 0.065695 0.164788
v 0.023280 0.068513 0.162745
v 0.024020 0.062974 0.155054
v 0.039178 0.072741 0.162174
v 0.036934 0.078556 0.159200
v 0.028861 0.076885 0.164183
v 0.035538 0.063850 0.162702
v 0.036596 0.061783 0.153073
v 0.040650 0.065920 0.157274
v 0.039926 0.067777 0.151329
v 0.025728 0.078748 0.157679
v 0.022217 0.073406 0.160788
v 0.031581 0.059916 0.157065
v 0.033824 0.068983 0.166440
v 0.022181 0.068777 0.152287
v 0.028589 0.079791 0.153085
v 0.033941 0.079715 0.152542
v 0.040302 0.075022 0.153566
v 0.101400 0.032289 0.151710
v 0.096576 0.037294 0.151044
v 0.099023 0.038115 0.157941
v 0.105618 0.032081 0.159168
v 0.107746 0.026207 0.152236
v 0.091180 0.059801 0.158107
v 0.097091 0.059801 0.156909
v 0.093762 0.059803 0.152312
v 0.096678 0.055119 0.159329
v 0.097014 0.053148 0.147646
v 0.102895 0.053223 0.157622
v 0.097307 0.051710 0.154496
v 0.088995 0.037394 0.158209
v 0.089709 0.033114 0.162414
v 0.093633 0.035354 0.162154
v 0.091819 0.036486 0.151270
v 0.089278 0.032988 0.149489
v 0.092801 0.051553 0.160318
v 0.092560 0.053179 0.165141
v 0.094499 0.051586 0.151896
v 0.091045 0.055027 0.158752
v 0.098715 0.053369 0.164040
v 0.090110 0.051519 0.154639
v 0.092713 0.055096 0.152301
v 0.087310 0.053197 0.149600
v 0.100211 0.032946 0.159823
v 0.090704 0.032060 0.168044
v 0.097102 0.049128 0.158584
v 0.082547 0.032155 0.159832
v 0.085000 0.053268 0.157924
v 0.083759 0.031992 0.148891
v 0.073843 0.016030 0.154340
v 0.085458 0.016153 0.137817
v 0.108334 0.016077 0.170318
v 0.088199 0.035738 0.154161
v 0.102391 0.026481 0.144364
v 0.094018 0.032091 0.143459
v 0.107018 0.026403 0.161519
v 0.113235 0.023688 0.156861
v 0.080786 0.023714 0.169779
v 0.093163 0.016082 0.176579
v 0.096281 0.023707 0.175451
v 0.104233 0.016050 0.139318
v 0.081879 0.026370 0.148251
v 0.092871 0.026618 0.141913
v 0.088805 0.023728 0.137902
v 0.107851 0.023738 0.169761
v 0.074885 0.023699 0.153316
v 0.084695 0.026580 0.167208
v 0.106388 0.023749 0.141635
v 0.095393 0.026602 0.170481
v 0.099678 0.032008 0.166975
v 0.114334 0.016188 0.154669
v 0.079731 0.016124 0.171189
v 0.102559 0.063823 0.151754
v 0.090741 0.063921 0.147311
v 0.097743 0.063571 0.146788
v 0.090116 0.058196 0.154962
v 0.088022 0.061030 0.161337
v 0.096940 0.059861 0.161817
v 0.092009 0.063780 0.165496
v 0.090052 0.060204 0.161664
v 0.087070 0.060182 0.156355
v 0.099500 0.060507 0.159462
v 0.086415 0.063656 0.163188
v 0.083340 0.063595 0.156174
v 0.084131 0.063787 0.157888
v 0.099110 0.063918 0.164584
v 0.087943 0.060514 0.154090
v 0.092785 0.060524 0.149512
v 0.098745 0.060528 0.152001
v 0.086743 0.064160 0.145635
v 0.102615 0.063802 0.161229
v 0.094587 0.057266 0.152518
v 0.099808 0.059794 0.153468
v 0.098372 0.059173 0.151042
v 0.100253 0.059122 0.154164
v 0.099791 0.059093 0.152817
v 0.102858 0.063798 0.151510
v 0.099865 0.060401 0.153760
v 0.088739 0.057257 0.163088
v 0.087347 0.059123 0.157842
v 0.089432 0.063772 0.165013
v 0.094548 0.060445 0.162711
v 0.087098 0.059133 0.156705
v 0.088859 0.063511 0.150643
v 0.096181 0.060236 0.156246
v 0.091247 0.060132 0.154956
v 0.084443 0.068790 0.152258
v 0.085331 0.076046 0.155143
v 0.088434 0.075995 0.149029
v 0.091593 0.070091 0.146093
v 0.087485 0.063688 0.160183
v 0.099323 0.065363 0.148792
v 0.091219 0.079879 0.158602
v 0.094027 0.079056 0.150516
v 0.099457 0.064210 0.161919
v 0.102590 0.065181 0.154619
v 0.103142 0.072776 0.152389
v 0.097152 0.071929 0.146172
v 0.103125 0.073226 0.159679
v 0.099161 0.078434 0.153265
v 0.084787 0.072187 0.160802
v 0.094011 0.067771 0.166336
v 0.089313 0.071796 0.164941
v 0.098942 0.074767 0.163589
v 0.155851 0.059760 0.158966
v 0.153568 0.055113 0.158960
v 0.159224 0.055044 0.158769
v 0.153494 0.048832 0.152974
v 0.152405 0.051724 0.153087
v 0.156288 0.051665 0.151749
v 0.156105 0.059654 0.153709
v 0.156409 0.055104 0.152525
v 0.162019 0.053130 0.163175
v 0.157106 0.051565 0.160519
v 0.160825 0.051674 0.154227
v 0.162425 0.053292 0.149980
v 0.165525 0.053119 0.155333
v 0.158310 0.034885 0.149799
v 0.151139 0.035615 0.152736
v 0.150692 0.052929 0.163816
v 0.146911 0.053151 0.158257
v 0.152014 0.051630 0.157885
v 0.149411 0.033499 0.156135
v 0.150855 0.032929 0.148852
v 0.149043 0.053167 0.150170
v 0.155246 0.036691 0.161383
v 0.158834 0.037721 0.161018
v 0.151603 0.032014 0.167186
v 0.141863 0.026562 0.157151
v 0.145915 0.026337 0.166823
v 0.155077 0.053366 0.147035
v 0.151341 0.039360 0.159110
v 0.151608 0.032911 0.163875
v 0.161167 0.033135 0.162323
v 0.155109 0.031675 0.144661
v 0.166023 0.026303 0.145339
v 0.155678 0.026556 0.141802
v 0.164946 0.032490 0.154762
v 0.161109 0.037525 0.153761
v 0.166441 0.031942 0.149903
v 0.168983 0.026408 0.162539
v 0.165888 0.032043 0.163881
v 0.159892 0.049962 0.157565
v 0.174879 0.023782 0.158445
v 0.154344 0.026714 0.170319
v 0.162300 0.026634 0.169406
v 0.143943 0.032142 0.154168
v 0.166422 0.023778 0.139962
v 0.162567 0.023759 0.174144
v 0.168742 0.016023 0.171530
v 0.140306 0.023810 0.145164
v 0.136622 0.023542 0.159122
v 0.143253 0.023756 0.170648
v 0.142066 0.016139 0.141493
v 0.153160 0.023712 0.137147
v 0.176686 0.016010 0.156056
v 0.171455 0.016099 0.143123
v 0.136768 0.016046 0.161020
v 0.143454 0.026293 0.148101
v 0.156796 0.016012 0.135671
v 0.146710 0.016132 0.174254
v 0.159387 0.063800 0.165452
v 0.165223 0.063860 0.160255
v 0.161661 0.063774 0.164806
v 0.160866 0.060417 0.160585
v 0.157713 0.060377 0.162510
v 0.161828 0.059475 0.160476
v 0.161287 0.060532 0.152972
v 0.146994 0.063827 0.163242
v 0.146261 0.063769 0.153560
v 0.146669 0.063738 0.154726
v 0.156037 0.057671 0.159923
v 0.159834 0.058619 0.153284
v 0.158458 0.063852 0.146660
v 0.152520 0.060582 0.151510
v 0.151257 0.064289 0.145262
v 0.160088 0.062898 0.146502
v 0.166687 0.063712 0.156928
v 0.165288 0.063826 0.152640
v 0.153882 0.063957 0.166169
v 0.164437 0.063652 0.149705
v 0.151017 0.059173 0.153123
v 0.150959 0.060079 0.160430
v 0.149789 0.065451 0.163886
v 0.161581 0.060236 0.152305
v 0.151941 0.060247 0.150949
v 0.162443 0.060113 0.158401
v 0.153542 0.057661 0.163431
v 0.149154 0.059608 0.156000
v 0.162784 0.059102 0.155061
v 0.162363 0.059132 0.153757
v 0.153576 0.059126 0.150044
v 0.154180 0.059124 0.149868
v 0.156171 0.060423 0.163004
v 0.149676 0.060126 0.156445
v 0.155149 0.059125 0.149611
v 0.158815 0.078854 0.151158
v 0.159928 0.079856 0.158366
v 0.165945 0.073659 0.155211
v 0.156057 0.067349 0.165869
v 0.153024 0.060554 0.159443
v 0.159287 0.060506 0.157443
v 0.156113 0.077001 0.164095
v 0.151027 0.079322 0.155654
v 0.150444 0.076262 0.163018
v 0.164538 0.070003 0.150520
v 0.163690 0.063312 0.153991
v 0.159415 0.066922 0.147098
v 0.154003 0.061295 0.151821
v 0.164514 0.068312 0.161401
v 0.161478 0.063236 0.161759
v 0.147889 0.063699 0.157260
v 0.146325 0.071583 0.159315
v 0.150284 0.067982 0.164724
v 0.146832 0.073780 0.152816
v 0.162955 0.074952 0.162377
v 0.151841 0.075916 0.148399
v 0.154323 0.070274 0.146418
v 0.148411 0.067131 0.150106
v 0.220957 0.053121 0.164745
v 0.222185 0.055108 0.157742
v 0.215732 0.055130 0.159303
v 0.217031 0.055121 0.152842
v 0.219372 0.053349 0.146894
v 0.212339 0.053043 0.149540
v 0.213965 0.039391 0.157503
v 0.218807 0.051535 0.160687
v 0.215331 0.051608 0.158562
v 0.227685 0.053067 0.154968
v 0.209346 0.052960 0.156717
v 0.223294 0.051656 0.156410
v 0.219578 0.051592 0.151944
v 0.217985 0.059621 0.153469
v 0.215252 0.039043 0.152114
v 0.211068 0.033137 0.155220
v 0.212300 0.053363 0.162943
v 0.214891 0.032750 0.163708
v 0.224696 0.032760 0.163333
v 0.225380 0.035081 0.157080
v 0.218903 0.059779 0.158932
v 0.224889 0.053156 0.149262
v 0.208866 0.031033 0.163798
v 0.208026 0.031995 0.151088
v 0.204234 0.026540 0.158001
v 0.223394 0.032918 0.149477
v 0.228685 0.031894 0.149112
v 0.217635 0.032032 0.143725
v 0.216248 0.051512 0.152663
v 0.222684 0.042073 0.159317
v 0.221880 0.041723 0.152366
v 0.222249 0.035770 0.150892
v 0.214977 0.033190 0.149463
v 0.219524 0.032027 0.168592
v 0.212597 0.026413 0.169435
v 0.201501 0.023808 0.165038
v 0.230084 0.032095 0.161478
v 0.200520 0.016100 0.165099
v 0.200875 0.023631 0.148729
v 0.233378 0.026600 0.155636
v 0.227796 0.028479 0.145833
v 0.206499 0.026769 0.149189
v 0.219352 0.026517 0.141519
v 0.229382 0.023704 0.171931
v 0.212172 0.023851 0.174541
v 0.215780 0.016007 0.176011
v 0.235808 0.023215 0.149136
v 0.238106 0.016176 0.150170
v 0.228794 0.023803 0.139574
v 0.237910 0.023786 0.159156
v 0.229436 0.026600 0.165677
v 0.214786 0.023806 0.137312
v 0.228574 0.016043 0.138132
v 0.200903 0.016091 0.146867
v 0.216644 0.016048 0.136073
v 0.232255 0.016149 0.171101
v 0.214986 0.057370 0.153074
v 0.217224 0.063849 0.146118
v 0.212185 0.064615 0.149354
v 0.210898 0.064674 0.150730
v 0.229506 0.064997 0.154912
v 0.225302 0.064604 0.149329
v 0.224712 0.063333 0.146149
v 0.217749 0.057490 0.156889
v 0.225856 0.060668 0.155503
v 0.227989 0.064604 0.156514
v 0.225179 0.060433 0.157779
v 0.222367 0.060437 0.151135
v 0.223878 0.059911 0.152565
v 0.224832 0.059104 0.153167
v 0.216671 0.064131 0.165098
v 0.218344 0.064349 0.165948
v 0.210313 0.064095 0.161063
v 0.220824 0.058337 0.161678
v 0.208303 0.064025 0.156073
v 0.208386 0.065219 0.164064
v 0.218493 0.060427 0.162714
v 0.210002 0.064667 0.152655
v 0.225532 0.063722 0.164126
v 0.213887 0.060516 0.152119
v 0.212373 0.060526 0.157246
v 0.212637 0.059143 0.153484
v 0.215662 0.060324 0.150332
v 0.214386 0.059299 0.150964
v 0.221511 0.059672 0.149763
v 0.213244 0.059133 0.152438
v 0.223275 0.059122 0.151262
v 0.225428 0.059134 0.155263
v 0.217220 0.059111 0.149733
v 0.218490 0.059128 0.149561
v 0.210670 0.067711 0.150701
v 0.218201 0.067274 0.146337
v 0.214498 0.062471 0.150627
v 0.224725 0.078585 0.159001
v 0.217128 0.076240 0.164757
v 0.224877 0.074604 0.163835
v 0.212646 0.077594 0.152454
v 0.216383 0.080561 0.157135
v 0.221301 0.080305 0.153562
v 0.210040 0.074520 0.160233
v 0.228061 0.068646 0.159908
v 0.227249 0.064393 0.155191
v 0.225400 0.070131 0.148423
v 0.225666 0.076575 0.151826
v 0.213472 0.062547 0.160448
v 0.208700 0.067051 0.157337
v 0.217321 0.059841 0.156598
v 0.221820 0.062277 0.162262
v 0.214629 0.068302 0.165356
v 0.209717 0.072340 0.151535
v 0.218885 0.075345 0.147267
v 0.221129 0.070147 0.166377
v 0.223880 0.062641 0.152124
v 0.215308 0.055087 -0.153707
v 0.217119 0.059757 -0.153205
v 0.217980 0.055113 -0.160010
v 0.221906 0.055052 -0.155891
v 0.219994 0.053307 -0.164809
v 0.227945 0.053077 -0.155267
v 0.221116 0.053091 -0.146946
v 0.209915 0.053139 -0.152816
v 0.221905 0.059774 -0.156916
v 0.216965 0.051719 -0.151920
v 0.216244 0.048982 -0.152101
v 0.221826 0.038978 -0.151988
v 0.210304 0.053258 -0.160322
v 0.222624 0.051649 -0.157158
v 0.217028 0.043961 -0.159943
v 0.214230 0.038030 -0.152655
v 0.214326 0.051519 -0.156606
v 0.221471 0.034774 -0.149909
v 0.211233 0.033290 -0.156528
v 0.217639 0.051617 -0.160141
v 0.219010 0.037140 -0.162055
v 0.215975 0.032932 -0.148558
v 0.232367 0.026505 -0.157518
v 0.228887 0.026694 -0.146149
v 0.236553 0.023767 -0.148743
v 0.206201 0.031985 -0.156750
v 0.212850 0.032104 -0.144738
v 0.218240 0.032851 -0.164559
v 0.223460 0.036736 -0.158186
v 0.237327 0.023622 -0.161288
v 0.228633 0.023503 -0.172557
v 0.226725 0.032955 -0.158374
v 0.229565 0.031421 -0.149857
v 0.222456 0.032054 -0.144102
v 0.225265 0.025440 -0.169480
v 0.212154 0.023722 -0.174401
v 0.214500 0.026341 -0.170223
v 0.214308 0.026457 -0.142641
v 0.211265 0.023706 -0.137707
v 0.227223 0.023640 -0.139012
v 0.205851 0.026560 -0.148915
v 0.200602 0.023807 -0.148666
v 0.229386 0.031995 -0.161441
v 0.207152 0.016043 -0.140028
v 0.199413 0.016040 -0.162532
v 0.213798 0.016195 -0.175210
v 0.237781 0.016254 -0.150242
v 0.213517 0.032045 -0.167188
v 0.206966 0.026306 -0.165020
v 0.201421 0.023841 -0.165409
v 0.224393 0.016041 -0.136684
v 0.232726 0.016094 -0.170293
v 0.219234 0.061424 -0.162665
v 0.225959 0.063828 -0.162716
v 0.224732 0.060513 -0.158082
v 0.211405 0.065173 -0.162956
v 0.212203 0.060539 -0.155633
v 0.210072 0.064637 -0.160479
v 0.212164 0.061033 -0.160142
v 0.208443 0.063840 -0.155314
v 0.211980 0.060958 -0.152997
v 0.217493 0.058148 -0.155524
v 0.210812 0.064990 -0.149759
v 0.217927 0.061019 -0.147692
v 0.217010 0.060399 -0.149644
v 0.222859 0.060093 -0.150793
v 0.219987 0.059123 -0.149440
v 0.226070 0.060522 -0.154437
v 0.227900 0.064650 -0.154639
v 0.228053 0.064596 -0.155613
v 0.215014 0.065724 -0.145428
v 0.220463 0.059172 -0.162043
v 0.215344 0.064032 -0.165035
v 0.214465 0.060140 -0.161627
v 0.221747 0.064735 -0.165058
v 0.228709 0.063528 -0.158445
v 0.227278 0.064644 -0.152317
v 0.214804 0.059138 -0.150316
v 0.221299 0.063784 -0.146559
v 0.222465 0.060511 -0.151087
v 0.218889 0.064648 -0.165542
v 0.212112 0.059116 -0.158221
v 0.210903 0.059066 -0.153360
v 0.211197 0.060379 -0.153729
v 0.225383 0.063743 -0.148858
v 0.218968 0.059120 -0.149296
v 0.221113 0.059131 -0.149836
v 0.225253 0.060920 -0.160696
v 0.224195 0.059067 -0.160452
v 0.224993 0.059121 -0.157574
v 0.221210 0.059116 -0.162100
v 0.225313 0.059572 -0.153795
v 0.213174 0.069398 -0.147235
v 0.224050 0.073491 -0.147856
v 0.216335 0.076436 -0.147826
v 0.209656 0.072113 -0.151212
v 0.212294 0.062556 -0.153006
v 0.212205 0.072066 -0.163773
v 0.220886 0.074250 -0.165105
v 0.219753 0.066371 -0.165389
v 0.208995 0.068492 -0.159043
v 0.215549 0.062300 -0.162019
v 0.226902 0.065650 -0.152856
v 0.218273 0.059593 -0.155689
v 0.223796 0.061904 -0.158885
v 0.211357 0.077883 -0.156107
v 0.220933 0.065020 -0.147572
v 0.219679 0.080057 -0.158978
v 0.227817 0.074198 -0.155198
v 0.225119 0.076908 -0.160597
v 0.226445 0.068795 -0.162230
v 0.218330 0.079688 -0.151842
v 0.156212 0.059731 -0.158444
v 0.155709 0.055100 -0.159667
v 0.154281 0.055080 -0.153201
v 0.147517 0.053223 -0.159370
v 0.158042 0.051606 -0.159797
v 0.152504 0.051526 -0.158455
v 0.156704 0.049481 -0.151915
v 0.158848 0.051672 -0.152180
v 0.152089 0.051729 -0.154925
v 0.144631 0.031596 -0.156980
v 0.150482 0.032881 -0.151025
v 0.150934 0.032881 -0.162488
v 0.160322 0.053565 -0.147965
v 0.164848 0.052947 -0.152163
v 0.160172 0.054958 -0.155593
v 0.151206 0.037997 -0.155848
v 0.153845 0.039871 -0.151620
v 0.155336 0.059725 -0.153073
v 0.156205 0.039790 -0.161335
v 0.158512 0.033031 -0.163636
v 0.160609 0.051620 -0.156102
v 0.156413 0.053326 -0.165253
v 0.147710 0.053027 -0.152507
v 0.163208 0.033029 -0.152664
v 0.165709 0.031389 -0.164586
v 0.153173 0.053120 -0.147363
v 0.151344 0.031485 -0.146547
v 0.161937 0.036125 -0.156745
v 0.147907 0.026737 -0.144791
v 0.170274 0.026298 -0.155829
v 0.168045 0.031988 -0.153520
v 0.164258 0.053354 -0.160172
v 0.156178 0.032052 -0.167775
v 0.145789 0.026556 -0.165894
v 0.142616 0.026342 -0.151605
v 0.176020 0.016037 -0.160068
v 0.174029 0.023618 -0.164121
v 0.173034 0.023708 -0.145959
v 0.143562 0.023692 -0.170164
v 0.151171 0.016070 -0.175640
v 0.138717 0.016043 -0.166560
v 0.158506 0.026163 -0.170399
v 0.160114 0.037547 -0.151579
v 0.162520 0.031961 -0.145526
v 0.161435 0.023813 -0.174751
v 0.171725 0.016030 -0.142637
v 0.163922 0.023768 -0.138242
v 0.167553 0.026272 -0.145866
v 0.156266 0.026552 -0.141538
v 0.165470 0.016019 -0.174283
v 0.137477 0.023810 -0.153216
v 0.145258 0.016054 -0.139208
v 0.135891 0.016053 -0.153222
v 0.147152 0.023556 -0.139130
v 0.159289 0.016005 -0.135853
v 0.151846 0.060788 -0.162239
v 0.149195 0.064625 -0.162481
v 0.148252 0.064663 -0.161044
v 0.149214 0.060343 -0.154098
v 0.146853 0.064658 -0.155261
v 0.147243 0.064557 -0.152974
v 0.148696 0.064063 -0.161758
v 0.149962 0.060512 -0.154324
v 0.148902 0.064085 -0.149419
v 0.147438 0.064650 -0.159480
v 0.146788 0.064595 -0.157150
v 0.161616 0.060071 -0.152062
v 0.155763 0.060531 -0.149571
v 0.154710 0.063912 -0.146215
v 0.146914 0.063624 -0.151393
v 0.149669 0.063528 -0.147808
v 0.160178 0.063860 -0.167615
v 0.152015 0.063657 -0.165380
v 0.158705 0.063916 -0.146647
v 0.160961 0.059723 -0.160492
v 0.158479 0.057316 -0.150706
v 0.163152 0.063344 -0.148027
v 0.165572 0.063975 -0.152156
v 0.162788 0.059123 -0.157996
v 0.162632 0.060519 -0.157116
v 0.155862 0.057695 -0.155536
v 0.165589 0.063965 -0.152469
v 0.160152 0.062751 -0.146139
v 0.165748 0.063829 -0.159307
v 0.153384 0.060526 -0.161617
v 0.154856 0.059654 -0.163213
v 0.150926 0.059534 -0.160901
v 0.152694 0.060223 -0.161616
v 0.160223 0.060456 -0.161470
v 0.164056 0.063831 -0.161683
v 0.151770 0.059117 -0.160998
v 0.153234 0.059124 -0.162051
v 0.152345 0.059118 -0.161468
v 0.163342 0.059017 -0.155352
v 0.153240 0.061505 -0.160105
v 0.152513 0.062998 -0.149952
v 0.147521 0.064540 -0.156820
v 0.148047 0.074482 -0.151805
v 0.148214 0.067234 -0.150305
v 0.155243 0.072450 -0.146180
v 0.159211 0.079726 -0.158659
v 0.161208 0.077662 -0.150458
v 0.164262 0.076798 -0.158597
v 0.146837 0.071385 -0.159651
v 0.152614 0.079740 -0.158793
v 0.153712 0.075543 -0.164687
v 0.153993 0.079048 -0.150926
v 0.160333 0.069089 -0.146476
v 0.165179 0.070781 -0.150493
v 0.165720 0.072535 -0.159460
v 0.164763 0.064672 -0.154648
v 0.161302 0.062285 -0.160211
v 0.158949 0.062620 -0.149934
v 0.159690 0.070259 -0.165905
v 0.152452 0.068237 -0.165594
v 0.164831 0.067263 -0.161481
v 0.097478 0.051657 -0.092619
v 0.094445 0.051581 -0.089762
v 0.097012 0.037850 -0.089615
v 0.098842 0.053163 -0.101236
v 0.095915 0.054951 -0.096906
v 0.102290 0.053233 -0.091353
v 0.086070 0.032958 -0.092811
v 0.081768 0.032096 -0.090601
v 0.090648 0.031834 -0.082090
v 0.095894 0.059821 -0.094959
v 0.096573 0.055096 -0.091392
v 0.091186 0.059775 -0.092383
v 0.089344 0.051702 -0.092861
v 0.087811 0.053125 -0.087309
v 0.089981 0.055089 -0.096522
v 0.091359 0.055081 -0.090678
v 0.085815 0.031571 -0.101230
v 0.089550 0.032110 -0.105867
v 0.079844 0.026596 -0.098014
v 0.092420 0.033141 -0.086451
v 0.096736 0.037280 -0.098323
v 0.092434 0.037120 -0.100001
v 0.092433 0.051659 -0.097725
v 0.088723 0.053233 -0.101954
v 0.091717 0.038116 -0.089051
v 0.084228 0.053051 -0.095453
v 0.100558 0.033579 -0.091998
v 0.102207 0.032090 -0.085169
v 0.081945 0.026418 -0.086483
v 0.096090 0.033138 -0.101643
v 0.088387 0.040237 -0.095358
v 0.096755 0.053267 -0.085376
v 0.097391 0.048847 -0.095856
v 0.094966 0.023864 -0.075429
v 0.092461 0.026456 -0.079610
v 0.104392 0.031580 -0.098636
v 0.077785 0.023816 -0.082874
v 0.107408 0.026813 -0.093832
v 0.107545 0.023807 -0.107449
v 0.097798 0.026484 -0.107818
v 0.100581 0.026462 -0.081647
v 0.087695 0.016050 -0.074594
v 0.092619 0.023833 -0.113367
v 0.086707 0.026364 -0.107056
v 0.073882 0.016069 -0.099575
v 0.076003 0.016041 -0.083474
v 0.074014 0.023729 -0.092415
v 0.097787 0.016078 -0.114290
v 0.108419 0.023831 -0.081650
v 0.105124 0.016142 -0.077577
v 0.083223 0.016082 -0.111588
v 0.078732 0.023782 -0.106493
v 0.113484 0.016078 -0.090148
v 0.112927 0.023348 -0.097244
v 0.109732 0.016151 -0.106732
v 0.085276 0.063707 -0.100192
v 0.088335 0.063886 -0.102689
v 0.084518 0.063793 -0.098055
v 0.096404 0.059244 -0.087313
v 0.100303 0.059558 -0.093182
v 0.099579 0.060386 -0.092637
v 0.088827 0.063336 -0.080580
v 0.089353 0.057824 -0.095220
v 0.082464 0.063986 -0.094069
v 0.092869 0.060424 -0.087627
v 0.097515 0.060489 -0.088301
v 0.094687 0.060530 -0.099884
v 0.087706 0.059877 -0.098013
v 0.086856 0.060532 -0.095480
v 0.092725 0.063002 -0.104525
v 0.090135 0.063003 -0.103964
v 0.096757 0.059735 -0.100223
v 0.087330 0.064149 -0.086477
v 0.087315 0.059957 -0.093612
v 0.095034 0.058995 -0.087884
v 0.102224 0.063834 -0.089302
v 0.103544 0.063874 -0.093580
v 0.086899 0.059123 -0.094747
v 0.086974 0.059122 -0.093140
v 0.096417 0.063929 -0.103787
v 0.092210 0.063001 -0.104448
v 0.093306 0.063682 -0.103856
v 0.095953 0.056528 -0.096883
v 0.102037 0.065729 -0.100379
v 0.097767 0.063926 -0.085145
v 0.086906 0.059122 -0.093931
v 0.092031 0.059124 -0.100688
v 0.092153 0.060041 -0.100747
v 0.088669 0.059124 -0.098761
v 0.094423 0.059149 -0.100868
v 0.093316 0.059125 -0.100894
v 0.099375 0.058926 -0.090442
v 0.090820 0.059129 -0.100275
v 0.099363 0.060115 -0.097394
v 0.090242 0.059122 -0.100006
v 0.089708 0.059119 -0.099600
v 0.098338 0.059554 -0.099600
v 0.100269 0.058555 -0.096417
v 0.092213 0.068400 -0.084264
v 0.085768 0.065896 -0.088916
v 0.093081 0.060750 -0.090253
v 0.094014 0.077651 -0.101409
v 0.092580 0.080907 -0.095040
v 0.099307 0.077983 -0.098673
v 0.083697 0.068664 -0.092220
v 0.086573 0.077815 -0.092300
v 0.083941 0.072422 -0.097446
v 0.102997 0.068383 -0.097859
v 0.093960 0.062714 -0.101058
v 0.099002 0.071084 -0.102924
v 0.099731 0.064974 -0.088464
v 0.098425 0.061013 -0.094186
v 0.092893 0.079030 -0.088497
v 0.088089 0.073782 -0.085957
v 0.097671 0.076364 -0.086759
v 0.087104 0.066560 -0.101079
v 0.092161 0.068786 -0.104445
v 0.087668 0.075745 -0.100314
v 0.102404 0.075315 -0.092927
v 0.100395 0.071358 -0.086513
v 0.088585 0.060967 -0.094436
v 0.023204 0.053552 -0.026987
v 0.029777 0.053255 -0.022095
v 0.030221 0.054897 -0.027385
v 0.034228 0.059676 -0.032026
v 0.035409 0.055071 -0.030878
v 0.026960 0.036913 -0.027994
v 0.026619 0.033131 -0.024335
v 0.034064 0.036057 -0.026333
v 0.022800 0.052980 -0.034364
v 0.027420 0.054984 -0.032119
v 0.032001 0.055027 -0.035159
v 0.028996 0.059614 -0.030889
v 0.040117 0.053101 -0.032946
v 0.034580 0.053202 -0.039957
v 0.027008 0.052988 -0.039771
v 0.039393 0.053274 -0.026604
v 0.035496 0.051685 -0.030986
v 0.034020 0.051579 -0.034047
v 0.034265 0.039236 -0.035607
v 0.028912 0.040240 -0.035994
v 0.029591 0.051548 -0.034792
v 0.026630 0.051595 -0.031428
v 0.033956 0.051025 -0.027879
v 0.028641 0.048335 -0.028137
v 0.037359 0.036329 -0.030065
v 0.037693 0.033888 -0.034283
v 0.040267 0.031328 -0.023345
v 0.042906 0.026431 -0.039964
v 0.036419 0.026667 -0.044592
v 0.039202 0.032024 -0.040901
v 0.022730 0.032979 -0.031422
v 0.043909 0.031875 -0.030243
v 0.024507 0.031888 -0.041152
v 0.047331 0.016100 -0.019360
v 0.050444 0.023858 -0.032855
v 0.042156 0.023746 -0.015060
v 0.029572 0.034942 -0.037636
v 0.034551 0.032812 -0.039191
v 0.019079 0.026518 -0.023419
v 0.019689 0.031932 -0.036003
v 0.027765 0.032113 -0.019461
v 0.028368 0.026782 -0.017458
v 0.037754 0.026381 -0.018206
v 0.031691 0.016317 -0.051017
v 0.024175 0.023521 -0.048939
v 0.041792 0.023815 -0.047600
v 0.044863 0.026560 -0.026657
v 0.024555 0.026589 -0.044008
v 0.017020 0.026474 -0.032625
v 0.027068 0.023804 -0.012571
v 0.013666 0.023664 -0.022657
v 0.015877 0.015948 -0.017675
v 0.029293 0.016280 -0.011087
v 0.048856 0.016154 -0.040812
v 0.011198 0.016138 -0.027676
v 0.012757 0.023827 -0.036846
v 0.014543 0.016079 -0.043201
v 0.026391 0.064651 -0.023063
v 0.024002 0.064647 -0.025065
v 0.022422 0.063739 -0.026090
v 0.028764 0.058529 -0.025578
v 0.026232 0.063951 -0.040067
v 0.039465 0.063841 -0.037021
v 0.037056 0.060532 -0.034249
v 0.037204 0.059483 -0.033625
v 0.035668 0.063741 -0.040310
v 0.031644 0.059598 -0.036761
v 0.040211 0.063794 -0.026584
v 0.036827 0.063781 -0.022927
v 0.040852 0.063883 -0.028646
v 0.040222 0.064023 -0.035628
v 0.036988 0.060008 -0.034196
v 0.033251 0.060527 -0.037257
v 0.037139 0.059478 -0.035285
v 0.025046 0.060008 -0.031141
v 0.026788 0.060103 -0.036183
v 0.034104 0.058754 -0.027998
v 0.027193 0.060524 -0.036447
v 0.026727 0.064061 -0.040181
v 0.021271 0.063610 -0.031997
v 0.026599 0.058624 -0.034890
v 0.038126 0.059671 -0.031494
v 0.036523 0.060423 -0.027281
v 0.031944 0.063799 -0.021267
v 0.037681 0.059124 -0.033209
v 0.022115 0.063788 -0.034948
v 0.025412 0.060322 -0.029217
v 0.025175 0.064667 -0.023983
v 0.024298 0.058555 -0.033397
v 0.025442 0.059572 -0.026899
v 0.028100 0.059122 -0.025358
v 0.037561 0.059121 -0.033631
v 0.032418 0.058100 -0.024154
v 0.029480 0.061008 -0.023409
v 0.034587 0.059122 -0.025439
v 0.030467 0.060549 -0.024645
v 0.026448 0.059122 -0.026563
v 0.024536 0.059123 -0.030994
v 0.037939 0.059123 -0.032122
v 0.036055 0.059117 -0.026560
v 0.035153 0.059119 -0.025822
v 0.025348 0.059124 -0.028072
v 0.025819 0.059122 -0.027359
v 0.027062 0.059123 -0.025993
v 0.022163 0.073192 -0.035381
v 0.022139 0.073405 -0.027539
v 0.025550 0.079011 -0.029135
v 0.028709 0.073234 -0.040635
v 0.028444 0.079646 -0.035581
v 0.038566 0.075994 -0.035826
v 0.025912 0.061723 -0.033058
v 0.028944 0.064572 -0.039782
v 0.035610 0.065131 -0.039110
v 0.034362 0.071872 -0.041041
v 0.039176 0.065661 -0.035732
v 0.041149 0.070572 -0.028063
v 0.039735 0.075934 -0.028623
v 0.035583 0.072003 -0.022053
v 0.032332 0.059797 -0.031697
v 0.031258 0.077040 -0.023726
v 0.021742 0.067382 -0.034545
v 0.032089 0.065980 -0.022160
v 0.039069 0.063902 -0.028163
v 0.031976 0.080861 -0.031421
v 0.023358 0.068243 -0.025109
v 0.026067 0.073246 -0.022583
v 0.028077 0.061725 -0.026425
v -0.033454 0.051630 -0.152555
v -0.036667 0.035159 -0.158254
v -0.034214 0.040121 -0.152335
v -0.027376 0.048152 -0.156985
v -0.025929 0.041087 -0.157287
v -0.032034 0.038599 -0.161891
v -0.027716 0.036291 -0.151967
v -0.037193 0.053363 -0.149625
v -0.024774 0.053418 -0.149777
v -0.031600 0.055137 -0.152412
v -0.034010 0.055075 -0.158917
v -0.029299 0.059791 -0.159371
v -0.027412 0.055234 -0.157292
v -0.034728 0.059785 -0.155613
v -0.028602 0.051565 -0.159975
v -0.034944 0.051547 -0.159204
v -0.037731 0.053079 -0.162830
v -0.029489 0.059764 -0.153276
v -0.029919 0.051612 -0.152743
v -0.030620 0.052837 -0.147104
v -0.032992 0.047325 -0.160310
v -0.027791 0.053246 -0.164622
v -0.040542 0.053238 -0.156073
v -0.022275 0.053107 -0.157964
v -0.041848 0.031572 -0.149549
v -0.035083 0.026474 -0.142305
v -0.028314 0.031984 -0.144110
v -0.038752 0.032563 -0.157178
v -0.032252 0.032951 -0.163808
v -0.040473 0.032111 -0.164021
v -0.024159 0.033080 -0.153784
v -0.031196 0.032917 -0.147367
v -0.026189 0.033028 -0.161674
v -0.019407 0.031459 -0.155388
v -0.036033 0.035423 -0.151715
v -0.021882 0.023775 -0.173091
v -0.040859 0.016110 -0.174160
v -0.036761 0.023689 -0.175271
v -0.042982 0.026161 -0.148116
v -0.028419 0.031982 -0.168108
v -0.032558 0.026141 -0.171358
v -0.011179 0.016171 -0.157350
v -0.017007 0.016064 -0.141333
v -0.050845 0.016108 -0.162558
v -0.047578 0.023763 -0.166638
v -0.023698 0.027073 -0.144742
v -0.040147 0.026253 -0.167888
v -0.021428 0.016086 -0.174287
v -0.045885 0.026287 -0.159752
v -0.037570 0.023829 -0.138015
v -0.024593 0.023683 -0.138116
v -0.015462 0.023783 -0.144783
v -0.047358 0.016142 -0.145036
v -0.017252 0.026637 -0.154591
v -0.022849 0.026199 -0.167884
v -0.011680 0.023760 -0.156215
v -0.048461 0.023736 -0.149173
v -0.029548 0.016082 -0.136237
v -0.037116 0.060570 -0.154394
v -0.034535 0.060458 -0.162093
v -0.037079 0.059124 -0.159625
v -0.034344 0.060207 -0.150822
v -0.033309 0.059462 -0.149633
v -0.034730 0.059125 -0.150719
v -0.039032 0.063792 -0.165723
v -0.040710 0.063990 -0.154289
v -0.038091 0.060788 -0.159348
v -0.034426 0.057397 -0.164791
v -0.032403 0.059129 -0.163068
v -0.026746 0.059633 -0.162053
v -0.035136 0.063789 -0.147028
v -0.029022 0.064656 -0.147169
v -0.027245 0.060305 -0.150618
v -0.038546 0.063930 -0.162528
v -0.030009 0.063892 -0.166236
v -0.030303 0.058079 -0.161042
v -0.023475 0.063860 -0.162632
v -0.025939 0.060478 -0.159683
v -0.024622 0.059127 -0.154863
v -0.024408 0.060430 -0.156291
v -0.020767 0.063416 -0.152407
v -0.020996 0.063541 -0.159400
v -0.037884 0.060086 -0.156459
v -0.037564 0.059243 -0.153999
v -0.035752 0.058565 -0.152917
v -0.021708 0.064084 -0.154134
v -0.028734 0.060268 -0.150342
v -0.038045 0.059051 -0.157838
v -0.023755 0.061112 -0.157238
v -0.024863 0.064666 -0.148711
v -0.036039 0.063905 -0.147573
v -0.026767 0.059470 -0.150888
v -0.028890 0.060022 -0.162383
v -0.025025 0.058978 -0.153609
v -0.035996 0.059115 -0.151705
v -0.023114 0.070465 -0.162862
v -0.023665 0.077331 -0.155999
v -0.020705 0.070057 -0.156931
v -0.040688 0.067866 -0.154017
v -0.039272 0.072999 -0.162077
v -0.037669 0.064886 -0.162239
v -0.030275 0.063209 -0.163455
v -0.033950 0.069206 -0.166468
v -0.037002 0.061739 -0.158089
v -0.024136 0.063470 -0.159059
v -0.022369 0.068450 -0.151183
v -0.028066 0.060672 -0.154564
v -0.027853 0.077245 -0.163068
v -0.025957 0.075093 -0.149043
v -0.031659 0.080559 -0.154061
v -0.033036 0.075738 -0.147890
v -0.039058 0.074778 -0.150985
v -0.038267 0.077910 -0.156574
v -0.032129 0.075718 -0.165222
v -0.027109 0.064826 -0.148383
v -0.032810 0.069364 -0.146477
v -0.034323 0.062744 -0.149953
v -0.097386 0.055004 -0.156185
v -0.093773 0.054914 -0.160321
v -0.101409 0.053313 -0.161630
v -0.098472 0.031935 -0.167286
v -0.098421 0.026117 -0.170143
v -0.105173 0.026652 -0.165167
v -0.097603 0.051622 -0.157736
v -0.093638 0.051618 -0.151461
v -0.096456 0.053128 -0.147399
v -0.093482 0.059734 -0.159103
v -0.089697 0.055039 -0.157107
v -0.101893 0.053048 -0.151943
v -0.084713 0.053162 -0.154715
v -0.089987 0.051626 -0.158756
v -0.094375 0.059615 -0.153520
v -0.094706 0.049166 -0.152188
v -0.095026 0.035941 -0.150571
v -0.091010 0.035618 -0.150586
v -0.087776 0.053100 -0.149246
v -0.093181 0.055033 -0.152428
v -0.091429 0.053184 -0.164859
v -0.095131 0.051590 -0.160485
v -0.088400 0.035623 -0.156550
v -0.086695 0.033001 -0.152458
v -0.089334 0.050508 -0.155989
v -0.099163 0.032989 -0.149309
v -0.090836 0.032016 -0.144107
v -0.082614 0.031658 -0.153080
v -0.099026 0.033303 -0.159415
v -0.093718 0.033052 -0.163819
v -0.077050 0.023746 -0.147743
v -0.078505 0.016074 -0.142405
v -0.073161 0.016185 -0.155456
v -0.103991 0.031632 -0.150557
v -0.108145 0.026389 -0.156594
v -0.093337 0.038751 -0.161241
v -0.098748 0.035789 -0.153918
v -0.079433 0.026520 -0.155050
v -0.082244 0.026716 -0.164342
v -0.084310 0.032020 -0.163981
v -0.103499 0.026469 -0.146260
v -0.108879 0.016060 -0.169473
v -0.093496 0.016128 -0.176685
v -0.088666 0.026163 -0.169703
v -0.112626 0.023750 -0.157039
v -0.114098 0.016039 -0.152891
v -0.107472 0.016108 -0.141222
v -0.103995 0.023669 -0.172703
v -0.089810 0.026385 -0.142386
v -0.103350 0.023620 -0.139319
v -0.090684 0.016071 -0.136231
v -0.078179 0.023782 -0.167465
v -0.089006 0.023791 -0.175193
v -0.089197 0.023710 -0.137313
v -0.080465 0.016080 -0.171406
v -0.089451 0.060529 -0.151088
v -0.098851 0.063834 -0.147868
v -0.100369 0.061098 -0.155552
v -0.085762 0.063710 -0.150024
v -0.085534 0.064653 -0.151507
v -0.087270 0.060959 -0.154853
v -0.097281 0.059123 -0.150540
v -0.092693 0.059534 -0.149124
v -0.084500 0.064618 -0.154087
v -0.086545 0.063934 -0.149579
v -0.088641 0.060534 -0.160023
v -0.093960 0.058335 -0.150393
v -0.092847 0.063767 -0.146232
v -0.094376 0.063941 -0.166140
v -0.095859 0.060467 -0.162543
v -0.099345 0.058201 -0.157815
v -0.096823 0.063730 -0.165862
v -0.102308 0.063832 -0.161632
v -0.091042 0.058892 -0.160551
v -0.088426 0.063718 -0.165040
v -0.088303 0.063418 -0.147146
v -0.103610 0.063732 -0.155878
v -0.098333 0.060234 -0.161198
v -0.098847 0.060196 -0.151873
v -0.103559 0.063902 -0.153522
v -0.088043 0.059591 -0.160614
v -0.093606 0.059650 -0.163356
v -0.084983 0.064659 -0.152753
v -0.099774 0.059822 -0.152487
v -0.088050 0.060816 -0.160234
v -0.096131 0.059083 -0.149914
v -0.084303 0.063940 -0.158626
v -0.091197 0.060357 -0.150276
v -0.099829 0.059499 -0.160123
v -0.093689 0.058428 -0.155752
v -0.089714 0.059120 -0.161564
v -0.092348 0.059126 -0.149684
v -0.093697 0.059127 -0.149506
v -0.091470 0.059133 -0.149899
v -0.090578 0.059119 -0.162123
v -0.088969 0.059120 -0.160973
v -0.099724 0.066685 -0.148767
v -0.100247 0.073484 -0.148651
v -0.103443 0.066831 -0.154816
v -0.086163 0.063455 -0.156063
v -0.091834 0.062650 -0.149441
v -0.092762 0.059907 -0.155396
v -0.090851 0.068210 -0.146667
v -0.090733 0.075120 -0.164646
v -0.086101 0.069756 -0.163124
v -0.096552 0.072052 -0.166083
v -0.103355 0.070831 -0.160142
v -0.098461 0.076693 -0.163002
v -0.100698 0.077845 -0.156793
v -0.096135 0.079277 -0.151940
v -0.092657 0.080827 -0.157004
v -0.093515 0.063302 -0.163931
v -0.099790 0.064937 -0.162768
v -0.093393 0.075421 -0.147130
v -0.083918 0.071778 -0.154150
v -0.085840 0.076855 -0.158702
v -0.087786 0.076573 -0.150656
v -0.099700 0.061583 -0.154827
v -0.157605 0.060039 -0.152870
v -0.156488 0.060055 -0.156753
v -0.160001 0.059807 -0.158082
v -0.157830 0.060099 -0.155157
v -0.151245 0.037375 -0.154753
v -0.149195 0.033014 -0.160874
v -0.154262 0.039402 -0.160746
v -0.155925 0.054774 -0.152585
v -0.159778 0.055030 -0.157834
v -0.153190 0.055004 -0.158241
v -0.152708 0.053119 -0.164921
v -0.149083 0.053364 -0.150682
v -0.147286 0.053133 -0.156695
v -0.154689 0.059762 -0.159902
v -0.159613 0.053169 -0.147914
v -0.160964 0.051679 -0.157042
v -0.156707 0.051554 -0.152345
v -0.156686 0.051578 -0.160946
v -0.159289 0.053105 -0.165412
v -0.165397 0.053238 -0.159034
v -0.160582 0.048581 -0.155262
v -0.158687 0.034851 -0.162655
v -0.159410 0.041861 -0.160484
v -0.152265 0.051510 -0.157353
v -0.157613 0.032040 -0.147114
v -0.151049 0.026550 -0.143013
v -0.147208 0.032029 -0.149041
v -0.161422 0.038845 -0.154636
v -0.154617 0.048651 -0.152582
v -0.159278 0.026090 -0.141875
v -0.153480 0.033315 -0.150611
v -0.163155 0.033222 -0.159341
v -0.163615 0.033075 -0.153764
v -0.157064 0.030505 -0.168383
v -0.167277 0.026749 -0.165387
v -0.168014 0.032025 -0.160094
v -0.159017 0.032931 -0.164491
v -0.143863 0.026753 -0.149749
v -0.138064 0.023734 -0.151570
v -0.152034 0.023789 -0.137864
v -0.138165 0.016149 -0.147129
v -0.137763 0.016037 -0.165071
v -0.140779 0.023838 -0.168022
v -0.143487 0.026085 -0.162641
v -0.166703 0.026825 -0.146319
v -0.170331 0.027315 -0.158319
v -0.174698 0.023733 -0.149856
v -0.176560 0.016119 -0.152166
v -0.173664 0.023696 -0.165012
v -0.175269 0.016213 -0.165158
v -0.149352 0.026428 -0.169440
v -0.145757 0.032065 -0.162713
v -0.151879 0.016012 -0.136932
v -0.165900 0.023652 -0.139209
v -0.148396 0.016155 -0.175503
v -0.165220 0.016055 -0.174873
v -0.152863 0.023251 -0.175712
v -0.164403 0.023838 -0.174270
v -0.167961 0.016009 -0.139508
v -0.159750 0.058407 -0.161438
v -0.157244 0.064087 -0.166301
v -0.163397 0.063887 -0.163812
v -0.149039 0.063952 -0.149827
v -0.158803 0.063701 -0.147130
v -0.151526 0.060547 -0.152385
v -0.152865 0.058891 -0.161203
v -0.153813 0.058571 -0.153945
v -0.145981 0.063922 -0.151449
v -0.160266 0.065195 -0.165582
v -0.166208 0.063803 -0.158639
v -0.149913 0.064652 -0.163346
v -0.151259 0.060514 -0.160381
v -0.162935 0.060431 -0.157325
v -0.163145 0.059120 -0.156216
v -0.162877 0.059126 -0.154473
v -0.152513 0.060166 -0.151104
v -0.151073 0.059120 -0.152380
v -0.150171 0.059120 -0.154011
v -0.152221 0.064656 -0.164951
v -0.151449 0.063439 -0.165791
v -0.160808 0.060055 -0.152356
v -0.164248 0.063870 -0.150806
v -0.161058 0.060878 -0.161284
v -0.161313 0.060182 -0.151238
v -0.149723 0.059139 -0.155564
v -0.155998 0.063806 -0.145498
v -0.151241 0.064660 -0.164366
v -0.150331 0.059777 -0.160215
v -0.150095 0.060296 -0.156266
v -0.156842 0.058791 -0.149150
v -0.156721 0.063442 -0.167018
v -0.146350 0.063624 -0.158952
v -0.150523 0.059118 -0.153271
v -0.163093 0.059122 -0.155673
v -0.161558 0.060720 -0.150116
v -0.149690 0.059115 -0.157470
v -0.151957 0.062929 -0.150631
v -0.145997 0.069585 -0.157544
v -0.147479 0.071944 -0.151494
v -0.160863 0.076156 -0.149275
v -0.166731 0.071085 -0.156219
v -0.164786 0.069662 -0.150529
v -0.164785 0.073350 -0.160774
v -0.161020 0.079524 -0.156756
v -0.154892 0.078914 -0.161901
v -0.155058 0.080603 -0.154269
v -0.148499 0.077295 -0.155942
v -0.160710 0.074616 -0.164906
v -0.158103 0.067657 -0.146756
v -0.150242 0.073495 -0.163985
v -0.152072 0.074045 -0.147848
v -0.160544 0.063170 -0.162951
v -0.163336 0.062733 -0.155021
v -0.155667 0.060234 -0.157279
v -0.149563 0.062468 -0.157676
v -0.158545 0.068915 -0.166355
v -0.151805 0.064663 -0.163691
v -0.217692 0.080448 -0.155939
v -0.209435 0.073688 -0.154612
v -0.213176 0.077103 -0.161133
v -0.210830 0.069446 -0.150401
v -0.208995 0.068434 -0.156540
v -0.223877 0.061400 -0.157603
v -0.227833 0.066077 -0.152216
v -0.226646 0.069513 -0.163790
v -0.218151 0.061806 -0.150806
v -0.223847 0.078535 -0.151806
v -0.215877 0.075782 -0.148282
v -0.221757 0.077893 -0.162680
v -0.226947 0.076107 -0.160495
v -0.218071 0.061760 -0.162158
v -0.212952 0.062534 -0.158569
v -0.226661 0.072250 -0.149111
v -0.216557 0.067666 -0.146874
v -0.216172 0.070220 -0.166081
v -0.210860 0.069397 -0.162357
v -0.229191 0.072860 -0.155599
v -0.222623 0.066059 -0.164755
v -0.222219 0.054973 -0.154468
v -0.222064 0.059765 -0.154295
v -0.220140 0.054936 -0.159712
v -0.223794 0.053002 -0.164503
v -0.218326 0.051561 -0.160723
v -0.222309 0.051624 -0.153208
v -0.223118 0.049706 -0.158529
v -0.211939 0.053116 -0.161385
v -0.216540 0.051476 -0.152800
v -0.221407 0.052993 -0.147226
v -0.216844 0.059779 -0.156601
v -0.215179 0.054913 -0.155546
v -0.228162 0.053049 -0.153948
v -0.215108 0.051479 -0.156603
v -0.208855 0.031214 -0.149574
v -0.212144 0.033436 -0.158200
v -0.213174 0.033295 -0.152089
v -0.226107 0.033382 -0.152892
v -0.220912 0.033476 -0.149118
v -0.224213 0.037033 -0.153446
v -0.212997 0.053153 -0.149996
v -0.221670 0.031537 -0.144219
v -0.231649 0.026231 -0.150282
v -0.235149 0.023701 -0.145003
v -0.220048 0.023757 -0.137361
v -0.219655 0.032825 -0.165641
v -0.211051 0.031500 -0.165692
v -0.220295 0.026218 -0.170733
v -0.216668 0.035009 -0.161626
v -0.218490 0.039667 -0.151852
v -0.222481 0.040153 -0.160217
v -0.223334 0.035834 -0.160966
v -0.214183 0.041976 -0.155578
v -0.206362 0.026581 -0.162777
v -0.235776 0.016113 -0.144337
v -0.237756 0.023842 -0.160454
v -0.239347 0.016064 -0.159820
v -0.217435 0.026345 -0.141865
v -0.203362 0.023747 -0.167550
v -0.214016 0.023744 -0.175105
v -0.230462 0.031021 -0.158459
v -0.229991 0.026340 -0.166188
v -0.233427 0.026444 -0.159115
v -0.226622 0.016155 -0.174491
v -0.209277 0.016040 -0.173784
v -0.200684 0.016067 -0.149223
v -0.199923 0.016046 -0.163627
v -0.200113 0.023693 -0.152772
v -0.216260 0.016047 -0.136043
v -0.227462 0.023717 -0.174000
v -0.207949 0.026310 -0.146782
v -0.216217 0.063946 -0.165787
v -0.223413 0.063852 -0.165335
v -0.225676 0.063626 -0.164567
v -0.212901 0.063706 -0.149205
v -0.212647 0.063730 -0.148307
v -0.218777 0.063504 -0.146209
v -0.219564 0.060064 -0.162902
v -0.221230 0.059532 -0.163146
v -0.218060 0.059060 -0.162982
v -0.224120 0.060476 -0.152213
v -0.223623 0.060565 -0.161193
v -0.225770 0.059138 -0.157991
v -0.214286 0.060553 -0.152169
v -0.221984 0.059123 -0.150124
v -0.216592 0.058378 -0.153338
v -0.223450 0.058764 -0.157454
v -0.222105 0.061244 -0.148962
v -0.212969 0.060372 -0.158595
v -0.212702 0.060520 -0.157489
v -0.213543 0.059132 -0.159887
v -0.211083 0.063790 -0.162088
v -0.217040 0.060532 -0.162383
v -0.224198 0.063554 -0.147100
v -0.222309 0.063817 -0.146964
v -0.228843 0.063838 -0.158496
v -0.226171 0.064630 -0.162874
v -0.234192 0.065433 -0.154730
v -0.221801 0.060811 -0.163088
v -0.228707 0.065077 -0.153947
v -0.213932 0.057949 -0.159868
v -0.213594 0.059528 -0.160753
v -0.216650 0.059123 -0.162521
v -0.219240 0.059649 -0.149391
v -0.223879 0.060030 -0.151628
v -0.207218 0.064075 -0.156329
v -0.224107 0.064369 -0.147818
v -0.223636 0.059058 -0.151179
v -0.225971 0.059668 -0.153828
v -0.225143 0.060196 -0.159300
v -0.224853 0.059145 -0.160019
v -0.225470 0.059131 -0.158873
v -0.213194 0.059132 -0.159383
v -0.214266 0.059122 -0.160852
v 0.044458 0.115180 0.219289
v 0.043508 0.115677 0.212088
v 0.036876 0.117401 0.222874
v 0.038983 0.111920 0.219257
v 0.035072 0.111988 0.226595
v 0.044132 0.114146 0.217786
v 0.038915 0.114213 0.209873
v 0.026022 0.117412 0.213854
v 0.020226 0.112778 0.209987
v 0.032814 0.111990 0.211866
v 0.017502 0.114062 0.217149
v 0.017665 0.114853 0.224223
v 0.019051 0.115006 0.212606
v 0.024587 0.117401 0.216804
v 0.022349 0.112018 0.221138
v 0.033479 0.117618 0.227908
v 0.023397 0.117412 0.220322
v 0.033769 0.117401 0.213696
v 0.035248 0.117401 0.214688
v 0.036433 0.117401 0.216038
v 0.030291 0.117401 0.213000
v 0.032123 0.117401 0.213123
v 0.036619 0.111858 0.215842
v 0.036571 0.053807 0.224824
v 0.042594 0.049306 0.233144
v 0.048577 0.049196 0.221473
v 0.037211 0.075001 0.218522
v 0.032710 0.076835 0.213036
v 0.032680 0.111372 0.211709
v 0.039172 0.055049 0.220105
v 0.034141 0.055636 0.212465
v 0.034979 0.045020 0.232310
v 0.043774 0.045330 0.220734
v 0.042973 0.046136 0.227010
v 0.016989 0.044496 0.219384
v 0.020728 0.045150 0.228500
v 0.017788 0.046230 0.214325
v 0.035062 0.079706 0.224197
v 0.030782 0.111455 0.227889
v 0.029794 0.081925 0.226506
v 0.032241 0.049579 0.237258
v 0.027171 0.054991 0.227573
v 0.029773 0.054011 0.227549
v 0.027491 0.053672 0.212017
v 0.023235 0.053828 0.217090
v 0.024612 0.046289 0.206726
v 0.021574 0.044220 0.208430
v 0.039176 0.111433 0.219103
v 0.031532 0.049390 0.202332
v 0.045068 0.049247 0.209653
v 0.035044 0.046255 0.206540
v 0.025330 0.111336 0.213044
v 0.046968 0.035641 0.238556
v 0.035955 0.053753 0.228870
v 0.034941 0.044185 0.205823
v 0.041973 0.037325 0.198696
v 0.029042 0.036862 0.195601
v 0.037945 0.053773 0.214679
v 0.018376 0.049249 0.206862
v 0.009240 0.036663 0.231235
v 0.014055 0.036665 0.202810
v 0.019645 0.032414 0.197239
v 0.030446 0.044298 0.234290
v 0.013582 0.049332 0.213740
v 0.054551 0.036746 0.224365
v 0.026416 0.080878 0.215018
v 0.024102 0.084051 0.219486
v 0.042139 0.045409 0.213322
v 0.020652 0.036571 0.242088
v 0.052509 0.036710 0.209603
v 0.046198 0.032490 0.200400
v 0.045782 0.026966 0.211226
v 0.033363 0.027706 0.202250
v 0.039381 0.026913 0.234276
v 0.034467 0.031114 0.244177
v 0.029754 0.026940 0.237112
v 0.054489 0.032610 0.228356
v 0.032434 0.032461 0.194738
v 0.055790 0.021565 0.215482
v 0.046221 0.027002 0.227239
v 0.053425 0.020647 0.232641
v 0.014313 0.019963 0.199543
v 0.026210 0.020041 0.194008
v 0.048621 0.018601 0.200888
v 0.009258 0.032547 0.232510
v 0.055516 0.032492 0.215418
v 0.025086 0.018892 0.244914
v 0.043667 0.019230 0.242471
v 0.033186 0.021530 0.245919
v 0.013892 0.026866 0.221224
v 0.005581 0.032523 0.219336
v 0.015061 0.027012 0.212445
v 0.047458 0.026961 0.218934
v 0.015801 0.026785 0.227079
v 0.015649 0.021540 0.241065
v 0.035856 0.035146 0.244389
v 0.022427 0.032361 0.243578
v 0.021401 0.027281 0.234415
v 0.015373 0.049545 0.227908
v 0.020637 0.049215 0.235001
v 0.046437 0.031302 0.238957
v 0.006673 0.036969 0.218165
v 0.041051 0.020973 0.196177
v 0.035951 0.025489 0.201080
v 0.019800 0.027062 0.206888
v 0.009115 0.032149 0.207523
v 0.005741 0.021518 0.224455
v 0.006032 0.019233 0.210962
v 0.056531 0.018598 0.215497
v 0.023162 0.053831 0.220808
v 0.006673 0.018663 0.229336
v 0.022675 0.122218 0.229820
v 0.041184 0.122241 0.227937
v 0.027214 0.136166 0.236323
v 0.033629 0.111559 0.216586
v 0.032578 0.111169 0.220335
v 0.032589 0.111169 0.218907
v 0.028599 0.110099 0.220385
v 0.027287 0.111258 0.219169
v 0.025789 0.112164 0.221181
v 0.037211 0.120954 0.218810
v 0.043190 0.122189 0.213884
v 0.027324 0.121147 0.226224
v 0.034230 0.114470 0.223604
v 0.036316 0.120795 0.223782
v 0.024425 0.120770 0.217645
v 0.017277 0.122192 0.216735
v 0.029438 0.122215 0.206884
v 0.034019 0.147194 0.224312
v 0.028353 0.146089 0.225239
v 0.036483 0.146234 0.221617
v 0.025850 0.146079 0.217061
v 0.025165 0.147194 0.221105
v 0.028530 0.136221 0.216784
v 0.027448 0.139789 0.219221
v 0.032918 0.139839 0.217636
v 0.027171 0.147179 0.215649
v 0.032489 0.148619 0.213968
v 0.035015 0.147199 0.217099
v 0.029278 0.146050 0.213277
v 0.036969 0.147809 0.218510
v 0.030219 0.136118 0.202894
v 0.043133 0.136087 0.209318
v 0.035606 0.136208 0.219984
v 0.033220 0.151932 0.222554
v 0.035257 0.136220 0.227741
v 0.027775 0.152143 0.220177
v 0.028371 0.136459 0.224062
v 0.029361 0.139794 0.222359
v 0.031235 0.146150 0.213940
v 0.033147 0.145194 0.226048
v 0.036291 0.142669 0.220277
v 0.030050 0.113601 0.215189
v 0.017596 0.136112 0.210154
v 0.044150 0.136039 0.228292
v 0.026922 0.120951 0.214566
v 0.032613 0.111169 0.217958
v 0.015027 0.136078 0.225858
v 0.027085 0.144025 0.224855
v 0.030623 0.136276 0.225587
v 0.022382 0.111332 0.222461
v 0.024832 0.088748 0.223939
v 0.025419 0.055121 0.212775
v 0.018694 0.136622 0.231609
v 0.018882 0.136595 0.227720
v 0.026537 0.136559 0.236004
v 0.031094 0.139146 0.236403
v 0.038970 0.139804 0.235206
v 0.039135 0.136981 0.234065
v 0.014548 0.139222 0.218343
v 0.018081 0.139388 0.227934
v 0.015965 0.138981 0.228981
v 0.022532 0.139567 0.232792
v 0.038867 0.139727 0.205445
v 0.044639 0.136758 0.210426
v 0.044560 0.139262 0.210676
v 0.022452 0.139835 0.204849
v 0.015653 0.143635 0.205485
v 0.016324 0.139129 0.212448
v 0.016093 0.136653 0.211991
v 0.029908 0.139348 0.203825
v 0.023898 0.136504 0.204945
v 0.033089 0.136591 0.204270
v 0.046740 0.138976 0.219254
v 0.046320 0.137778 0.224796
v 0.044535 0.136595 0.224653
v 0.045418 0.143665 0.233963
v 0.045168 0.136599 0.215897
v 0.016679 0.136568 0.221689
v 0.019932 0.136558 0.229087
v 0.010996 0.143682 0.225934
v 0.049322 0.143302 0.212947
v 0.036018 0.142779 0.201437
v 0.024842 0.143621 0.238161
v 0.030166 0.115842 0.233667
v 0.041073 0.114180 0.227486
v 0.026598 0.114147 0.207793
v 0.026498 0.115787 0.205555
v 0.028288 0.117401 0.227352
v 0.028559 0.112556 0.234880
v 0.022326 0.113680 0.230520
v 0.034659 0.114225 0.232301
v 0.044597 0.112934 0.225040
v 0.025031 0.117401 0.223645
v 0.027694 0.117401 0.225983
v 0.035996 0.113873 0.205814
v 0.034499 0.114906 0.206446
v 0.026410 0.147864 0.224709
v 0.015676 0.115810 0.218667
v 0.038065 0.117414 0.219359
v 0.030968 0.053782 0.228726
v 0.017171 0.113130 -0.220189
v 0.027035 0.111604 -0.234614
v 0.023469 0.111164 -0.224361
v 0.031967 0.111169 -0.228619
v 0.030428 0.116640 -0.227612
v 0.027104 0.116640 -0.225978
v 0.029054 0.114753 -0.206681
v 0.043479 0.114553 -0.213864
v 0.036952 0.115060 -0.206295
v 0.025204 0.116640 -0.216474
v 0.027872 0.116640 -0.214131
v 0.026390 0.116640 -0.215122
v 0.033943 0.116640 -0.226419
v 0.035539 0.116640 -0.225350
v 0.036605 0.116640 -0.224081
v 0.026185 0.111217 -0.214500
v 0.024999 0.111147 -0.216430
v 0.023980 0.111145 -0.218441
v 0.033311 0.113242 -0.212193
v 0.027108 0.113166 -0.205880
v 0.023514 0.116720 -0.219919
v 0.031274 0.114399 -0.233608
v 0.040185 0.114054 -0.230174
v 0.039762 0.113270 -0.230152
v 0.017631 0.115001 -0.213725
v 0.019610 0.114092 -0.213540
v 0.029572 0.116640 -0.213555
v 0.043308 0.112025 -0.228760
v 0.024761 0.116640 -0.223310
v 0.037392 0.116640 -0.222482
v 0.037745 0.116640 -0.220758
v 0.037794 0.111162 -0.221678
v 0.036930 0.111179 -0.224185
v 0.036189 0.111154 -0.224912
v 0.034953 0.053241 -0.227053
v 0.049080 0.048362 -0.220978
v 0.042731 0.048465 -0.233478
v 0.031268 0.053011 -0.212398
v 0.030073 0.048427 -0.202246
v 0.040698 0.048831 -0.205224
v 0.027175 0.110557 -0.227903
v 0.033517 0.096921 -0.225788
v 0.025444 0.079540 -0.223552
v 0.037489 0.054261 -0.215797
v 0.028500 0.054329 -0.212157
v 0.039399 0.052942 -0.219707
v 0.014465 0.032247 -0.239344
v 0.021630 0.026912 -0.236088
v 0.007282 0.031650 -0.228859
v 0.037366 0.110624 -0.225863
v 0.024522 0.053006 -0.215659
v 0.025962 0.084847 -0.215594
v 0.032202 0.086070 -0.213622
v 0.031487 0.110495 -0.211585
v 0.019893 0.044507 -0.214195
v 0.017787 0.044657 -0.220509
v 0.008556 0.036036 -0.211197
v 0.037959 0.054131 -0.223511
v 0.053558 0.031643 -0.210128
v 0.047143 0.034902 -0.201577
v 0.040842 0.030375 -0.197726
v 0.024234 0.053068 -0.226096
v 0.026527 0.053658 -0.227014
v 0.013794 0.048512 -0.214297
v 0.012957 0.048648 -0.222213
v 0.046653 0.048530 -0.210915
v 0.019995 0.048352 -0.206308
v 0.035798 0.055039 -0.212670
v 0.040105 0.054563 -0.220879
v 0.037878 0.081755 -0.218449
v 0.044985 0.045296 -0.220354
v 0.054193 0.036176 -0.214472
v 0.055657 0.031654 -0.224658
v 0.052117 0.035996 -0.232062
v 0.043035 0.045485 -0.212434
v 0.045179 0.043483 -0.216819
v 0.025838 0.034470 -0.244788
v 0.040883 0.035810 -0.242577
v 0.039210 0.031604 -0.244017
v 0.041662 0.044981 -0.226989
v 0.007085 0.035984 -0.224800
v 0.036339 0.043484 -0.233792
v 0.020300 0.048516 -0.234333
v 0.033790 0.048597 -0.238168
v 0.019461 0.044673 -0.226740
v 0.020332 0.035907 -0.198811
v 0.029172 0.031811 -0.195130
v 0.035294 0.035802 -0.196521
v 0.015207 0.026326 -0.226540
v 0.026509 0.045434 -0.207028
v 0.014124 0.031521 -0.202209
v 0.019727 0.026799 -0.206439
v 0.037136 0.044473 -0.208546
v 0.047702 0.026187 -0.221190
v 0.055171 0.018400 -0.229809
v 0.045106 0.026369 -0.229450
v 0.033810 0.045703 -0.234162
v 0.030749 0.026918 -0.202278
v 0.041929 0.020725 -0.197638
v 0.019702 0.020751 -0.196870
v 0.019391 0.017814 -0.197447
v 0.027157 0.030355 -0.244612
v 0.015088 0.026277 -0.215625
v 0.004907 0.018477 -0.223603
v 0.006535 0.018920 -0.210771
v 0.025928 0.045052 -0.231799
v 0.037567 0.026232 -0.235650
v 0.050441 0.020803 -0.237555
v 0.031689 0.043499 -0.205648
v 0.028246 0.026389 -0.237040
v 0.024684 0.018773 -0.245535
v 0.022690 0.054280 -0.222800
v 0.023300 0.025062 -0.203102
v 0.013350 0.020297 -0.239004
v 0.037771 0.026424 -0.204870
v 0.041274 0.018884 -0.244202
v 0.043838 0.017867 -0.198212
v 0.044852 0.026327 -0.211014
v 0.006122 0.031730 -0.215854
v 0.055753 0.019689 -0.213458
v 0.050128 0.031737 -0.236539
v 0.026482 0.111485 -0.221274
v 0.033178 0.110493 -0.217631
v 0.027697 0.111346 -0.216543
v 0.046899 0.135288 -0.219327
v 0.041333 0.121436 -0.229268
v 0.040119 0.135340 -0.234378
v 0.044155 0.121439 -0.216788
v 0.037437 0.135349 -0.204811
v 0.034133 0.121431 -0.206765
v 0.029344 0.120119 -0.227270
v 0.036516 0.120094 -0.223766
v 0.035010 0.111534 -0.222631
v 0.032561 0.110516 -0.217246
v 0.031927 0.110572 -0.216465
v 0.033179 0.111383 -0.216099
v 0.034768 0.120125 -0.215273
v 0.027266 0.116869 -0.224691
v 0.030356 0.111365 -0.225019
v 0.020676 0.135346 -0.207233
v 0.026126 0.145256 -0.222142
v 0.025401 0.146430 -0.218875
v 0.025375 0.149677 -0.219494
v 0.031196 0.135433 -0.215354
v 0.029035 0.145240 -0.214812
v 0.024631 0.143742 -0.221362
v 0.029487 0.139056 -0.218258
v 0.034245 0.139032 -0.221060
v 0.034541 0.141672 -0.216092
v 0.029230 0.139068 -0.222982
v 0.026408 0.135465 -0.218130
v 0.032520 0.146435 -0.225560
v 0.035059 0.150928 -0.221160
v 0.036372 0.146442 -0.221985
v 0.032430 0.146447 -0.215824
v 0.036113 0.147038 -0.216126
v 0.029061 0.147231 -0.214220
v 0.026981 0.121579 -0.232914
v 0.025651 0.135346 -0.236067
v 0.019659 0.121437 -0.214215
v 0.014431 0.135301 -0.221661
v 0.034379 0.143955 -0.225699
v 0.028574 0.147925 -0.225871
v 0.030157 0.152255 -0.220545
v 0.032579 0.135451 -0.224948
v 0.024888 0.120027 -0.218385
v 0.028882 0.119878 -0.214247
v 0.028543 0.145584 -0.225567
v 0.036598 0.144809 -0.221936
v 0.023225 0.110635 -0.216943
v 0.038001 0.110620 -0.216177
v 0.016829 0.138554 -0.211712
v 0.014482 0.138888 -0.220774
v 0.017489 0.135888 -0.210057
v 0.030429 0.138631 -0.236894
v 0.038360 0.135845 -0.235003
v 0.027398 0.135837 -0.236336
v 0.025031 0.137007 -0.236363
v 0.016176 0.135830 -0.227690
v 0.039758 0.138650 -0.233682
v 0.036810 0.142853 -0.238579
v 0.018442 0.142681 -0.236320
v 0.015956 0.142973 -0.233364
v 0.023206 0.139082 -0.236625
v 0.016264 0.138664 -0.228112
v 0.046747 0.136119 -0.225709
v 0.044247 0.138720 -0.229205
v 0.031446 0.138529 -0.203904
v 0.036226 0.135831 -0.205544
v 0.038272 0.138958 -0.205517
v 0.045674 0.138422 -0.212586
v 0.045103 0.135780 -0.211933
v 0.045536 0.142866 -0.205901
v 0.048129 0.139080 -0.220558
v 0.024910 0.136196 -0.204880
v 0.050096 0.142840 -0.226108
v 0.021587 0.138776 -0.206745
v 0.025721 0.142826 -0.200343
v 0.013180 0.145442 -0.240731
v 0.011162 0.142928 -0.214170
v 0.033959 0.116640 -0.214136
v 0.038707 0.111174 -0.218697
v 0.036149 0.116640 -0.215614
v 0.036586 0.116639 -0.216438
v 0.022266 0.115298 -0.232511
v 0.044522 0.113330 -0.220487
v 0.030521 0.116640 -0.213436
v 0.037004 0.113008 -0.208537
v 0.018764 0.114172 -0.226907
v 0.024094 0.113372 -0.208551
v 0.045879 0.114338 -0.220156
v 0.025751 0.116640 -0.224790
v 0.024140 0.112559 -0.232305
v 0.023572 0.053469 -0.224750
vn 0.2410 0.7862 0.5690
vn -0.7829 -0.6148 -0.0954
vn -0.3195 0.9469 0.0350
vn -0.2899 0.8181 0.4966
vn 0.8072 0.5886 0.0444
vn 0.7759 -0.6222 0.1047
vn -0.2275 0.7893 -0.5703
vn -0.5128 0.5628 0.6483
vn 0.1700 -0.3531 -0.9200
vn 0.0249 -0.6201 -0.7841
vn 0.1658 0.9597 0.2270
vn 0.0014 -0.3642 -0.9313
vn -0.5917 -0.5337 -0.6042
vn 0.4902 0.6785 -0.5472
vn -0.1154 -0.1932 0.9743
vn -0.3447 0.3013 -0.8890
vn 0.8363 0.1666 -0.5224
vn 0.1384 -0.9752 0.1725
vn 0.1240 -0.9778 -0.1688
vn 0.5229 -0.8517 0.0342
vn -0.2468 -0.9690 0.0053
vn 0.8025 0.3218 -0.5025
vn -0.4025 0.7454 -0.5313
vn -0.4604 -0.6367 -0.6186
vn 0.9214 -0.3100 -0.2342
vn 0.3903 0.8780 -0.2772
vn 0.1741 0.8579 -0.4834
vn -0.2194 -0.9160 -0.3358
vn 0.3406 -0.4681 0.8154
vn -0.7257 -0.3113 -0.6136
vn 0.6569 -0.7486 0.0900
vn -0.3296 -0.6978 0.6360
vn -0.6605 -0.6370 0.3974
vn 0.0126 0.7917 -0.6108
vn 0.8226 -0.0771 -0.5634
vn 0.0167 -0.7938 0.6079
vn 0.6020 0.5444 0.5841
vn -0.0382 0.6351 0.7715
vn 0.4257 -0.8306 0.3591
vn 0.1841 -0.9062 0.3807
vn 0.0525 -0.6027 -0.7962
vn 0.4030 -0.1700 -0.8993
vn 0.0021 0.9546 0.2979
vn -0.0497 0.5024 0.8632
vn -0.0083 0.6135 0.7896
vn 0.2267 -0.9309 -0.2864
vn 0.2444 0.9467 0.2096
vn -0.1930 0.5982 0.7778
vn -0.3188 0.8187 -0.4777
vn 0.0157 0.6056 0.7957
vn 0.6737 0.0342 -0.7382
vn -0.7180 -0.4684 0.5148
vn 0.9634 -0.0440 -0.2645
vn -0.5291 -0.8063 0.2644
vn -0.0260 -0.6342 -0.7727
vn -0.2183 0.8594 0.4625
vn -0.2765 -0.1829 0.9435
vn -0.0792 0.9653 0.2487
vn -0.7102 0.5717 0.4108
vn 0.7295 -0.5544 0.4006
vn -0.5779 -0.6646 0.4737
vn 0.8637 0.2222 0.4525
vn -0.6609 0.4189 0.6227
vn 0.2877 -0.7374 -0.6111
vn -0.8582 -0.4917 0.1473
vn -0.3641 -0.2986 -0.8822
vn -0.0060 0.7213 -0.6926
vn 0.8546 -0.4184 0.3076
vn -0.4180 0.6548 0.6297
vn -0.1061 -0.4745 0.8738
vn -0.2550 0.2450 0.9354
vn 0.7658 -0.1646 0.6217
vn 0.8983 -0.2949 0.3258
vn -0.6587 -0.7424 -0.1228
vn -0.8920 0.3741 -0.2537
vn -0.8057 0.5379 -0.2479
vn -0.0343 -0.9978 0.0570
vn -0.6188 0.6249 -0.4760
vn 0.0622 0.5141 -0.8555
vn -0.2335 -0.4033 0.8848
vn -0.9567 0.2761 0.0920
vn 0.1206 -0.2001 0.9723
vn 0.2385 0.5420 0.8058
vn -0.1655 -0.6644 -0.7288
vn 0.9770 0.1624 -0.1382
vn -0.6773 0.0326 0.7350
vn 0.8180 0.2663 0.5098
vn -0.3304 -0.6973 0.6361
vn 0.9596 -0.2496 -0.1296
vn 0.3080 0.7540 -0.5802
vn -0.0232 -0.9224 -0.3855
vn -0.6542 -0.0171 0.7561
vn 0.7631 -0.0593 0.6436
vn -0.9939 -0.1105 0.0048
vn -0.6801 -0.7327 -0.0253
vn 0.2147 -0.6471 -0.7316
vn -0.5235 -0.5902 -0.6145
vn -0.5736 0.8146 0.0863
vn 0.0032 -0.6110 -0.7916
vn -0.7969 -0.5874 0.1410
vn 0.0262 0.1436 -0.9893
vn 0.0110 0.3974 -0.9176
vn 0.5579 -0.5918 -0.5818
vn 0.6189 -0.7039 -0.3487
vn 0.1724 -0.3991 -0.9006
vn 0.7929 -0.0462 0.6076
vn -0.1649 0.5842 0.7947
vn 0.0093 -0.7181 0.6958
vn 0.6539 0.5721 0.4951
vn -0.9295 -0.0110 -0.3686
vn -0.4192 0.7443 -0.5199
vn 0.5960 0.0731 -0.7996
vn 0.0001 0.6083 0.7937
vn -0.9977 0.0153 -0.0656
vn 0.0005 0.6074 0.7944
vn -0.9569 0.2099 -0.2008
vn 0.1440 0.9776 -0.1538
vn -0.0020 -0.6101 -0.7923
vn -0.5796 0.8098 0.0912
vn 0.1061 -0.6375 -0.7631
vn 0.2964 -0.6501 0.6997
vn -0.5917 -0.2714 -0.7591
vn 0.2807 -0.9580 0.0590
vn 0.4820 0.6588 -0.5777
vn 0.0163 0.6083 0.7935
vn 0.7568 0.2701 -0.5952
vn -0.1460 -0.4346 -0.8887
vn 0.9857 -0.0044 -0.1685
vn -0.4202 0.0194 0.9072
vn 0.0021 0.6303 0.7764
vn -0.1711 -0.9228 0.3453
vn 0.1966 -0.6586 -0.7263
vn 0.1440 -0.9569 -0.2523
vn 0.0520 0.2083 -0.9767
vn 0.2102 -0.9423 0.2604
vn -0.1981 -0.9794 0.0382
vn 0.8230 -0.0825 -0.5620
vn -0.8382 0.0518 -0.5429
vn -0.5187 0.6189 -0.5898
vn -0.5391 0.7104 -0.4524
vn 0.6974 -0.5357 -0.4761
vn -0.6037 -0.7509 -0.2679
vn 0.5026 0.6512 0.5687
vn 0.7361 -0.6582 0.1580
vn -0.1380 0.7630 -0.6315
vn 0.6250 -0.7613 0.1727
vn 0.3106 0.6998 0.6433
vn -0.0107 -0.9925 -0.1215
vn 0.0307 -0.8918 -0.4514
vn 0.0107 -0.9998 -0.0173
vn -0.0677 -0.9977 0.0071
vn 0.0056 0.9999 -0.0162
vn 0.2490 0.9069 0.3398
vn -0.5102 -0.8598 0.0217
vn 0.8385 0.1538 -0.5227
vn 0.9204 -0.2612 0.2908
vn 0.0773 -0.9917 0.1028
vn 0.3438 0.5074 -0.7901
vn 0.0441 -0.8111 0.5832
vn 0.2331 0.7512 -0.6176
vn 0.0078 -0.9995 0.0296
vn 0.6009 0.7645 -0.2333
vn -0.1304 0.7483 0.6505
vn 0.5138 0.5790 -0.6330
vn 0.1204 -0.6925 -0.7113
vn 0.0246 -0.3544 0.9348
vn 0.6311 0.2922 -0.7185
vn -0.6663 0.7433 0.0593
vn 0.7099 0.4740 0.5209
vn 0.1849 -0.8290 -0.5278
vn 0.4629 -0.8442 0.2703
vn -0.4976 0.7588 0.4203
vn 0.4905 -0.8364 0.2447
vn 0.5125 0.5667 -0.6451
vn 0.4487 -0.8541 -0.2631
vn 0.9865 0.1458 0.0751
vn -0.7877 0.6077 0.1016
vn -0.1982 -0.7003 0.6857
vn 0.2521 0.4498 0.8568
vn 0.5244 -0.7588 0.3864
vn 0.9568 -0.0150 -0.2905
vn -0.0926 -0.7889 -0.6074
vn -0.4217 -0.8139 0.3996
vn -0.5207 -0.0143 0.8536
vn 0.6758 -0.0170 -0.7369
vn 0.7077 0.6053 -0.3644
vn 0.9813 -0.1712 0.0874
vn 0.0624 0.7322 -0.6782
vn -0.9279 0.2127 -0.3063
vn 0.2833 -0.9386 -0.1967
vn 0.2323 -0.9197 -0.3164
vn 0.1470 -0.0256 -0.9888
vn -0.4971 -0.1230 0.8590
vn -0.2097 0.4046 0.8901
vn 0.3030 0.9434 -0.1347
vn 0.6131 0.1675 0.7721
vn 0.0963 0.7310 0.6756
vn -0.2133 0.7240 -0.6560
vn 0.9720 0.0183 0.2342
vn 0.4968 -0.7574 -0.4237
vn -0.1626 0.7379 -0.6551
vn -0.4300 0.6107 -0.6649
vn 0.7142 0.6930 -0.0983
vn 0.0870 -0.8425 0.5317
vn -0.5133 -0.8501 -0.1177
vn -0.3191 0.5828 -0.7473
vn -0.5458 0.7098 0.4453
vn 0.4632 0.8506 -0.2489
vn -0.4737 0.0917 -0.8759
vn -0.0450 -0.9990 0.0058
vn -0.1401 0.7452 0.6520
vn 0.5773 0.7794 0.2434
vn 0.0089 0.7441 0.6680
vn -0.2247 -0.8720 -0.4348
vn -0.2832 0.8085 0.5159
vn -0.7648 0.6306 0.1319
vn 0.5227 -0.8159 -0.2470
vn 0.9611 0.2384 -0.1392
vn -0.7202 0.0035 -0.6937
vn 0.4809 0.5840 -0.6539
vn 0.5596 0.7609 0.3285
vn -0.6656 0.5985 0.4458
vn -0.6782 0.6907 0.2511
vn 0.6672 0.7417 0.0691
vn 0.0049 -0.9996 0.0283
vn -0.0891 0.6928 0.7156
vn -0.4035 -0.9130 -0.0607
vn 0.4317 0.5183 -0.7382
vn -0.1968 -0.8751 0.4421
vn 0.0106 -0.7724 0.6351
vn -0.8697 0.4827 -0.1029
vn -0.4528 -0.7601 0.4661
vn -0.9471 -0.1132 -0.3003
vn 0.2363 0.9111 -0.3378
vn 0.3229 0.6335 0.7031
vn -0.0159 0.9993 -0.0332
vn 0.4761 0.8357 0.2739
vn -0.6014 0.6304 -0.4908
vn 0.6764 -0.7344 -0.0567
vn -0.5863 0.7977 -0.1412
vn -0.4304 -0.8581 0.2800
vn -0.7019 -0.6578 0.2731
vn -0.3617 -0.7909 -0.4936
vn -0.2338 0.5161 0.8240
vn -0.3988 -0.7742 0.4915
vn -0.1332 0.4352 0.8904
vn -0.6558 -0.6950 -0.2949
vn -0.7143 0.3665 0.5961
vn -0.1383 -0.7587 0.6366
vn -0.5929 -0.1499 0.7912
vn -0.5924 0.7290 -0.3429
vn 0.2750 0.7324 -0.6229
vn -0.8422 0.5387 -0.0222
vn 0.3273 -0.8613 0.3886
vn 0.6350 0.5755 0.5154
vn -0.5844 -0.7905 0.1834
vn -0.0101 -0.7530 -0.6580
vn -0.9537 -0.0980 0.2845
vn -0.6541 0.7552 0.0418
vn 0.6960 0.6641 0.2729
vn 0.3971 0.6213 0.6755
vn -0.8323 0.4685 0.2962
vn -0.3846 0.6721 0.6327
vn -0.5016 0.7426 -0.4438
vn -0.8984 0.1576 -0.4100
vn 0.1414 -0.2444 -0.9593
vn -0.4587 -0.8421 -0.2838
vn 0.5069 -0.8407 -0.1904
vn 0.3350 -0.8214 0.4616
vn -0.6717 0.3314 -0.6626
vn 0.9340 -0.0514 0.3537
vn 0.2195 -0.8329 -0.5081
vn 0.9868 0.0887 -0.1353
vn -0.1690 -0.9011 -0.3993
vn 0.5876 -0.2003 0.7840
vn -0.2060 -0.8433 -0.4964
vn -0.2596 0.3384 0.9045
vn -0.1121 0.7626 -0.6371
vn -0.3064 0.9510 -0.0409
vn 0.2307 0.7855 0.5742
vn -0.8556 0.2831 0.4333
vn -0.6706 0.6642 -0.3302
vn -0.2608 0.2721 -0.9262
vn 0.7833 0.2375 -0.5745
vn 0.5071 -0.8397 0.1945
vn -0.4729 -0.8358 -0.2790
vn -0.0420 0.6779 -0.7340
vn 0.2786 0.7153 -0.6409
vn 0.3974 0.6710 0.6260
vn -0.4785 0.7287 0.4899
vn -0.4114 0.6256 -0.6629
vn -0.1739 -0.2748 -0.9457
vn -0.4693 0.0947 0.8780
vn 0.5865 -0.0762 0.8064
vn 0.3212 -0.8294 0.4571
vn 0.9728 0.1744 0.1522
vn 0.5650 0.3212 -0.7600
vn 0.0732 -0.9826 0.1705
vn -0.2280 0.3426 -0.9114
vn -0.5163 0.8021 -0.3000
vn 0.7442 0.6667 -0.0416
vn -0.2288 -0.9634 0.1398
vn -0.5418 -0.0743 -0.8372
vn 0.6028 0.7464 -0.2820
vn 0.7953 0.5841 -0.1623
vn 0.2176 -0.7672 0.6034
vn 0.4472 0.0826 -0.8906
vn -0.1049 0.5796 0.8081
vn -0.4573 -0.8789 -0.1358
vn 0.0954 -0.9941 0.0523
vn -0.0815 0.8553 0.5117
vn 0.6546 0.7356 0.1744
vn -0.5188 0.8421 -0.1474
vn 0.0353 -0.7455 0.6655
vn 0.4601 -0.6909 -0.5577
vn 0.0092 0.9996 -0.0264
vn 0.2336 -0.8762 -0.4214
vn 0.8444 0.4031 0.3530
vn -0.8750 0.2933 -0.3852
vn -0.8922 0.0623 0.4473
vn 0.2917 0.4199 0.8594
vn 0.7649 0.5490 -0.3369
vn 0.1245 -0.9636 -0.2367
vn -0.6022 0.6930 0.3963
vn 0.6113 -0.7729 0.1704
vn -0.6688 0.7059 0.2335
vn 0.6394 0.1587 0.7523
vn 0.7035 0.6412 -0.3064
vn 0.9720 0.2254 0.0660
vn -0.1191 -0.9047 -0.4090
vn -0.4280 0.6157 -0.6616
vn 0.4726 0.7435 0.4732
vn 0.3836 0.3934 0.8355
vn -0.6808 0.6583 -0.3213
vn -0.2341 -0.9567 0.1728
vn -0.0181 -0.9337 -0.3577
vn -0.2222 0.9483 -0.2267
vn -0.8380 -0.4937 -0.2326
vn -0.3401 0.4099 0.8464
vn -0.2437 -0.9440 -0.2222
vn -0.0877 -0.9581 0.2728
vn -0.3550 -0.7313 -0.5823
vn -0.4765 0.8664 -0.1492
vn -0.7481 -0.5459 0.3773
vn -0.7403 -0.0341 -0.6714
vn 0.6380 -0.6568 0.4019
vn 0.1799 0.9257 0.3328
vn 0.5537 0.8147 0.1720
vn 0.8745 0.3322 -0.3534
vn 0.8247 -0.5195 0.2236
vn -0.0115 0.9997 -0.0195
vn 0.2241 0.7295 0.6462
vn -0.5897 0.7169 0.3719
vn -0.2048 0.3071 -0.9294
vn 0.1050 0.0507 -0.9932
vn -0.7328 0.6493 -0.2035
vn -0.7929 0.2872 0.5374
vn 0.2908 0.8173 -0.4974
vn 0.7460 0.0289 -0.6654
vn 0.5078 -0.7988 0.3226
vn 0.0636 0.8020 0.5939
vn -0.0161 -0.0531 0.9985
vn -0.9969 0.0781 0.0128
vn -0.5168 -0.1082 0.8492
vn -0.5713 -0.3862 0.7242
vn -0.4775 -0.0058 0.8786
vn -0.9792 0.1973 -0.0473
vn 0.5230 0.8496 0.0688
vn 0.3580 -0.2865 -0.8887
vn -0.0526 0.9445 -0.3242
vn 0.1229 0.9263 -0.3562
vn -0.5884 0.2329 0.7743
vn 0.0310 -0.2351 -0.9715
vn -0.0693 0.9965 0.0463
vn 0.7807 -0.2513 -0.5722
vn 0.6019 -0.0778 -0.7948
vn 0.2122 -0.9766 0.0356
vn 0.9672 0.2210 0.1252
vn -0.7830 -0.3796 0.4928
vn 0.0737 0.7686 -0.6355
vn -0.9297 -0.1149 -0.3500
vn -0.8443 -0.1211 0.5220
vn 0.3150 0.0967 0.9442
vn 0.8461 0.1559 -0.5096
vn 0.0028 1.0000 -0.0032
vn 0.6780 -0.2254 -0.6996
vn 0.6183 0.0998 -0.7796
vn 0.8566 -0.4648 0.2238
vn 0.2900 0.0187 0.9569
vn 0.5724 0.0675 0.8172
vn -0.4446 -0.7016 -0.5568
vn 0.2996 -0.3286 0.8957
vn -0.4200 0.1764 -0.8902
vn 0.6796 -0.2993 0.6698
vn -0.6905 0.4768 -0.5438
vn -0.2961 -0.0267 -0.9548
vn 0.9055 -0.1019 -0.4120
vn -0.2616 -0.9432 -0.2050
vn -0.7154 0.4080 -0.5672
vn 0.4239 -0.1038 0.8997
vn 0.7782 -0.3272 0.5361
vn -0.0068 0.9994 -0.0328
vn 0.5082 -0.8104 0.2915
vn 0.9239 -0.3820 -0.0199
vn 0.8377 -0.1331 -0.5297
vn -0.7807 0.0492 0.6230
vn -0.0207 0.9998 0.0017
vn 0.5327 -0.2748 -0.8004
vn -0.7968 0.1480 0.5859
vn -0.4891 -0.8717 0.0291
vn 0.7133 -0.1226 -0.6901
vn 0.9718 -0.2262 0.0659
vn 0.3151 0.9119 -0.2631
vn -0.9875 -0.1506 -0.0456
vn -0.0311 -0.5943 0.8036
vn -0.1595 0.0805 0.9839
vn -0.2764 -0.9453 0.1733
vn 0.2155 -0.8898 0.4023
vn 0.3724 -0.9270 -0.0451
vn -0.1065 -0.7832 -0.6125
vn -0.6969 -0.7019 -0.1471
vn -0.1025 0.5602 0.8220
vn -0.3975 -0.7419 -0.5399
vn -0.1090 0.9933 0.0371
vn -0.7720 0.5977 0.2162
vn -0.5005 0.2956 0.8137
vn -0.9498 -0.2818 -0.1358
vn -0.9358 -0.3269 -0.1320
vn 0.7891 -0.0650 0.6108
vn -0.4523 -0.6466 0.6143
vn 0.2203 -0.6650 -0.7136
vn 0.4901 0.5813 -0.6495
vn 0.5384 0.5384 0.6483
vn -0.2669 0.7987 0.5393
vn 0.2951 0.9544 -0.0446
vn 0.9149 0.2570 0.3113
vn -0.8585 -0.4184 -0.2966
vn 0.7470 -0.0113 -0.6648
vn 0.6433 -0.6914 -0.3287
vn 0.2995 -0.8900 -0.3437
vn 0.1982 0.8680 0.4553
vn -0.8428 -0.5198 -0.1395
vn -0.6627 0.7463 0.0619
vn 0.3307 -0.6075 0.7222
vn -0.0118 0.6121 0.7907
vn 0.3627 -0.9303 -0.0543
vn -0.5575 0.4324 0.7087
vn -0.0394 0.9992 -0.0095
vn 0.0040 0.6899 0.7239
vn 0.4246 0.5960 0.6815
vn -0.3536 -0.9280 0.1177
vn -0.6490 0.5693 0.5047
vn 0.0142 0.6620 0.7493
vn -0.7135 -0.6877 -0.1339
vn 0.6119 -0.6250 0.4847
vn -0.7574 0.4251 -0.4955
vn -0.2906 -0.3685 0.8830
vn -0.6704 0.0811 0.7376
vn 0.4611 0.5983 0.6553
vn 0.9825 -0.0950 -0.1601
vn -0.7600 -0.4694 0.4496
vn -0.2232 -0.6079 0.7620
vn -0.4430 -0.2080 -0.8720
vn 0.6146 0.6089 0.5014
vn 0.0051 0.6361 0.7716
vn -0.3182 0.5579 0.7665
vn -0.9916 0.1180 0.0525
vn -0.2888 0.6598 -0.6937
vn -0.9368 0.3271 0.1238
vn -0.5022 -0.8047 0.3166
vn 0.9566 -0.0375 -0.2890
vn 0.6461 0.4508 -0.6159
vn 0.6530 -0.7034 -0.2807
vn 0.3785 -0.0876 -0.9214
vn 0.8769 -0.2120 -0.4314
vn 0.5490 0.6533 0.5213
vn 0.7094 -0.6070 0.3582
vn 0.7965 -0.6014 -0.0627
vn -0.5631 0.0573 -0.8244
vn 0.2244 -0.7161 0.6609
vn -0.6787 -0.5539 0.4822
vn -0.4804 0.7608 -0.4363
vn 0.5237 0.7998 0.2932
vn 0.5409 -0.2369 -0.8070
vn -0.3012 0.9418 -0.1494
vn 0.0094 0.8238 -0.5668
vn 0.7919 0.3147 -0.5234
vn 0.4013 0.8507 0.3395
vn -0.9041 -0.3692 -0.2154
vn 0.3517 -0.2717 0.8958
vn -0.2881 -0.3044 0.9079
vn -0.1712 0.0684 0.9829
vn -0.4017 -0.2304 0.8863
vn 0.0735 0.9286 -0.3638
vn 0.2457 -0.1892 -0.9507
vn 0.0302 -0.4456 -0.8947
vn 0.6682 -0.6560 -0.3511
vn -0.9266 0.2721 -0.2596
vn -0.4050 -0.7473 -0.5268
vn 0.2832 -0.9377 0.2012
vn -0.0073 -0.5720 -0.8202
vn -0.9805 0.1700 -0.0987
vn -0.6980 -0.1381 -0.7026
vn 0.0876 0.6808 0.7272
vn 0.1955 -0.8983 0.3935
vn 0.7743 0.1261 -0.6201
vn 0.1975 0.9785 0.0587
vn 0.0884 -0.1068 -0.9903
vn 0.0363 0.8268 0.5613
vn 0.6243 -0.6923 0.3619
vn 0.9517 -0.3027 -0.0514
vn -0.4381 0.7983 -0.4132
vn -0.0082 -0.7317 -0.6816
vn 0.2080 0.5228 -0.8267
vn 0.2923 -0.0967 0.9514
vn 0.8984 0.0939 -0.4291
vn -0.9310 0.2831 -0.2302
vn -0.0172 0.7052 -0.7088
vn 0.5477 0.1644 0.8204
vn 0.0094 0.5759 0.8175
vn -0.1811 0.5838 -0.7915
vn 0.9431 -0.2967 -0.1501
vn -0.6670 0.0707 0.7417
vn -0.0385 -0.6777 0.7344
vn 0.2445 -0.2921 -0.9246
vn -0.4645 -0.1810 -0.8669
vn 0.9119 0.1271 -0.3902
vn 0.8300 0.5522 0.0786
vn -0.0025 -0.6068 -0.7949
vn -0.1494 -0.4635 -0.8734
vn -0.0684 -0.9662 -0.2488
vn 0.1307 -0.9608 0.2445
vn 0.2494 -0.9677 -0.0376
vn 0.3755 0.7416 -0.5559
vn 0.1748 0.7927 -0.5840
vn 0.0513 -0.8873 0.4584
vn -0.3248 0.9454 -0.0275
vn -0.1960 -0.8585 0.4738
vn -0.2623 -0.9504 -0.1671
vn -0.2896 0.6492 0.7033
vn -0.4412 -0.8344 -0.3303
vn -0.3584 0.4626 -0.8109
vn -0.1115 -0.9554 -0.2734
vn 0.5631 -0.7987 -0.2124
vn 0.5030 0.8636 0.0351
vn 0.1554 0.8373 -0.5242
vn -0.4046 -0.6032 -0.6873
vn -0.0164 -0.9998 0.0067
vn -0.6327 -0.7544 0.1748
vn 0.0031 -1.0000 -0.0008
vn 0.9757 0.1113 -0.1888
vn 0.1298 -0.8052 -0.5787
vn -0.9480 0.1221 0.2941
vn -0.0415 -0.9973 0.0600
vn -0.1854 -0.9801 -0.0707
vn 0.2236 -0.9719 0.0742
vn 0.4887 -0.8553 0.1722
vn 0.1043 -0.9933 0.0500
vn -0.3059 0.6589 0.6872
vn 0.2258 0.3811 0.8965
vn -0.5145 0.7556 -0.4053
vn 0.8117 0.4120 -0.4139
vn -0.0404 -0.9974 0.0602
vn 0.2782 0.7691 0.5754
vn -0.3336 0.5682 0.7522
vn -0.6132 0.7684 -0.1831
vn -0.6454 0.6871 0.3338
vn 0.7399 0.6598 -0.1311
vn 0.1378 -0.7594 0.6358
vn 0.5560 0.7389 -0.3805
vn 0.0775 -0.7520 -0.6546
vn 0.4258 -0.8856 0.1854
vn 0.5223 -0.7991 -0.2976
vn 0.6432 -0.3731 -0.6687
vn 0.1550 -0.8511 0.5016
vn 0.5855 -0.7689 -0.2570
vn 0.7761 0.5854 -0.2344
vn 0.6820 0.7038 -0.1990
vn 0.6452 0.6617 0.3819
vn 0.5313 -0.8333 0.1529
vn 0.4423 -0.7653 -0.4677
vn 0.3796 -0.8132 0.4410
vn -0.6183 -0.0876 0.7810
vn 0.0216 -0.7606 0.6488
vn -0.2794 0.7509 0.5984
vn 0.9404 0.2107 0.2670
vn -0.4520 -0.8915 -0.0291
vn 0.0502 -0.8331 -0.5509
vn 0.7304 0.6688 0.1383
vn 0.6372 0.7697 0.0387
vn 0.6253 0.2441 0.7412
vn 0.0360 0.5876 0.8084
vn -0.6727 0.7189 -0.1752
vn -0.3991 0.6678 0.6283
vn 0.7208 0.4923 0.4880
vn -0.9300 -0.0761 -0.3596
vn -0.9758 0.1824 -0.1202
vn -0.1739 0.5469 -0.8189
vn -0.2131 0.7935 -0.5700
vn 0.8594 -0.4954 -0.1265
vn -0.9787 0.0285 -0.2031
vn 0.4904 0.6274 -0.6048
vn 0.3919 0.2560 0.8836
vn -0.2464 -0.0609 0.9672
vn 0.4385 -0.8847 -0.1579
vn -0.6266 -0.7780 -0.0459
vn -0.1106 0.4195 0.9010
vn 0.0017 1.0000 -0.0012
vn 0.0049 -1.0000 -0.0054
vn -0.0029 0.9998 0.0176
vn 0.6095 0.7592 0.2282
vn -0.6874 -0.6663 -0.2891
vn -0.1875 -0.8960 0.4027
vn -0.0460 0.5250 0.8499
vn -0.5815 0.4404 -0.6840
vn 0.5482 0.6551 0.5199
vn -0.0209 0.9993 -0.0297
vn 0.0426 -0.9989 0.0172
vn 0.2595 -0.6485 -0.7156
vn -0.5624 -0.7976 -0.2180
vn 0.6529 0.6452 -0.3967
vn -0.0472 -0.9987 0.0190
vn 0.0027 -1.0000 -0.0011
vn -0.7008 0.6924 0.1715
vn -0.7849 0.6153 0.0732
vn -0.8957 0.3325 -0.2952
vn -0.3876 -0.7600 0.5217
vn -0.4492 0.6724 -0.5883
vn 0.5430 -0.8305 -0.1242
vn -0.0472 -0.9987 0.0194
vn -0.0352 -0.9975 -0.0620
vn -0.3040 0.7268 0.6160
vn -0.4791 -0.7456 0.4631
vn 0.4844 0.6965 0.5294
vn 0.0278 -0.9995 0.0176
vn 0.3533 0.7637 -0.5404
vn -0.1713 -0.7557 -0.6321
vn -0.6729 -0.7335 0.0954
vn -0.0050 -0.9581 -0.2863
vn -0.6219 0.2898 -0.7275
vn -0.2159 -0.7738 -0.5955
vn -0.0683 0.7772 -0.6256
vn 0.6041 -0.7135 0.3550
vn -0.0821 -0.9957 -0.0434
vn 0.9128 0.4034 0.0631
vn 0.2552 -0.8668 -0.4283
vn 0.1449 -0.7758 0.6141
vn 0.5544 -0.8238 -0.1186
vn -0.0474 -0.9987 0.0187
vn -0.2328 0.6620 -0.7124
vn 0.4169 0.4850 -0.7688
vn 0.0387 -0.9948 -0.0944
vn -0.0867 -0.9957 0.0322
vn 0.3914 -0.7715 0.5016
vn 0.2494 0.2951 0.9223
vn -0.3458 0.7692 0.5374
vn -0.4253 -0.8830 0.1984
vn -0.6908 0.1925 0.6969
vn 0.2345 -0.8106 -0.5366
vn -0.5854 0.7852 0.2019
vn 0.5491 0.8187 0.1676
vn -0.6013 0.7445 -0.2902
vn -0.5029 -0.4776 0.7204
vn 0.3566 0.7610 -0.5419
vn -0.7003 0.6425 -0.3112
vn -0.9410 0.2137 0.2623
vn -0.3384 0.4538 0.8243
vn -0.5833 -0.7838 -0.2130
vn -0.2779 -0.8462 -0.4547
vn -0.4531 -0.7528 -0.4774
vn -0.1337 0.7202 -0.6807
vn -0.6305 -0.7163 -0.2989
vn -0.2462 0.5417 -0.8037
vn -0.6218 0.7581 0.1965
vn -0.2641 0.0891 0.9604
vn -0.7125 0.6012 -0.3618
vn 0.2272 0.7714 -0.5945
vn 0.5577 0.5503 -0.6214
vn -0.2166 0.6698 -0.7103
vn 0.4982 0.7217 0.4806
vn 0.4479 0.6350 0.6295
vn -0.5524 -0.8109 0.1931
vn 0.5713 -0.6963 0.4345
vn 0.2208 -0.0236 -0.9750
vn 0.0865 0.7607 0.6433
vn 0.4528 -0.7329 -0.5078
vn 0.2444 0.0872 -0.9658
vn -0.2417 -0.8362 -0.4922
vn -0.3669 0.7637 0.5312
vn -0.4548 0.6402 0.6191
vn 0.2109 0.3116 -0.9265
vn 0.1907 -0.0125 0.9816
vn -0.8024 0.2575 -0.5384
vn 0.7446 0.4850 -0.4587
vn -0.5764 0.3718 0.7277
vn 0.1876 0.0571 -0.9806
vn 0.7355 -0.0726 0.6736
vn -0.7491 0.6120 0.2534
vn 0.0827 -0.7410 -0.6664
vn -0.3674 0.6103 -0.7018
vn 0.3830 0.7754 -0.5021
vn -0.5539 0.3437 0.7584
vn 0.0774 -0.9957 -0.0499
vn 0.1875 -0.0774 -0.9792
vn 0.2832 0.6930 0.6630
vn -0.5585 0.8240 -0.0956
vn 0.9372 0.0223 -0.3480
vn -0.2924 -0.8632 0.4115
vn 0.1273 0.6493 -0.7498
vn -0.7678 0.4780 -0.4266
vn 0.1432 0.7838 0.6043
vn 0.5538 0.6503 -0.5200
vn -0.0354 -0.9158 0.4001
vn 0.4627 -0.8832 -0.0767
vn -0.3738 -0.9189 -0.1262
vn 0.7447 0.6348 0.2060
vn 0.0630 0.1631 -0.9846
vn -0.1144 -0.9372 0.3294
vn -0.7483 -0.0271 0.6628
vn 0.4886 -0.4606 -0.7410
vn -0.3640 -0.8256 0.4311
vn 0.0482 -0.9765 -0.2099
vn 0.0340 -0.2634 0.9641
vn -0.3814 -0.9181 -0.1082
vn -0.8389 0.2026 0.5052
vn 0.0044 0.9998 -0.0206
vn -0.2421 -0.9523 0.1857
vn 0.6262 0.3295 0.7066
vn -0.1709 0.9787 0.1134
vn -0.2942 -0.1359 0.9460
vn -0.4034 -0.7023 0.5865
vn -0.0303 -0.9976 -0.0622
vn 0.1587 -0.1313 0.9786
vn -0.1319 0.9751 -0.1783
vn -0.1995 0.7670 -0.6099
vn -0.0754 0.9602 0.2691
vn 0.9673 0.0453 -0.2495
vn -0.2394 -0.9257 0.2931
vn -0.8996 0.1461 -0.4116
vn -0.9666 -0.0444 -0.2526
vn -0.3597 0.9044 0.2296
vn 0.2035 -0.9530 0.2245
vn 0.0976 0.9829 0.1560
vn -0.0405 0.7012 -0.7118
vn 0.4033 -0.8582 -0.3176
vn 0.1419 0.9534 -0.2664
vn -0.5033 0.0221 0.8638
vn 0.6189 0.7813 0.0806
vn 0.8319 0.5493 0.0792
vn -0.1781 0.6843 -0.7071
vn 0.0974 0.9833 0.1537
vn -0.1439 -0.8123 -0.5652
vn 0.2112 -0.9714 0.1086
vn -0.2026 -0.9325 -0.2990
vn 0.9613 0.2526 0.1102
vn 0.6472 0.5762 0.4991
vn 0.5924 0.2745 -0.7574
vn 0.1226 0.9689 -0.2149
vn -0.3985 0.7265 0.5598
vn 0.6647 0.7013 0.2577
vn 0.5591 0.7021 0.4409
vn 0.9807 0.0138 0.1948
vn -0.5308 0.8462 -0.0472
vn -0.8823 0.0560 0.4673
vn -0.1392 -0.7571 -0.6383
vn 0.5045 0.0268 0.8630
vn 0.2176 -0.6937 0.6866
vn -0.3362 -0.9315 -0.1389
vn -0.7375 -0.0865 -0.6698
vn 0.3223 0.7462 0.5825
vn 0.5413 0.7310 -0.4155
vn 0.9342 -0.2485 -0.2558
vn -0.2683 0.3327 0.9041
vn -0.9282 -0.2571 -0.2689
vn 0.8131 -0.2283 -0.5355
vn -0.9936 -0.1011 0.0514
vn 0.3320 -0.1478 -0.9316
vn -0.0092 -0.3689 -0.9294
vn -0.5863 0.4333 0.6845
vn 0.1568 -0.8344 -0.5284
vn -0.2423 -0.3529 -0.9037
vn 0.9227 -0.1966 0.3316
vn 0.9951 0.0308 -0.0940
vn -0.2758 0.8838 -0.3780
vn -0.4498 0.6996 -0.5552
vn 0.0093 0.3797 0.9251
vn 0.2807 0.8808 -0.3812
vn -0.2662 0.3238 0.9079
vn -0.4470 0.8936 0.0410
vn 0.8112 -0.2391 -0.5336
vn -0.0138 -0.3794 -0.9251
vn -0.5746 0.2527 0.7784
vn 0.0140 0.3692 0.9292
vn 0.2653 -0.3333 -0.9047
vn 0.8959 0.3608 0.2592
vn -0.5340 -0.0537 0.8437
vn -0.9699 -0.2433 0.0030
vn 0.8929 0.3672 0.2605
vn 0.1535 -0.9851 0.0770
vn -0.6156 0.0532 0.7863
vn -0.9118 -0.3454 -0.2219
vn -0.8873 -0.3000 -0.3503
vn 0.5583 -0.0912 -0.8246
vn 0.3429 0.2175 0.9138
vn -0.8700 0.4674 -0.1571
vn 0.0036 1.0000 -0.0046
vn -0.2510 -0.9419 -0.2233
vn 0.8634 -0.3139 0.3950
vn -0.8110 0.2381 0.5344
vn 0.6974 0.3619 0.6186
vn -0.9628 0.0300 0.2687
vn 0.9999 0.0004 -0.0149
vn -0.8852 0.3470 0.3098
vn -0.7134 0.2180 -0.6660
vn 0.5455 -0.1667 0.8213
vn -0.8289 0.3275 0.4534
vn 0.4566 -0.7115 -0.5341
vn 0.9323 -0.1326 -0.3364
vn -0.2302 -0.8310 -0.5064
vn 0.4076 0.4544 -0.7921
vn 0.7526 0.0866 0.6528
vn 0.0617 0.5903 0.8048
vn 0.3326 0.1132 -0.9363
vn 0.2377 0.1397 0.9612
vn 0.9660 0.1724 -0.1928
vn -0.2695 -0.9272 0.2602
vn 0.5755 0.4920 -0.6532
vn 0.8628 0.1832 -0.4712
vn -0.6555 -0.4817 -0.5816
vn 0.8713 0.4541 0.1861
vn -0.5567 -0.4865 0.6733
vn -0.3257 0.6119 0.7208
vn 0.6340 -0.7549 -0.1677
vn -0.0367 0.9990 0.0265
vn 0.0030 0.8611 -0.5084
vn 0.9666 -0.1141 -0.2294
vn -0.0530 -0.0999 0.9936
vn -0.7705 -0.0000 -0.6375
vn 0.9383 0.2034 -0.2797
vn -0.0296 0.3390 -0.9403
vn -0.5219 -0.1288 0.8432
vn 0.4695 0.6145 0.6340
vn 0.4269 0.3722 0.8242
vn -0.2503 -0.0207 -0.9679
vn 0.0142 -0.6550 -0.7555
vn -0.0144 0.9861 -0.1653
vn 0.9306 -0.3309 -0.1562
vn -0.2605 -0.9401 -0.2200
vn 0.0130 0.6446 0.7644
vn -0.6606 0.6450 0.3840
vn 0.0646 0.3283 0.9424
vn 0.2019 0.8886 0.4118
vn -0.0063 0.9848 0.1738
vn 0.8884 0.0084 -0.4589
vn -0.5894 -0.7787 -0.2148
vn -0.3660 0.9240 0.1105
vn -0.0518 -0.1489 -0.9875
vn -0.0953 0.7126 -0.6951
vn 0.2017 -0.9539 0.2224
vn -0.6889 -0.7074 0.1582
vn 0.7357 0.6076 0.2993
vn -0.9942 0.0912 -0.0566
vn -0.6254 -0.6898 0.3648
vn -0.6789 -0.3791 -0.6288
vn -0.8862 -0.4623 -0.0290
vn 0.5650 -0.6020 -0.5642
vn -0.3094 0.8873 0.3421
vn 0.6379 -0.4422 -0.6305
vn -0.7870 0.6137 0.0629
vn -0.0058 0.6327 0.7744
vn 0.7583 -0.2010 -0.6201
vn -0.6714 -0.3055 -0.6751
vn -0.2991 0.5619 -0.7712
vn 0.4422 -0.8792 0.1772
vn -0.4928 0.5809 0.6478
vn 0.6074 0.6956 0.3836
vn 0.7254 -0.6875 -0.0331
vn 0.5890 0.7460 -0.3106
vn 0.1779 0.2081 0.9618
vn 0.5975 0.1018 0.7954
vn 0.1060 -0.3850 -0.9168
vn 0.8721 0.1068 -0.4775
vn 0.0056 -0.1952 0.9807
vn -0.0256 -0.4760 -0.8791
vn -0.0688 -0.6558 -0.7518
vn 0.5740 0.5150 -0.6367
vn 0.8444 0.5250 -0.1066
vn 0.6236 -0.5546 0.5509
vn 0.9977 0.0676 -0.0076
vn 0.8114 -0.5821 -0.0536
vn -0.0039 -0.5343 -0.8453
vn 0.9929 0.0917 -0.0755
vn 0.7399 -0.6716 0.0393
vn -0.0515 0.9893 -0.1367
vn 0.2809 -0.7040 0.6523
vn -0.7211 0.6756 0.1538
vn -0.0271 0.8278 0.5604
vn -0.7433 -0.6687 -0.0167
vn 0.6085 0.6261 0.4876
vn -0.4841 0.1776 0.8568
vn 0.1120 -0.4281 0.8968
vn 0.0109 -0.8570 0.5153
vn -0.8129 -0.5820 -0.0211
vn -0.6730 0.3712 0.6397
vn -0.8000 -0.0250 -0.5994
vn -0.3260 -0.9294 -0.1730
vn 0.1780 -0.4140 -0.8927
vn -0.5757 0.4035 -0.7111
vn -0.4300 -0.3819 -0.8181
vn 0.5769 0.4556 0.6780
vn -0.6018 0.6049 -0.5214
vn -0.1619 -0.5909 -0.7903
vn 0.0317 -0.5979 0.8010
vn -0.0101 0.7998 -0.6002
vn -0.5867 0.0267 0.8094
vn -0.0364 0.6626 0.7481
vn 0.3177 -0.8983 -0.3035
vn 0.8203 0.3909 -0.4175
vn -0.0090 0.6212 0.7836
vn -0.9662 -0.0583 -0.2512
vn 0.0358 -0.8541 0.5188
vn 0.3600 -0.4854 0.7967
vn 0.9544 -0.1815 -0.2372
vn -0.0766 -0.6221 -0.7792
vn -0.9155 0.2343 -0.3271
vn 0.6548 0.4355 0.6177
vn 0.5230 0.6903 -0.5000
vn -0.6094 0.4347 -0.6631
vn 0.3277 0.9410 -0.0845
vn 0.1685 0.5381 0.8259
vn -0.5631 -0.6228 -0.5432
vn -0.0040 0.6153 0.7883
vn -0.0738 0.6467 0.7592
vn -0.0115 -0.6055 -0.7958
vn -0.7151 0.4967 -0.4918
vn 0.0027 0.5948 0.8039
vn 0.0054 -0.6151 -0.7884
vn -0.6948 -0.1611 0.7009
vn 0.0251 0.7591 0.6505
vn 0.0076 -0.6199 -0.7847
vn 0.0158 0.6183 0.7858
vn 0.0274 0.6936 0.7199
vn -0.0021 -0.9999 -0.0168
vn -0.0182 0.6258 0.7798
vn -0.7382 -0.6676 0.0969
vn -0.0987 -0.7245 -0.6822
vn -0.9556 -0.2004 -0.2161
vn 0.1230 -0.9552 -0.2691
vn -0.6440 -0.7347 0.2131
vn -0.4171 -0.8951 -0.1576
vn 0.0002 -1.0000 0.0007
vn 0.7133 -0.6271 0.3129
vn -0.3708 0.4429 -0.8163
vn -0.0535 0.8586 -0.5098
vn 0.6772 -0.1092 0.7276
vn 0.5131 0.6859 -0.5161
vn 0.5884 -0.8021 -0.1018
vn -0.3338 0.8059 -0.4889
vn -0.1242 -0.9917 -0.0338
vn 0.4517 0.6792 -0.5785
vn 0.7074 0.6660 -0.2366
vn -0.0421 -0.9990 0.0125
vn -0.0113 -0.9969 -0.0777
vn 0.0084 -0.9996 -0.0279
vn 0.4778 0.2447 0.8437
vn 0.0171 0.6826 -0.7306
vn -0.4910 0.5895 0.6414
vn -0.3083 -0.9060 -0.2901
vn 0.7645 0.6352 0.1098
vn 0.4823 0.6538 -0.5830
vn -0.3039 -0.8581 0.4139
vn 0.9568 0.2851 0.0575
vn 0.6546 0.6673 0.3552
vn 0.2521 -0.6321 0.7327
vn 0.3127 0.7058 0.6357
vn 0.0969 -0.7700 -0.6307
vn 0.4632 0.6588 -0.5928
vn -0.3916 0.6927 -0.6056
vn 0.5855 0.7303 -0.3520
vn 0.8910 0.0438 0.4518
vn 0.6706 0.7371 -0.0842
vn 0.0319 -0.9995 -0.0082
vn -0.7750 0.4038 -0.4861
vn 0.5321 0.5846 -0.6125
vn -0.2838 0.6528 0.7023
vn 0.4603 -0.0029 0.8877
vn -0.4327 0.0914 0.8969
vn -0.0291 -0.9996 0.0030
vn 0.3494 0.6807 0.6439
vn -0.0556 0.9927 -0.1067
vn 0.5293 0.7804 0.3329
vn -0.7382 0.4863 0.4676
vn 0.5197 -0.8008 0.2978
vn 0.4871 -0.8465 -0.2147
vn 0.9196 -0.3627 -0.1511
vn 0.1863 0.7708 0.6093
vn 0.6919 0.6542 0.3054
vn -0.3682 -0.4418 -0.8181
vn 0.2093 0.8208 -0.5315
vn -0.6225 0.5895 -0.5147
vn -0.1622 0.7132 -0.6819
vn 0.1326 -0.8793 0.4575
vn -0.2882 -0.9254 -0.2461
vn 0.8498 0.5102 0.1326
vn 0.8472 0.5298 0.0400
vn 0.9092 0.1834 0.3738
vn -0.0829 0.5724 0.8158
vn -0.1796 -0.9329 0.3123
vn -0.1358 0.8339 -0.5349
vn 0.2261 0.4128 0.8823
vn -0.0646 0.7698 -0.6351
vn -0.5587 -0.7322 0.3896
vn -0.5440 0.6863 -0.4827
vn 0.8670 -0.4648 -0.1795
vn 0.1449 0.6421 -0.7528
vn -0.0534 -0.8712 -0.4880
vn -0.2678 0.2711 0.9245
vn -0.7426 0.6283 0.2320
vn -0.4113 -0.8290 -0.3790
vn -0.1559 0.7000 0.6969
vn 0.6486 0.7511 -0.1231
vn 0.1957 0.4011 -0.8949
vn -0.2053 -0.8001 -0.5636
vn -0.8199 -0.0463 -0.5706
vn -0.7391 0.6643 -0.1112
vn -0.0242 0.8939 0.4476
vn 0.3475 0.9311 0.1112
vn 0.3133 -0.8723 -0.3754
vn 0.0557 -0.9978 0.0370
vn -0.3273 -0.8248 0.4611
vn -0.1173 0.7107 0.6936
vn -0.5489 -0.7965 -0.2537
vn -0.0456 0.5732 0.8181
vn -0.7642 0.3035 0.5691
vn 0.3652 -0.9289 0.0606
vn -0.1615 0.2458 -0.9558
vn 0.4070 -0.8225 0.3974
vn 0.0003 -0.9960 0.0895
vn -0.5127 -0.8209 0.2513
vn 0.5909 0.7185 0.3669
vn 0.7664 0.3521 0.5373
vn -0.5067 -0.8598 -0.0625
vn 0.2994 -0.8977 -0.3233
vn -0.4580 0.6157 0.6412
vn 0.3817 -0.8419 0.3814
vn -0.5863 0.6536 -0.4787
vn -0.3526 0.7981 0.4886
vn -0.7524 0.6440 -0.1381
vn -0.0030 -0.9322 0.3619
vn -0.0270 -0.9995 -0.0131
vn 0.1454 -0.9891 -0.0252
vn -0.6690 0.5525 0.4972
vn 0.3821 0.8169 -0.4321
vn 0.6091 0.7385 0.2891
vn 0.7295 0.4859 -0.4813
vn 0.1712 0.3566 -0.9184
vn -0.6078 0.7674 -0.2040
vn 0.2730 -0.4791 0.8342
vn 0.6698 -0.0324 -0.7418
vn 0.1043 -0.8369 -0.5372
vn -0.9515 0.3051 0.0388
vn -0.8725 0.4636 -0.1544
vn 0.0108 -0.9999 0.0008
vn -0.1959 0.6905 -0.6963
vn -0.6237 -0.7781 0.0747
vn 0.9030 0.1908 -0.3850
vn -0.2933 0.7583 -0.5822
vn -0.2321 0.4686 -0.8524
vn 0.2639 0.9604 -0.0897
vn -0.9853 0.1611 0.0574
vn -0.2693 0.1442 0.9522
vn -0.2522 -0.7993 0.5454
vn 0.5847 0.6566 -0.4765
vn -0.6336 0.7115 0.3038
vn -0.6084 0.7892 0.0843
vn 0.5859 0.6720 -0.4530
vn 0.3689 0.5484 -0.7504
vn 0.8488 -0.5126 -0.1298
vn -0.5542 -0.8285 0.0801
vn -0.0150 -0.0152 -0.9998
vn 0.6792 -0.0047 0.7339
vn -0.6567 -0.7536 -0.0305
vn -0.1154 -0.7610 -0.6384
vn -0.6012 0.7088 0.3689
vn 0.1371 0.7817 0.6084
vn -0.6591 0.7435 -0.1127
vn -0.0207 0.4990 0.8663
vn -0.9296 0.1540 -0.3348
vn -0.5574 -0.7317 0.3923
vn -0.0714 -0.0367 0.9968
vn 0.2355 -0.7670 -0.5968
vn 0.6588 0.7494 -0.0657
vn -0.0767 -0.6908 0.7190
vn -0.2278 0.3298 0.9161
vn -0.0519 0.6777 -0.7335
vn 0.4563 0.7262 0.5141
vn -0.9972 -0.0604 0.0450
vn 0.7460 0.2987 -0.5952
vn -0.3414 0.1481 -0.9282
vn 0.4419 -0.7527 0.4881
vn -0.2396 -0.9659 -0.0985
vn 0.0862 -0.1715 -0.9814
vn 0.0572 -0.1628 -0.9850
vn 0.1820 -0.9613 0.2069
vn 0.1840 0.5330 -0.8259
vn -0.7686 0.6382 -0.0454
vn -0.4100 -0.8337 -0.3700
vn 0.8546 0.0268 -0.5185
vn 0.4824 -0.8350 0.2647
vn 0.8331 0.2558 0.4905
vn 0.9357 -0.0806 -0.3435
vn 0.3315 -0.9263 0.1792
vn -0.3762 -0.9092 0.1787
vn -0.6955 0.3343 -0.6360
vn -0.6208 0.7651 -0.1711
vn -0.7996 0.5608 -0.2150
vn -0.7824 -0.3604 -0.5079
vn 0.8695 -0.4333 -0.2372
vn 0.8125 0.4443 0.3774
vn 0.0347 0.9422 -0.3332
vn 0.0170 -0.9155 0.4019
vn -0.4524 0.7775 0.4368
vn -0.3951 0.9185 0.0162
vn -0.4347 -0.8109 0.3918
vn -0.0114 0.9762 -0.2165
vn 0.0025 -1.0000 -0.0006
vn 0.2278 -0.4047 0.8856
vn -0.3343 0.0574 -0.9407
vn 0.5365 -0.3239 -0.7793
vn 0.0361 0.9387 -0.3428
vn 0.0029 -1.0000 0.0055
vn -0.2216 -0.9198 0.3238
vn 0.7114 0.6389 -0.2929
vn -0.2470 0.6770 -0.6933
vn 0.7794 -0.0757 0.6220
vn 0.1259 0.9631 0.2381
vn -0.0267 -0.9316 -0.3625
vn 0.9890 -0.1477 0.0124
vn 0.1181 0.9724 0.2012
vn -0.9809 0.1766 -0.0817
vn -0.1747 0.7241 -0.6672
vn -0.4714 0.4959 0.7293
vn -0.5040 -0.7155 0.4837
vn -0.1767 0.9810 -0.0794
vn -0.1807 0.8906 0.4173
vn 0.2489 0.9449 0.2127
vn -0.8508 0.4958 0.1740
vn -0.1076 -0.7769 -0.6203
vn 0.5468 0.8279 -0.1246
vn 0.8495 0.0320 -0.5267
vn 0.7762 0.5006 0.3832
vn -0.7970 -0.2238 -0.5610
vn 0.5691 0.6833 -0.4574
vn -0.4907 -0.1592 0.8567
vn -0.4718 0.8702 -0.1419
vn -0.7618 0.6471 -0.0305
vn -0.0287 -0.9306 -0.3649
vn 0.6640 -0.6511 0.3677
vn 0.2641 -0.9598 -0.0950
vn 0.7287 0.2155 0.6500
vn -0.9691 -0.1470 -0.1980
vn -0.9659 0.2154 0.1436
vn -0.2197 0.0685 0.9732
vn 0.7245 0.6309 -0.2776
vn -0.1913 0.8753 0.4441
vn 0.1514 0.5448 0.8248
vn 0.3558 0.7664 -0.5348
vn -0.1646 0.9825 -0.0873
vn -0.8686 0.4238 -0.2569
vn 0.9723 -0.0407 -0.2300
vn 0.3185 -0.9196 -0.2298
vn -0.2522 0.1486 -0.9562
vn 0.9654 -0.2607 0.0084
vn -0.4692 -0.1053 -0.8768
vn 0.0694 0.9943 0.0808
vn -0.9041 0.2688 0.3321
vn 0.7859 -0.2972 -0.5422
vn 0.0073 0.0820 0.9966
vn 0.6194 -0.2529 -0.7433
vn 0.5762 -0.0973 -0.8115
vn -0.7605 0.0606 0.6465
vn 0.0412 0.2063 0.9776
vn 0.3825 0.0740 0.9210
vn -0.2324 -0.2632 -0.9363
vn 0.4641 0.1896 0.8652
vn 0.3234 -0.0696 -0.9437
vn 0.5325 -0.0521 -0.8448
vn -0.0087 -0.1789 -0.9838
vn -0.4467 0.5929 0.6700
vn -0.6301 -0.3859 -0.6738
vn 0.7092 -0.2655 0.6531
vn -0.9681 -0.1112 -0.2246
vn -0.8242 0.0229 -0.5658
vn -0.4989 -0.2426 -0.8320
vn 0.7215 -0.3299 -0.6088
vn -0.8657 -0.0912 0.4922
vn -0.5383 -0.2118 0.8157
vn -0.8632 -0.4039 -0.3028
vn 0.4276 0.9038 -0.0168
vn 0.6817 0.0255 0.7312
vn -0.9416 0.3366 -0.0078
vn 0.4959 -0.8475 -0.1893
vn -0.7453 -0.3826 0.5460
vn 0.0636 0.9967 0.0502
vn -0.5275 0.0278 -0.8491
vn 0.9414 -0.3361 0.0281
vn -0.9578 0.2860 -0.0300
vn 0.8434 -0.2737 -0.4623
vn 0.8615 -0.1366 -0.4891
vn 0.9632 -0.2682 0.0148
vn 0.9223 0.1872 -0.3380
vn -0.5446 0.2241 0.8082
vn -0.0705 -0.1335 -0.9885
vn -0.2705 -0.4772 0.8361
vn -0.5615 -0.7790 -0.2792
vn 0.2387 -0.6180 -0.7491
vn 0.2004 -0.7674 -0.6090
vn -0.4194 -0.9047 0.0744
vn -0.2058 -0.9272 0.3128
vn 0.1097 -0.9256 -0.3622
vn -0.3695 0.9279 0.0499
vn -0.0486 -0.9986 -0.0185
vn -0.3002 -0.7126 0.6341
vn -0.1626 -0.5467 -0.8214
vn -0.3927 0.5575 0.7314
vn -0.7182 -0.6468 -0.2568
vn 0.5205 0.0167 -0.8537
vn 0.5093 0.8605 0.0134
vn -0.4621 0.0604 0.8848
vn 0.7100 -0.6089 -0.3538
vn -0.8350 0.5286 -0.1529
vn 0.0182 0.9977 -0.0656
vn -0.5346 0.3081 0.7869
vn -0.9145 -0.1578 -0.3726
vn 0.2153 -0.1092 0.9704
vn 0.6367 -0.7206 -0.2745
vn -0.1722 -0.2675 -0.9480
vn -0.3139 -0.8067 0.5007
vn -0.0409 0.9989 -0.0209
vn 0.6461 -0.5976 -0.4749
vn -0.6818 -0.6043 0.4122
vn -0.2403 0.5815 -0.7773
vn -0.0448 -0.3059 -0.9510
vn -0.6890 -0.7176 -0.1019
vn -0.0291 -0.6295 -0.7765
vn -0.2011 0.8358 0.5109
vn 0.6737 0.6960 0.2484
vn 0.4073 -0.6232 0.6676
vn 0.3783 -0.9145 0.1432
vn 0.3334 -0.9268 -0.1727
vn -0.0083 -0.3237 -0.9461
vn -0.7882 -0.0235 0.6150
vn 0.7467 -0.6535 -0.1239
vn -0.2006 0.9000 0.3870
vn -0.0840 0.1103 -0.9903
vn -0.9286 0.0985 -0.3577
vn 0.0184 0.5673 0.8233
vn -0.4299 -0.2394 -0.8706
vn -0.4312 0.5783 0.6925
vn -0.3222 0.8741 -0.3634
vn 0.7092 0.2455 0.6609
vn 0.5913 0.3165 -0.7417
vn 0.1104 0.8779 -0.4660
vn 0.0598 0.9383 0.3407
vn 0.2028 0.7989 0.5662
vn 0.2162 0.7921 0.5709
vn -0.5995 -0.7308 -0.3264
vn 0.9929 -0.0629 -0.1010
vn -0.9195 0.2784 -0.2774
vn 0.4300 0.0637 0.9006
vn -0.3098 -0.3956 0.8646
vn -0.9703 0.2303 -0.0743
vn -0.0733 0.0191 -0.9971
vn 0.5598 -0.2869 -0.7774
vn -0.1927 -0.1970 0.9613
vn -0.9232 -0.3433 -0.1729
vn 0.5884 0.3370 -0.7350
vn -0.9403 -0.2355 -0.2459
vn -0.6724 0.5245 -0.5223
vn 0.6467 0.4013 -0.6487
vn 0.2324 -0.5977 0.7673
vn -0.8573 -0.4891 -0.1605
vn -0.0104 -0.4026 -0.9153
vn -0.4000 -0.5158 0.7576
vn -0.8121 0.5832 -0.0216
vn 0.5671 -0.3333 0.7532
vn -0.1774 0.8697 0.4605
vn 0.9242 -0.2795 -0.2601
vn -0.1537 -0.4945 -0.8555
vn 0.5705 -0.3774 0.7294
vn -0.1795 -0.2717 -0.9455
vn 0.8423 -0.5039 0.1915
vn 0.2027 0.5519 -0.8089
vn -0.4675 0.5692 0.6764
vn -0.0094 -0.6435 -0.7654
vn -0.7332 0.5732 0.3659
vn 0.1332 -0.4742 -0.8703
vn -0.7123 -0.1915 0.6753
vn 0.6841 0.2363 0.6901
vn 0.6714 0.6230 0.4014
vn 0.5377 -0.6528 0.5336
vn -0.6687 -0.1803 -0.7214
vn -0.3399 0.8111 -0.4761
vn -0.0515 0.6626 0.7472
vn -0.0199 -0.6027 -0.7977
vn 0.0693 0.4705 0.8797
vn -0.9128 -0.3914 -0.1164
vn 0.5424 -0.8080 0.2300
vn 0.7510 -0.6016 -0.2722
vn 0.5737 0.5395 0.6163
vn -0.1917 0.1067 0.9756
vn 0.9232 -0.0057 -0.3842
vn -0.0058 0.6285 0.7778
vn 0.2472 -0.0185 0.9688
vn 0.0035 0.6141 0.7892
vn 0.8556 0.2011 -0.4769
vn -0.8880 0.0978 -0.4494
vn 0.9722 0.0124 0.2339
vn -0.6367 -0.1407 -0.7582
vn 0.3072 0.8886 0.3406
vn -0.1607 0.5045 0.8483
vn 0.5865 -0.3086 0.7489
vn 0.1518 0.5248 0.8376
vn -0.0147 -0.6046 -0.7964
vn -0.6705 -0.6263 0.3978
vn 0.5661 0.3033 -0.7665
vn 0.0069 -0.6191 -0.7853
vn -0.0948 0.7228 -0.6845
vn 0.9336 -0.1485 -0.3261
vn -0.0021 0.6116 0.7911
vn 0.2227 0.9707 -0.0897
vn -0.0255 -0.2728 -0.9617
vn 0.7609 -0.5404 0.3592
vn -0.7687 0.2575 -0.5855
vn -0.1610 -0.9653 -0.2057
vn 0.0118 0.6463 0.7630
vn 0.9894 -0.0784 -0.1222
vn 0.1865 -0.9592 -0.2125
vn 0.5039 0.8618 -0.0586
vn 0.0809 -0.9790 0.1872
vn -0.4111 -0.7914 -0.4524
vn -0.9628 0.0207 0.2695
vn 0.0405 -0.9984 -0.0402
vn -0.1593 -0.7997 0.5789
vn -0.3770 -0.3853 0.8423
vn 0.2873 -0.9418 0.1747
vn -0.6778 0.7094 -0.1929
vn 0.2598 0.6941 0.6713
vn 0.8791 0.4767 -0.0063
vn 0.3698 -0.9128 0.1731
vn 0.4433 0.7219 -0.5313
vn -0.1811 -0.8237 0.5373
vn -0.0257 -0.9992 -0.0308
vn 0.1145 -0.9886 -0.0974
vn -0.1946 0.6215 0.7589
vn 0.5050 0.0281 -0.8626
vn 0.7628 0.6217 0.1777
vn 0.4980 -0.8565 0.1358
vn 0.7585 -0.6362 0.1415
vn 0.5655 0.6689 0.4824
vn 0.5780 -0.7542 -0.3115
vn 0.0983 0.6916 -0.7156
vn 0.3611 0.9138 -0.1857
vn 0.2675 -0.7674 -0.5827
vn 0.6347 0.1141 -0.7643
vn 0.0818 -0.9943 0.0688
vn 0.3825 -0.8909 -0.2447
vn 0.8277 -0.4346 -0.3550
vn 0.7282 0.6601 -0.1847
vn 0.2998 0.2964 -0.9068
vn 0.9009 0.4337 0.0163
vn 0.3936 -0.8617 0.3203
vn -0.0003 -0.9999 0.0168
vn 0.3337 -0.8064 -0.4882
vn 0.4999 0.6518 0.5703
vn 0.1885 0.7409 0.6447
vn 0.0407 0.8470 0.5300
vn 0.6629 0.6785 -0.3165
vn 0.8321 0.2160 0.5109
vn 0.4767 0.6887 0.5462
vn -0.3806 -0.0344 -0.9241
vn -0.0020 -0.9993 -0.0379
vn 0.4829 0.3015 0.8221
vn 0.1584 0.7492 -0.6431
vn -0.6451 -0.7361 0.2049
vn -0.6091 -0.7877 -0.0919
vn 0.4029 0.6125 0.6801
vn -0.4819 0.6591 -0.5774
vn 0.6766 0.0105 -0.7362
vn -0.5016 -0.8051 0.3164
vn 0.8294 0.2457 -0.5017
vn 0.7424 0.6210 0.2514
vn 0.5783 -0.8020 0.1496
vn 0.7538 0.6378 0.1584
vn -0.1153 -0.9622 0.2468
vn 0.3937 0.6176 0.6808
vn -0.4655 0.2969 0.8337
vn 0.7971 0.5965 0.0936
vn -0.6640 0.1539 -0.7317
vn -0.1365 0.6230 -0.7702
vn 0.1932 0.1015 -0.9759
vn 0.2451 -0.9652 0.0916
vn 0.9279 -0.1811 0.3260
vn 0.6191 0.7850 0.0210
vn -0.5683 0.5220 -0.6361
vn -0.4049 0.7801 -0.4769
vn 0.0872 -0.8991 -0.4290
vn -0.6683 0.6784 0.3053
vn 0.7194 0.6763 -0.1585
vn -0.7296 0.5196 0.4446
vn 0.2179 -0.6975 -0.6826
vn -0.3606 0.8479 0.3887
vn -0.0018 0.9998 -0.0182
vn 0.3785 0.7994 -0.4666
vn 0.1392 0.8564 -0.4973
vn -0.2416 0.7539 -0.6109
vn -0.7959 0.4080 -0.4474
vn 0.4607 -0.8535 -0.2436
vn 0.2134 -0.8010 0.5594
vn -0.6340 0.7733 0.0050
vn 0.0629 -0.9897 0.1286
vn 0.1144 -0.8625 0.4929
vn 0.5422 0.6853 0.4862
vn -0.6287 0.4940 0.6006
vn -0.0314 0.7543 -0.6558
vn -0.6711 -0.1759 0.7202
vn -0.2732 0.6488 0.7102
vn -0.6299 -0.0317 -0.7761
vn -0.1376 -0.8093 -0.5710
vn -0.1212 -0.7959 0.5931
vn -0.3311 -0.7883 -0.5187
vn 0.4987 0.7885 -0.3601
vn 0.0868 -0.9330 0.3493
vn 0.3799 0.5476 -0.7455
vn 0.0028 0.9999 -0.0121
vn -0.8220 -0.5486 0.1527
vn -0.5116 -0.8462 -0.1487
vn -0.6163 0.5080 0.6018
vn -0.4006 0.6532 -0.6425
vn -0.4700 0.3015 0.8295
vn 0.0200 -0.9991 -0.0364
vn 0.5724 -0.8183 0.0531
vn 0.3538 -0.8554 -0.3784
vn -0.0226 0.0049 -0.9997
vn -0.3320 0.6590 0.6749
vn -0.4921 -0.7123 0.5005
vn -0.4539 -0.7521 -0.4778
vn -0.1691 -0.6996 0.6942
vn 0.0762 -0.8859 0.4576
vn -0.0934 -0.9947 -0.0422
vn 0.0038 0.9999 -0.0162
vn -0.0856 -0.7039 -0.7051
vn -0.3401 -0.7527 -0.5638
vn -0.1125 0.6735 -0.7306
vn 0.4728 0.7979 -0.3739
vn -0.9401 0.2872 0.1837
vn -0.5157 -0.8439 -0.1477
vn -0.1623 0.6587 0.7347
vn 0.1922 -0.9621 -0.1936
vn -0.9389 0.0906 -0.3320
vn -0.6619 0.7495 0.0099
vn -0.0589 -0.3656 -0.9289
vn 0.0543 0.6467 -0.7608
vn 0.0389 0.7992 0.5998
vn -0.5207 0.7789 0.3496
vn -0.5036 0.8207 -0.2699
vn -0.2450 0.6281 -0.7385
vn -0.7887 0.3160 -0.5274
vn 0.8695 0.0572 -0.4906
vn -0.7288 0.2161 -0.6497
vn 0.8076 0.5135 0.2901
vn -0.4407 -0.8727 -0.2103
vn 0.3611 0.0434 0.9315
vn -0.1992 0.7451 -0.6366
vn -0.5219 0.7879 0.3269
vn 0.0593 0.8979 -0.4361
vn 0.6756 0.7369 -0.0254
vn -0.8713 0.4901 0.0252
vn -0.4949 -0.6765 0.5454
vn 0.5525 0.8175 0.1624
vn -0.6464 -0.7352 0.2040
vn -0.0802 -0.8422 -0.5332
vn 0.1953 0.0235 0.9805
vn -0.1503 0.7132 0.6847
vn -0.0920 0.4205 0.9026
vn 0.6687 0.6316 -0.3924
vn -0.5349 -0.7479 0.3932
vn 0.2917 -0.7332 0.6142
vn -0.9829 0.1125 0.1458
vn -0.3669 -0.9303 -0.0049
vn -0.5012 0.7104 -0.4941
vn 0.7140 0.4154 -0.5636
vn 0.7273 -0.0788 0.6818
vn 0.5372 -0.8362 0.1103
vn 0.3125 0.5628 -0.7653
vn -0.4816 0.7550 -0.4451
vn -0.1988 0.5619 0.8030
vn 0.7831 0.5969 0.1744
vn -0.0476 -0.9343 0.3534
vn -0.7406 0.6661 0.0877
vn 0.3417 -0.7466 0.5708
vn -0.6928 0.5464 0.4707
vn -0.5172 -0.4699 -0.7153
vn -0.9124 -0.3729 0.1686
vn -0.1150 0.0355 -0.9927
vn -0.1178 0.6140 0.7805
vn -0.4473 0.8543 -0.2646
vn 0.5074 -0.0754 -0.8584
vn 0.4670 -0.1786 -0.8660
vn -0.7063 -0.1800 0.6847
vn 0.3908 -0.9204 -0.0107
vn -0.2320 -0.9595 -0.1601
vn 0.4593 0.1859 -0.8686
vn 0.7759 -0.6224 0.1029
vn 0.1912 -0.9200 -0.3421
vn -0.4712 -0.7058 0.5290
vn -0.7219 -0.6725 -0.1628
vn 0.0183 -0.7443 0.6676
vn 0.9514 -0.0179 -0.3073
vn 0.9733 0.1643 -0.1606
vn -0.9835 0.1733 0.0510
vn 0.6114 -0.7245 0.3183
vn 0.5224 0.8032 0.2862
vn 0.6597 -0.1998 -0.7245
vn 0.5081 -0.8046 0.3072
vn -0.8504 0.4966 -0.1737
vn -0.5810 0.8126 0.0461
vn -0.0049 0.9987 -0.0502
vn 0.2611 0.1479 -0.9539
vn -0.0006 0.8476 0.5307
vn -0.4377 0.4345 0.7872
vn -0.0332 -0.9500 -0.3105
vn -0.9213 0.3888 -0.0043
vn -0.2395 -0.9407 0.2402
vn -0.7814 0.6176 -0.0894
vn -0.5092 0.8561 -0.0887
vn -0.8063 -0.1307 -0.5769
vn -0.1700 -0.9720 -0.1620
vn 0.1176 0.9068 0.4049
vn -0.0720 -0.8402 -0.5374
vn 0.7361 -0.5829 -0.3442
vn -0.5419 -0.0338 -0.8398
vn 0.2401 -0.9106 0.3363
vn -0.2726 0.9217 0.2762
vn 0.0575 0.9480 0.3131
vn 0.0070 0.9999 0.0129
vn 0.6146 -0.0939 0.7832
vn -0.0308 0.9375 -0.3467
vn 0.1548 0.9179 -0.3653
vn -0.6072 0.7891 0.0929
vn -0.5848 0.2900 -0.7576
vn 0.8212 0.5276 0.2174
vn -0.6368 -0.1087 0.7633
vn 0.3519 0.9154 -0.1954
vn 0.9322 -0.0806 0.3529
vn 0.9456 -0.0897 0.3126
vn 0.1993 0.3583 0.9121
vn 0.3635 0.6277 -0.6884
vn 0.1213 0.3243 -0.9382
vn -0.3724 0.7504 -0.5461
vn -0.9906 0.0198 -0.1352
vn -0.7080 -0.0638 0.7034
vn -0.0713 0.8742 0.4804
vn -0.7992 0.3045 0.5183
vn 0.5468 0.7355 -0.3999
vn -0.2229 0.9171 0.3306
vn 0.3880 -0.1381 -0.9112
vn -0.5649 -0.0793 0.8213
vn -0.0572 0.5222 -0.8509
vn -0.0081 0.9967 0.0805
vn -0.6012 0.0850 0.7946
vn 0.5305 -0.1043 -0.8413
vn -0.9274 -0.0844 -0.3645
vn 0.5210 0.3143 0.7936
vn -0.2054 -0.1508 -0.9670
vn -0.5253 -0.2891 -0.8003
vn 0.2751 -0.1806 0.9443
vn 0.2516 0.7860 0.5647
vn 0.5827 0.1611 0.7966
vn -0.0196 -0.7478 0.6637
vn -0.3782 0.0025 -0.9257
vn -0.6251 -0.1190 -0.7714
vn 0.5139 0.5776 -0.6342
vn 0.0136 0.9997 0.0189
vn -0.7873 -0.2565 0.5606
vn 0.2481 -0.9191 -0.3062
vn -0.4797 0.0121 0.8773
vn 0.9508 -0.1941 0.2416
vn 0.8646 -0.1951 0.4630
vn 0.4923 -0.0550 -0.8687
vn -0.5621 0.0446 0.8259
vn -0.2113 0.9750 -0.0686
vn -0.0603 -0.9947 0.0835
vn 0.4876 -0.1070 -0.8665
vn 0.7985 -0.3056 -0.5186
vn 0.1441 0.2427 -0.9593
vn 0.6454 0.0856 -0.7590
vn 0.5226 0.0195 -0.8524
vn 0.0252 0.9997 0.0010
vn -0.2575 0.0259 -0.9659
vn 0.1465 0.9162 -0.3729
vn -0.2223 0.4884 -0.8438
vn 0.8843 0.1227 -0.4505
vn 0.0009 1.0000 -0.0050
vn -0.7792 0.4447 -0.4416
vn -0.0219 -0.9993 0.0318
vn -0.9048 -0.1819 -0.3849
vn 0.9853 0.0652 0.1580
vn 0.8463 -0.3994 -0.3525
vn 0.3010 -0.8524 0.4275
vn -0.4126 0.0406 0.9100
vn 0.0041 1.0000 -0.0014
vn 0.9841 0.0089 0.1772
vn 0.0851 -0.0733 0.9937
vn 0.0387 0.9992 -0.0067
vn 0.2400 0.9639 -0.1153
vn 0.5202 0.2096 0.8279
vn 0.9795 0.1812 -0.0879
vn 0.0035 1.0000 -0.0030
vn -0.7131 -0.2817 0.6420
vn 0.9798 0.1772 -0.0931
vn 0.8370 0.2273 0.4978
vn 0.6839 0.0726 -0.7260
vn -0.8969 -0.0201 0.4418
vn -0.9762 0.0192 0.2161
vn -0.6363 -0.4451 0.6301
vn 0.3172 0.0398 -0.9475
vn 0.5782 0.3494 -0.7373
vn -0.2571 0.0328 -0.9658
vn 0.0629 -0.1115 0.9918
vn -0.0038 0.9998 -0.0209
vn 0.2199 0.0586 0.9738
vn -0.6887 0.0407 -0.7239
vn 0.0482 0.9982 -0.0363
vn 0.1587 -0.3412 -0.9265
vn 0.6641 -0.3260 0.6729
vn 0.4927 -0.7144 0.4969
vn 0.1775 -0.0156 -0.9840
vn -0.0205 -0.9880 -0.1533
vn -0.0004 0.9999 0.0145
vn 0.8275 0.4499 -0.3358
vn 0.0031 -1.0000 0.0056
vn -0.4416 -0.2483 -0.8622
vn 0.0056 1.0000 -0.0034
vn -0.9311 -0.2517 -0.2641
vn -0.0269 0.9996 -0.0003
vn -0.9910 0.0751 -0.1109
vn -0.5043 0.0088 -0.8635
vn -0.0285 0.9996 -0.0019
vn 0.0048 0.9993 0.0365
vn -0.9726 0.0427 0.2285
vn -0.0194 0.9957 0.0907
vn 0.0584 -0.9384 0.3407
vn 0.0470 0.9986 -0.0252
vn 0.3912 0.7716 -0.5017
vn -0.9890 0.1452 -0.0278
vn -0.0576 0.0420 0.9975
vn 0.0375 -0.9986 0.0369
vn 0.8189 -0.0286 0.5732
vn -0.8710 0.0286 0.4905
vn 0.0167 0.9997 -0.0185
vn 0.0209 0.9998 0.0017
vn -0.1705 0.9730 0.1554
vn -0.0235 0.9995 0.0209
vn -0.8785 -0.0152 -0.4776
vn -0.0034 -1.0000 0.0049
vn 0.6548 -0.0133 0.7557
vn 0.2371 -0.0042 -0.9715
vn 0.2052 0.0646 0.9766
vn -0.1400 0.1907 0.9716
vn -0.0117 0.2448 -0.9695
vn -0.3075 0.9469 -0.0943
vn -0.6271 -0.5488 0.5528
vn -0.0047 1.0000 -0.0022
vn 0.0680 -0.9976 0.0117
vn -0.8685 0.2244 -0.4419
vn 0.0707 0.9960 0.0537
vn -0.9643 -0.1844 -0.1903
vn -0.2680 -0.9583 0.0992
vn 0.0300 0.1142 -0.9930
vn 0.3082 0.1493 0.9395
vn -0.9923 0.0683 -0.1036
vn 0.6935 0.0567 -0.7182
vn 0.6457 -0.0513 0.7619
vn -0.4796 0.6295 0.6113
vn -0.1029 0.4901 -0.8655
vn -0.2151 0.0174 -0.9764
vn 0.1914 0.8691 0.4561
vn -0.3684 -0.8149 0.4474
vn 0.8731 0.0594 -0.4839
vn 0.9399 -0.0265 0.3403
vn 0.8245 -0.3330 0.4575
vn -0.1447 0.0755 0.9866
vn -0.0015 -1.0000 -0.0042
vn -0.7590 -0.4479 0.4726
vn 0.2091 -0.9645 -0.1614
vn -0.9851 0.1147 -0.1283
vn -0.6952 0.0821 0.7141
vn -0.5548 -0.0150 -0.8318
vn -0.3697 -0.8668 -0.3345
vn -0.0346 0.9971 0.0681
vn -0.1864 0.0961 0.9778
vn 0.7246 0.0304 0.6885
vn 0.7078 -0.6144 -0.3487
vn 0.1841 -0.1925 -0.9639
vn -0.0556 -0.9835 0.1723
vn 0.3058 0.7376 -0.6021
vn -0.7711 0.0163 0.6366
vn -0.5488 -0.6173 0.5637
vn -0.0631 0.9956 0.0687
vn -0.1552 0.9878 0.0100
vn 0.3699 -0.9087 -0.1934
vn -0.0176 -0.9981 -0.0594
vn -0.1110 0.9937 0.0153
vn -0.4576 -0.8867 -0.0665
vn -0.2518 -0.9118 0.3243
vn 0.9323 0.0213 0.3610
vn 0.7839 0.4840 0.3889
vn -0.5297 0.5059 -0.6808
vn 0.0151 -0.9998 -0.0147
vn -0.9201 0.0358 -0.3900
vn 0.9784 0.2025 -0.0427
vn 0.1029 -0.9928 0.0611
vn -0.4088 0.5708 0.7121
vn 0.1726 -0.9758 0.1343
vn -0.2066 -0.2793 -0.9377
vn 0.1193 -0.8683 -0.4815
vn 0.1785 0.6105 -0.7716
vn -0.3173 -0.9424 0.1055
vn -0.1911 -0.0502 0.9803
vn -0.3721 -0.8108 0.4518
vn -0.3871 -0.8019 -0.4551
vn 0.9599 0.0402 0.2773
vn 0.1369 -0.9470 -0.2907
vn 0.1598 -0.9531 -0.2570
vn 0.1439 -0.8982 0.4154
vn -0.8445 0.1020 0.5258
vn -0.9205 0.0221 -0.3901
vn 0.0229 -0.9997 0.0025
vn 0.5191 0.1148 0.8469
vn 0.5444 0.4071 -0.7335
vn 0.5455 0.0334 -0.8375
vn 0.0084 -0.9999 -0.0140
vn -0.0253 0.4725 0.8810
vn -0.7492 0.5864 -0.3079
vn -0.9291 0.3646 -0.0626
vn 0.4017 0.5419 0.7382
vn -0.4121 -0.9102 -0.0413
vn 0.7973 0.5194 -0.3075
vn -0.6918 -0.7199 -0.0564
vn 0.8765 0.4414 -0.1920
vn 0.8518 0.0344 -0.5228
vn 0.8453 0.4221 0.3274
vn -0.8723 0.4775 0.1053
vn 0.2424 -0.8239 0.5122
vn -0.0027 -0.9997 0.0236
vn -0.2128 0.2586 -0.9422
vn 0.9326 -0.0332 -0.3593
vn -0.0082 -0.9999 0.0126
vn -0.5972 0.1248 -0.7924
vn 0.8961 0.1161 0.4283
vn -0.1270 -0.5040 0.8543
vn 0.0513 -0.9903 -0.1290
vn -0.5366 0.5132 -0.6699
vn 0.0148 -0.9995 -0.0296
vn 0.3695 0.5119 0.7755
vn -0.7204 -0.0375 -0.6925
vn -0.6525 0.5530 0.5181
vn 0.0203 -0.9966 -0.0801
vn 0.0057 0.9992 0.0397
vn 0.0016 -0.9999 0.0100
vn 0.0196 0.9996 -0.0185
vn 0.0053 -0.9998 0.0171
vn 0.0422 -0.9822 0.1829
vn 0.0004 -1.0000 0.0016
vn -0.0191 0.9990 -0.0407
vn -0.0652 -0.9966 -0.0497
vn 0.0159 0.9982 -0.0580
vn -0.1734 0.9710 0.1644
vn 0.0363 -0.9951 0.0915
vn -0.0026 1.0000 0.0077
vn 0.6544 -0.6226 0.4291
vn 0.5103 0.2780 0.8138
vn -0.4203 -0.2128 0.8821
vn -0.4725 -0.6205 0.6258
vn -0.0044 1.0000 0.0032
vn -0.3719 0.3126 0.8740
vn -0.5246 0.1479 -0.8384
vn 0.9102 -0.1876 0.3692
vn -0.0041 -0.9971 -0.0766
vn 0.2158 -0.5321 0.8187
vn 0.0014 1.0000 0.0009
vn -0.0100 0.9998 0.0149
vn 0.0007 1.0000 0.0014
vn 0.9209 0.1927 0.3388
vn -0.9703 0.2327 -0.0667
vn -0.1177 0.7533 -0.6470
vn 0.0016 1.0000 -0.0008
vn 0.7397 0.3253 -0.5890
vn -0.0012 0.9998 0.0179
vn 0.0651 0.2283 -0.9714
vn 0.2287 -0.6115 0.7575
vn -0.7911 0.6065 0.0798
vn 0.1689 -0.3020 0.9382
vn 0.5485 -0.1717 -0.8183
vn 0.6842 -0.6256 0.3749
vn 0.0037 -0.9999 0.0140
vn -0.1931 -0.9729 -0.1275
vn -0.8258 0.1029 -0.5545
vn -0.0553 0.2598 0.9641
vn 0.6528 -0.4723 -0.5922
vn -0.0123 -0.9999 0.0097
vn -0.1134 0.9884 0.1014
vn 0.5106 0.6333 -0.5816
vn 0.0015 1.0000 0.0001
vn -0.4396 0.0675 -0.8957
vn -0.8272 0.1803 -0.5323
vn -0.9984 0.0513 -0.0233
vn -0.8655 0.2680 0.4232
vn 0.8760 0.0062 -0.4822
vn 0.0455 -0.6194 0.7838
vn -0.8992 0.0274 -0.4366
vn -0.2234 -0.9653 0.1349
vn 0.7014 -0.7127 0.0134
vn -0.3223 -0.8882 -0.3273
vn 0.0032 -1.0000 0.0012
vn 0.3951 0.2270 -0.8902
vn -0.0029 1.0000 -0.0027
vn 0.8362 -0.4746 -0.2748
vn -0.8747 0.0561 0.4814
vn -0.6138 -0.6152 0.4947
vn 0.9821 0.1844 -0.0390
vn -0.2849 0.9332 0.2191
vn -0.0176 -0.5863 -0.8099
vn 0.1869 0.3244 -0.9273
vn -0.0000 1.0000 -0.0000
vn 0.9969 0.0708 0.0351
vn -0.5598 -0.7709 0.3038
vn 0.9826 0.1739 0.0658
vn -0.8824 0.3517 -0.3125
vn 0.3821 -0.0251 0.9238
vn 0.6504 -0.5106 0.5624
vn -0.0405 -0.5424 0.8392
vn 0.0379 0.9850 0.1684
vn 0.0324 0.9978 0.0575
vn 0.9012 0.3940 0.1806
vn -0.3339 -0.0849 0.9388
vn 0.9753 0.2167 -0.0429
vn 0.0169 -0.9986 0.0503
vn 0.0182 -0.9991 0.0370
vn -0.8458 0.3343 0.4158
vn -0.0002 1.0000 -0.0073
vn -0.9040 -0.4217 0.0702
vn 0.4270 -0.3669 0.8265
vn 0.1595 -0.2015 -0.9664
vn -0.7490 -0.0633 0.6595
vn -0.6527 -0.2766 0.7053
vn 0.7971 -0.2102 0.5660
vn 0.7287 -0.3329 -0.5985
vn 0.4535 -0.2602 0.8524
vn 0.6742 -0.6137 0.4109
vn 0.8500 0.2835 -0.4441
vn 0.8582 0.4138 -0.3037
vn 0.6980 0.6781 -0.2302
vn -0.6792 -0.6006 0.4219
vn -0.2222 0.4857 0.8454
vn -0.9092 0.3246 0.2607
vn 0.6260 0.7470 -0.2238
vn 0.0715 0.8225 0.5643
vn 0.6432 0.3228 -0.6943
vn 0.1563 0.1556 -0.9754
vn -0.2175 -0.7926 0.5696
vn 0.9512 -0.3012 -0.0673
vn 0.8104 0.5085 0.2908
vn 0.0577 -0.9922 0.1105
vn -0.7602 0.3526 -0.5457
vn -0.0422 0.9964 0.0731
vn 0.8831 0.1090 -0.4564
vn -0.9322 -0.1466 0.3309
vn -0.8044 -0.3586 -0.4737
vn 0.7588 0.0153 0.6512
vn -0.0861 -0.9656 -0.2455
vn 0.6436 0.2420 -0.7261
vn -0.5396 -0.2464 -0.8051
vn -0.7229 0.3081 -0.6185
vn -0.7549 -0.0102 -0.6557
vn -0.5024 0.7116 0.4911
vn 0.6798 0.4260 -0.5970
vn -0.8974 -0.4190 -0.1379
vn -0.3143 -0.2069 0.9265
vn 0.0127 -0.9959 -0.0893
vn -0.8929 0.4343 -0.1186
vn 0.6590 -0.3239 0.6788
vn 0.6276 -0.4757 -0.6163
vn 0.4474 -0.6910 -0.5677
vn 0.1827 0.0404 0.9823
vn -0.0613 0.9979 -0.0207
vn -0.0012 -0.9997 -0.0237
vn -0.0875 0.9956 0.0327
vn 0.1806 0.0712 -0.9810
vn 0.0243 -0.9997 0.0002
vn 0.9942 0.1069 0.0117
vn -0.0975 -0.1093 0.9892
vn -0.1400 -0.9821 -0.1262
vn -0.0170 0.9993 0.0329
vn -0.3205 -0.2652 -0.9094
vn 0.9843 0.1190 0.1300
vn -0.4993 0.0090 0.8664
vn -0.2609 -0.9567 0.1287
vn -0.8459 0.4876 0.2163
vn -0.1562 -0.9876 0.0129
vn -0.0011 0.9998 0.0205
vn -0.2292 -0.1463 0.9623
vn -0.0031 0.9998 0.0206
vn -0.3022 0.8715 0.3862
vn -0.0447 -0.9989 0.0155
vn -0.0012 1.0000 -0.0049
vn 0.1571 0.0517 -0.9862
vn 0.0974 0.9952 0.0062
vn -0.7878 0.2614 -0.5578
vn -0.1605 0.9870 -0.0105
vn 0.9755 0.0340 -0.2175
vn -0.0014 -0.9963 0.0860
vn -0.1578 -0.1273 0.9792
vn -0.7931 0.0272 -0.6085
vn -0.0124 0.0050 -0.9999
vn 0.6736 0.1819 0.7164
vn 0.0090 0.9954 -0.0957
vn -0.0003 0.9998 0.0199
vn -0.9719 0.0015 -0.2356
vn -0.9418 0.0226 -0.3353
vn 0.9895 0.1384 0.0414
vn -0.7886 0.0216 -0.6145
vn -0.8590 -0.0147 -0.5117
vn 0.7461 -0.1204 0.6549
vn 0.1943 0.3609 0.9121
vn 0.0001 -0.9509 -0.3095
vn 0.0049 0.9999 -0.0125
vn 0.0013 0.9998 -0.0201
vn -0.8739 0.0055 -0.4861
vn -0.6268 0.0081 0.7791
vn -0.2135 -0.9765 0.0295
vn -0.9693 0.2249 -0.0997
vn 0.0243 -0.9997 -0.0090
vn -0.3929 -0.8802 -0.2661
vn -0.1241 0.9907 -0.0564
vn -0.2875 0.0229 0.9575
vn 0.8485 0.0535 0.5265
vn -0.8765 -0.0144 0.4811
vn -0.1086 0.1941 -0.9750
vn 0.0371 0.9986 -0.0388
vn -0.7223 -0.5371 0.4357
vn -0.9716 0.0151 0.2361
vn 0.5127 0.0138 -0.8584
vn -0.8557 0.0241 0.5169
vn 0.9601 -0.2273 0.1630
vn 0.5405 -0.8401 0.0454
vn 0.9706 0.0326 -0.2383
vn 0.8178 0.3971 -0.4165
vn 0.0931 0.0094 -0.9956
vn -0.0350 -0.9988 0.0332
vn 0.9950 -0.0585 -0.0814
vn 0.0257 -0.9996 -0.0140
vn 0.9764 -0.0464 -0.2110
vn 0.3666 -0.4920 0.7896
vn -0.0142 0.9963 0.0851
vn 0.0341 0.9993 0.0178
vn 0.8741 -0.0084 -0.4856
vn 0.0325 0.9993 -0.0181
vn -0.1051 0.9940 -0.0297
vn -0.0196 -0.9972 -0.0715
vn 0.2288 0.0509 -0.9721
vn 0.9157 -0.1058 -0.3876
vn -0.1528 0.0696 -0.9858
vn 0.9748 0.0409 0.2194
vn -0.9368 -0.0162 -0.3496
vn -0.0008 1.0000 -0.0042
vn -0.2188 0.0241 -0.9755
vn 0.0539 -0.9890 0.1374
vn -0.0102 -0.9984 0.0565
vn -0.0464 0.7862 -0.6163
vn -0.0003 0.9999 0.0156
vn 0.0317 0.9994 0.0111
vn 0.0047 1.0000 -0.0020
vn 0.0165 -0.9967 0.0800
vn 0.0233 0.9996 0.0163
vn 0.1693 0.0268 0.9852
vn -0.0094 0.9999 0.0046
vn -0.8388 0.1554 -0.5218
vn 0.3447 -0.1786 -0.9216
vn -0.3848 -0.9197 0.0779
vn -0.2633 0.0959 -0.9599
vn 0.2063 0.9419 0.2650
vn -0.2789 -0.9578 0.0687
vn -0.0564 -0.9935 0.0987
vn -0.7430 -0.0228 0.6689
vn 0.7789 0.4974 -0.3819
vn 0.7607 0.1607 0.6289
vn -0.2460 -0.5818 -0.7752
vn 0.0087 -0.9999 -0.0080
vn 0.2137 -0.9024 -0.3742
vn -0.1789 -0.8125 -0.5548
vn -0.9451 -0.2034 0.2556
vn 0.4889 0.1164 -0.8645
vn 0.0506 0.9980 -0.0374
vn -0.9017 0.0581 0.4284
vn 0.3368 -0.7607 0.5548
vn 0.0019 -0.9976 -0.0690
vn -0.0861 -0.9930 0.0811
vn 0.0846 -0.7822 0.6172
vn -0.0283 0.9991 0.0326
vn -0.3377 -0.8994 -0.2774
vn 0.8959 -0.0443 -0.4420
vn 0.1555 -0.9775 0.1423
vn -0.1284 -0.9081 0.3986
vn -0.4852 0.3888 0.7832
vn -0.8328 -0.4429 0.3320
vn 0.9818 0.0255 -0.1881
vn 0.8361 0.1062 0.5382
vn 0.2217 0.0260 -0.9748
vn 0.0609 0.9960 0.0656
vn 0.6412 -0.7502 0.1615
vn -0.1966 -0.8875 -0.4168
vn 0.6256 -0.3211 0.7110
vn -0.7120 0.4624 0.5284
vn 0.7361 -0.6399 -0.2206
vn 0.2091 -0.7795 -0.5905
vn -0.2847 0.5255 0.8017
vn -0.2601 -0.9523 -0.1594
vn 0.8706 0.4794 0.1107
vn -0.7890 0.5320 0.3073
vn -0.8672 0.0140 -0.4978
vn 0.8270 0.5213 0.2106
vn 0.4579 -0.8889 0.0108
vn -0.2399 -0.2833 0.9285
vn 0.3365 -0.0161 0.9415
vn -0.3117 0.1418 0.9395
vn 0.4693 -0.8736 0.1289
vn -0.0400 -0.9985 -0.0367
vn -0.8385 -0.4779 0.2617
vn -0.9819 0.1374 -0.1306
vn 0.0051 -0.9999 0.0123
vn 0.7761 0.4800 -0.4091
vn 0.3092 0.5213 -0.7954
vn -0.7054 -0.6260 0.3325
vn -0.6438 0.6252 -0.4411
vn 0.9087 -0.0099 -0.4173
vn 0.9939 0.1013 0.0438
vn -0.6312 -0.6922 -0.3500
vn 0.1986 0.4516 0.8699
vn 0.0277 -0.9994 0.0197
vn -0.6341 0.5779 -0.5138
vn 0.2363 0.1506 0.9599
vn 0.4312 0.5613 0.7064
vn -0.4259 0.0655 -0.9024
vn 0.6602 0.0071 0.7511
vn -0.4695 0.8664 -0.1699
vn -0.2492 0.4876 -0.8368
vn -0.2745 0.5171 0.8107
vn 0.2026 -0.6439 -0.7378
vn -0.0754 -0.9938 -0.0818
vn 0.0372 0.9958 -0.0831
vn 0.6805 0.4381 0.5874
vn -0.2678 -0.5749 0.7732
vn -0.9112 0.4099 0.0426
vn -0.7257 0.0856 -0.6826
vn -0.3416 -0.8984 -0.2762
vn -0.3882 0.1007 0.9161
vn 0.0147 -0.9995 0.0276
vn 0.2347 0.4278 -0.8729
vn -0.2505 0.0063 0.9681
vn 0.1513 -0.9693 0.1936
vn 0.0554 0.9706 0.2343
vn 0.0264 0.9995 -0.0188
vn -0.0008 -1.0000 0.0077
vn 0.0511 -0.9968 0.0611
vn 0.0164 -0.9997 0.0172
vn 0.0492 0.9752 0.2156
vn 0.0298 0.9993 -0.0223
vn -0.0432 0.9978 -0.0504
vn 0.0011 -0.9992 -0.0398
vn 0.0342 -0.9919 -0.1225
vn -0.0352 -0.9978 0.0565
vn 0.0334 0.9994 -0.0047
vn -0.4755 0.8747 0.0940
vn -0.0116 -0.9997 -0.0232
vn -0.3862 -0.8046 0.4511
vn 0.9258 0.2308 0.2993
vn 0.5301 -0.4073 0.7437
vn -0.6326 0.3243 -0.7033
vn -0.3183 -0.9284 0.1917
vn -0.1091 -0.5452 -0.8312
vn -0.7733 0.6154 0.1525
vn 0.3352 0.4282 -0.8393
vn -0.1667 -0.3580 -0.9187
vn -0.7877 -0.1992 -0.5830
vn 0.0353 0.3558 0.9339
vn -0.3078 0.3024 0.9021
vn -0.2875 -0.8252 0.4862
vn -0.8088 0.5626 -0.1712
vn 0.8931 -0.1034 -0.4378
vn 0.5536 -0.1156 -0.8247
vn 0.5645 -0.3366 0.7537
vn 0.8413 -0.5006 0.2039
vn 0.8038 0.2615 -0.5343
vn 0.7776 0.6265 0.0533
vn -0.9953 -0.0963 0.0124
vn -0.7413 -0.1588 -0.6522
vn -0.1357 -0.9276 -0.3479
vn -0.8034 0.3579 -0.4758
vn 0.0134 0.9999 -0.0103
vn -0.8427 0.5355 -0.0564
vn 0.0022 -0.9994 -0.0332
vn -0.9209 0.2804 -0.2706
vn 0.0720 0.3842 -0.9204
vn -0.3328 -0.6652 0.6684
vn 0.8848 -0.3868 0.2600
vn -0.2859 0.6252 0.7262
vn -0.9086 -0.3762 -0.1813
vn 0.7120 0.3189 -0.6256
vn -0.1176 -0.4732 -0.8731
vn 0.6295 -0.6086 -0.4830
vn 0.4292 -0.0677 0.9006
vn 0.8002 -0.2365 -0.5511
vn 0.0338 0.9921 -0.1205
vn -0.6774 0.6757 -0.2909
vn 0.0007 0.9999 -0.0138
vn 0.0113 0.9850 -0.1725
vn -0.8596 0.0737 0.5056
vn -0.4655 0.5484 0.6947
vn 0.1794 0.3839 0.9058
vn 0.4096 -0.4952 -0.7662
vn 0.7392 0.4992 -0.4520
vn -0.8211 0.5681 0.0550
vn 0.9105 0.0331 0.4123
vn -0.9255 -0.1264 -0.3569
vn -0.3446 0.6239 0.7014
vn -0.1791 -0.9545 0.2385
vn -0.9820 0.0028 -0.1888
vn 0.1416 0.9888 0.0480
vn -0.6095 0.3675 0.7025
vn -0.4206 0.6655 0.6166
vn -0.0000 -1.0000 -0.0000
vn 0.1715 -0.9852 -0.0000
vn 0.0151 0.9999 0.0051
vn -0.5431 -0.6624 0.5161
vn -0.0198 -0.9932 0.1148
vn 0.7977 0.4253 -0.4276
vn -0.8299 0.3677 -0.4197
vn -0.0662 0.9956 0.0659
vn 0.0622 0.3312 -0.9415
vn -0.1019 0.9886 -0.1109
vn 0.1675 -0.7026 0.6916
vn -0.0687 -0.9906 0.1185
vn 0.8107 -0.2008 0.5500
vn 0.9295 0.1921 0.3147
vn 0.1380 0.9833 -0.1189
vn -0.3999 0.6099 -0.6842
vn -0.8691 0.2687 0.4152
vn -0.7366 0.1818 0.6514
vn -0.0164 0.9993 0.0329
vn -0.8636 0.1362 0.4854
vn 0.8086 -0.5563 0.1915
vn 0.0124 0.9986 0.0510
vn 0.9753 0.2108 0.0656
vn -0.2300 -0.0721 0.9705
vn 0.9022 0.2556 0.3474
vn 0.1567 -0.9671 -0.2002
vn 0.1526 0.5870 -0.7951
vn 0.0681 -0.9620 -0.2646
vn -0.1221 0.9827 -0.1392
vn 0.9425 0.3192 -0.0992
vn 0.2802 0.4859 0.8279
vn 0.9458 0.2643 0.1887
vn 0.5914 -0.3383 0.7320
vn -0.9095 0.1984 0.3652
vn 0.2471 0.3728 -0.8944
vn 0.1011 0.9793 -0.1752
vn 0.6039 -0.6367 -0.4795
vn -0.5455 -0.6579 -0.5192
vn 0.0495 0.9946 0.0910
vn -0.6569 0.0836 -0.7493
vn 0.1993 0.4436 0.8738
vn -0.0537 0.0807 0.9953
vn 0.2733 0.9504 0.1486
vn -0.1307 0.5345 -0.8350
vn 0.0115 -0.9998 0.0169
vn -0.7937 0.0214 -0.6080
vn 0.0119 0.9997 -0.0201
vn -0.0010 0.9999 0.0165
vn 0.0192 -0.9998 0.0059
vn 0.1235 0.8707 -0.4760
vn 0.9708 0.2034 0.1276
vn 0.0484 -0.9988 0.0066
vn -0.8407 -0.2485 0.4811
vn -0.9527 -0.2089 0.2207
vn -0.7763 -0.2159 0.5923
vn 0.6330 0.1720 -0.7548
vn 0.0610 -0.9964 -0.0595
vn -0.0437 0.9985 -0.0329
vn -0.0228 0.9769 0.2127
vn 0.0117 0.9983 -0.0573
vn 0.8147 0.2572 -0.5197
vn 0.2279 0.0398 -0.9729
vn 0.0433 0.9924 -0.1151
vn 0.0225 -0.9996 0.0140
vn -0.4626 -0.2985 -0.8348
vn 0.9229 0.0022 0.3851
vn 0.5340 -0.1471 0.8326
vn -0.1500 -0.5061 -0.8493
vn -0.5065 -0.0135 0.8621
vn 0.5897 0.6114 -0.5277
vn 0.9706 0.2011 -0.1321
vn -0.6424 0.7541 -0.1367
vn -0.0024 -0.7755 -0.6314
vn 0.5036 -0.0183 -0.8637
vn 0.1751 0.5031 0.8463
vn -0.2364 0.1038 0.9661
vn 0.2048 -0.9787 0.0135
vn 0.0112 0.9987 -0.0493
vn -0.6468 -0.4658 0.6039
vn -0.3649 -0.3540 -0.8611
vn -0.0156 -0.9999 -0.0052
vn -0.0034 0.9970 -0.0779
vn 0.8759 -0.0155 0.4822
vn 0.0170 -0.0037 0.9998
vn 0.7089 0.0976 -0.6985
vn -0.1712 0.0412 -0.9844
vn 0.0058 -0.9996 0.0284
vn 0.1692 0.0576 -0.9839
vn -0.0806 0.9964 -0.0251
vn 0.0414 0.9984 0.0377
vn -0.2337 0.0431 0.9713
vn 0.9176 -0.2042 -0.3411
vn -0.2233 0.0573 0.9731
vn -0.0149 0.9999 -0.0012
vn 0.9997 -0.0051 -0.0245
vn -0.2715 -0.1896 -0.9436
vn -0.0569 0.9979 0.0319
vn -0.9165 -0.3182 -0.2423
vn -0.0555 0.9965 0.0623
vn -0.9950 -0.0062 -0.0996
vn 0.4969 -0.0223 -0.8675
vn -0.7168 0.0725 -0.6935
vn -0.1611 0.0291 -0.9865
vn 0.6384 -0.0257 0.7693
vn -0.9934 0.0081 -0.1141
vn -0.9867 0.0903 0.1353
vn 0.0477 0.9940 -0.0984
vn 0.9156 0.3104 0.2557
vn -0.0039 -1.0000 -0.0052
vn 0.1762 -0.9843 0.0134
vn -0.0319 0.9995 0.0011
vn 0.7900 0.4009 -0.4638
vn -0.6764 -0.0284 0.7360
vn -0.9389 0.2440 0.2429
vn 0.6448 -0.3543 -0.6773
vn -0.0835 -0.9964 -0.0175
vn 0.1367 0.0267 0.9903
vn -0.0076 0.9997 0.0213
vn 0.3768 -0.3450 -0.8597
vn 0.0244 0.9988 0.0417
vn 0.1916 0.0672 -0.9792
vn 0.0243 0.9988 0.0417
vn -0.0152 -0.9999 -0.0057
vn -0.0074 0.9999 0.0145
vn -0.0112 -0.9978 0.0654
vn -0.0170 0.9991 0.0382
vn -0.0301 0.9995 -0.0022
vn -0.1256 -0.0088 0.9920
vn 0.2305 0.1451 0.9622
vn -0.9623 0.0254 -0.2707
vn -0.9704 0.0477 -0.2366
vn 0.4228 0.8871 0.1853
vn -0.0191 0.9998 0.0034
vn 0.1096 0.9926 0.0530
vn -0.8732 -0.0196 -0.4870
vn -0.0170 0.9995 0.0274
vn -0.8683 -0.0097 -0.4959
vn 0.2056 0.9686 0.1397
vn -0.0799 0.8263 -0.5576
vn -0.0265 0.9996 0.0088
vn 0.7050 0.0847 0.7042
vn -0.1421 0.0071 0.9898
vn -0.1125 -0.9926 0.0453
vn 0.0140 0.5850 -0.8109
vn -0.7062 0.1382 -0.6944
vn 0.1410 0.9719 -0.1887
vn -0.6776 0.2819 0.6793
vn -0.8071 0.4888 0.3312
vn -0.9066 -0.4176 -0.0613
vn -0.0100 -0.5878 0.8089
vn 0.0983 0.9950 -0.0157
vn 0.9927 0.1035 -0.0621
vn -0.9633 -0.0020 0.2685
vn 0.1524 0.9841 0.0913
vn -0.1796 -0.8157 0.5499
vn 0.0497 0.0535 0.9973
vn -0.4196 -0.0302 0.9072
vn -0.7545 0.0999 -0.6487
vn -0.2796 -0.9569 0.0781
vn -0.9954 0.0758 -0.0584
vn 0.3854 0.4590 0.8005
vn 0.4364 0.0350 0.8990
vn 0.0021 1.0000 0.0014
vn -0.1036 -0.9894 -0.1020
vn 0.4629 -0.8859 -0.0306
vn -0.7287 0.6424 -0.2373
vn 0.1576 -0.9391 -0.3055
vn -0.1804 0.1195 -0.9763
vn 0.0097 -0.9999 0.0076
vn -0.9839 0.1089 0.1414
vn 0.2002 -0.9455 0.2568
vn -0.2007 0.4931 -0.8465
vn 0.4449 -0.8945 -0.0438
vn 0.0843 0.0386 -0.9957
vn -0.7476 -0.5845 0.3154
vn 0.8040 0.4711 0.3628
vn -0.5777 -0.6017 -0.5515
vn 0.6344 0.1086 -0.7654
vn -0.5584 0.1191 0.8210
vn -0.7502 0.0646 0.6580
vn -0.8366 0.4567 -0.3026
vn 0.8148 0.4713 -0.3375
vn 0.0221 0.9984 -0.0515
vn 0.5261 -0.7771 -0.3456
vn 0.5987 0.1218 0.7917
vn -0.0387 -0.9960 0.0800
vn -0.0427 -0.7625 0.6456
vn 0.4203 0.4851 -0.7668
vn 0.9344 -0.0068 0.3561
vn -0.5226 0.4883 -0.6989
vn -0.6781 -0.3798 -0.6293
vn 0.2249 -0.9115 0.3443
vn -0.4150 0.4124 0.8109
vn 0.0095 -0.9999 -0.0108
vn -0.9812 0.1529 0.1177
vn 0.8647 0.0896 -0.4941
vn -0.6833 0.0286 -0.7296
vn 0.8952 -0.0026 0.4456
vn -0.1375 -0.7750 -0.6169
vn 0.0144 -0.9997 0.0212
vn 0.0002 -0.9992 0.0401
vn 0.3137 -0.7310 -0.6060
vn 0.7890 -0.4266 -0.4421
vn -0.2572 0.5213 0.8137
vn 0.8185 -0.4914 0.2976
vn -0.8069 0.5004 0.3138
vn -0.6570 -0.4871 0.5754
vn 0.1051 0.0378 -0.9937
vn 0.9620 0.0942 0.2561
vn 0.8153 0.4498 -0.3647
vn 0.6463 -0.7192 -0.2551
vn -0.4803 -0.8286 -0.2875
vn 0.4660 0.0206 0.8846
vn 0.3431 0.4217 0.8393
vn 0.0305 -0.9973 -0.0662
vn -0.1244 -0.9856 -0.1143
vn 0.8960 0.0236 -0.4435
vn 0.0038 -0.9996 -0.0277
vn 0.0131 -0.9999 -0.0012
vn 0.8526 0.4198 0.3112
vn 0.3808 0.4565 -0.8041
vn -0.0587 0.0391 0.9975
vn -0.0172 -0.9932 -0.1148
vn 0.0697 -0.9121 0.4039
vn -0.5065 -0.8397 0.1962
vn -0.7047 0.5621 -0.4330
vn 0.0252 0.9996 0.0162
vn -0.0048 0.9938 0.1112
vn -0.0833 -0.9965 -0.0091
vn 0.0286 -0.9996 -0.0077
vn 0.0086 -0.9999 -0.0079
vn -0.0088 0.9957 -0.0927
vn -0.0222 0.9995 0.0220
vn 0.0064 -0.9999 -0.0142
vn -0.0207 0.9972 0.0725
vn 0.0002 1.0000 0.0049
vn 0.0250 -0.9996 0.0103
vn 0.1540 -0.9849 0.0789
vn 0.0091 0.9997 -0.0242
vn 0.0146 -0.9980 -0.0613
vn -0.7366 0.6666 0.1138
vn -0.1709 0.9707 0.1688
vn -0.5009 0.6197 0.6043
vn 0.6687 0.7426 -0.0363
vn 0.2327 -0.5922 -0.7714
vn 0.0009 -1.0000 -0.0025
vn -0.6174 0.0400 0.7856
vn -0.1843 -0.8078 -0.5599
vn -0.0152 0.9998 -0.0102
vn -0.2611 -0.5885 -0.7652
vn 0.6236 -0.0758 -0.7781
vn 0.3239 0.2875 0.9013
vn 0.0010 1.0000 -0.0015
vn 0.8291 -0.0597 0.5560
vn -0.2373 0.9348 -0.2642
vn 0.9292 0.3644 0.0622
vn -0.1887 -0.9805 -0.0555
vn 0.5372 0.2716 -0.7985
vn -0.1757 -0.8096 0.5601
vn -0.0110 -0.9999 0.0107
vn -0.8486 -0.3284 0.4148
vn -0.6511 -0.1593 -0.7421
vn -0.7531 -0.1908 0.6296
vn -0.0019 -1.0000 -0.0023
vn 0.5754 0.8057 -0.1404
vn -0.8080 0.3004 -0.5068
vn -0.8156 -0.5325 -0.2264
vn -0.0007 1.0000 -0.0015
vn -0.4990 0.5058 -0.7036
vn 0.0001 1.0000 -0.0017
vn -0.0779 0.3762 0.9233
vn -0.2995 0.6155 -0.7290
vn 0.0028 1.0000 -0.0011
vn 0.0838 0.1197 -0.9893
vn 0.3425 0.6272 0.6995
vn -0.0090 -0.9999 -0.0046
vn 0.0631 -0.9953 -0.0740
vn 0.2037 0.7816 -0.5896
vn -0.8424 -0.5353 0.0613
vn -0.2328 -0.9694 -0.0775
vn 0.8311 -0.0891 0.5490
vn 0.0396 -0.9934 0.1077
vn -0.0184 0.9998 -0.0012
vn 0.0575 0.9656 -0.2536
vn 0.6265 -0.1143 -0.7710
vn -0.8774 -0.4311 -0.2106
vn -0.0647 0.3401 0.9381
vn -0.0164 0.9998 0.0081
vn -0.0001 1.0000 0.0016
vn -0.0008 1.0000 0.0012
vn 0.2517 0.5414 -0.8022
vn 0.0688 -0.0369 -0.9969
vn 0.8946 -0.0828 -0.4391
vn 0.0410 0.9969 0.0678
vn -0.9981 0.0032 0.0622
vn -0.0241 0.9996 -0.0136
vn 0.2575 0.5106 0.8204
vn 0.7340 -0.0256 0.6787
vn -0.8042 0.5896 -0.0752
vn 0.2894 0.4869 -0.8241
vn -0.5514 0.6802 -0.4830
vn 0.6080 0.5873 -0.5342
vn -0.4725 0.7742 -0.4212
vn 0.4772 -0.3505 0.8059
vn -0.7679 -0.1687 -0.6180
vn -0.8382 0.3708 0.3998
vn 0.7004 -0.5599 0.4426
vn 0.0804 -0.1200 -0.9895
vn 0.7156 -0.4731 -0.5140
vn -0.1363 0.9841 -0.1139
vn 0.4356 0.6228 -0.6499
vn -0.3964 -0.4385 0.8066
vn -0.7317 0.2952 -0.6144
vn -0.7631 -0.1437 0.6301
vn 0.1698 -0.9855 -0.0000
vn -0.3266 0.0744 -0.9422
vn 0.7606 0.6492 0.0055
vn 0.7994 0.6007 -0.0086
vn 0.1398 0.3067 -0.9415
vn -0.0020 0.9995 -0.0314
vn -0.7578 -0.0911 0.6461
vn 0.4324 0.1001 0.8961
vn -0.2711 0.1427 -0.9519
vn -0.7324 0.2817 -0.6199
vn -0.2499 0.9589 0.1340
vn 0.0492 -0.9973 -0.0547
vn 0.2765 -0.9604 0.0356
vn 0.1189 -0.8883 0.4437
vn 0.3974 0.8784 -0.2657
vn -0.9640 -0.1035 0.2448
vn -0.0191 0.9993 0.0310
vn 0.7727 -0.3282 0.5433
vn 0.8221 0.2494 -0.5118
vn 0.3544 0.1949 0.9146
vn -0.0000 -1.0000 0.0001
vn 0.5095 -0.7304 0.4548
vn -0.6829 -0.7305 0.0079
vn 0.2777 0.9379 0.2079
vn -0.4145 0.4636 -0.7832
vn -0.3858 -0.3230 0.8642
vn 0.0451 0.9847 0.1681
vn -0.1137 0.9588 -0.2604
vn 0.4694 -0.7761 0.4211
vn 0.8478 -0.3725 -0.3775
vn 0.0488 0.0019 -0.9988
vn -0.7233 0.5572 -0.4078
vn 0.4286 0.2364 -0.8720
vn 0.8317 0.3757 0.4088
vn -0.8085 -0.3929 -0.4382
vn -0.1283 -0.9886 -0.0791
vn 0.7672 0.4086 -0.4944
vn -0.4478 -0.7343 0.5101
vn 0.9957 -0.0873 0.0294
vn -0.0488 -0.9951 0.0856
vn 0.9570 -0.2852 -0.0526
vn 0.0550 -0.5988 0.7990
vn -0.0960 -0.9953 -0.0125
vn 0.0042 -0.9941 -0.1084
vn 0.3778 0.3704 -0.8486
vn -0.6444 -0.4802 -0.5951
vn -0.0493 -0.6487 -0.7595
vn 0.7781 -0.3576 -0.5164
vn -0.0886 0.3448 0.9345
vn -0.2904 0.4780 0.8290
vn 0.8532 -0.5068 0.1235
vn -0.1883 -0.0122 0.9820
vn -0.0125 0.9999 -0.0108
vn 0.9316 0.2126 0.2949
vn -0.0006 0.9999 0.0143
vn 0.1419 -0.8414 -0.5214
vn 0.9662 -0.1535 0.2070
vn -0.3106 -0.9480 -0.0691
vn -0.0266 0.9985 0.0477
vn 0.4335 -0.0212 0.9009
vn 0.0904 -0.1517 0.9843
vn 0.8511 0.3194 0.4166
vn -0.0603 0.9968 0.0519
vn 0.9900 0.1408 -0.0038
vn -0.0177 0.9980 0.0602
vn 0.5015 0.0520 0.8636
vn -0.2565 -0.7578 0.6000
vn 0.1097 0.9916 -0.0678
vn -0.7006 -0.0130 0.7134
vn -0.9926 0.1216 0.0041
vn 0.0040 0.9998 -0.0194
vn -0.8617 0.0157 -0.5071
vn 0.1696 -0.9521 -0.2545
vn 0.6145 0.0477 -0.7875
vn -0.8784 -0.0735 0.4723
vn -0.0339 0.0022 -0.9994
vn -0.9661 0.0230 0.2573
vn -0.9651 -0.1805 -0.1898
vn -0.4064 0.4421 -0.7996
vn 0.3252 0.0079 0.9456
vn 0.0673 -0.9977 0.0116
vn 0.0671 -0.9977 0.0067
vn 0.0155 0.9999 -0.0005
vn 0.7309 -0.2951 -0.6154
vn 0.8317 -0.3358 -0.4422
vn 0.2193 0.9704 -0.1009
vn 0.0856 -0.9565 0.2789
vn -0.7825 -0.3135 0.5380
vn 0.8809 -0.2375 -0.4094
vn -0.4829 0.0028 0.8757
vn -0.0045 -0.9998 0.0207
vn -0.1902 0.9462 0.2616
vn -0.0240 0.9996 -0.0131
vn -0.0382 -0.9777 -0.2066
vn 0.1217 0.6606 0.7408
vn 0.9702 -0.0686 0.2324
vn -0.4619 -0.0008 -0.8869
vn -0.0024 0.9995 -0.0312
vn 0.1376 0.9809 0.1377
vn 0.0896 -0.9960 0.0033
vn -0.6874 0.0488 -0.7247
vn 0.3745 -0.0928 -0.9226
vn 0.9744 0.0329 -0.2225
vn 0.7097 0.0365 0.7036
vn 0.9762 0.0516 -0.2108
vn -0.9934 -0.1146 -0.0047
vn -0.1811 -0.0014 0.9835
vn -0.4981 0.0371 -0.8663
vn 0.0260 0.9993 -0.0272
vn -0.6014 -0.2376 -0.7628
vn -0.2405 0.8829 0.4032
vn 0.4505 -0.4333 0.7806
vn 0.0306 0.9963 -0.0807
vn -0.0057 -1.0000 0.0013
vn 0.1031 -0.9662 -0.2364
vn 0.0567 -0.9981 0.0256
vn 0.4800 0.0306 -0.8767
vn -0.1301 0.1520 0.9798
vn -0.8526 -0.3584 -0.3803
vn -0.0279 0.9992 -0.0272
vn -0.7262 -0.0869 0.6819
vn -0.9878 0.0094 0.1554
vn 0.0156 -0.9999 -0.0002
vn -0.0607 -0.9981 0.0124
vn 0.0296 0.9994 0.0174
vn -0.2088 -0.2608 -0.9426
vn 0.2523 0.0120 -0.9676
vn 0.9552 -0.1413 0.2602
vn -0.8159 0.0111 0.5780
vn 0.9790 0.0641 -0.1935
vn 0.0013 1.0000 -0.0024
vn -0.1093 0.9686 0.2234
vn -0.9872 0.0005 0.1592
vn 0.0003 1.0000 -0.0002
vn 0.0257 0.9907 0.1335
vn 0.0199 -0.9959 0.0884
vn -0.1043 0.2235 0.9691
vn -0.0458 -0.2739 -0.9607
vn -0.9732 0.0420 0.2260
vn -0.0118 0.9997 -0.0236
vn 0.5839 0.7133 -0.3876
vn 0.9730 0.0228 -0.2298
vn -0.0188 0.9998 -0.0006
vn 0.7049 0.0845 -0.7043
vn -0.0898 0.2371 0.9673
vn 0.0098 -0.0781 -0.9969
vn -0.9759 -0.0301 -0.2161
vn -0.3056 0.9514 0.0381
vn 0.7376 0.0431 -0.6738
vn 0.3241 -0.9384 -0.1201
vn -0.8829 0.4694 -0.0073
vn -0.9767 0.1797 -0.1172
vn -0.5121 -0.8520 0.1091
vn 0.5712 -0.0005 -0.8208
vn 0.9027 -0.4071 0.1391
vn -0.0906 -0.9958 -0.0103
vn 0.0097 0.9999 -0.0028
vn 0.5632 0.1315 -0.8158
vn -0.0599 0.8859 -0.4601
vn -0.0469 -0.8907 0.4521
vn 0.0560 0.9922 0.1115
vn 0.5547 -0.2523 0.7929
vn 0.5542 -0.2081 -0.8060
vn -0.1903 -0.9297 0.3154
vn 0.0882 -0.0228 -0.9958
vn 0.3955 -0.8345 -0.3836
vn 0.4083 0.5655 0.7166
vn 0.0674 0.9971 0.0353
vn 0.1864 -0.8784 0.4400
vn -0.1108 -0.9720 -0.2071
vn 0.1993 -0.8937 -0.4020
vn 0.0527 -0.9978 0.0413
vn -0.0563 0.1140 0.9919
vn -0.6161 -0.1824 -0.7662
vn 0.3768 -0.9223 -0.0859
vn -0.9991 -0.0422 -0.0086
vn -0.3260 0.0808 0.9419
vn 0.4974 0.0454 0.8663
vn -0.4115 -0.8278 0.3812
vn -0.7336 0.0174 -0.6794
vn -0.9017 -0.0022 0.4324
vn -0.6195 0.1670 -0.7670
vn -0.4045 0.1226 -0.9063
vn -0.0858 -0.9779 -0.1906
vn 0.0349 -0.9994 -0.0042
vn -0.2867 0.0624 -0.9560
vn -0.8434 0.5309 -0.0821
vn 0.3168 -0.7750 0.5468
vn 0.2997 0.5907 -0.7491
vn -0.9809 0.1662 -0.1012
vn 0.3141 -0.7855 0.5332
vn -0.0221 0.9978 0.0625
vn 0.4595 -0.8863 -0.0580
vn -0.0873 0.1757 -0.9806
vn -0.2272 -0.6784 0.6987
vn -0.4917 0.5487 -0.6762
vn -0.4825 0.1019 0.8700
vn -0.9928 -0.0031 -0.1200
vn 0.4347 0.0278 0.9002
vn -0.9613 0.2725 -0.0414
vn -0.0029 -1.0000 -0.0057
vn -0.1540 0.4595 -0.8747
vn 0.2212 0.5295 -0.8190
vn 0.8171 0.5667 -0.1059
vn 0.6487 0.4730 -0.5962
vn -0.3081 0.9305 -0.1979
vn -0.2580 -0.8848 0.3881
vn -0.0131 -0.9998 0.0159
vn -0.8836 0.0188 0.4679
vn -0.4660 0.5751 0.6724
vn -0.0077 -0.9999 0.0117
vn -0.0092 -0.9082 0.4184
vn -0.2298 -0.6070 -0.7608
vn 0.8022 0.5834 -0.1268
vn 0.8090 0.4580 0.3685
vn -0.0124 -0.9999 0.0017
vn 0.7404 0.1365 0.6581
vn -0.0077 -0.9998 0.0209
vn -0.4619 0.5707 0.6790
vn -0.0826 -0.9956 -0.0449
vn -0.0030 -1.0000 0.0057
vn -0.6186 0.4739 -0.6267
vn 0.4278 0.5533 0.7147
vn 0.6266 0.0465 -0.7779
vn 0.9453 0.2914 0.1468
vn 0.9765 0.0053 0.2156
vn 0.9235 0.1211 -0.3640
vn -0.3119 -0.8484 -0.4277
vn 0.1375 -0.8452 -0.5164
vn 0.9821 0.1119 0.1514
vn -0.7971 0.4626 0.3882
vn 0.1010 -0.9944 -0.0324
vn -0.9095 0.0022 -0.4157
vn -0.0492 0.4652 0.8838
vn -0.0015 -0.9999 0.0135
vn 0.0117 0.9999 0.0093
vn -0.0322 -0.8650 0.5008
vn -0.0409 -0.9919 -0.1203
vn 0.0166 0.9998 -0.0089
vn 0.0036 -0.9982 0.0600
vn 0.0068 0.9994 -0.0337
vn 0.0396 0.9932 -0.1094
vn -0.0966 0.9951 -0.0226
vn 0.0853 -0.9955 -0.0409
vn 0.0021 -1.0000 -0.0002
vn 0.0048 0.9998 -0.0208
vn -0.0170 0.9983 0.0566
vn -0.1466 -0.9680 0.2039
vn -0.0118 0.4706 -0.8823
vn 0.9926 -0.0371 -0.1157
vn 0.2671 -0.1553 -0.9511
vn -0.5744 0.5307 0.6232
vn -0.1956 0.1442 -0.9700
vn 0.0104 0.1759 0.9843
vn -0.9425 0.3321 -0.0366
vn -0.5468 0.0132 0.8372
vn 0.0152 0.9998 0.0102
vn 0.1938 0.0013 0.9810
vn 0.0086 0.9997 0.0209
vn 0.9014 0.2621 0.3446
vn 0.1227 -0.9905 0.0624
vn 0.9775 0.0267 0.2090
vn -0.5600 -0.5322 0.6349
vn -0.9922 0.0364 0.1196
vn -0.0417 0.4024 -0.9145
vn -0.8835 0.0390 0.4667
vn 0.9810 0.1393 -0.1347
vn 0.9801 -0.0642 -0.1880
vn 0.9771 -0.1665 0.1328
vn 0.1094 -0.9221 0.3713
vn 0.2113 -0.9031 -0.3739
vn -0.4081 -0.6383 -0.6527
vn -0.0011 -1.0000 -0.0090
vn -0.0607 0.4757 0.8775
vn 0.0001 1.0000 -0.0019
vn 0.7471 -0.0158 -0.6646
vn -0.0059 0.9999 -0.0121
vn 0.5845 -0.5063 -0.6340
vn 0.5761 0.6341 -0.5159
vn -0.5480 -0.7805 -0.3010
vn 0.5014 0.3153 0.8057
vn -0.9916 0.0578 0.1156
vn -0.7868 0.1206 -0.6053
vn -0.7450 -0.0746 0.6629
vn 0.4388 0.0471 0.8973
vn 0.6576 0.0947 -0.7474
vn -0.0066 -0.6161 -0.7876
vn 0.8677 -0.0843 0.4900
vn 0.9911 -0.0587 -0.1193
vn -0.4324 0.2044 -0.8782
vn -0.8659 -0.1025 -0.4895
vn -0.8647 -0.2161 -0.4534
vn 0.1709 -0.9671 -0.1886
vn 0.8027 0.2526 0.5403
vn 0.2064 0.9784 -0.0136
vn -0.1887 -0.9101 0.3689
vn -0.7635 -0.3355 -0.5518
vn 0.8979 0.2594 -0.3557
vn 0.8209 0.4383 0.3660
vn -0.2625 0.9370 0.2306
vn 0.2154 -0.9659 -0.1440
vn 0.8390 0.3548 0.4126
vn 0.9115 0.2721 -0.3083
vn 0.8993 0.3659 0.2397
vn 0.9115 0.2720 -0.3084
vn -0.0487 -0.9930 0.1077
vn -0.3963 -0.7858 0.4749
vn -0.4867 0.3503 -0.8003
vn -0.9954 0.0913 0.0284
vn 0.8896 -0.3436 -0.3010
vn -0.6428 0.7593 0.1014
vn -0.2484 0.9580 0.1434
vn -0.5900 0.3098 0.7456
vn -0.3443 -0.8196 -0.4579
vn -0.7468 0.5892 0.3084
vn 0.9254 -0.3586 0.1228
vn 0.3383 -0.7260 -0.5987
vn -0.2741 0.3492 0.8961
vn -0.7979 0.4576 0.3923
vn 0.0003 0.9867 -0.1627
vn -0.3117 0.2344 0.9208
vn -0.8691 -0.1633 -0.4670
vn -0.8764 0.4487 0.1752
vn 0.6920 -0.7066 -0.1480
vn -0.3449 0.8540 0.3896
vn 0.9709 -0.2380 -0.0257
vn 0.0871 -0.8851 0.4571
vn -0.9158 0.3896 -0.0971
vn -0.9316 -0.3581 -0.0625
vn 0.0023 1.0000 0.0091
vn -0.2099 0.8587 0.4674
vn 0.4642 0.0158 -0.8856
vn 0.1967 -0.5876 0.7848
vn 0.3131 -0.1414 -0.9391
vn -0.0392 0.9981 0.0470
vn 0.1957 -0.0030 -0.9806
vn -0.3019 -0.8529 -0.4260
vn -0.8171 0.5059 0.2765
vn -0.4883 -0.6778 0.5498
vn 0.4292 -0.1376 -0.8927
vn 0.5878 0.4549 0.6689
vn -0.0962 0.6593 0.7457
vn -0.8917 -0.3037 0.3355
vn -0.1414 0.8608 0.4890
vn 0.8144 0.0320 0.5795
vn 0.3725 -0.4665 0.8022
vn 0.1207 -0.2177 -0.9685
vn -0.9746 0.1951 -0.1099
vn 0.7178 0.5034 -0.4810
vn 0.4430 -0.0128 0.8965
vn -0.4178 -0.1270 -0.8996
vn -0.0025 0.9997 -0.0248
vn -0.0602 0.9971 -0.0462
vn 0.4321 0.3753 -0.8200
vn 0.0820 0.7177 -0.6915
vn 0.8968 0.0369 -0.4409
vn 0.5030 0.4649 0.7286
vn -0.2240 -0.9215 -0.3172
vn -0.5834 -0.8087 0.0750
vn -0.0704 0.4597 -0.8853
vn -0.6119 -0.0493 -0.7894
vn 0.0144 0.8063 0.5913
vn -0.9802 0.1860 -0.0682
vn 0.3831 0.8922 -0.2391
vn -0.5605 -0.8273 0.0384
vn -0.6619 -0.7380 -0.1316
vn 0.3520 -0.9349 0.0458
vn -0.9807 -0.1594 0.1133
vn 0.6213 0.0984 0.7774
vn -0.9807 -0.1803 0.0761
vn -0.6155 -0.0582 0.7860
vn -0.3568 -0.8585 -0.3684
vn 0.4761 -0.8184 -0.3217
vn 0.1576 -0.8063 -0.5701
vn 0.5548 -0.2738 0.7856
vn -0.3636 0.9101 -0.1988
vn 0.1823 0.0320 -0.9827
vn -0.1426 0.9799 -0.1397
vn -0.6758 -0.1266 -0.7262
vn -0.5314 -0.2901 0.7959
vn 0.0496 0.9969 -0.0604
vn 0.4371 -0.1279 -0.8903
vn -0.0662 -0.9247 0.3748
vn 0.9822 0.1536 -0.1084
vn 0.1486 -0.8374 -0.5260
vn -0.6279 -0.1494 -0.7638
vn 0.3103 -0.8121 0.4941
vn -0.0267 0.9981 0.0552
vn -0.7052 0.1563 0.6915
vn 0.8577 0.2172 -0.4660
vn 0.1531 -0.0177 -0.9881
vn 0.1907 -0.9030 -0.3849
vn 0.9645 -0.2060 -0.1650
vn 0.3604 -0.9313 0.0525
vn 0.7889 0.1750 0.5891
vn 0.0432 0.1515 0.9875
vn 0.9816 -0.0634 0.1801
vn -0.8334 -0.5399 -0.1178
vn -0.5395 -0.2353 0.8085
vn -0.3998 0.8766 -0.2677
vn -0.0241 0.9992 0.0321
vn -0.5881 0.0984 -0.8028
vn -0.2851 0.9213 -0.2645
vn 0.8720 -0.0630 -0.4854
vn 0.2808 0.9405 -0.1912
vn 0.4748 0.8710 -0.1261
vn -0.2368 0.8639 0.4445
vn 0.8782 0.2293 0.4197
vn 0.4492 -0.2279 -0.8639
vn -0.8018 0.1967 0.5643
vn 0.3890 0.8974 0.2081
vn 0.9306 -0.2752 -0.2416
vn -0.4371 0.6510 -0.6206
vn -0.7312 -0.0565 -0.6799
vn 0.5568 0.7882 -0.2620
vn 0.9531 -0.2741 0.1281
vn 0.4079 0.9118 -0.0469
vn -0.3674 0.0072 0.9300
vn 0.5706 -0.2685 0.7761
vn -0.2682 0.9270 0.2621
vn -0.8298 0.2217 -0.5122
vn 0.4782 0.1557 -0.8643
vn 0.4394 -0.5310 -0.7246
vn -0.9327 0.2749 0.2333
vn 0.4469 0.5611 -0.6968
vn -0.9846 0.0123 -0.1743
vn 0.5589 0.1529 -0.8150
vn -0.3140 -0.8305 0.4601
vn -0.2786 0.4347 0.8564
vn -0.8689 -0.4400 0.2267
vn 0.6167 0.7631 0.1930
vn -0.9819 0.1512 0.1138
vn 0.0947 0.9423 0.3212
vn -0.8348 0.4785 0.2723
vn 0.6703 0.7421 -0.0018
vn -0.1813 -0.0509 0.9821
vn 0.7336 0.6326 -0.2482
vn 0.9335 -0.0475 -0.3555
vn 0.4921 -0.4645 -0.7363
vn -0.5103 0.8600 -0.0093
vn -0.2144 -0.8165 -0.5361
vn -0.8844 -0.2518 0.3930
vn -0.1924 0.1645 -0.9674
vn 0.4232 0.7227 0.5465
vn -0.4076 -0.1503 0.9007
vn -0.6326 0.6824 -0.3663
vn 0.9069 -0.0703 0.4154
vn 0.3930 0.6708 0.6290
vn 0.1002 0.7267 -0.6796
vn 0.1161 0.7654 0.6330
vn -0.0264 0.1749 0.9842
vn -0.6352 0.7607 0.1340
vn 0.3314 -0.1810 0.9260
vn -0.7034 -0.1054 0.7030
vn 0.2673 0.2185 -0.9385
vn 0.8629 -0.1943 0.4665
vn 0.7114 0.6862 0.1519
vn 0.9713 0.1742 -0.1622
vn -0.0801 -0.2046 -0.9756
vn -0.7727 0.4568 -0.4407
vn -0.5003 0.7516 -0.4300
vn 0.9913 0.0262 -0.1289
vn 0.2025 0.9190 -0.3383
vn -0.4671 0.2731 0.8410
vn -0.6271 0.7126 -0.3146
vn -0.5601 0.8155 0.1457
vn -0.6752 -0.3746 -0.6355
vn -0.2670 0.4579 0.8479
vn 0.4296 0.5643 0.7050
vn 0.1716 0.7281 0.6637
vn -0.4399 -0.3474 0.8281
vn 0.6537 0.6077 0.4509
vn -0.5560 0.8311 0.0156
vn 0.5426 -0.7271 0.4206
vn 0.6810 0.7322 0.0108
vn 0.5078 0.7887 -0.3466
vn 0.2462 0.9025 -0.3533
vn 0.4943 0.7846 0.3743
vn 0.3889 -0.8943 0.2215
vn -0.4257 -0.0074 -0.9048
vn -0.4625 -0.8232 -0.3292
vn 0.1251 -0.7513 -0.6480
vn 0.1927 0.6939 -0.6938
vn 0.0950 -0.8177 0.5678
vn -0.6116 0.7469 0.2611
vn -0.6223 -0.7360 -0.2666
vn -0.4055 -0.8348 0.3723
vn 0.1356 0.6436 0.7532
vn -0.3055 0.6297 0.7143
vn -0.5922 0.3390 -0.7310
vn 0.9812 -0.1481 -0.1238
vn -0.6602 -0.3971 0.6375
vn -0.0450 0.8374 -0.5448
vn 0.1278 -0.3950 0.9098
vn -0.5334 0.6033 -0.5929
vn -0.2136 -0.8169 -0.5357
vn 0.4868 -0.8491 -0.2050
vn -0.3642 -0.0699 0.9287
vn -0.4566 -0.5771 -0.6771
vn 0.2047 -0.7857 -0.5837
vn 0.8122 0.0733 -0.5787
vn -0.0390 0.2799 -0.9592
vn 0.0276 0.8597 0.5101
vn -0.0678 -0.9918 -0.1085
vn 0.6321 0.1965 0.7495
vn 0.0005 -0.9999 -0.0110
vn 0.3111 0.8063 -0.5031
vn 0.9176 -0.3974 0.0138
vn -0.0300 0.6685 -0.7431
vn 0.2251 0.7184 -0.6582
vn 0.5912 0.7421 -0.3158
vn 0.8268 0.0180 0.5622
vn -0.5735 -0.7550 -0.3178
vn -0.2456 0.7344 -0.6328
vn 0.7630 0.6055 -0.2262
vn 0.9132 -0.1451 0.3808
vn 0.2005 0.0290 0.9793
vn -0.0872 0.8896 -0.4484
vn -0.4520 0.7718 0.4473
vn 0.2817 -0.2108 0.9361
vn -0.2118 -0.8870 0.4104
vn -0.5576 -0.8235 -0.1041
vn -0.1930 -0.9811 -0.0123
vn -0.6467 -0.7565 0.0970
vn -0.1014 -0.8043 0.5855
vn 0.2024 -0.9689 0.1425
vn 0.4981 -0.7892 -0.3592
vn 0.1932 0.5477 0.8140
vn -0.2203 0.7036 0.6756
vn 0.4973 0.7359 0.4595
vn 0.0338 -0.9994 -0.0085
vn -0.7213 0.6545 0.2268
vn 0.9348 -0.0536 0.3512
vn 0.4361 -0.8626 0.2566
vn -0.4786 -0.8464 0.2335
vn 0.6510 0.4400 -0.6185
vn -0.3365 0.7414 0.5806
vn 0.3209 -0.8615 0.3935
vn -0.0345 -0.9989 -0.0310
vn -0.6530 0.7533 -0.0784
vn -0.4781 -0.7580 0.4437
vn -0.7000 0.6581 0.2772
vn -0.4739 -0.1757 0.8629
vn 0.1323 -0.7889 0.6001
vn -0.7957 0.5178 0.3143
vn 0.4767 0.7918 0.3818
vn -0.8132 0.4217 0.4012
vn -0.3520 -0.5129 0.7830
vn 0.7306 -0.6682 0.1403
vn -0.0871 -0.1911 -0.9777
vn 0.5631 -0.4500 0.6931
vn -0.9410 0.1744 -0.2900
vn 0.6208 0.7833 -0.0329
vn -0.7258 0.6423 -0.2463
vn 0.5943 -0.7402 -0.3146
vn 0.0619 -0.9981 0.0051
vn 0.2066 -0.7909 -0.5761
vn -0.5661 0.6958 -0.4421
vn -0.0545 0.5773 -0.8147
vn -0.2591 0.8020 0.5382
vn -0.8840 -0.3082 0.3515
vn 0.1612 -0.8784 0.4498
vn 0.6994 0.5632 0.4401
vn 0.0161 0.0269 -0.9995
vn 0.0483 -0.1167 0.9920
vn -0.0261 0.7158 -0.6978
vn 0.8717 -0.4873 -0.0516
vn 0.7797 -0.3867 -0.4925
vn -0.8822 0.4682 0.0512
vn 0.2905 0.3119 0.9046
vn 0.0009 -0.0008 1.0000
vn -0.1936 -0.1899 0.9625
vn 0.0024 -1.0000 0.0088
vn -0.0645 -0.0518 0.9966
vn -0.6430 -0.0934 -0.7601
vn -0.4485 0.8925 -0.0468
vn -0.9990 -0.0105 0.0423
vn -0.0082 -0.0057 -0.9999
vn 0.3642 -0.9050 -0.2198
vn -0.9993 -0.0152 -0.0351
vn 0.0588 -0.0678 0.9960
vn 0.0081 0.0306 -0.9995
vn -0.3849 0.0502 -0.9216
vn -0.3818 0.8717 0.3073
vn -0.0850 -0.1798 -0.9800
vn 0.0123 0.9947 0.1020
vn -0.0321 0.0579 -0.9978
vn 0.9055 0.1619 0.3923
vn -0.4258 0.9033 0.0526
vn 0.7706 0.6373 0.0025
vn 0.8504 -0.1887 -0.4912
vn 0.0035 -0.0081 1.0000
vn 0.9585 0.2850 -0.0000
vn -0.2361 0.8278 0.5089
vn 0.8829 -0.4694 -0.0126
vn 0.8480 -0.4012 -0.3463
vn -0.9001 -0.3704 0.2295
vn -0.8955 -0.3649 0.2549
vn -0.9479 0.3186 -0.0086
vn 0.1026 -0.0223 -0.9945
vn 0.0390 0.0101 -0.9992
vn -0.2153 0.0573 0.9749
vn 0.9507 -0.3095 -0.0188
vn -0.0219 -0.0256 0.9994
vn -0.4809 0.8753 -0.0505
vn -0.3275 0.6242 -0.7093
vn -0.9907 0.1360 0.0040
vn -0.9165 0.0396 0.3982
vn -0.0005 -0.4320 0.9019
vn -0.1681 0.0931 -0.9814
vn -0.0032 0.9944 0.1060
vn 0.0020 0.0013 -1.0000
vn 0.6326 0.6613 0.4032
vn -0.0857 -0.9562 -0.2800
vn -0.5341 -0.3135 -0.7852
vn 0.0025 0.0471 -0.9989
vn -0.0149 0.0171 0.9997
vn -0.0005 -0.0157 -0.9999
vn 0.0187 0.1351 0.9907
vn 0.1381 0.0307 0.9899
vn -0.1133 0.9124 -0.3934
vn 0.0001 -0.9992 0.0388
vn -0.2170 -0.7898 -0.5737
vn -0.9310 0.3620 -0.0473
vn 0.0004 -0.0120 0.9999
vn -0.0760 0.0038 0.9971
vn -0.3388 0.1791 0.9237
vn -0.0863 0.0225 0.9960
vn -0.3714 0.2645 -0.8900
vn 0.4306 0.1271 -0.8936
vn -0.9992 -0.0402 0.0044
vn 0.4150 -0.5351 -0.7358
vn 0.8176 0.5757 0.0115
vn 0.7195 -0.3709 0.5872
vn 0.8800 -0.4688 0.0759
vn 0.9627 -0.0547 -0.2648
vn -0.9747 0.0866 0.2059
vn -0.4729 0.0995 0.8755
vn -0.9063 0.3976 -0.1433
vn 0.0026 -0.0903 -0.9959
vn 0.9746 0.0924 -0.2038
vn 0.9487 0.3133 0.0432
vn 0.7063 -0.0279 -0.7073
vn -0.1723 -0.1480 0.9739
vn 0.0812 0.0089 -0.9967
vn 0.0898 -0.9943 -0.0576
vn -0.6035 -0.7925 0.0881
vn 0.8924 0.3227 0.3155
vn 0.0068 0.0018 1.0000
vn -0.9782 -0.1431 -0.1508
vn 0.8551 -0.5184 -0.0084
vn 0.2327 -0.5138 -0.8257
vn 0.3787 -0.9254 -0.0161
vn -0.3412 -0.6319 0.6959
vn 0.0011 0.0245 0.9997
vn 0.2023 0.0050 -0.9793
vn 0.3889 -0.9213 0.0007
vn 0.4774 0.8780 0.0351
vn 0.2612 -0.9208 -0.2897
vn -0.7223 -0.0246 -0.6911
vn -0.3831 -0.5106 0.7697
vn -0.0085 -0.0190 0.9998
vn -0.1987 0.8439 0.4984
vn 0.5635 -0.5274 -0.6359
vn -0.8734 0.4870 0.0098
vn 0.5744 -0.8185 0.0087
vn -0.0067 0.0066 -1.0000
vn 0.6248 -0.3068 0.7180
vn -1.0000 0.0051 0.0006
vn 0.0684 0.9950 -0.0726
vn 0.5219 -0.8476 -0.0953
vn -0.0866 0.9960 0.0222
vn 0.0244 0.9761 0.2158
vn -0.5808 -0.7490 -0.3189
vn -0.1599 -0.3743 -0.9134
vn 0.0479 0.9981 -0.0382
vn -0.1685 -0.9004 0.4010
vn -0.3369 0.9408 -0.0369
vn -0.0853 0.9962 0.0186
vn 0.7944 -0.5843 -0.1660
vn -0.5674 -0.8087 0.1550
vn 0.0493 0.9728 0.2263
vn -0.8251 -0.0806 0.5592
vn -0.1267 0.9846 0.1207
vn -0.1649 0.9593 0.2290
vn 0.2704 -0.3760 0.8863
vn -0.3182 0.7911 0.5223
vn 0.8164 -0.3117 0.4862
vn 0.0776 -0.9450 -0.3176
vn 0.6804 -0.7284 0.0803
vn 0.7474 -0.3412 -0.5701
vn 0.2158 -0.1333 0.9673
vn -0.0017 0.9997 0.0255
vn 0.1975 -0.3934 0.8979
vn 0.9127 -0.3690 0.1754
vn 0.0657 -0.9977 0.0176
vn -0.8633 0.2186 -0.4549
vn 0.0255 0.9981 0.0553
vn 0.3836 0.3016 0.8729
vn -0.0298 0.9952 -0.0933
vn -0.7673 0.6213 0.1587
vn -0.0645 -0.9658 -0.2511
vn 0.0958 0.9927 -0.0729
vn 0.6324 -0.3456 -0.6932
vn -0.8122 -0.3773 -0.4450
vn 0.6502 -0.7551 0.0835
vn -0.4818 -0.2910 0.8265
vn 0.9445 0.2824 0.1677
vn 0.4268 -0.2815 -0.8594
vn 0.9489 -0.2811 -0.1433
vn -0.3432 -0.3090 -0.8870
vn 0.0135 -0.6124 0.7905
vn 0.7464 -0.6386 -0.1872
vn 0.9849 0.1351 0.1081
vn 0.1778 -0.8375 0.5167
vn -0.8383 0.3276 -0.4358
vn -0.1068 -0.3616 -0.9262
vn -0.1328 0.9911 -0.0104
vn -0.9500 -0.3122 -0.0024
vn -0.1203 0.9848 0.1250
vn -0.3581 -0.9329 -0.0378
vn -0.9237 -0.3288 0.1966
vn -0.6434 -0.2394 -0.7272
vn -0.7450 -0.4134 0.5234
vn -0.5174 -0.7783 0.3557
vn 0.0907 -0.9853 0.1446
vn 0.0998 -0.9844 -0.1450
vn -0.1472 0.9890 -0.0124
vn 0.8585 -0.4750 0.1932
vn 0.0048 0.9999 0.0135
vn 0.1026 -0.9923 0.0695
vn -0.0285 0.9929 -0.1155
vn -0.0704 -0.9967 -0.0410
vn -0.2038 -0.8918 -0.4039
vn 0.2280 0.9062 -0.3561
vn -0.0297 -0.9930 0.1142
vn 0.2733 -0.8607 -0.4297
vn -0.0985 -0.9888 0.1117
vn -0.3852 0.9207 0.0627
vn 0.0008 -1.0000 -0.0088
vn -0.7765 -0.5701 -0.2686
vn -0.1647 0.9682 -0.1881
vn 0.1170 -0.9855 -0.1229
vn -0.0196 0.9962 0.0845
vn -0.0071 0.9998 0.0178
vn 0.6335 -0.3409 -0.6946
vn -0.3534 -0.5112 -0.7834
vn 0.1665 -0.8843 -0.4363
vn 0.6288 0.3458 -0.6965
vn -0.0025 -0.9184 0.3956
vn -0.1586 -0.9358 -0.3148
vn -0.0152 0.9998 0.0136
vn -0.4740 0.4556 0.7535
vn 0.2568 0.7706 -0.5832
vn 0.5336 0.7040 0.4686
vn 0.0190 -0.9998 -0.0038
vn 0.5523 -0.8038 0.2211
vn -0.0946 -0.9919 -0.0851
vn 0.0766 0.9257 -0.3704
vn -0.0005 1.0000 0.0090
vn 0.0919 0.9951 0.0362
vn 0.0240 0.9174 -0.3972
vn -0.0431 -0.9914 0.1236
vn -0.4364 0.8996 -0.0179
vn -0.1300 0.9888 -0.0736
vn -0.0116 0.9999 -0.0028
vn 0.0665 0.9353 -0.3475
vn -0.0514 0.9985 -0.0183
vn 0.2269 0.9116 0.3429
vn -0.2292 0.9726 -0.0386
vn -0.0144 -0.9538 -0.3001
vn 0.4067 -0.9006 0.1537
vn -0.0082 1.0000 -0.0050
vn 0.0129 -0.9999 0.0112
vn -0.0141 -0.9972 0.0734
vn -0.0418 -0.9972 0.0618
vn -0.1063 -0.9941 -0.0195
vn 0.0102 -0.9859 -0.1668
vn -0.0112 -0.9946 0.1035
vn 0.0007 1.0000 -0.0029
vn -0.0012 1.0000 -0.0027
vn 0.2135 0.0337 -0.9764
vn 0.0988 0.9946 -0.0333
vn -0.4046 -0.8507 0.3356
vn -0.1901 -0.9798 -0.0618
vn 0.8556 -0.1446 -0.4970
vn 0.0885 -0.9899 -0.1109
vn 0.0485 0.9988 0.0095
vn 0.0402 0.9973 0.0609
vn -0.9973 -0.0152 -0.0715
vn 0.0118 0.9999 0.0007
vn -0.1232 0.5817 0.8040
vn 0.8597 -0.1381 -0.4918
vn 0.4990 -0.7482 0.4373
vn -0.8732 0.4429 0.2034
vn 0.1713 0.5890 0.7898
vn 0.4449 -0.0749 -0.8924
vn -0.6170 0.6468 0.4483
vn 0.0225 -0.9981 0.0578
vn 0.0160 -0.9946 -0.1027
vn -0.0510 -0.9973 0.0521
vn 0.3712 -0.9080 -0.1942
vn -0.0926 -0.9956 -0.0157
vn 0.0586 0.9982 0.0093
vn 0.0009 1.0000 -0.0027
vn -0.0522 0.9722 0.2283
vn 0.1933 0.0175 -0.9810
vn 0.3357 0.0298 -0.9415
vn -0.9421 -0.2330 -0.2410
vn -0.2717 -0.0697 -0.9599
vn 0.6471 0.7611 0.0437
vn -0.1222 -0.9601 -0.2514
vn -0.6809 -0.1958 -0.7058
vn -0.9600 -0.0128 -0.2796
vn 0.1347 -0.9854 0.1042
vn -0.0501 0.0367 -0.9981
vn -0.3186 0.0171 -0.9477
vn -0.9813 0.0446 -0.1874
vn -0.0301 -0.9935 -0.1099
vn -0.8398 -0.1753 -0.5139
vn 0.6854 -0.7279 -0.0218
vn 0.0072 -0.9998 -0.0158
vn -0.4887 0.6543 0.5772
vn -0.0006 -1.0000 0.0095
vn 0.1396 0.8849 0.4444
vn -0.9289 0.0100 -0.3703
vn 0.0667 -0.9978 -0.0064
vn -0.1532 -0.9877 0.0298
vn 0.2294 0.9720 0.0500
vn -0.1469 -0.9887 0.0295
vn 0.2173 0.9473 -0.2354
vn 0.0014 -1.0000 -0.0073
vn 0.0809 0.9471 -0.3105
vn -0.3692 0.5774 0.7282
vn -0.0007 -1.0000 0.0035
vn -0.2923 0.4833 0.8252
vn 0.0748 0.9935 0.0863
vn 0.5392 0.8280 -0.1541
vn -0.7751 0.5583 0.2959
vn 0.9759 -0.1941 -0.1002
vn 0.6524 -0.1296 -0.7467
vn -0.4348 -0.0342 -0.8999
vn -0.5457 -0.8290 -0.1221
vn 0.2449 -0.8873 -0.3908
vn -0.8039 -0.0294 0.5941
vn -0.8939 0.4435 0.0658
vn 0.0007 0.9995 -0.0305
vn 0.7631 0.0883 0.6402
vn 0.1273 0.9416 -0.3116
vn 0.1491 0.1097 0.9827
vn -0.1004 0.9902 -0.0968
vn 0.6694 -0.1676 0.7238
vn 0.3473 0.9307 0.1147
vn -0.0365 -0.6253 0.7795
vn -0.5161 -0.1878 -0.8357
vn 0.4492 0.1441 -0.8817
vn -0.0617 0.9836 0.1694
vn -0.0661 0.0850 0.9942
vn 0.4882 0.7162 -0.4988
vn -0.0162 -0.8230 0.5678
vn 0.4641 -0.1951 -0.8640
vn -0.4209 -0.8664 0.2686
vn 0.1185 -0.7260 -0.6774
vn -0.8042 0.2353 -0.5459
vn 0.7600 -0.6386 -0.1204
vn -0.5323 0.5360 0.6552
vn -0.3495 -0.2367 0.9065
vn -0.0484 0.9961 -0.0743
vn 0.2834 -0.9117 0.2975
vn 0.9773 -0.0719 -0.1992
vn 0.0821 0.0127 0.9965
vn 0.1862 -0.2886 -0.9392
vn 0.9708 -0.1777 -0.1609
vn 0.6040 -0.7847 -0.1396
vn 0.0123 0.9999 -0.0005
vn -0.5472 -0.8268 -0.1303
vn -0.3475 -0.9377 0.0045
vn -0.9954 -0.0829 0.0471
vn -0.9586 -0.1565 0.2378
vn 0.7212 0.0747 0.6887
vn 0.7683 0.4530 -0.4523
vn 0.6431 0.1783 0.7448
vn 0.6250 -0.7668 -0.1462
vn -0.9684 -0.1229 0.2169
vn -0.3768 0.0123 -0.9262
vn -0.9520 0.2232 0.2093
vn -0.2516 -0.7742 -0.5807
vn 0.5339 0.1471 0.8326
vn -0.8826 -0.2229 -0.4139
vn 0.4639 -0.8219 0.3306
vn 0.2968 0.8721 0.3891
vn -0.8887 0.1098 -0.4452
vn 0.3615 -0.3062 -0.8807
vn 0.4909 -0.5333 -0.6889
vn 0.0040 0.6966 -0.7174
vn -0.7216 0.1582 0.6740
vn 0.9114 0.1291 0.3908
vn 0.6720 -0.6621 0.3315
vn 0.4094 0.8821 -0.2329
vn 0.4577 0.8759 -0.1528
vn -0.2811 -0.8792 -0.3848
vn -0.9835 0.0543 -0.1727
vn -0.9039 0.1914 -0.3826
vn -0.5409 0.8092 -0.2293
vn -0.4916 0.7905 0.3653
vn -0.3345 0.7103 -0.6194
vn 0.9467 -0.3220 -0.0104
vn 0.2798 0.8772 -0.3902
vn 0.8694 0.2312 -0.4367
vn -0.1423 -0.9176 0.3712
vn 0.6708 0.7415 -0.0161
vn -0.6272 0.7452 -0.2265
vn -0.0007 -0.0842 0.9965
vn -0.1166 0.1710 0.9783
vn -0.4380 -0.3461 0.8297
vn 0.5851 -0.0077 0.8109
vn -0.3831 0.8248 -0.4158
vn -0.0943 0.1761 0.9798
vn 0.5298 0.8214 -0.2112
vn -0.1089 0.7636 -0.6364
vn 0.5788 -0.3332 0.7443
vn -0.3245 0.8483 -0.4184
vn -0.0693 -0.5079 -0.8586
vn 0.6277 0.1008 -0.7719
vn -0.3705 0.0066 -0.9288
vn 0.1181 -0.7724 0.6241
vn -0.0592 0.8190 0.5707
vn -0.8670 -0.4922 0.0773
vn -0.1248 -0.7470 0.6530
vn -0.2813 0.8235 -0.4926
vn 0.9938 0.1014 0.0453
vn -0.3807 0.8543 0.3539
vn -0.7830 0.1800 0.5954
vn -0.5005 -0.7300 0.4653
vn -0.6726 -0.7400 -0.0044
vn 0.2883 0.8994 0.3286
vn 0.3996 0.6903 0.6032
vn -0.8420 -0.1830 0.5075
vn 0.6310 0.7119 -0.3082
vn 0.7910 -0.3452 -0.5051
vn 0.6184 0.2140 -0.7561
vn -0.1461 0.2643 0.9533
vn 0.2233 -0.7984 -0.5593
vn 0.5552 -0.8162 0.1598
vn -0.3723 0.7586 -0.5347
vn 0.7971 -0.3529 -0.4900
vn -0.7675 0.0140 -0.6410
vn -0.3710 0.8958 -0.2447
vn -0.5778 0.7319 0.3611
vn -0.7221 0.5817 0.3744
vn -0.6165 -0.7798 -0.1090
vn 0.2658 0.0007 0.9640
vn -0.4225 0.4955 0.7589
vn -0.0684 0.1841 0.9805
vn -0.5183 0.2179 0.8270
vn -0.7973 0.0695 0.5996
vn 0.0483 -0.8772 -0.4778
vn -0.1271 0.9218 -0.3663
vn 0.7393 -0.1106 0.6642
vn 0.6157 -0.7743 0.1464
vn 0.1078 -0.9881 -0.1101
vn -0.0257 0.7632 -0.6456
vn 0.3844 -0.8302 -0.4038
vn -0.1236 -0.2722 -0.9543
vn -0.2625 -0.6495 -0.7136
vn -0.0369 0.1282 -0.9911
vn -0.4034 0.9132 0.0573
vn 0.7961 0.5797 0.1738
vn -0.3284 0.8624 0.3852
vn -0.6070 -0.6156 -0.5026
vn -0.0347 0.8867 0.4611
vn 0.7690 0.5724 0.2846
vn -0.6507 -0.7525 0.1018
vn 0.3395 0.7836 -0.5202
vn 0.5660 -0.7310 -0.3812
vn 0.9422 -0.1149 0.3146
vn 0.3586 -0.7988 0.4831
vn 0.4403 0.8111 0.3850
vn 0.3868 0.9098 0.1504
vn -0.3312 -0.6911 -0.6424
vn -0.6920 0.6716 -0.2649
vn 0.3889 -0.0219 0.9210
vn -0.8612 0.4000 -0.3137
vn -0.9018 0.3351 0.2728
vn 0.8804 0.4452 0.1635
vn 0.0550 0.6679 -0.7423
vn 0.5013 0.4517 0.7380
vn -0.4770 0.7251 0.4966
vn 0.2520 0.7023 -0.6657
vn 0.3730 -0.7658 -0.5238
vn 0.1974 -0.2398 -0.9505
vn -0.4756 -0.7932 -0.3804
vn -0.8170 0.4814 0.3174
vn -0.2311 -0.7962 -0.5591
vn 0.9149 0.3757 0.1475
vn -0.6702 0.6833 0.2897
vn -0.3234 -0.9325 0.1607
vn -0.3123 -0.2088 -0.9267
vn -0.9272 0.2618 -0.2678
vn 0.1632 -0.8264 0.5389
vn -0.2115 0.1220 0.9697
vn 0.9449 -0.1203 0.3045
vn -0.0039 0.7567 0.6537
vn 0.2597 0.6175 0.7424
vn 0.0475 0.6810 -0.7308
vn 0.4788 0.7094 -0.5173
vn -0.6384 -0.4891 0.5942
vn 0.6621 0.7459 0.0721
vn 0.5986 -0.7710 -0.2173
vn -0.5677 0.2290 -0.7907
vn -0.0210 -0.9998 -0.0012
vn -0.2558 0.6510 0.7147
vn 0.8023 0.5677 0.1846
vn -0.2542 0.6525 0.7138
vn -0.0557 -0.9984 -0.0116
vn 0.7792 0.6259 -0.0330
vn 0.6304 -0.2631 0.7304
vn -0.4647 -0.8527 0.2388
vn 0.4046 0.7118 0.5741
vn 0.6339 -0.7256 -0.2677
vn -0.7502 0.6546 0.0930
vn 0.0389 -0.9988 -0.0285
vn -0.5134 0.6892 -0.5113
vn -0.5640 0.8212 -0.0867
vn 0.2415 0.4797 0.8436
vn -0.1881 -0.8220 0.5375
vn 0.1817 0.5844 -0.7909
vn -0.4826 -0.3925 -0.7830
vn 0.0292 -0.9994 -0.0199
vn 0.3675 -0.8721 0.3231
vn 0.6309 0.7120 -0.3082
vn 0.7142 -0.3408 0.6114
vn -0.6809 0.6897 -0.2465
vn 0.8220 -0.4736 -0.3161
vn -0.0012 -0.9859 0.1676
vn 0.3424 0.5076 -0.7906
vn 0.6473 0.1348 0.7502
vn 0.4066 0.7465 -0.5267
vn 0.0945 -0.7945 -0.5999
vn 0.1237 -0.7216 -0.6812
vn 0.0001 0.8520 0.5235
vn -0.5650 -0.1917 0.8025
vn -0.4719 -0.8614 -0.1880
vn 0.0034 0.0645 -0.9979
vn 0.4989 0.2600 0.8267
vn -0.4706 0.8817 0.0345
vn -0.1151 -0.0387 0.9926
vn -0.1738 0.4125 -0.8942
vn 0.6574 0.5903 0.4683
vn 0.0002 0.0135 -0.9999
vn -0.9963 -0.0062 -0.0855
vn -0.8356 -0.2674 -0.4798
vn -0.0870 -0.0019 -0.9962
vn -0.0777 0.9058 -0.4165
vn 0.7967 0.1639 0.5816
vn -0.9959 0.0262 0.0864
vn -0.4412 0.8973 -0.0126
vn 0.5015 -0.8449 0.1861
vn 0.0340 0.0002 -0.9994
vn 0.5068 -0.2974 -0.8091
vn 0.9157 0.3262 0.2346
vn -0.4703 -0.0572 -0.8807
vn 0.0764 0.0311 0.9966
vn 0.8755 -0.4611 -0.1446
vn -0.9347 0.0717 -0.3481
vn 0.9644 -0.0401 0.2615
vn 0.0152 -0.0540 -0.9984
vn -0.2757 -0.0635 0.9591
vn 0.9224 -0.3851 -0.0292
vn -0.0742 -0.9055 -0.4178
vn 0.0251 -0.0542 0.9982
vn 0.4441 -0.6954 0.5649
vn -0.2163 0.6206 0.7537
vn -0.9153 0.3749 0.1476
vn 0.0152 -0.9957 -0.0913
vn 0.7880 0.6138 0.0479
vn 0.0978 0.3405 0.9352
vn -0.0238 0.9411 0.3374
vn -0.0040 0.4015 0.9159
vn 0.1074 0.3503 0.9305
vn 0.0409 -0.0803 0.9959
vn -0.0017 -0.0065 -1.0000
vn -0.0034 0.0042 1.0000
vn 0.8310 0.4166 -0.3686
vn -0.2751 -0.4910 -0.8266
vn -0.8691 0.4836 -0.1035
vn -0.8905 -0.3047 -0.3381
vn 0.4153 0.7280 0.5454
vn -0.1591 -0.4452 0.8812
vn 0.0044 -0.9428 -0.3332
vn 0.0087 -0.0518 -0.9986
vn 0.0126 -0.0044 -0.9999
vn 0.8916 0.2551 0.3741
vn -0.9289 -0.3681 0.0402
vn -0.0520 0.0852 0.9950
vn 0.0057 0.9945 -0.1049
vn -0.0019 0.9170 -0.3990
vn -0.5951 0.3151 0.7394
vn 0.0081 0.0050 -1.0000
vn 0.0367 -0.0151 0.9992
vn 0.5833 0.7745 0.2449
vn -0.0200 0.0255 0.9995
vn 0.0222 -0.1540 -0.9878
vn 0.0333 0.0324 0.9989
vn 0.2480 -0.0010 0.9688
vn 0.0945 -0.0433 0.9946
vn -0.0505 -0.9268 0.3722
vn 0.9280 0.3717 -0.0245
vn -0.0087 -0.0034 1.0000
vn 0.0193 0.0714 0.9973
vn -0.7012 -0.4035 -0.5878
vn -0.6677 0.7437 -0.0328
vn -0.0790 0.0796 0.9937
vn 0.2487 -0.9520 0.1783
vn -0.7386 0.6713 -0.0626
vn -0.4441 0.2263 -0.8670
vn 0.9113 -0.4109 -0.0262
vn -0.0546 -0.0866 0.9947
vn 0.0775 0.7292 0.6799
vn 0.3885 -0.3058 0.8692
vn 0.5367 -0.8437 -0.0089
vn 0.9279 0.3698 -0.0481
vn 0.0568 0.0472 -0.9973
vn -0.9001 -0.3552 -0.2524
vn -0.0941 -0.0546 -0.9941
vn -0.0263 0.0054 0.9996
vn -0.2390 0.8236 0.5144
vn -0.0027 0.2372 0.9714
vn -0.0720 0.7393 0.6695
vn -0.9177 -0.3886 -0.0828
vn -0.4674 -0.7050 -0.5334
vn -0.0169 -0.9998 0.0083
vn -0.2729 -0.9342 0.2297
vn -0.8025 -0.4074 -0.4359
vn 0.1462 -0.4191 0.8961
vn -0.9962 0.0278 0.0823
vn 0.8827 0.4504 0.1340
vn -0.4322 0.8980 0.0824
vn 0.7552 0.3948 0.5233
vn 0.4715 0.8814 0.0290
vn -0.0857 0.0233 -0.9960
vn 0.9740 -0.0008 0.2267
vn -0.8752 -0.4830 -0.0258
vn -0.5017 -0.8640 0.0424
vn -0.0039 -1.0000 0.0011
vn 0.3982 0.0493 0.9160
vn 0.0285 -0.0271 -0.9992
vn -0.0519 0.0076 -0.9986
vn 0.4935 -0.8664 0.0766
vn 0.0917 0.1080 -0.9899
vn -0.1703 -0.5958 -0.7849
vn -0.5776 -0.8021 0.1517
vn -0.3791 0.9232 0.0635
vn 0.5388 0.8422 0.0207
vn 0.3059 0.3539 -0.8838
vn -0.4661 -0.8794 -0.0963
vn 0.6125 0.7831 0.1078
vn 0.0730 0.9500 0.3035
vn -0.2007 0.9218 0.3317
vn 0.1995 -0.9793 0.0342
vn -0.1120 0.9789 -0.1711
vn 0.3968 -0.8624 -0.3143
vn -0.0846 -0.9717 0.2205
vn 0.6099 0.3336 -0.7189
vn 0.9127 -0.3611 0.1914
vn 0.1089 -0.2239 -0.9685
vn -0.8097 -0.3505 -0.4707
vn -0.8379 -0.3806 0.3911
vn -0.3353 0.4606 -0.8218
vn 0.8114 0.5740 0.1106
vn -0.1859 0.8732 0.4505
vn -0.7835 -0.3375 -0.5218
vn 0.4713 -0.3455 0.8114
vn -0.1898 -0.3657 -0.9112
vn -0.1359 -0.9907 -0.0070
vn 0.0851 0.9941 0.0669
vn -0.1884 -0.3120 0.9312
vn 0.7536 0.2796 0.5949
vn -0.0812 0.9898 -0.1174
vn 0.1323 -0.7578 -0.6390
vn -0.2815 -0.3394 -0.8975
vn 0.4209 0.5717 0.7043
vn 0.5927 -0.4071 -0.6949
vn 0.3103 -0.9407 -0.1374
vn -0.7557 0.2793 0.5923
vn 0.9154 -0.3659 0.1679
vn -0.7278 0.4503 -0.5172
vn 0.0807 0.9933 -0.0832
vn -0.4541 -0.2224 0.8627
vn -0.9513 -0.3062 0.0346
vn 0.6132 0.6507 -0.4479
vn -0.0318 0.9993 0.0196
vn -0.0709 0.9972 0.0245
vn -0.0591 -0.9920 -0.1112
vn -0.1196 0.9346 -0.3349
vn -0.3094 -0.5679 0.7627
vn -0.2925 0.2039 -0.9343
vn -0.1323 0.9859 0.1023
vn -0.0213 -0.9997 0.0116
vn 0.8239 -0.5602 0.0858
vn -0.4474 0.8527 -0.2697
vn 0.1859 -0.9813 -0.0500
vn 0.8540 -0.3129 -0.4155
vn -0.8064 -0.3607 -0.4686
vn 0.0839 0.9943 0.0659
vn -0.6320 0.5685 0.5267
vn -0.0180 0.9994 -0.0282
vn 0.7238 -0.2194 0.6541
vn -0.5926 0.7312 0.3379
vn 0.7243 -0.6832 -0.0922
vn -0.2324 0.8790 -0.4164
vn 0.7404 -0.6661 0.0903
vn -0.4157 0.4262 -0.8035
vn 0.0151 -0.5452 0.8382
vn 0.3586 0.9286 0.0958
vn -0.8120 -0.4065 0.4188
vn -0.1652 -0.9541 0.2498
vn 0.0070 0.9850 0.1726
vn -0.7885 -0.4652 -0.4023
vn 0.3579 -0.2062 -0.9107
vn 0.7116 -0.6903 0.1306
vn 0.0874 0.9921 -0.0900
vn 0.2793 -0.3393 -0.8983
vn -0.3025 -0.7686 0.5637
vn -0.2308 0.7729 0.5911
vn -0.4792 -0.6140 0.6272
vn 0.6399 -0.5737 -0.5113
vn 0.5853 0.5415 -0.6035
vn 0.6566 -0.5338 -0.5329
vn -0.1691 0.7951 -0.5824
vn 0.4856 0.4485 -0.7503
vn -0.1303 -0.9868 -0.0961
vn 0.0292 0.9962 -0.0823
vn 0.7708 0.6326 -0.0754
vn -0.4773 -0.8584 0.1879
vn -0.0851 -0.9942 -0.0651
vn 0.1442 -0.9691 -0.2003
vn 0.0171 -0.9999 -0.0000
vn -0.0130 0.9992 -0.0385
vn -0.0505 0.9891 -0.1385
vn -0.1404 0.9771 -0.1602
vn -0.1118 -0.9659 0.2337
vn 0.1882 -0.9535 0.2352
vn 0.6670 -0.0416 -0.7439
vn -0.0770 -0.9969 0.0144
vn -0.4459 0.8938 0.0475
vn -0.2608 -0.9633 0.0633
vn 0.0001 1.0000 -0.0078
vn -0.2605 0.9395 -0.2223
vn 0.0015 1.0000 0.0013
vn 0.4300 -0.0979 0.8975
vn 0.9391 0.0003 -0.3435
vn 0.9823 -0.0425 -0.1825
vn -0.0826 0.9950 0.0568
vn 0.0172 0.9993 0.0345
vn 0.0492 0.9984 -0.0278
vn -0.0170 0.9997 -0.0157
vn 0.0057 1.0000 0.0001
vn -0.1931 -0.9639 0.1834
vn 0.7806 -0.0240 0.6246
vn -0.0446 -0.9597 0.2773
vn 0.7489 -0.0961 -0.6557
vn 0.7274 0.4906 0.4798
vn 0.8211 -0.5708 -0.0038
vn 0.0027 -0.9999 0.0100
vn 0.0080 1.0000 -0.0011
vn 0.5339 -0.1194 -0.8371
vn 0.2965 0.3128 -0.9024
vn -0.0199 0.9994 -0.0275
vn -0.0070 -0.9844 -0.1758
vn 0.2124 0.1206 0.9697
vn 0.0033 -0.9997 0.0254
vn 0.0093 0.9999 0.0137
vn -0.8693 0.4479 0.2093
vn 0.0925 0.1499 0.9844
vn -0.0292 0.9996 0.0059
vn 0.8245 -0.0691 0.5617
vn -0.0079 0.9998 0.0159
vn 0.8862 -0.0900 -0.4546
vn -0.4411 0.8850 0.1490
vn 0.9757 -0.1155 0.1860
vn 0.0229 0.9897 0.1415
vn 0.0034 -0.9928 -0.1195
vn 0.1675 0.0470 -0.9848
vn -0.0173 0.9988 -0.0469
vn -0.0425 0.9991 -0.0082
vn -0.0602 -0.9913 -0.1172
vn -0.0639 -0.0822 -0.9946
vn -0.3425 -0.6486 0.6797
vn 0.0227 0.9997 -0.0124
vn -0.0415 -0.9985 0.0363
vn 0.1269 -0.8851 0.4479
vn -0.4808 -0.8444 0.2361
vn -0.5014 0.6093 0.6143
vn 0.4953 -0.7511 0.4365
vn -0.3955 0.9086 -0.1344
vn 0.6812 -0.3347 -0.6511
vn -0.2880 0.1001 -0.9524
vn 0.2349 0.9644 -0.1211
vn -0.0376 0.9993 -0.0087
vn -0.4150 0.0101 0.9098
vn -0.8227 -0.1568 -0.5464
vn 0.1049 -0.9910 -0.0832
vn 0.0237 -0.9992 0.0323
vn -0.8061 0.0404 -0.5903
vn 0.6916 -0.3616 -0.6253
vn -0.0347 -0.9991 -0.0236
vn 0.6401 -0.1183 0.7592
vn -0.4673 -0.1541 0.8706
vn 0.0012 0.9849 -0.1733
vn -0.8234 -0.3586 -0.4399
vn -0.3556 -0.0116 0.9345
vn -0.1146 0.1308 0.9848
vn 0.4933 0.7303 -0.4726
vn 0.0055 -1.0000 0.0019
vn 0.6620 0.6345 -0.3990
vn 0.7031 0.6970 -0.1409
vn -0.0324 -0.9995 0.0050
vn -0.0787 -0.9560 -0.2827
vn 0.0647 -0.9278 -0.3675
vn -0.3661 -0.9258 0.0937
vn -0.0429 0.7848 -0.6183
vn 0.3590 0.7702 0.5271
vn -0.6651 -0.6830 -0.3017
vn -0.9358 0.0965 -0.3390
vn -0.7520 0.6557 0.0668
vn -0.4377 0.6511 -0.6201
vn -0.4675 -0.8710 -0.1512
vn -0.2502 -0.9032 -0.3488
vn -0.3557 0.7117 0.6058
vn -0.7168 0.5158 0.4693
vn 0.4201 -0.8593 0.2917
vn 0.6884 0.7091 0.1522
vn 0.5721 -0.7314 -0.3711
vn 0.0631 -0.9259 -0.3724
vn 0.9257 -0.0731 -0.3712
vn 0.0607 -0.8171 0.5733
vn 0.5469 0.8090 -0.2154
vn 0.2091 -0.7910 -0.5750
vn -0.2897 -0.4812 0.8274
vn 0.0367 -0.9985 0.0412
vn -0.3846 -0.2524 -0.8879
vn -0.4642 0.8161 -0.3441
vn 0.0015 -0.9998 0.0175
vn 0.5275 0.6392 0.5597
vn 0.5949 -0.0015 -0.8038
vn 0.4449 -0.8942 -0.0503
vn -0.6870 -0.0182 0.7265
vn -0.0609 -0.9979 -0.0224
vn -0.0217 -0.9996 -0.0170
vn 0.9746 -0.1591 0.1576
vn -0.5167 0.7173 -0.4674
vn 0.0039 -0.9996 0.0292
vn -0.5561 0.8074 -0.1973
vn -0.3308 0.7822 -0.5280
vn -0.2895 -0.9565 0.0359
vn -0.0082 0.7465 0.6654
vn 0.4843 -0.8678 0.1111
vn 0.5951 0.2474 0.7646
vn 0.2327 0.9725 -0.0129
vn 0.1248 -0.7817 -0.6110
vn -0.6596 -0.1166 0.7425
vn -0.0503 -0.9440 0.3260
vn 0.5839 0.8009 0.1326
vn 0.5594 -0.7173 -0.4154
vn -0.5773 -0.7675 -0.2787
vn -0.9394 -0.2713 0.2094
vn -0.0500 -0.9970 0.0596
vn -0.7135 0.7000 0.0307
vn -0.2206 -0.8355 -0.5032
vn -0.2895 -0.9452 -0.1509
vn 0.1759 0.5400 0.8231
vn 0.0902 0.9959 0.0049
vn 0.9342 -0.0245 -0.3559
vn -0.0385 0.7762 0.6293
vn 0.7659 -0.2912 0.5733
vn 0.1146 -0.9388 0.3247
vn 0.4419 -0.8856 0.1429
vn 0.9661 0.0574 0.2516
vn 0.5722 0.8078 0.1417
vn 0.0681 -0.0049 -0.9977
vn 0.7805 0.6251 0.0002
vn 0.0410 0.8142 -0.5791
vn 0.3677 0.6580 -0.6571
vn -0.0700 0.9788 0.1923
vn -0.6930 0.7189 0.0542
vn -0.2992 0.7044 -0.6437
vn 0.1286 -0.9709 -0.2019
vn -0.1820 0.9832 0.0150
vn -0.1703 -0.8937 0.4152
vn 0.1551 -0.9380 0.3100
vn -0.1754 -0.0766 0.9815
vn -0.7551 -0.4183 0.5049
vn -0.5478 0.4409 -0.7110
vn -0.0576 -0.8822 -0.4673
vn 0.6624 0.6401 0.3893
vn -0.9456 -0.2340 0.2262
vn 0.2731 -0.9081 -0.3173
vn -0.6468 0.7149 0.2655
vn 0.1005 0.8365 -0.5387
vn 0.1588 -0.8846 0.4385
vn 0.0786 0.8959 -0.4373
vn 0.1702 -0.2298 -0.9582
vn -0.8451 -0.3005 -0.4423
vn 0.3606 0.7899 -0.4960
vn 0.8451 0.5183 0.1309
vn 0.4938 0.8346 -0.2442
vn 0.0612 -0.9317 -0.3582
vn 0.3604 -0.8844 0.2965
vn -0.2755 0.8085 -0.5200
vn -0.5680 0.8132 0.1265
vn -0.5796 0.7937 -0.1848
vn -0.2188 0.7004 0.6794
vn 0.3334 -0.2226 0.9161
vn -0.2010 -0.9612 0.1889
vn 0.3302 0.8359 0.4385
vn 0.5886 0.0166 -0.8082
vn 0.3157 0.7737 0.5493
vn 0.0417 0.9972 -0.0618
vn -0.2293 -0.9087 -0.3487
vn -0.2252 0.9573 -0.1814
vn -0.9549 -0.0173 -0.2963
vn 0.6941 0.2449 0.6769
vn 0.0355 0.9641 -0.2632
vn 0.5043 -0.4140 0.7578
vn -0.4240 0.7822 0.4566
vn -0.3112 0.5833 0.7503
vn -0.1055 0.8159 0.5685
vn -0.4229 -0.8774 -0.2267
vn -0.1618 -0.8840 0.4386
vn -0.1598 0.9864 -0.0390
vn -0.2567 0.9639 0.0711
vn 0.3048 0.9492 0.0777
vn 0.0426 0.9794 0.1974
vn 0.2769 0.6119 0.7409
vn -0.1089 0.9578 -0.2659
vn 0.4231 -0.8857 -0.1911
vn 0.5001 -0.8005 -0.3303
vn 0.3052 -0.9522 -0.0157
vn 0.2796 -0.9166 0.2859
vn 0.0280 0.9993 0.0251
vn -0.7094 0.1005 0.6976
vn -0.1010 -0.5594 0.8228
vn 0.0797 0.9926 0.0912
vn 0.0023 -1.0000 -0.0032
vn 0.1700 -0.9137 0.3692
vn 0.0475 0.9802 0.1924
vn -0.0611 0.2258 0.9723
vn 0.3285 -0.5432 0.7727
vn -0.3726 -0.5768 0.7270
vn -0.2078 -0.0364 -0.9775
vn 0.3591 0.9307 -0.0702
vn -0.5292 0.1375 -0.8373
vn -0.0204 0.9807 -0.1944
vn 0.0866 0.0234 0.9960
vn 0.0430 0.9990 0.0138
vn -0.2206 0.9730 0.0675
vn 0.5469 -0.2720 -0.7918
vn -0.7588 0.0175 0.6510
vn -0.0087 0.9998 0.0155
vn 0.9398 -0.0372 0.3397
vn 0.0011 -0.9999 -0.0132
vn -0.3553 -0.9346 -0.0188
vn 0.0164 -0.9996 0.0219
vn 0.5895 0.7964 0.1351
vn 0.4139 -0.9046 0.1020
vn -0.1056 -0.9944 -0.0074
vn 0.0161 -0.9997 0.0191
vn 0.9637 -0.1753 -0.2015
vn -0.2312 -0.9107 -0.3424
vn 0.9086 -0.2472 -0.3367
vn 0.3660 -0.8647 -0.3440
vn -0.3746 -0.8957 0.2393
vn 0.3872 -0.8654 0.3181
vn -0.1877 0.9810 -0.0481
vn -0.4719 0.8496 0.2356
vn 0.1196 0.9911 0.0582
vn 0.9962 0.0730 0.0470
vn -0.1194 0.1913 0.9742
vn -0.1346 0.9867 0.0909
vn -0.0060 0.9998 0.0177
vn 0.0463 0.1703 -0.9843
vn -0.8806 0.2421 -0.4074
vn -0.9883 -0.1267 -0.0846
vn 0.0491 0.9469 0.3177
vn 0.1505 -0.8761 0.4581
vn 0.7560 -0.2489 -0.6054
vn -0.5510 -0.8333 -0.0442
vn 0.3833 -0.0588 -0.9217
vn 0.9562 0.2461 -0.1585
vn 0.0531 -0.2867 -0.9565
vn 0.9501 0.1614 0.2670
vn 0.7710 0.3879 -0.5050
vn -0.8034 0.5192 -0.2917
vn 0.8353 -0.0133 -0.5496
vn -0.9571 0.2746 0.0923
vn -0.2080 0.0361 0.9775
vn -0.6562 -0.6944 0.2952
vn -0.4318 0.6737 -0.5997
vn -0.2527 0.8218 0.5107
vn 0.7577 0.3553 0.5474
vn 0.9339 -0.1287 -0.3335
vn -0.1774 0.5422 -0.8213
vn -0.8132 -0.1925 0.5493
vn 0.6742 -0.5524 0.4903
vn -0.9791 0.1917 0.0676
vn -0.0538 0.7665 -0.6400
vn -0.5861 0.7866 -0.1944
vn 0.9722 -0.0720 0.2226
vn -0.3395 0.7163 0.6097
vn 0.9130 0.3607 0.1905
vn 0.0703 0.6632 -0.7451
vn 0.9888 0.1190 -0.0906
vn 0.4401 -0.8612 0.2543
vn 0.0783 0.1712 -0.9821
vn 0.8489 0.3085 0.4293
vn -0.9644 0.1241 0.2334
vn -0.0896 0.7879 0.6093
vn -0.4384 -0.8390 -0.3224
vn 0.0380 -0.9898 0.1374
vn 0.5219 0.8443 -0.1215
vn 0.1388 -0.9841 0.1110
vn 0.6278 -0.2571 0.7346
vn -0.5578 0.5445 -0.6265
vn -0.9895 -0.0251 0.1421
vn -0.8777 0.1488 0.4554
vn 0.0562 -0.9920 -0.1132
vn -0.8112 0.0427 0.5832
vn -0.3776 0.6986 0.6077
vn -0.9896 0.0658 0.1276
vn -0.8240 -0.4279 -0.3713
vn -0.9753 -0.0266 -0.2195
vn 0.7801 0.3418 -0.5240
vn -0.0574 -0.9767 -0.2070
vn 0.9002 -0.0330 0.4342
vn 0.0714 0.5897 -0.8045
vn -0.8173 -0.1818 -0.5468
vn 0.1200 -0.9890 0.0860
vn -0.4572 0.5753 -0.6782
vn -0.9582 0.1385 0.2502
vn 0.7075 0.3781 -0.5971
vn 0.8863 0.1796 -0.4268
vn -0.3619 0.7867 0.5002
vn -0.7553 0.3877 -0.5284
vn 0.1220 -0.7311 -0.6713
vn 0.8915 -0.3386 -0.3010
vn -0.5276 0.4288 0.7333
vn 0.5475 -0.8141 -0.1935
vn 0.1175 -0.2748 -0.9543
vn 0.5527 0.6576 0.5119
vn -0.9900 0.0636 0.1261
vn 0.9717 -0.0420 -0.2325
vn 0.4683 0.8823 -0.0486
vn 0.2365 0.1317 -0.9627
vn -0.9546 0.0337 -0.2961
vn -0.9835 0.1202 0.1355
vn 0.0042 0.4602 0.8878
vn 0.9905 0.1354 0.0250
vn 0.2843 0.3637 -0.8870
vn 0.1009 0.4479 0.8884
vn -0.9441 0.3008 0.1348
vn 0.2417 -0.2193 0.9452
vn 0.8542 0.0444 0.5180
vn 0.9579 -0.1415 -0.2499
vn 0.8079 0.4436 -0.3880
vn 0.1203 -0.7323 -0.6703
vn 0.9610 -0.0174 0.2760
vn 0.8106 0.5284 0.2524
vn -0.7850 0.4491 -0.4267
vn 0.5234 -0.8426 -0.1273
vn 0.8553 0.4378 -0.2771
vn 0.3482 0.5634 -0.7492
vn 0.2411 0.3751 -0.8951
vn -0.8179 0.4867 -0.3068
vn 0.7578 0.5610 0.3331
vn 0.7854 0.1249 -0.6063
vn -0.9855 0.1113 -0.1278
vn 0.1874 -0.9800 0.0668
vn -0.8900 0.2675 -0.3694
vn 0.7388 -0.0776 -0.6695
vn -0.8331 -0.3978 -0.3843
vn -0.8795 0.4151 -0.2325
vn -0.9803 0.1361 0.1434
vn -0.8013 0.4119 -0.4338
vn 0.7762 0.3467 -0.5266
vn 0.8894 -0.3452 -0.2996
vn -0.6354 -0.1565 -0.7561
vn -0.5940 -0.6834 0.4245
vn -0.1587 -0.9787 -0.1305
vn -0.8262 0.2434 0.5080
vn -0.9584 -0.0971 0.2685
vn 0.2650 -0.9003 -0.3454
vn 0.0735 -0.8136 0.5767
vn 0.7261 -0.3383 0.5986
vn -0.0921 -0.9957 -0.0113
vn 0.0407 -0.9992 0.0046
vn -0.8436 0.1094 0.5258
vn -0.8187 -0.1958 0.5398
vn 0.7157 0.5211 -0.4650
vn 0.6326 -0.3801 0.6748
vn 0.8131 0.0757 -0.5772
vn 0.9978 0.0656 0.0030
vn -0.0373 0.7699 -0.6370
vn -0.2528 -0.6029 -0.7567
vn -0.5348 -0.8449 -0.0106
vn -0.7950 -0.1599 -0.5851
vn 0.7483 -0.4780 -0.4600
vn 0.8243 0.5261 -0.2091
vn 0.4308 -0.8516 0.2987
vn -0.4699 0.6523 -0.5948
vn -0.2892 -0.6020 -0.7443
vn -0.8474 -0.5308 -0.0148
vn -0.1508 -0.9843 0.0920
vn -0.1521 -0.9836 0.0969
vn -0.5114 -0.6333 0.5808
vn 0.9010 -0.4247 0.0889
vn -0.5366 0.2409 -0.8087
vn 0.7194 -0.5114 0.4701
vn -0.2209 -0.5044 0.8347
vn 0.8655 0.1618 0.4741
vn -0.8554 -0.1419 0.4982
vn 0.5033 -0.6182 -0.6037
vn -0.2616 -0.9651 0.0140
vn 0.8562 0.0443 0.5148
vn 0.9087 0.1923 0.3705
vn 0.4301 -0.8998 -0.0729
vn 0.0578 -0.9945 0.0875
vn -0.8294 -0.3838 -0.4059
vn 0.9126 -0.2969 0.2810
vn 0.9939 0.0126 0.1095
vn -0.6042 0.1180 -0.7881
vn -0.7255 0.1038 -0.6803
vn 0.5642 -0.2049 -0.7998
vn -0.8862 -0.0327 -0.4622
vn 0.1875 -0.9799 0.0681
vn -0.8816 -0.0343 -0.4708
vn 0.8413 0.3859 0.3785
vn -0.9760 -0.1894 -0.1075
vn 0.9744 -0.1884 0.1226
vn 0.4304 -0.3386 -0.8367
vn -0.9921 0.0962 0.0804
vn -0.6808 0.6497 0.3380
vn -0.6966 0.5861 0.4138
vn 0.7480 0.6170 -0.2446
vn -0.6147 -0.7788 -0.1247
vn -0.2380 -0.9006 0.3637
vn -0.0215 0.5703 -0.8212
vn 0.6045 0.6422 0.4714
vn 0.0281 -0.9996 -0.0010
vn 0.0240 -0.9997 0.0108
vn 0.3883 -0.8835 -0.2620
vn -0.2556 -0.8797 -0.4010
vn 0.1754 -0.8450 -0.5051
vn -0.3328 -0.9096 -0.2486
vn -0.5245 0.6714 -0.5235
vn -0.0138 -0.9991 -0.0396
vn 0.0049 -0.8190 0.5738
vn 0.1410 -0.9364 -0.3214
vn 0.8598 0.4351 0.2673
vn 0.3859 -0.9190 0.0806
vn 0.4515 0.6173 -0.6443
vn 0.5517 0.3995 0.7322
vn 0.5328 0.7833 -0.3202
vn -0.0222 -0.1872 -0.9821
vn 0.0622 -0.9959 0.0662
vn 0.1734 -0.7605 0.6258
vn 0.9589 -0.2786 -0.0535
vn 0.5066 0.6250 0.5939
vn -0.2881 -0.9547 0.0748
vn -0.2943 -0.9228 -0.2486
vn 0.4950 -0.6901 0.5279
vn -0.5206 -0.3145 0.7937
vn 0.6401 0.7359 0.2208
vn 0.4708 0.8387 0.2737
vn -0.2163 -0.9096 0.3546
vn -0.0040 -1.0000 0.0057
vn 0.2147 0.7238 -0.6558
vn 0.3913 0.7505 0.5326
vn -0.4734 0.5685 -0.6728
vn -0.9123 -0.2811 -0.2978
vn 0.5177 -0.8552 -0.0259
vn 0.3787 0.3689 0.8488
vn -0.1669 0.6365 0.7530
vn 0.8051 0.1380 -0.5769
vn 0.4323 0.7783 0.4553
vn 0.7234 0.6694 0.1688
vn 0.4256 0.1427 -0.8936
vn -0.5885 0.7922 0.1612
vn -0.6343 0.7716 -0.0472
vn -0.6970 0.7170 0.0055
vn -0.3198 0.6832 0.6565
vn -0.1196 0.8325 0.5410
vn -0.3386 0.9409 0.0015
vn -0.4071 -0.9019 0.1445
vn 0.8151 -0.0898 -0.5723
vn -0.0497 -0.9988 -0.0045
vn -0.5197 -0.1827 -0.8346
vn -0.8932 -0.2916 0.3422
vn -0.0709 0.8496 0.5227
vn -0.1657 -0.9131 -0.3726
vn -0.2678 0.6888 -0.6737
vn 0.0465 -0.8450 0.5328
vn 0.4790 0.1144 0.8703
vn 0.8434 -0.0863 0.5303
vn 0.4538 0.0711 -0.8883
vn 0.0638 0.7904 0.6092
vn -0.0030 -0.9987 -0.0506
vn -0.2985 -0.8967 -0.3270
vn -0.2393 0.0757 0.9680
vn 0.4950 0.8346 -0.2415
vn 0.4434 -0.7646 0.4678
vn 0.4882 0.8380 -0.2438
vn -0.0044 -0.9998 -0.0200
vn -0.2709 -0.8005 -0.5346
vn -0.5121 -0.8106 0.2840
vn 0.8494 0.4256 0.3120
vn -0.9707 0.0063 0.2401
vn -0.2231 -0.4398 0.8699
vn 0.7823 0.6227 -0.0152
vn 0.4483 -0.8488 0.2803
vn -0.4545 0.8441 0.2847
vn 0.2869 -0.9428 0.1694
vn 0.0500 -0.4080 -0.9116
vn -0.3892 -0.9184 -0.0708
vn -0.4052 0.8139 -0.4163
vn 0.2625 0.7964 -0.5448
vn 0.0077 -0.8622 -0.5065
vn -0.7120 0.0246 0.7018
vn -0.5899 0.6540 -0.4737
vn -0.4104 0.8133 0.4125
vn -0.2822 0.6226 0.7299
vn 0.1184 0.9916 0.0529
vn 0.5878 0.7801 0.2146
vn 0.3595 -0.9140 -0.1883
vn -0.2629 0.3002 -0.9169
vn 0.8592 0.2615 -0.4398
vn -0.5726 0.7476 -0.3364
vn -0.5448 0.8341 -0.0859
vn 0.0059 -0.3012 0.9535
vn -0.0107 0.9881 0.1537
vn 0.2717 0.7334 0.6232
vn -0.6513 -0.6092 0.4524
vn -0.2691 0.9628 0.0230
vn 0.1436 -0.9233 0.3563
vn -0.8225 0.3295 -0.4636
vn 0.3233 0.9283 -0.1839
vn 0.1800 -0.9819 -0.0587
vn -0.0050 -0.9269 -0.3752
vn -0.2073 0.9761 0.0658
vn 0.2444 -0.9409 -0.2346
vn -0.0635 0.9805 0.1862
vn -0.7777 -0.5313 -0.3359
vn -0.0799 -0.8464 0.5266
vn 0.1142 0.9782 -0.1735
vn -0.0017 0.9998 -0.0192
vn -0.4108 -0.9108 -0.0401
vn -0.1820 0.7780 -0.6014
vn -0.1340 -0.8887 0.4385
vn 0.3897 -0.9208 -0.0149
vn -0.6970 0.1273 0.7056
vn 0.7153 -0.6950 0.0725
vn 0.1363 0.9903 0.0262
vn 0.1115 0.9865 0.1200
vn -0.2226 0.9345 -0.2777
vn 0.9521 0.1923 0.2377
vn -0.3733 -0.9071 0.1945
vn -0.0182 -0.9481 0.3175
vn -0.5222 -0.8364 -0.1668
vn -0.0408 0.9651 -0.2587
vn 0.2115 0.3261 0.9214
vn 0.1585 -0.9287 -0.3351
vn 0.8890 0.0721 0.4521
vn -0.3063 0.9518 0.0120
vn -0.1011 0.9842 0.1455
vn 0.0139 0.8539 -0.5203
vn 0.0634 -0.9978 0.0214
vn 0.5635 -0.1739 -0.8076
vn -0.7511 -0.1372 -0.6458
vn 0.0339 0.9961 -0.0809
vn 0.5585 -0.8084 -0.1860
vn 0.2159 0.2872 0.9332
vn -0.0031 1.0000 -0.0023
vn 0.3423 -0.8439 -0.4132
vn 0.9912 -0.1159 0.0642
vn -0.9737 0.1590 0.1631
vn -0.0149 0.9999 -0.0008
vn 0.9075 0.0245 0.4192
vn 0.0332 0.9964 0.0781
vn 0.2150 -0.8632 0.4569
vn -0.0152 0.9738 -0.2267
vn -0.6975 0.1277 0.7051
vn 0.9778 -0.1172 -0.1738
vn -0.2310 -0.9021 0.3645
vn 0.0003 -1.0000 -0.0061
vn -0.0225 0.9980 0.0590
vn 0.9379 -0.0724 -0.3392
vn 0.0363 -0.9012 -0.4319
vn -0.4560 0.1381 -0.8792
vn 0.7208 -0.4786 0.5014
vn 0.8240 0.1026 -0.5572
vn -0.0026 -0.9993 0.0374
vn 0.0322 0.0861 0.9958
vn -0.5484 0.0014 -0.8362
vn -0.9343 0.0112 0.3564
vn -0.0486 -0.9988 0.0002
vn -0.0179 0.9987 0.0475
vn -0.0395 0.9988 -0.0277
vn -0.8836 0.2740 -0.3797
vn 0.5552 0.4583 -0.6941
vn -0.3259 0.8793 -0.3475
vn 0.3837 -0.0602 -0.9215
vn 0.5926 0.6262 -0.5066
vn 0.6742 -0.5524 0.4902
vn 0.9749 -0.0419 -0.2187
vn -0.9431 -0.0271 0.3313
vn 0.7257 -0.3387 0.5989
vn -0.1368 -0.9888 0.0604
vn -0.9038 -0.0254 0.4272
vn 0.9462 0.1511 0.2861
vn 0.6634 0.6348 -0.3961
vn -0.9719 -0.0281 -0.2339
vn 0.1156 0.6952 0.7095
vn -0.6412 -0.7147 -0.2795
vn 0.7159 0.5210 -0.4648
vn 0.9980 0.0558 0.0281
vn 0.7088 0.4747 -0.5218
vn 0.8303 0.3984 0.3898
vn -0.3286 0.8789 -0.3459
vn 0.0226 0.9108 -0.4123
vn -0.8788 -0.4222 0.2222
vn 0.8864 0.1793 -0.4269
vn -0.5729 0.7267 -0.3790
vn -0.0158 -0.9994 -0.0301
vn -0.5135 0.8580 -0.0125
vn -0.2703 -0.6701 0.6913
vn 0.9857 0.1636 0.0413
vn -0.0836 0.4629 0.8825
vn -0.9947 0.1025 -0.0018
vn -0.8985 0.3825 0.2155
vn -0.6825 -0.0294 -0.7303
vn 0.7697 0.3100 0.5581
vn 0.4398 -0.8613 0.2544
vn -0.8646 0.2337 -0.4448
vn -0.8998 -0.0023 -0.4363
vn -0.4604 0.4921 -0.7389
vn 0.6962 -0.2977 -0.6533
vn -0.6018 0.1230 -0.7891
vn 0.2437 -0.9690 0.0417
vn -0.8603 0.0522 0.5071
vn -0.6693 -0.3396 0.6609
vn 0.9639 0.1834 -0.1931
vn -0.5914 -0.6648 0.4563
vn 0.8356 -0.0128 -0.5493
vn -0.9498 0.1466 0.2764
vn -0.5367 0.2409 -0.8087
vn 0.7314 0.2786 -0.6224
vn -0.8800 -0.4214 0.2191
vn -0.9935 0.0982 0.0574
vn -0.0683 -0.9855 -0.1554
vn -0.9112 0.2060 0.3568
vn 0.9466 0.0361 -0.3203
vn -0.9244 0.1635 0.3445
vn 0.9858 0.1359 -0.0990
vn -0.8139 0.2699 0.5144
vn -0.5512 -0.8332 -0.0442
vn 0.2250 0.4088 0.8844
vn 0.9101 0.3543 0.2150
vn -0.7588 -0.2962 0.5801
vn 0.8896 -0.3449 -0.2993
vn 0.8831 0.4049 0.2373
vn 0.8443 0.3441 -0.4108
vn 0.0677 0.6132 -0.7870
vn -0.4396 0.5106 -0.7390
vn 0.0923 0.7811 0.6175
vn -0.8935 0.2785 -0.3522
vn -0.7349 0.4799 -0.4792
vn 0.8511 0.3287 0.4093
vn 0.4509 0.8922 -0.0248
vn 0.9926 0.1135 -0.0438
vn -0.9179 -0.3935 -0.0519
vn 0.8516 0.0351 0.5231
vn -0.8015 -0.1090 -0.5880
vn -0.3216 -0.5997 -0.7327
vn -0.2861 0.7937 0.5368
vn -0.8230 -0.4381 -0.3615
vn 0.9639 0.1144 0.2405
vn 0.0538 -0.2898 -0.9556
vn -0.8067 -0.0234 -0.5904
vn 0.6043 -0.3909 0.6942
vn -0.7253 0.1040 -0.6805
vn 0.2825 0.3623 -0.8882
vn 0.8553 0.4379 -0.2770
vn 0.0784 0.1715 -0.9821
vn 0.5669 -0.7458 0.3499
vn 0.0523 0.1831 -0.9817
vn -0.8168 0.4873 -0.3088
vn 0.5476 -0.8140 -0.1937
vn 0.8604 0.1627 0.4829
vn 0.0800 0.7996 0.5951
vn -0.0946 -0.9880 -0.1221
vn 0.7850 0.1241 -0.6069
vn 0.2040 -0.9756 0.0815
vn -0.8312 0.4434 0.3355
vn -0.8945 0.3140 -0.3182
vn -0.5576 0.5446 -0.6265
vn 0.9654 -0.1016 0.2401
vn -0.8691 0.1585 0.4685
vn -0.8095 -0.3719 -0.4543
vn 0.5804 0.6241 0.5231
vn 0.3337 -0.8976 -0.2879
vn -0.2817 0.1053 0.9537
vn 0.0704 0.6632 -0.7451
vn -0.7335 0.4858 -0.4754
vn 0.6672 -0.1477 -0.7301
vn -0.4523 0.8508 0.2677
vn -0.5774 0.0905 -0.8114
vn -0.5476 0.6632 -0.5103
vn 0.9981 0.0603 0.0081
vn 0.4304 -0.8517 0.2990
vn -0.9386 0.2947 0.1795
vn 0.1219 -0.7310 -0.6714
vn -0.7012 0.1231 -0.7022
vn -0.8388 -0.3917 -0.3782
vn 0.1180 -0.2708 -0.9554
vn 0.1201 -0.9890 0.0860
vn -0.9807 -0.0422 0.1910
vn -0.2529 -0.6019 -0.7575
vn 0.7487 -0.4735 -0.4640
vn 0.4464 -0.8935 0.0482
vn 0.1202 -0.7323 -0.6703
vn -0.4259 0.7437 -0.5152
vn 0.3216 0.6011 -0.7316
vn 0.8079 0.4436 -0.3879
vn -0.9433 -0.0796 -0.3224
vn -0.6149 -0.5413 -0.5735
vn 0.8603 0.0356 0.5085
vn 0.9582 -0.1367 -0.2512
vn 0.2135 -0.9757 0.0500
vn 0.8914 -0.3392 -0.3006
vn 0.9940 0.0128 0.1086
vn 0.3483 0.5634 -0.7492
vn -0.4066 -0.3336 0.8505
vn -0.0844 -0.9941 0.0688
vn -0.8614 0.0522 0.5052
vn -0.5294 -0.6221 0.5769
vn -0.0958 -0.9942 0.0490
vn 0.0495 -0.9930 -0.1070
vn 0.9003 -0.0329 0.4341
vn 0.2412 0.3751 -0.8951
vn -0.8335 -0.0433 0.5508
vn -0.9771 0.0053 0.2127
vn 0.9887 0.1193 -0.0908
vn -0.9706 0.2347 -0.0527
vn -0.1101 -0.9909 0.0768
vn -0.9794 0.0744 0.1877
vn 0.8124 0.0782 -0.5779
vn 0.7574 -0.3803 0.5308
vn 0.4299 -0.8999 -0.0730
vn 0.9515 -0.0301 0.3061
vn 0.0053 -0.9966 0.0827
vn 0.3054 -0.9136 -0.2685
vn 0.6334 -0.2514 0.7319
vn 0.9889 -0.1392 0.0529
vn -0.0372 -0.9991 0.0194
vn 0.2095 -0.0727 0.9751
vn -0.3631 0.7607 -0.5380
vn 0.8853 0.4412 0.1465
vn 0.0220 -0.9989 0.0425
vn -0.2244 -0.8634 0.4519
vn 0.0533 -0.9555 -0.2901
vn -0.3431 0.5864 0.7338
vn 0.0871 -0.9474 0.3081
vn 0.3608 0.7862 0.5017
vn -0.1047 0.8445 0.5252
vn 0.6643 0.6491 -0.3707
vn -0.0087 -1.0000 -0.0033
vn -0.5018 0.3006 -0.8111
vn 0.1053 -0.8617 0.4964
vn 0.6181 0.7346 0.2800
vn 0.1990 -0.2608 0.9447
vn 0.3278 0.6949 0.6400
vn -0.0075 -0.9986 -0.0517
vn 0.0839 0.6734 0.7345
vn -0.8117 -0.4223 0.4035
vn -0.3887 -0.9004 0.1956
vn 0.7865 -0.5872 -0.1912
vn -0.4376 0.8124 0.3853
vn -0.4089 -0.1577 0.8989
vn 0.7239 -0.2384 0.6474
vn 0.2934 -0.3444 -0.8918
vn -0.8335 0.1161 0.5401
vn -0.3223 0.8638 -0.3872
vn -0.6435 0.5794 -0.5002
vn 0.5091 0.7056 -0.4929
vn 0.6307 -0.4639 -0.6221
vn 0.1571 -0.1246 0.9797
vn -0.0131 -0.9976 -0.0679
vn -0.1575 -0.9796 -0.1248
vn 0.2789 -0.9552 -0.0993
vn -0.4209 -0.2007 0.8846
vn 0.5950 -0.1461 0.7904
vn 0.2970 -0.9537 0.0468
vn 0.2707 0.8606 0.4314
vn 0.1918 -0.9601 0.2034
vn 0.5908 0.7967 -0.1276
vn -0.5787 0.8076 -0.1137
vn 0.0887 -0.9955 0.0323
vn 0.9764 -0.0022 -0.2160
vn -0.3116 0.8673 -0.3883
vn 0.2589 -0.5605 -0.7866
vn 0.0110 -0.9999 0.0127
vn -0.3438 -0.1821 -0.9212
vn -0.8446 -0.5033 -0.1827
vn 0.0748 -0.9916 -0.1053
vn 0.1239 0.8129 -0.5690
vn -0.9687 -0.1878 -0.1623
vn -0.7697 0.6383 0.0093
vn -0.7518 -0.2058 -0.6264
vn 0.4314 0.7855 -0.4437
vn 0.1351 0.7599 -0.6359
vn -0.0587 -0.8506 0.5225
vn -0.3586 -0.9132 0.1937
vn -0.2308 0.6203 0.7496
vn 0.1882 -0.9540 -0.2335
vn 0.6548 0.6249 0.4252
vn -0.0121 -0.9998 0.0175
vn -0.7197 0.3755 -0.5840
vn 0.8402 -0.5287 0.1205
vn 0.0907 0.7240 -0.6839
vn -0.0804 -0.8977 -0.4332
vn -0.6041 0.7876 -0.1215
vn 0.0062 0.7295 0.6839
vn 0.1962 -0.9678 0.1574
vn -0.6114 0.1996 -0.7657
vn 0.8227 0.5685 0.0004
vn 0.5532 0.8091 0.1982
vn -0.0399 0.9144 -0.4028
vn 0.1643 0.0030 -0.9864
vn 0.6354 -0.1234 -0.7623
vn -0.9881 0.0412 0.1484
vn 0.9077 -0.2476 -0.3388
vn -0.5625 -0.7931 0.2335
vn -0.3634 -0.9296 -0.0616
vn -0.3504 0.7401 -0.5740
vn -0.6439 0.6749 0.3603
vn 0.0454 0.3168 -0.9474
vn -0.1102 -0.9490 -0.2954
vn 0.6911 0.6973 -0.1901
vn 0.0005 -0.9997 -0.0238
vn -0.7845 -0.0366 0.6191
vn -0.9790 0.0811 -0.1869
vn -0.1947 0.9808 -0.0076
vn -0.2361 0.8036 0.5464
vn 0.1088 0.7905 0.6027
vn 0.3767 0.6574 0.6526
vn 0.9244 0.1539 0.3490
vn 0.6760 -0.0652 0.7340
vn 0.4599 0.8433 -0.2780
vn -0.5743 0.8007 -0.1707
vn -0.6985 -0.4531 0.5540
vn -0.9493 -0.2654 -0.1684
vn 0.7021 0.0770 -0.7079
vn 0.2167 -0.6573 0.7218
vn 0.2248 -0.8774 -0.4239
vn 0.9622 -0.2164 0.1657
vn 0.1859 0.9823 -0.0250
vn 0.3481 -0.9059 -0.2410
vn -0.4410 0.8938 0.0809
vn -0.2746 -0.9402 -0.2018
vn 0.3071 0.9487 0.0750
vn -0.4137 -0.9104 0.0025
vn 0.4196 0.5995 -0.6816
vn 0.1474 0.9845 -0.0955
vn 0.2913 0.8374 0.4626
vn -0.1521 0.9874 0.0438
vn -0.0710 0.9912 -0.1121
vn -0.0100 0.9996 -0.0262
vn 0.0775 -0.9969 -0.0125
vn 0.9082 -0.3735 0.1889
vn -0.4015 0.8269 -0.3937
vn -0.5053 0.8170 0.2779
vn 0.1622 0.9417 -0.2949
vn -0.4040 -0.8608 -0.3094
vn -0.1683 -0.9829 0.0747
vn 0.7600 -0.4535 -0.4656
vn 0.2216 0.4179 0.8811
vn -0.3104 -0.8560 -0.4133
vn -0.4732 -0.8379 0.2720
vn -0.4161 0.8574 0.3028
vn -0.0007 -1.0000 0.0092
vn 0.6591 0.1904 -0.7276
vn 0.6696 0.2096 -0.7125
vn -0.9492 -0.0265 -0.3136
vn 0.0133 0.9999 0.0106
vn 0.0349 0.7515 -0.6588
vn -0.3334 -0.9408 -0.0606
vn -0.1178 -0.9199 0.3742
vn -0.2229 0.9723 -0.0704
vn 0.4356 -0.8681 0.2382
vn 0.0014 0.9857 0.1687
vn 0.4186 0.9003 -0.1190
vn -0.0181 -0.9283 -0.3714
vn 0.6544 -0.1739 0.7359
vn -0.0397 -0.9407 -0.3368
vn -0.6066 0.7906 0.0833
vn 0.2535 -0.2784 -0.9264
vn 0.0280 0.9668 0.2539
vn 0.0037 0.9998 0.0207
vn 0.0025 -1.0000 0.0022
vn -0.3227 0.8563 0.4033
vn -0.1161 0.9708 0.2100
vn -0.0238 0.9997 0.0022
vn 0.2984 -0.9495 -0.0964
vn 0.0105 0.9885 -0.1508
vn 0.5490 0.8146 0.1872
vn 0.5968 -0.1648 0.7853
vn 0.0155 0.9563 0.2919
vn -0.0390 0.9979 0.0516
vn -0.9652 0.0395 0.2584
vn 0.2644 0.8743 0.4071
vn -0.3020 -0.8515 -0.4287
vn -0.2353 0.9631 -0.1308
vn -0.3530 0.1461 -0.9241
vn 0.1514 0.9885 0.0033
vn 0.9965 0.0517 0.0650
vn -0.9720 -0.0069 0.2349
vn -0.2180 -0.9454 0.2422
vn 0.0868 0.9942 -0.0639
vn -0.0000 -1.0000 -0.0004
vn -0.8863 -0.3091 -0.3449
vn 0.1820 0.9782 0.1003
vn 0.1159 0.9775 0.1765
vn -0.3259 0.1782 -0.9285
vn 0.5826 -0.1608 0.7967
vn 0.3696 0.8132 0.4495
vn 0.9964 0.0366 0.0760
vn -0.8992 -0.3669 0.2382
vn 0.4790 -0.8773 0.0292
vn -0.1704 -0.4622 0.8702
vn -0.3873 0.3941 0.8335
vn -0.1931 -0.9806 0.0332
vn 0.1653 -0.0099 -0.9862
vn -0.7467 0.5614 0.3567
vn -0.0376 0.9992 0.0160
vn 0.2481 0.9454 0.2113
vn 0.1798 -0.9389 0.2936
vn 0.8677 0.1586 -0.4711
vn 0.7695 -0.5804 -0.2664
vn -0.2390 0.7367 -0.6326
vn -0.2128 -0.4127 0.8857
vn 0.7441 0.4213 0.5185
vn -0.8556 0.4340 0.2821
vn -0.4162 -0.9062 0.0753
vn -0.8915 -0.3387 0.3008
vn -0.4466 -0.8935 -0.0479
vn -0.9015 0.3060 -0.3060
vn -0.8896 -0.3450 0.2994
vn 0.2391 -0.9673 -0.0842
vn -0.9530 0.1370 -0.2701
vn 0.7647 -0.2226 -0.6047
vn 0.8600 0.0533 -0.5075
vn -0.9002 -0.0331 -0.4341
vn 0.0757 0.9946 0.0710
vn -0.0858 0.8140 0.5745
vn -0.6868 0.4628 0.5604
vn -0.7751 0.5265 -0.3495
vn -0.9259 -0.3503 0.1415
vn -0.8106 0.3896 0.4372
vn -0.9609 -0.0211 -0.2760
vn -0.1584 0.4300 -0.8888
vn -0.6742 -0.5525 -0.4901
vn -0.2904 -0.6650 -0.6881
vn 0.9260 -0.0229 -0.3769
vn -0.5095 0.7028 -0.4965
vn -0.9939 0.0127 -0.1095
vn 0.8647 0.2333 0.4447
vn -0.8863 0.1796 0.4268
vn -0.7177 0.5183 0.4650
vn 0.3401 0.5068 0.7922
vn -0.0898 -0.9859 -0.1414
vn -0.1199 -0.7325 0.6701
vn -0.2197 -0.9746 -0.0437
vn -0.7883 0.0981 -0.6075
vn 0.5563 0.8302 0.0356
vn -0.9856 0.1289 0.1094
vn -0.0201 -0.2605 0.9653
vn 0.9613 0.1358 -0.2398
vn 0.8639 0.1908 -0.4660
vn 0.9103 0.3640 -0.1970
vn 0.9052 -0.0124 0.4249
vn 0.9950 0.0385 -0.0918
vn 0.9241 0.3569 0.1370
vn 0.0018 -0.9915 0.1300
vn 0.9015 0.3751 -0.2158
vn -0.9997 -0.0000 0.0246
vn 0.6886 -0.6837 -0.2417
vn 0.2232 0.7121 -0.6657
vn -0.6970 0.7152 -0.0514
vn 0.5538 -0.6162 0.5601
vn -0.7167 0.6967 -0.0313
vn 0.9765 0.1467 -0.1578
vn -0.7068 0.4844 0.5156
vn 0.9724 -0.0282 0.2318
vn 0.2213 0.7387 -0.6366
vn 0.7955 -0.1567 0.5853
vn -0.9448 0.2761 0.1764
vn 0.3408 0.5943 0.7285
vn 0.6796 0.3841 0.6250
vn -0.7634 0.2230 -0.6062
vn -0.6560 -0.1712 0.7351
vn 0.5510 -0.8333 0.0441
vn -0.2431 0.6688 0.7025
vn 0.3415 0.8678 0.3609
vn -0.2743 0.7525 -0.5987
vn 0.7315 -0.2770 0.6231
vn -0.8854 0.4508 0.1133
vn -0.2350 0.6633 0.7105
vn 0.7589 -0.2950 -0.5805
vn 0.9044 -0.0252 -0.4260
vn -0.2690 0.8914 0.3647
vn 0.8429 0.0533 -0.5354
vn 0.8230 -0.4381 0.3616
vn 0.7954 -0.3664 0.4828
vn 0.9826 -0.1736 -0.0658
vn -0.8357 -0.0126 0.5491
vn -0.8603 0.1628 -0.4830
vn -0.5266 -0.8179 -0.2319
vn 0.7253 0.1037 0.6806
vn -0.2841 0.3637 0.8871
vn 0.7617 0.3506 0.5449
vn -0.0783 0.1714 0.9821
vn -0.7029 0.4369 0.5613
vn -0.1218 -0.7311 0.6713
vn 0.5912 -0.6646 -0.4569
vn -0.9640 0.1965 -0.1792
vn -0.7854 0.1248 0.6063
vn -0.9749 -0.0395 0.2192
vn 0.9771 0.0053 -0.2127
vn 0.8815 -0.4712 -0.0308
vn 0.9821 0.1137 -0.1503
vn 0.8588 0.1786 -0.4801
vn 0.9136 0.2941 0.2809
vn 0.9161 -0.3973 0.0543
vn -0.2963 0.6357 0.7128
vn -0.9016 0.2966 -0.3148
vn -0.5660 0.6738 -0.4751
vn -0.9855 0.1664 -0.0342
vn 0.9755 0.1813 -0.1248
vn 0.9357 0.3239 0.1399
vn 0.9806 0.1087 -0.1631
vn -0.9767 -0.1184 0.1789
vn -0.3729 0.2725 0.8870
vn 0.1148 -0.9839 0.1368
vn 0.6588 -0.0110 0.7522
vn -0.9979 0.0645 -0.0043
vn 0.4759 0.7036 -0.5276
vn -0.3883 -0.1381 -0.9111
vn 0.5165 0.4551 -0.7253
vn 0.3403 0.5325 0.7751
vn -0.0948 -0.9676 -0.2342
vn 0.5116 -0.6333 -0.5807
vn -0.1200 -0.9890 -0.0861
vn -0.7490 0.3849 0.5393
vn 0.1194 -0.7614 0.6371
vn 0.0462 0.5937 0.8034
vn 0.0457 0.4464 0.8937
vn -0.8986 0.1240 0.4209
vn -0.3081 -0.3580 0.8814
vn -0.4160 -0.8272 -0.3777
vn 0.8605 0.4583 0.2224
vn -0.9555 -0.0998 0.2776
vn 0.6006 -0.7834 0.1598
vn -0.7066 0.4182 0.5708
vn -0.5475 -0.8141 0.1937
vn 0.0435 -0.9963 0.0745
vn 0.0735 -0.9847 0.1582
vn 0.8725 -0.1170 -0.4744
vn -0.7261 -0.3384 -0.5986
vn -0.8831 -0.4141 -0.2208
vn -0.7565 0.3276 -0.5660
vn -0.3927 -0.1342 -0.9098
vn -0.1507 -0.9861 -0.0704
vn -0.8703 0.0362 -0.4913
vn 0.0876 -0.9952 -0.0424
vn 0.5950 0.1357 0.7922
vn -0.9633 -0.2622 -0.0577
vn 0.8168 0.4873 0.3088
vn -0.7983 0.0794 0.5970
vn -0.0219 -0.9997 -0.0143
vn 0.9274 -0.0550 0.3701
vn -0.0710 0.6477 0.7586
vn 0.6481 -0.3459 -0.6784
vn -0.2496 -0.2575 0.9335
vn 0.8388 -0.3915 0.3784
vn -0.2243 -0.1411 0.9643
vn -0.0292 -0.9996 -0.0005
vn 0.7295 0.4915 0.4756
vn -0.8825 0.2090 -0.4213
vn -0.8602 0.0356 -0.5088
vn -0.6326 -0.3802 -0.6748
vn 0.2197 0.9708 0.0957
vn 0.8064 -0.0247 0.5909
vn -0.3472 -0.3224 0.8806
vn -0.0261 -0.9996 0.0070
vn -0.6137 -0.2689 -0.7423
vn 0.8773 -0.0553 -0.4767
vn 0.3880 0.7182 -0.5775
vn -0.9224 -0.2914 -0.2535
vn 0.1709 0.3029 -0.9376
vn -0.5543 0.7210 -0.4158
vn -0.0008 -0.9846 0.1746
vn 0.0267 -0.8837 0.4673
vn -0.7218 0.5960 0.3518
vn -0.6921 0.0180 -0.7216
vn -0.1252 0.6612 0.7397
vn -0.1739 0.7006 0.6920
vn 0.2790 -0.9551 -0.0994
vn -0.4336 -0.2495 0.8659
vn 0.6451 0.7392 -0.1935
vn 0.1794 -0.1224 0.9761
vn 0.0534 -0.9555 -0.2902
vn 0.0886 -0.9955 -0.0339
vn -0.1402 -0.9050 0.4018
vn 0.7539 0.6544 0.0582
vn -0.0515 -0.9979 0.0388
vn -0.6684 0.7432 -0.0295
vn -0.1480 0.1786 -0.9727
vn 0.3015 -0.9523 0.0476
vn -0.5909 0.5727 0.5682
vn -0.3619 0.8597 -0.3604
vn -0.7989 0.5953 0.0859
vn 0.3109 0.6247 0.7163
vn 0.1509 -0.9881 0.0310
vn -0.0160 -0.9997 0.0206
vn 0.2470 0.8456 0.4732
vn 0.9195 -0.1913 -0.3435
vn -0.6874 -0.3644 -0.6282
vn 0.6380 0.7320 0.2388
vn 0.9590 -0.1281 0.2530
vn 0.6203 0.7807 0.0755
vn -0.1067 0.6451 -0.7566
vn 0.6191 -0.0350 -0.7845
vn 0.0628 -0.9980 -0.0060
vn -0.1155 0.6543 -0.7473
vn 0.5122 0.8163 -0.2671
vn -0.1886 -0.9197 -0.3442
vn 0.4315 0.1999 -0.8797
vn 0.1620 -0.1992 -0.9665
vn -0.4089 -0.1576 0.8989
vn -0.1084 -0.9507 -0.2904
vn -0.7346 0.3200 -0.5982
vn 0.5241 0.7086 0.4725
vn 0.6101 0.6211 0.4920
vn -0.4793 -0.8462 0.2329
vn -0.5998 0.6430 0.4762
vn 0.0926 -0.9371 0.3366
vn 0.1097 0.7919 0.6007
vn 0.1812 0.7198 0.6701
vn -0.3214 -0.9086 0.2668
vn -0.5785 0.8077 -0.1137
vn 0.2005 -0.1908 0.9609
vn 0.8875 0.0501 -0.4580
vn 0.6629 -0.7384 -0.1239
vn -0.2646 -0.9638 -0.0333
vn 0.5721 0.6462 0.5052
vn -0.0497 0.9701 0.2377
vn -0.3415 -0.2145 -0.9151
vn -0.0093 -0.9998 -0.0150
vn 0.1882 -0.9540 -0.2334
vn -0.9881 0.0413 0.1484
vn 0.5100 0.8212 -0.2559
vn -0.0128 -0.9999 -0.0104
vn 0.7397 -0.0509 0.6710
vn -0.5571 -0.7969 0.2336
vn -0.2405 -0.8533 0.4626
vn -0.3410 0.6682 -0.6612
vn -0.7849 -0.0261 0.6191
vn -0.3842 0.5974 -0.7039
vn 0.9938 0.0349 0.1059
vn -0.1191 -0.9912 0.0580
vn 0.4600 0.7890 0.4073
vn 0.2785 0.7767 0.5649
vn -0.3401 -0.9386 -0.0574
vn -0.8233 -0.4067 0.3959
vn -0.3513 0.4212 -0.8362
vn -0.0623 0.9801 -0.1887
vn -0.4038 -0.8615 -0.3080
vn 0.0449 -0.9187 -0.3924
vn 0.7453 -0.0884 0.6609
vn 0.2665 0.7910 -0.5507
vn -0.9493 -0.2655 -0.1684
vn -0.0895 0.7771 -0.6230
vn 0.2956 -0.9537 -0.0549
vn -0.2367 0.8026 0.5476
vn -0.1659 -0.8952 0.4136
vn -0.1657 0.8267 0.5376
vn -0.0709 0.0676 0.9952
vn 0.3851 0.6978 -0.6039
vn -0.5392 0.7291 -0.4215
vn 0.1968 -0.8084 -0.5547
vn -0.0160 0.9795 -0.2007
vn -0.2374 -0.9523 -0.1917
vn -0.0002 0.9998 0.0176
vn 0.1627 0.8338 -0.5276
vn -0.3041 -0.8516 -0.4269
vn 0.3535 -0.9068 -0.2299
vn -0.2745 -0.9402 -0.2018
vn -0.4138 -0.9104 0.0026
vn 0.9771 -0.1299 0.1687
vn -0.0120 -0.9999 0.0057
vn -0.2278 -0.9417 0.2476
vn 0.5000 0.8397 0.2118
vn 0.7276 0.5867 -0.3556
vn 0.6227 -0.2296 -0.7480
vn -0.4690 -0.8483 0.2459
vn -0.1301 0.9500 0.2838
vn 0.6724 0.6575 -0.3398
vn 0.2176 0.9702 0.1062
vn 0.3968 -0.6758 0.6212
vn 0.0965 -0.9378 0.3336
vn 0.2571 -0.0879 -0.9624
vn -0.6436 0.1278 0.7546
vn 0.3020 -0.8980 0.3201
vn -0.1055 0.9934 -0.0460
vn -0.2655 0.9613 -0.0742
vn -0.2912 0.3092 -0.9053
vn 0.2270 0.9632 -0.1442
vn -0.9492 -0.0265 -0.3137
vn 0.3245 0.9436 -0.0650
vn 0.2090 0.0047 0.9779
vn -0.1857 -0.9103 -0.3701
vn 0.1860 -0.9623 0.1983
vn 0.1876 0.8942 0.4065
vn 0.1256 0.9856 -0.1130
vn -0.3192 0.9462 0.0531
vn 0.9325 0.0073 -0.3612
vn 0.0127 0.9999 0.0046
vn -0.3775 -0.7470 0.5473
vn 0.0225 0.9996 0.0174
vn -0.5056 0.8168 0.2777
vn 0.8800 -0.2482 0.4049
vn -0.8576 0.0545 -0.5114
vn 0.0224 0.9795 0.2001
vn 0.1981 0.9796 0.0321
vn 0.1775 0.9841 0.0107
vn 0.0024 0.9989 0.0458
vn 0.9001 -0.0456 0.4332
vn 0.0501 0.9311 -0.3614
vn -0.0283 0.0879 0.9957
vn -0.0389 0.9976 -0.0574
vn -0.3501 0.8643 -0.3611
vn 0.2754 -0.5443 -0.7924
vn 0.0221 0.9997 0.0082
vn -0.9510 -0.2117 0.2255
vn 0.0007 -1.0000 0.0036
vn -0.0819 0.9851 0.1513
vn 0.7544 0.1812 0.6309
vn 0.3808 -0.9246 0.0025
vn -0.9227 -0.0064 -0.3856
vn -0.8923 0.0648 -0.4467
vn 0.7352 -0.1273 -0.6658
vn 0.2320 -0.1958 -0.9528
vn -0.0000 -1.0000 -0.0001
vn -0.5395 0.0484 0.8406
vn 0.0213 0.9997 0.0152
vn 0.2240 -0.8783 -0.4225
vn 0.1255 -0.9921 0.0063
vn 0.1482 0.9129 -0.3804
vn 0.8966 0.0730 -0.4368
vn 0.0071 0.9730 0.2307
vn -0.9874 0.1549 -0.0310
vn 0.8640 0.1594 -0.4776
vn 0.7684 -0.5817 -0.2668
vn 0.7582 0.2166 0.6150
vn -0.2242 -0.5930 0.7733
vn 0.3857 0.7883 -0.4794
vn -0.8022 0.2634 -0.5359
vn -0.6742 -0.5524 -0.4902
vn 0.6322 -0.3499 0.6913
vn 0.8365 0.5153 -0.1863
vn 0.8651 0.0456 -0.4995
vn -0.2079 0.8498 0.4844
vn -0.5267 -0.8178 -0.2318
vn -0.4047 -0.8266 -0.3911
vn -0.0058 0.3362 0.9418
vn -0.9061 0.2988 0.2997
vn 0.7583 0.4776 -0.4437
vn 0.1598 0.9393 0.3037
vn -0.2434 0.9373 0.2495
vn -0.8666 0.2622 0.4247
vn -0.6569 -0.1711 0.7343
vn -0.9598 -0.0684 -0.2723
vn -0.9609 -0.0212 -0.2762
vn -0.4615 0.6818 -0.5676
vn 0.0034 0.4494 -0.8933
vn -0.2737 0.8255 -0.4936
vn 0.7590 -0.2945 -0.5807
vn -0.8864 0.1796 0.4267
vn -0.8604 0.1627 -0.4830
vn 0.6022 -0.3704 0.7073
vn -0.9890 0.1181 0.0887
vn -0.9003 -0.0330 -0.4341
vn -0.8121 0.4176 -0.4077
vn 0.6017 0.1229 0.7892
vn 0.8068 0.2593 -0.5309
vn -0.6158 0.5946 0.5169
vn 0.6530 -0.3426 -0.6755
vn 0.5366 0.2407 0.8088
vn 0.0625 -0.9887 0.1364
vn 0.0731 -0.9887 0.1307
vn 0.8403 0.0439 -0.5403
vn 0.9048 -0.0250 -0.4251
vn 0.9583 0.2292 0.1710
vn -0.5611 0.7175 -0.4127
vn 0.5981 0.4253 -0.6793
vn 0.6088 0.7864 -0.1049
vn -0.8896 -0.3449 0.2994
vn 0.8647 0.2332 0.4448
vn -0.8477 0.4521 -0.2775
vn 0.8004 0.4776 -0.3624
vn -0.3599 0.6156 0.7011
vn 0.4997 0.8650 0.0452
vn 0.5510 -0.8333 0.0442
vn 0.4854 -0.3590 0.7972
vn -0.2898 -0.6658 -0.6876
vn 0.8577 -0.4901 0.1555
vn 0.8738 0.4718 0.1181
vn -0.7158 0.5211 0.4649
vn 0.5479 -0.2777 0.7891
vn -0.2842 0.8920 0.3515
vn -0.6760 0.6618 0.3240
vn 0.5036 0.7472 0.4338
vn -0.3081 -0.3675 0.8775
vn 0.8716 0.4451 0.2053
vn 0.9723 -0.0282 0.2320
vn -0.9364 0.1578 -0.3135
vn -0.2334 0.7850 -0.5738
vn -0.8513 0.3259 -0.4112
vn -0.7636 -0.3684 -0.5304
vn -0.6570 0.2945 0.6940
vn 0.8630 0.3545 -0.3599
vn 0.3497 -0.9323 0.0926
vn 0.5795 -0.4273 -0.6939
vn -0.9571 -0.1350 0.2565
vn -0.0931 -0.9953 -0.0276
vn -0.8357 -0.0127 0.5491
vn -0.2693 -0.9630 -0.0141
vn -0.9231 -0.3626 0.1279
vn 0.7254 0.1036 0.6805
vn -0.5475 -0.8141 0.1936
vn 0.2298 -0.9698 -0.0816
vn -0.3482 0.5634 0.7492
vn 0.8169 0.4873 0.3087
vn -0.8553 0.4378 0.2770
vn 0.5912 -0.6647 -0.4567
vn -0.9128 0.1024 0.3953
vn -0.0115 0.6244 0.7810
vn 0.9597 0.1245 -0.2520
vn 0.8945 0.3140 0.3182
vn 0.5577 0.5445 0.6265
vn -0.9443 0.2885 0.1584
vn -0.9643 0.1768 -0.1970
vn 0.2885 -0.9505 -0.1153
vn -0.3134 -0.2262 0.9223
vn 0.8508 0.2806 -0.4444
vn -0.5206 0.6516 -0.5517
vn 0.8170 0.2559 0.5168
vn 0.9186 -0.1518 -0.3648
vn -0.0703 0.6632 0.7451
vn 0.6819 -0.0298 0.7308
vn 0.7936 0.5752 -0.1981
vn 0.9594 -0.0903 -0.2673
vn 0.9434 -0.0799 0.3218
vn 0.8388 -0.3914 0.3784
vn -0.0963 -0.9731 -0.2095
vn -0.8702 0.0363 -0.4914
vn -0.3884 0.7612 0.5193
vn -0.9979 0.0646 -0.0041
vn 0.1163 -0.7619 0.6372
vn 0.4747 0.3643 0.8012
vn -0.8859 0.4626 -0.0331
vn -0.4466 -0.8934 -0.0479
vn -0.9641 -0.0120 -0.2654
vn 0.7571 -0.5883 -0.2842
vn 0.8368 0.4038 -0.3699
vn -0.9749 -0.0388 0.2193
vn 0.6002 -0.7839 0.1590
vn 0.4001 -0.6887 0.6047
vn -0.2410 0.3750 0.8951
vn -0.7261 -0.3383 -0.5986
vn 0.8230 -0.4382 0.3615
vn -0.6326 -0.3801 -0.6748
vn 0.0435 -0.9963 0.0744
vn -0.8602 0.0357 -0.5087
vn 0.8999 -0.0023 0.4362
vn -0.9784 -0.1663 0.1224
vn 0.0877 -0.9952 -0.0424
vn -0.8076 0.4438 0.3883
vn 0.0334 -0.9903 0.1351
vn -0.0549 -0.2905 0.9553
vn 0.9176 -0.0881 -0.3875
vn 0.0309 -0.9985 -0.0456
vn 0.8065 -0.0244 0.5907
vn -0.0924 -0.9850 -0.1455
vn -0.8149 0.0734 0.5750
vn -0.3840 -0.0615 0.9213
vn -0.4342 -0.8979 0.0722
vn -0.1323 -0.9833 -0.1249
vn -0.5525 -0.3885 0.7374
vn 0.7335 0.4858 0.4754
vn 0.9707 0.2346 0.0525
vn -0.4403 -0.0724 -0.8949
vn 0.9538 0.2019 -0.2224
vn -0.9435 0.1457 -0.2978
vn 0.1924 0.0718 -0.9787
vn 0.2195 0.9709 0.0956
vn 0.9889 -0.1467 -0.0231
vn 0.7038 -0.6754 0.2203
vn -0.9519 -0.1091 0.2862
vn -0.7180 0.5342 -0.4463
vn 0.7375 -0.2601 -0.6232
vn -0.2607 0.6493 -0.7144
vn -0.3257 -0.8942 0.3070
vn 0.8705 0.4702 -0.1454
vn -0.4844 0.4666 0.7400
vn 0.4379 -0.6647 -0.6054
vn 0.4020 -0.8099 -0.4273
vn -0.1148 -0.9801 -0.1622
vn -0.2198 0.7760 0.5912
vn -0.3953 0.1870 0.8993
vn 0.4940 0.8684 0.0439
vn -0.2395 0.9636 0.1184
vn 0.6051 0.1654 -0.7788
vn -0.7278 0.6744 -0.1244
vn 0.7936 0.1384 0.5925
vn -0.6675 -0.2190 0.7117
vn 0.0270 0.8300 -0.5572
vn 0.6362 0.3288 -0.6979
vn 0.1106 0.0394 -0.9931
vn -0.8467 0.1586 -0.5079
vn -0.1839 0.2180 -0.9585
vn 0.2725 -0.4231 0.8641
vn 0.4320 0.5331 0.7274
vn -0.2928 -0.6831 0.6691
vn 0.5721 -0.6856 0.4501
vn 0.3950 0.5329 0.7483
vn 0.9835 0.1366 0.1183
vn -0.1712 -0.9754 0.1386
vn -0.5386 -0.5682 -0.6221
vn 0.0992 0.9821 -0.1601
vn 0.0685 -0.5185 -0.8523
vn -0.8544 -0.5195 -0.0024
vn -0.8765 0.3369 0.3439
vn 0.4658 -0.4516 0.7610
vn -0.9694 -0.1870 0.1589
vn 0.0522 0.0782 0.9956
vn -0.6744 -0.1451 -0.7240
vn -0.5438 -0.5881 -0.5987
vn 0.2659 0.9630 0.0443
vn 0.1717 0.8965 0.4084
vn 0.3261 -0.9441 0.0479
vn 0.9475 0.2394 -0.2120
vn 0.1334 0.0205 0.9909
vn 0.0278 -0.9604 -0.2772
vn 0.9364 -0.2663 0.2287
vn -0.3090 -0.9505 0.0315
vn 0.0244 -0.9648 0.2617
vn 0.0288 0.9779 -0.2070
vn 0.3313 0.9153 0.2291
vn -0.9775 -0.0123 0.2104
vn 0.2819 0.9588 0.0344
vn -0.7338 0.2651 0.6255
vn 0.1669 -0.9259 0.3390
vn -0.2251 0.9383 0.2626
vn 0.2999 0.9326 -0.2006
vn -0.3728 -0.1389 -0.9175
vn -0.0089 0.9999 0.0062
vn -0.6173 0.0614 -0.7843
vn 0.3514 0.4218 -0.8358
vn -0.1809 -0.9447 -0.2735
vn -0.5185 0.8502 -0.0915
vn -0.1754 -0.9640 -0.1999
vn 0.0044 1.0000 0.0070
vn -0.2669 -0.9626 0.0472
vn 0.1453 0.7174 -0.6813
vn 0.8444 0.4149 -0.3391
vn 0.9445 0.1168 0.3072
vn -0.3452 0.3566 0.8682
vn -0.2222 0.9470 -0.2320
vn -0.3205 0.4915 0.8098
vn -0.1398 -0.9445 0.2974
vn -0.8822 0.4650 -0.0747
vn 0.1769 -0.0011 0.9842
vn -0.7635 0.0199 -0.6455
vn -0.1782 0.8641 0.4707
vn 0.0826 0.9799 0.1816
vn -0.1280 0.9772 0.1693
vn 0.9770 -0.1280 0.1702
vn 0.9996 -0.0274 0.0014
vn 0.2284 -0.8558 -0.4642
vn 0.3119 -0.0237 0.9498
vn -0.7339 0.1844 0.6538
vn -0.7838 0.2444 0.5709
vn 0.2845 -0.9560 0.0717
vn 0.7615 0.5153 -0.3931
vn -0.5038 0.8049 0.3136
vn -0.9324 0.2469 -0.2640
vn -0.6478 -0.0317 0.7611
vn 0.9170 0.2390 0.3195
vn -0.8312 0.3192 0.4552
vn 0.0082 -1.0000 0.0042
vn -0.2805 0.5432 0.7914
vn 0.1901 0.9237 0.3326
vn 0.5054 -0.1040 -0.8566
vn -0.4011 0.9013 0.1636
vn 0.7467 0.6127 0.2589
vn -0.0817 0.9479 -0.3078
vn 0.2597 0.1698 0.9506
vn 0.5943 0.7953 0.1198
vn 0.6366 -0.7706 -0.0287
vn 0.0040 -1.0000 0.0047
vn 0.7615 0.5155 -0.3929
vn -0.2809 0.8784 -0.3868
vn 0.1637 0.1417 -0.9763
vn -0.7975 0.1441 -0.5858
vn 0.8998 0.4029 0.1674
vn -0.4543 0.3006 -0.8386
vn -0.2202 0.7770 0.5898
vn 0.0478 0.2059 -0.9774
vn 0.4774 0.0532 0.8771
vn -0.2228 0.9748 0.0072
vn 0.6073 0.6807 0.4097
vn -0.4305 0.2278 0.8734
vn 0.5839 0.6670 -0.4628
vn -0.0057 0.3513 -0.9362
vn -0.0700 0.9873 -0.1426
vn -0.0082 0.7690 -0.6392
vn -0.0087 -0.9999 -0.0138
vn 0.2637 0.8870 -0.3791
vn -0.5043 0.8508 0.1475
vn 0.2593 -0.1324 0.9567
vn 0.1542 0.8536 0.4976
vn 0.7755 0.3576 -0.5203
vn -0.5862 0.6864 -0.4305
vn -0.8041 0.3668 -0.4679
vn -0.5826 -0.0639 0.8103
vn 0.4803 0.3434 -0.8071
vn 0.5857 0.7114 -0.3885
vn 0.4786 0.8539 -0.2046
vn -0.5598 0.1328 -0.8179
vn -0.8092 0.5855 0.0478
vn 0.3273 0.7614 0.5596
vn 0.1517 0.9879 -0.0325
vn -0.0078 0.7700 -0.6380
vn 0.1618 0.2585 0.9524
vn 0.4901 0.7808 -0.3876
vn -0.1894 0.0592 -0.9801
vn 0.0043 -1.0000 0.0070
vn 0.6339 -0.0959 -0.7674
vn -0.2567 -0.2991 -0.9191
vn -0.3318 0.5975 -0.7300
vn -0.9194 0.2903 0.2654
vn -0.1049 0.9348 -0.3392
vn -0.2192 0.8661 0.4493
vn -0.9861 0.0953 0.1358
vn 0.9341 0.1854 0.3050
vn -0.0068 -1.0000 -0.0021
vn -0.6106 0.3080 -0.7296
vn 0.1556 -0.9824 -0.1031
vn -0.3789 0.9251 -0.0255
vn -0.4669 0.8770 0.1137
vn 0.8030 -0.5205 0.2903
vn -0.2795 0.7293 0.6244
vn -0.3191 -0.6536 -0.6863
vn 0.0035 -0.9954 0.0962
vn 0.0168 0.8005 -0.5991
vn -0.1371 -0.9901 -0.0315
vn 0.7699 0.6075 0.1957
vn 0.0994 0.9939 0.0485
vn -0.0257 -0.6770 -0.7355
vn -0.0184 -0.9998 0.0121
vn 0.0468 0.9988 0.0112
vn -0.0179 -0.9998 0.0127
vn 0.4943 0.6868 0.5329
vn 0.3715 0.7661 0.5245
vn 0.0531 -0.9800 -0.1917
vn -0.2025 -0.9702 -0.1334
vn -0.1327 0.9527 0.2733
vn -0.3137 0.6955 0.6464
vn 0.5761 -0.6546 -0.4895
vn 0.1898 0.8794 -0.4366
vn 0.5875 -0.7634 -0.2685
vn -0.4692 -0.7763 -0.4209
vn -0.0094 -0.9128 -0.4084
vn -0.3753 -0.9174 0.1324
vn 0.0888 -0.3333 0.9386
vn -0.0489 0.6737 0.7374
vn 0.0052 -1.0000 -0.0062
vn -0.6996 -0.3750 0.6082
vn -0.8198 0.2123 0.5319
vn 0.0122 -0.9966 -0.0813
vn 0.7362 0.6712 -0.0869
vn -0.0009 0.7857 -0.6186
vn 0.8302 -0.0050 0.5574
vn 0.3907 -0.1182 -0.9129
vn 0.0355 -0.9985 -0.0427
vn -0.0863 -0.9635 0.2534
vn -0.5224 -0.7993 0.2970
vn 0.4263 0.7593 -0.4917
vn -0.4814 0.6551 -0.5824
vn 0.5768 0.7969 -0.1796
vn -0.6683 -0.7236 -0.1728
vn -0.1829 -0.9746 -0.1295
vn -0.6237 -0.7301 0.2794
vn -0.2525 0.0609 0.9657
vn -0.7260 0.4847 0.4878
vn -0.2115 0.7744 0.5963
vn -0.4321 -0.7976 -0.4209
vn 0.2030 -0.4127 -0.8880
vn 0.0877 0.8676 0.4896
vn -0.0858 -0.6738 0.7340
vn -0.3563 0.1311 0.9251
vn -0.1702 0.9430 0.2861
vn 0.7145 0.1936 -0.6723
vn 0.0038 -1.0000 -0.0056
vn -0.6174 -0.2159 0.7565
vn -0.2896 0.9404 0.1781
vn 0.0683 -0.7574 -0.6493
vn 0.0881 0.9433 0.3199
vn -0.5770 0.7471 -0.3299
vn 0.2589 -0.5745 -0.7765
vn 0.8239 -0.5667 0.0064
vn -0.5554 -0.8235 -0.1157
vn -0.6738 0.0389 0.7379
vn 0.4439 -0.8961 -0.0053
vn 0.7143 -0.2880 0.6378
vn 0.8982 -0.3886 -0.2056
vn -0.3605 0.9269 0.1044
vn -0.7111 -0.6340 0.3038
vn 0.2986 0.6114 0.7328
vn -0.3401 0.6089 -0.7166
vn 0.1011 -0.6872 0.7194
vn -0.8972 -0.0506 -0.4386
vn -0.1202 -0.0167 -0.9926
vn 0.6727 0.2077 -0.7102
vn -0.3214 -0.1261 0.9385
vn 0.8333 0.5507 -0.0492
vn -0.4210 0.3147 -0.8507
vn 0.1159 -0.8944 -0.4319
vn 0.7619 -0.2597 -0.5934
vn 0.1466 -0.9311 0.3341
vn -0.5672 0.6231 0.5385
vn -0.5469 -0.8131 -0.1996
vn -0.9821 0.1427 -0.1231
vn 0.1189 0.7482 -0.6527
vn -0.1749 -0.5904 0.7880
vn 0.5840 -0.3301 0.7416
vn -0.5686 0.6249 0.5350
vn 0.8083 0.4147 0.4180
vn -0.9877 0.1386 -0.0723
vn 0.2592 0.9354 -0.2406
vn 0.8803 0.4398 0.1778
vn -0.6790 -0.5543 -0.4814
vn 0.1659 0.2959 0.9407
vn 0.4862 0.3074 -0.8180
vn -0.8956 -0.2327 0.3792
vn -0.1167 -0.2853 -0.9513
vn 0.2092 0.5582 0.8029
vn -0.0147 0.9951 0.0976
vn -0.3277 0.8666 -0.3765
vn 0.3534 -0.9173 0.1832
vn 0.3038 0.6822 -0.6650
vn 0.1623 -0.9629 0.2156
vn 0.8517 0.1128 0.5117
vn 0.0265 0.9147 0.4033
vn -0.2740 -0.9215 -0.2752
vn 0.0225 -0.9500 0.3114
vn 0.3470 0.0844 0.9341
vn -0.2566 0.9664 -0.0177
vn 0.2914 0.9492 0.1188
vn 0.0751 -0.9504 -0.3017
vn 0.4274 0.8748 0.2282
vn 0.1472 0.9761 -0.1598
vn -0.2103 -0.4883 0.8470
vn 0.6069 0.6803 0.4110
vn -0.2234 -0.9719 -0.0744
vn -0.8728 0.4055 -0.2715
vn -0.7132 0.5163 -0.4741
vn 0.2486 0.9315 -0.2655
vn 0.0797 0.9100 -0.4069
vn -0.1438 -0.7967 0.5870
vn 0.2178 -0.9691 -0.1157
vn -0.9621 0.0167 0.2721
vn -0.9900 -0.0550 -0.1297
vn -0.8045 0.3230 -0.4984
vn 0.1242 -0.9359 -0.3297
vn 0.6310 -0.0869 -0.7709
vn 0.1332 0.0754 -0.9882
vn 0.6692 0.5278 -0.5231
vn 0.2152 0.9717 -0.0972
vn -0.4078 -0.9005 0.1508
vn -0.3863 0.9057 0.1746
vn -0.4936 0.7522 -0.4366
vn 0.6012 -0.3962 0.6940
vn -0.2839 -0.2973 0.9116
vn -0.5873 0.5860 0.5583
vn -0.6639 0.0568 0.7456
vn -0.0224 0.9772 -0.2114
vn 0.2225 -0.9657 -0.1336
vn 0.7010 0.0868 -0.7078
vn -0.9910 0.0933 -0.0957
vn 0.1121 0.9547 0.2756
vn -0.1801 0.3987 -0.8992
vn -0.7545 0.4067 -0.5152
vn -0.2791 0.9510 0.1331
vn 0.9530 0.1282 -0.2744
vn 0.0515 0.9858 0.1601
vn 0.7680 0.1680 0.6180
vn 0.5987 -0.1081 0.7936
vn -0.7366 -0.0676 -0.6730
vn 0.1948 0.4730 0.8592
vn 0.2570 -0.3633 -0.8955
vn 0.9162 -0.1585 -0.3679
vn -0.3947 0.8756 -0.2784
vn -0.6037 0.6647 -0.4401
vn 0.0075 -1.0000 0.0003
vn 0.6683 0.1438 -0.7299
vn 0.8887 0.1733 -0.4244
vn 0.8097 -0.1493 0.5675
vn 0.0071 0.8380 0.5456
vn -0.0033 -1.0000 0.0025
vn 0.6140 0.5141 0.5989
vn 0.4394 0.8863 -0.1459
vn 0.0045 -1.0000 -0.0017
vn -0.2503 0.7480 -0.6148
vn -0.9428 0.2573 -0.2119
vn 0.4997 0.3482 -0.7931
vn -0.7648 0.1139 0.6341
vn 0.4563 0.5260 -0.7177
vn -0.0001 -1.0000 0.0028
vn 0.2999 0.8242 -0.4804
vn -0.0333 0.8824 0.4693
vn -0.3307 0.9345 0.1318
vn -0.2419 0.1812 -0.9532
vn 0.2943 0.8285 -0.4765
vn -0.9019 0.1242 0.4137
vn 0.9531 0.2815 -0.1115
vn 0.0943 0.0290 0.9951
vn 0.4456 0.4899 -0.7493
vn -0.7080 -0.0897 0.7004
vn -0.4305 0.7876 0.4409
vn 0.1134 0.6066 0.7868
vn 0.3239 0.0344 -0.9455
vn -0.0682 0.2857 0.9559
vn -0.1041 0.8704 -0.4812
vn -0.9200 0.3206 -0.2254
vn 0.7308 0.6391 0.2396
vn 0.3843 0.8351 0.3936
vn -0.8163 0.3230 0.4788
vn -0.4041 0.2243 -0.8868
vn 0.3418 0.8976 0.2785
vn 0.1944 0.9250 0.3265
vn -0.9494 0.2118 -0.2320
vn 0.6715 0.7369 -0.0787
vn 0.2024 0.9242 -0.3238
vn 0.0349 0.1440 0.9890
vn -0.2061 0.9785 -0.0039
vn -0.8361 0.1046 -0.5386
vn -0.0126 -0.9999 -0.0028
vn 0.6902 0.1759 0.7019
vn -0.3531 0.3013 -0.8858
vn 0.3463 -0.7899 -0.5062
vn -0.1893 -0.9765 -0.1029
vn -0.7458 -0.5592 0.3621
vn -0.8139 -0.4731 0.3372
vn -0.3661 -0.9257 -0.0954
vn -0.2760 0.4015 0.8733
vn -0.2628 0.9625 0.0678
vn -0.2748 0.7348 -0.6202
vn -0.2587 0.9593 -0.1134
vn -0.1832 -0.9728 0.1416
vn 0.4114 -0.8039 -0.4295
vn -0.3089 0.8098 -0.4988
vn 0.4622 0.7867 -0.4091
vn -0.7110 0.3776 0.5933
vn 0.2224 0.6435 0.7324
vn 0.1571 0.9029 -0.4000
vn -0.2189 -0.6785 0.7013
vn 0.0098 -0.9884 0.1517
vn -0.4063 0.8052 -0.4319
vn -0.2754 0.9592 0.0639
vn 0.2689 -0.9546 -0.1284
vn -0.5524 -0.7630 0.3357
vn 0.0038 -0.9999 -0.0155
vn 0.0104 0.4519 -0.8920
vn -0.3246 0.6329 0.7029
vn 0.5781 -0.6650 0.4729
vn -0.3791 -0.9220 -0.0788
vn 0.6602 0.6974 -0.2788
vn -0.0002 0.6810 -0.7322
vn 0.2143 0.2648 -0.9402
vn -0.6637 0.7278 0.1729
vn 0.0516 0.9319 0.3590
vn 0.2573 0.6818 0.6848
vn 0.1803 -0.8829 0.4335
vn -0.4772 -0.4696 0.7429
vn 0.3726 0.7014 -0.6076
vn 0.7624 0.5250 0.3783
vn 0.0633 -0.3665 -0.9283
vn -0.1741 0.9838 -0.0419
vn -0.0370 -0.9991 -0.0186
vn -0.6305 0.7538 0.1854
vn -0.2524 -0.9383 0.2364
vn -0.1634 0.6548 0.7380
vn 0.5449 0.8317 0.1070
vn 0.1825 0.9780 0.1007
vn 0.7129 0.1641 -0.6817
vn 0.2563 0.9369 -0.2377
vn -0.1190 0.9896 -0.0802
vn -0.4977 -0.1518 -0.8540
vn -0.1837 -0.9776 -0.1023
vn 0.5838 0.8011 -0.1320
vn -0.4097 -0.4039 0.8179
vn -0.0335 -0.2352 0.9714
vn -0.0091 -0.9998 0.0179
vn 0.4789 -0.5541 -0.6810
vn 0.0255 0.9462 -0.3224
vn -0.4855 -0.6097 0.6266
vn -0.5476 0.7303 -0.4085
vn -0.1881 0.9814 -0.0373
vn 0.9628 -0.0017 0.2703
vn 0.7784 0.5095 -0.3667
vn 0.0037 -0.9979 0.0642
vn 0.4150 -0.7775 -0.4726
vn -0.1815 0.0559 0.9818
vn -0.2904 -0.7613 -0.5797
vn 0.1377 -0.9438 0.3004
vn 0.6632 -0.7294 0.1675
vn -0.0941 -0.1698 0.9810
vn 0.7791 -0.6269 0.0055
vn 0.0182 -0.9985 0.0521
vn 0.0434 -0.9668 0.2520
vn -0.0077 0.9999 0.0112
vn -0.0146 -0.9990 0.0427
vn 0.2495 -0.8766 0.4115
vn 0.0941 -0.8035 0.5879
vn 0.7482 -0.5471 -0.3754
vn 0.3672 -0.9276 -0.0686
vn -0.3470 -0.1767 0.9211
vn 0.2947 0.4568 -0.8393
vn 0.7605 0.6155 -0.2071
vn -0.3777 0.9255 0.0278
vn -0.1939 0.9741 -0.1163
vn 0.0291 -0.7232 0.6901
vn 0.0724 0.4298 -0.9000
vn -0.0473 0.9577 0.2840
vn 0.7089 0.1676 -0.6851
vn -0.0115 0.9929 -0.1187
vn -0.7162 0.4467 0.5362
vn -0.1888 -0.9789 -0.0775
vn -0.0201 0.9930 -0.1164
vn -0.1238 -0.2532 0.9595
vn 0.1465 -0.9636 0.2237
vn 0.3648 -0.9305 -0.0323
vn -0.0039 1.0000 -0.0048
vn -0.4454 0.7692 -0.4582
vn -0.5552 -0.1212 0.8228
vn -0.3362 0.8651 0.3722
vn -0.7662 -0.3773 -0.5202
vn 0.4246 0.9037 -0.0549
vn 0.2105 0.9036 0.3732
vn 0.8922 -0.3640 -0.2673
vn -0.5163 0.1239 -0.8474
vn -0.6564 0.6323 0.4116
vn 0.9093 0.1736 0.3782
vn -0.3284 0.7252 -0.6052
vn -0.1170 0.8634 -0.4908
vn 0.5899 0.6495 -0.4798
vn 0.5543 -0.3172 -0.7695
vn 0.3398 0.3002 -0.8913
vn -0.2333 0.9721 -0.0249
vn -0.2604 -0.9219 0.2869
vn -0.1050 -0.9938 -0.0377
vn -0.6712 0.2968 -0.6793
vn 0.4071 -0.9116 -0.0575
vn 0.8809 0.4673 -0.0748
vn -0.6912 -0.0562 0.7205
vn -0.0521 0.0649 0.9965
vn 0.1991 0.9798 -0.0170
vn -0.3372 0.8360 0.4328
vn -0.2612 -0.9199 0.2926
vn 0.0654 -0.9401 -0.3345
vn 0.3140 0.9451 -0.0904
vn 0.3421 0.9245 0.1683
vn -0.2600 0.9649 -0.0368
vn -0.0601 0.9819 -0.1797
vn 0.8468 0.4904 0.2057
vn -0.3481 -0.2838 -0.8935
vn -0.6228 0.5177 0.5866
vn 0.7097 0.1680 -0.6841
vn 0.0061 0.9777 0.2098
vn 0.3922 0.7792 0.4888
vn -0.3163 0.1118 -0.9421
vn -0.0019 -0.0687 -0.9976
vn 0.6241 0.6205 -0.4749
vn -0.8075 0.5820 -0.0957
vn -0.9740 0.2263 0.0100
vn 0.0465 0.0597 0.9971
vn -0.9358 0.3453 0.0707
vn 0.8351 0.1205 0.5367
vn 0.9826 -0.1857 -0.0014
vn -0.2055 0.4070 -0.8900
vn 0.0928 0.5543 0.8271
vn -0.8091 -0.0148 0.5875
vn 0.7429 0.4916 -0.4543
vn -0.1187 0.8875 -0.4453
vn 0.7400 -0.0462 0.6710
vn -0.0001 0.9798 0.1999
vn -0.7759 0.1909 -0.6013
vn 0.8636 0.1036 0.4934
vn 0.7702 0.6096 -0.1874
vn -0.9553 0.1142 -0.2726
vn 0.0024 -1.0000 0.0043
vn -0.0023 -1.0000 0.0006
vn 0.2925 0.9205 0.2590
vn -0.9638 -0.0905 -0.2509
vn 0.0051 -1.0000 -0.0084
vn -0.9345 0.3515 0.0564
vn 0.2199 0.5667 -0.7941
vn 0.9920 0.0717 -0.1041
vn 0.1832 0.8622 0.4723
vn 0.2672 0.4110 0.8716
vn 0.0036 -0.9998 0.0216
vn -0.6282 0.3378 -0.7009
vn 0.9143 0.3206 0.2475
vn -0.3121 -0.9477 0.0665
vn -0.2220 0.9474 0.2305
vn -0.2512 0.4858 -0.8372
vn -0.4910 0.8695 -0.0536
vn 0.9100 0.3460 -0.2285
vn 0.9402 -0.0725 0.3329
vn 0.4563 0.8133 -0.3609
vn 0.4005 0.8839 -0.2415
vn -0.2253 0.9742 0.0158
vn -0.5818 0.3299 0.7434
vn 0.2427 0.4224 -0.8733
vn -0.4711 -0.7671 0.4355
vn 0.2452 0.7674 -0.5924
vn -0.3859 0.8759 -0.2896
vn -0.0401 0.3563 0.9335
vn 0.8034 0.1624 0.5729
vn -0.5925 -0.2470 -0.7668
vn -0.0463 0.1333 0.9900
vn 0.0008 -1.0000 0.0001
vn -0.1165 -0.1416 0.9830
vn -0.5830 0.2061 0.7859
vn 0.5241 -0.0023 -0.8517
vn 0.5049 0.7995 -0.3254
vn -0.1825 -0.9830 -0.0222
vn -0.3424 0.4542 0.8225
vn -0.4651 0.8836 0.0546
vn -0.6570 0.7320 0.1805
vn -0.6019 -0.7061 -0.3730
vn -0.0822 0.9555 -0.2832
vn 0.3023 -0.7831 0.5435
vn -0.1067 0.5177 -0.8489
vn -0.1170 0.4953 0.8608
vn 0.5530 0.7609 0.3393
vn 0.0752 0.7022 -0.7080
vn -0.0106 -0.9999 0.0049
vn -0.2436 -0.8675 -0.4336
vn 0.0975 -0.9516 -0.2915
vn 0.2146 0.9707 -0.1080
vn 0.2982 -0.4584 -0.8372
vn -0.6926 -0.7209 0.0255
vn -0.7588 -0.3466 -0.5514
vn 0.6456 0.6323 0.4283
vn -0.0044 -0.9999 0.0093
vn -0.5088 -0.3292 0.7955
vn 0.4659 0.7419 -0.4822
vn -0.1807 0.7708 -0.6110
vn -0.1106 -0.7889 -0.6045
vn -0.0228 -0.7730 -0.6341
vn 0.9769 -0.2008 0.0731
vn 0.0029 -1.0000 0.0094
vn 0.1678 0.9700 -0.1758
vn 0.1808 0.7395 0.6484
vn 0.1111 0.8395 0.5318
vn -0.2748 0.4556 0.8467
vn -0.0303 0.9995 0.0024
vn 0.3467 0.9380 0.0030
vn -0.2610 0.8633 -0.4319
vn 0.4207 0.3269 -0.8463
vn -0.5753 0.7678 0.2820
vn -0.6003 0.7740 0.2014
vn 0.0391 0.2677 0.9627
vn 0.0655 0.8811 0.4684
vn 0.0885 0.2243 -0.9705
vn -0.9027 0.4301 -0.0110
vn 0.4178 0.9002 -0.1229
vn -0.0130 -0.9999 0.0068
vn 0.4796 -0.8529 -0.2062
vn 0.4349 0.0477 0.8992
vn -0.0305 0.7231 -0.6901
vn -0.1212 -0.9674 -0.2222
vn -0.5100 0.4828 -0.7119
vn -0.1825 -0.9813 0.0612
vn 0.5306 -0.7532 -0.3888
vn 0.7849 0.6171 -0.0559
vn 0.3710 -0.7384 0.5632
vn 0.5229 0.6771 -0.5178
vn -0.4615 0.4671 0.7542
vn -0.4930 0.8293 0.2629
vn -0.2045 -0.8130 -0.5451
vn 0.6420 -0.2806 0.7135
vn -0.5573 -0.8161 0.1532
vn -0.2850 -0.4765 -0.8317
vn 0.0886 -0.9957 0.0263
vn 0.3727 -0.6999 -0.6093
vn -0.1451 0.7880 -0.5983
vn 0.6676 -0.6144 -0.4205
vn 0.3115 -0.9334 0.1782
vn 0.0335 -0.9990 0.0298
vn 0.7470 -0.6367 0.1916
vn -0.6511 0.6607 0.3736
vn -0.1707 0.8474 -0.5028
vn 0.1716 -0.1105 0.9790
vn 0.1644 -0.8574 0.4876
vn -0.0706 -0.6077 0.7910
vn 0.0610 0.4326 0.8995
vn 0.7102 -0.7039 0.0153
vn 0.6930 -0.0029 0.7209
vn 0.6692 0.5581 -0.4906
vn -0.5550 0.5292 0.6418
vn 0.9265 0.1962 0.3212
vn -0.3129 -0.9393 -0.1404
vn 0.1631 0.1392 -0.9768
vn -0.6363 -0.5138 0.5755
vn 0.3480 0.7228 -0.5971
vn 0.1963 0.6405 -0.7425
vn 0.0341 -0.9946 0.0978
vn 0.1755 0.9628 0.2057
vn 0.1237 0.9807 -0.1514
vn 0.4959 -0.5839 -0.6428
vn 0.8351 -0.0212 -0.5497
vn -0.0586 -0.5085 0.8591
vn -0.8137 -0.3711 0.4474
vn -0.5096 0.7199 0.4713
vn -0.9210 0.2398 -0.3071
vn 0.6269 -0.2815 -0.7264
vn -0.2781 -0.9586 -0.0612
vn -0.4241 -0.1630 -0.8908
vn -0.4933 0.5000 0.7118
vn 0.9916 -0.1293 0.0018
vn -0.8098 -0.4144 -0.4153
vn -0.6776 0.5413 -0.4978
vn -0.8211 -0.4033 -0.4039
vn -0.8836 0.2084 0.4194
vn 0.6072 -0.7889 -0.0943
vn -0.4281 -0.1788 -0.8859
vn 0.0847 -0.5830 0.8081
vn -0.5936 0.5091 -0.6233
vn 0.3974 0.8113 0.4288
vn 0.1384 0.4569 0.8787
vn 0.1422 -0.6824 -0.7170
vn 0.4413 -0.4949 0.7485
vn -0.5827 0.7639 -0.2774
vn 0.8351 0.4934 0.2434
vn -0.4162 -0.4627 0.7828
vn -0.3371 -0.9177 0.2101
vn 0.3787 0.1870 -0.9064
vn 0.6387 0.6522 -0.4082
vn 0.7533 0.5910 0.2885
vn 0.2090 0.9659 0.1527
vn 0.3862 0.1034 -0.9166
vn -0.6467 0.1809 -0.7410
vn -0.7666 0.4173 0.4880
vn 0.3424 0.7357 -0.5844
vn -0.0310 0.9496 0.3119
vn 0.1313 0.9640 0.2312
vn 0.6809 -0.1097 0.7241
vn -0.8999 0.0520 -0.4330
vn 0.5279 0.8396 -0.1279
vn -0.5983 0.1718 0.7826
vn 0.1478 -0.9723 -0.1812
vn -0.2480 -0.9627 -0.1077
vn -0.2613 -0.9598 -0.1024
vn -0.1353 -0.9652 0.2237
vn -0.1733 0.9620 0.2108
vn -0.1566 0.9173 -0.3661
vn -0.9021 0.3937 -0.1765
vn -0.5600 0.6113 0.5592
vn -0.3024 0.9410 -0.1517
vn 0.9639 0.2334 0.1285
vn -0.3283 0.8806 0.3418
vn 0.0048 -0.9310 0.3650
vn -0.2189 0.9747 0.0459
vn -0.1259 0.2704 -0.9545
vn 0.2154 0.2351 0.9478
vn 0.1543 0.9224 -0.3539
vn 0.6180 0.2154 -0.7561
vn 0.3004 0.1428 -0.9431
vn -0.5527 0.5138 0.6561
vn 0.2024 0.9540 0.2213
vn -0.1222 -0.9411 -0.3152
vn 0.1664 0.9606 -0.2224
vn 0.2966 0.1499 -0.9432
vn -0.8579 0.4577 -0.2335
vn -0.6632 0.4722 -0.5806
vn 0.8412 0.5400 -0.0275
vn 0.2072 0.3168 0.9256
vn -0.9866 -0.0318 0.1603
vn 0.3092 -0.9486 -0.0670
vn -0.2673 0.9472 0.1772
vn -0.6549 0.1073 0.7481
vn -0.6441 0.6037 -0.4697
vn 0.2973 0.1506 -0.9428
vn 0.7366 0.1391 0.6618
vn -0.3873 0.8307 -0.3999
vn 0.1827 -0.9668 0.1789
vn -0.9521 -0.0723 -0.2973
vn 0.1841 0.9825 0.0294
vn 0.5711 -0.3878 -0.7235
vn -0.4975 -0.1364 0.8567
vn -0.2272 0.9432 0.2424
vn 0.1822 -0.9376 0.2961
vn 0.1160 -0.7847 -0.6089
vn 0.6548 0.7378 0.1640
vn -0.0457 0.9153 -0.4002
vn -0.1848 0.9651 -0.1857
vn -0.0664 0.8609 -0.5044
vn -0.6147 0.0135 -0.7887
vn -0.4757 0.7682 -0.4285
vn -0.3435 0.8537 0.3914
vn -0.0029 -1.0000 -0.0005
vn -0.9969 -0.0740 0.0250
vn -0.0032 -1.0000 -0.0006
vn 0.2813 0.9128 -0.2960
vn 0.6455 -0.0591 0.7615
vn -0.5175 0.8526 0.0724
vn -0.6771 0.2169 -0.7032
vn 0.1388 0.0770 -0.9873
vn 0.9686 0.1901 0.1602
vn -0.9975 0.0192 0.0673
vn 0.0740 0.1961 -0.9778
vn -0.0028 0.8554 0.5179
vn 0.0505 0.7313 -0.6801
vn -0.9986 -0.0206 0.0493
vn -0.0019 0.8545 0.5195
vn 0.2667 0.6861 -0.6768
vn -0.3838 0.9234 -0.0014
vn -0.8912 0.3135 -0.3278
vn -0.0242 0.1588 0.9870
vn 0.4738 0.4530 0.7551
vn 0.2584 0.9306 0.2591
vn -0.0011 -1.0000 -0.0010
vn 0.0022 0.2701 0.9628
vn 0.4067 0.9135 0.0147
vn 0.4074 0.9121 -0.0455
vn -0.0070 -1.0000 -0.0051
vn 0.9235 0.3660 -0.1148
vn 0.4481 0.8294 -0.3335
vn 0.5256 -0.2710 0.8064
vn 0.0867 0.2916 0.9526
vn 0.9968 0.0139 0.0792
vn 0.0013 -1.0000 0.0040
vn 0.9428 0.2507 0.2197
vn 0.1997 0.9146 -0.3517
vn 0.6124 0.2419 0.7526
vn 0.7796 0.2543 -0.5723
vn -0.4656 -0.2730 0.8419
vn -0.6924 0.1499 0.7058
vn 0.1852 0.8778 -0.4417
vn 0.2666 0.8966 0.3536
vn 0.7688 0.1934 -0.6095
vn 0.4677 0.7507 -0.4665
vn -0.0706 0.9960 -0.0554
vn 0.0859 0.3257 -0.9416
vn -0.0536 0.5066 0.8605
vn 0.0016 -1.0000 0.0059
vn 0.1407 0.8438 0.5180
vn 0.0198 0.3174 -0.9481
vn -0.6470 0.6942 0.3155
vn 0.1129 -0.4469 -0.8874
vn -0.3377 0.3788 -0.8617
vn -0.3283 -0.6012 -0.7286
vn -0.4971 -0.8460 -0.1929
vn 0.5475 0.7251 -0.4178
vn 0.0342 -0.9991 0.0266
vn -0.7632 0.4772 -0.4357
vn -0.1253 -0.9746 0.1856
vn -0.2822 -0.7410 -0.6093
vn 0.1183 0.4868 -0.8655
vn -0.4651 0.4478 -0.7636
vn 0.3291 -0.7747 -0.5399
vn 0.6724 0.6541 0.3465
vn 0.2709 -0.6862 0.6751
vn -0.9267 0.3588 0.1118
vn -0.5668 0.5605 -0.6039
vn 0.9157 -0.3929 0.0846
vn -0.1230 0.9914 0.0457
vn -0.3330 0.9360 -0.1141
vn -0.0078 0.9974 -0.0710
vn 0.6435 0.7300 0.2300
vn 0.2343 0.3853 -0.8925
vn 0.2695 0.7599 0.5916
vn 0.1049 -0.9517 0.2886
vn -0.0239 -0.9263 0.3760
vn 0.1739 -0.9842 -0.0346
vn 0.2156 0.9758 0.0355
vn 0.4287 -0.0497 0.9021
vn -0.1529 -0.6096 -0.7778
vn 0.0337 -0.9975 -0.0627
vn 0.2401 0.3824 0.8922
vn -0.1390 0.9898 -0.0326
vn 0.8729 -0.4657 0.1455
vn -0.6160 -0.7613 -0.2026
vn 0.8872 0.0300 -0.4605
vn 0.7399 0.6616 -0.1216
vn 0.1039 -0.9946 -0.0046
vn 0.1437 -0.9802 0.1360
vn 0.1102 0.8398 0.5316
vn -0.5726 0.7537 0.3224
vn 0.1080 -0.0865 0.9904
vn -0.6392 0.5290 -0.5582
vn -0.5716 0.5697 -0.5905
vn 0.7064 -0.6681 0.2337
vn -0.8416 -0.5401 0.0025
vn -0.9299 0.3675 -0.0148
vn -0.0839 -0.9960 0.0317
vn 0.2362 -0.7098 0.6636
vn 0.9439 0.1034 -0.3137
vn -0.0021 -0.9972 -0.0743
vn -0.0616 -0.9961 0.0638
vn -0.1935 0.3259 -0.9254
vn -0.9583 -0.0700 0.2769
vn -0.1807 -0.9818 0.0583
vn -0.2687 -0.7529 -0.6009
vn 0.6260 -0.6223 -0.4700
vn -0.1003 0.0869 -0.9912
vn -0.1845 0.9730 -0.1387
vn 0.8965 0.3271 -0.2987
vn 0.5547 0.6410 0.5305
vn 0.4013 -0.7822 0.4766
vn -0.2767 -0.2112 0.9375
vn -0.0965 -0.3736 -0.9226
vn 0.2250 0.7921 0.5674
vn 0.1509 0.9388 -0.3097
vn -0.3773 -0.5607 0.7371
vn 0.9163 0.2541 0.3095
vn 0.3363 -0.8167 -0.4690
vn -0.1473 -0.6229 0.7683
vn -0.0210 -0.9996 0.0176
vn 0.4780 0.3759 0.7938
vn -0.4092 -0.6645 0.6253
vn 0.0926 -0.1020 0.9905
vn 0.0120 0.9912 0.1318
vn 0.8992 0.1434 -0.4134
vn -0.6918 0.6239 0.3635
vn 0.0056 -0.9981 -0.0613
vn 0.0207 0.6345 -0.7727
vn -0.3464 0.6537 0.6729
vn -0.1329 -0.9691 -0.2079
vn 0.0691 -0.1102 -0.9915
vn -0.1381 -0.9022 -0.4087
vn -0.7283 0.0721 -0.6814
vn 0.8927 0.1193 0.4346
vn 0.8546 0.4537 0.2528
vn 0.9207 -0.1967 -0.3371
vn -0.7820 0.6231 -0.0176
vn -0.8588 -0.0376 0.5109
vn 0.8947 0.4136 -0.1683
vn -0.4677 0.8579 -0.2127
vn -0.8677 0.0426 -0.4953
vn 0.3840 0.6732 -0.6319
vn 0.2148 0.9702 0.1121
vn 0.2785 -0.2246 -0.9338
vn 0.5965 0.7000 0.3926
vn 0.0541 0.2837 0.9574
vn 0.8297 -0.5544 0.0654
vn -0.9025 -0.4236 -0.0784
vn 0.2490 -0.6432 0.7241
vn 0.8387 -0.5446 -0.0072
vn -0.0584 0.9857 0.1581
vn 0.4252 0.6488 -0.6311
vn 0.4830 -0.1118 -0.8685
vn -0.4368 -0.8365 0.3310
vn -0.2862 -0.6973 0.6572
vn -0.2286 0.6776 -0.6990
vn 0.0541 0.2835 0.9574
vn -0.4615 -0.7013 -0.5433
vn -0.9716 -0.2310 -0.0520
vn -0.7869 0.4560 0.4158
vn 0.3559 -0.0467 0.9334
vn -0.5696 -0.2201 0.7919
vn 0.1684 -0.7868 -0.5938
vn -0.4355 -0.2078 -0.8759
vn 0.5680 -0.7723 0.2845
vn 0.8775 -0.0174 0.4793
vn -0.5722 -0.1863 -0.7987
vn 0.9305 0.1071 -0.3503
vn 0.1057 -0.8565 -0.5052
vn 0.2103 0.9509 -0.2272
vn 0.0856 0.9524 0.2927
vn -0.9241 0.0577 0.3777
vn 0.3591 0.9302 0.0764
vn 0.7458 -0.6014 -0.2865
vn 0.2874 -0.9251 -0.2482
vn -0.1197 0.9735 0.1949
vn -0.0590 -0.7635 0.6431
vn 0.8128 0.0483 -0.5806
vn -0.0668 0.9792 0.1915
vn -0.1006 0.9585 -0.2666
vn 0.8738 0.0825 -0.4792
vn 0.7208 0.6800 0.1346
vn -0.2740 0.9597 0.0618
vn -0.7234 0.3987 -0.5637
vn 0.1766 0.8486 -0.4987
vn 0.5010 -0.0595 0.8634
vn -0.0036 -0.9656 -0.2601
vn -0.3265 0.9449 0.0237
vn 0.7403 -0.0945 -0.6656
vn -0.2025 -0.9419 0.2681
vn -0.3649 0.4512 -0.8144
vn 0.6701 0.0886 0.7369
vn -0.4892 -0.0626 -0.8699
vn -0.0230 -0.9660 0.2577
vn 0.1834 -0.9507 0.2502
vn -0.3510 0.9312 0.0981
vn -0.2913 -0.9460 -0.1423
vn 0.8732 0.0598 0.4836
vn 0.0102 0.4065 0.9136
vn 0.6514 0.4321 0.6236
vn -0.1381 0.9226 0.3603
vn -0.1885 0.1301 -0.9734
vn -0.0105 0.9777 -0.2099
vn -0.0375 0.9891 -0.1424
vn -0.0207 0.1823 -0.9830
vn -0.3147 0.9307 -0.1862
vn -0.0615 0.9389 0.3385
vn 0.5140 0.7465 0.4225
vn 0.1641 0.9862 0.0203
vn 0.1499 -0.9202 0.3615
vn -0.2083 0.0608 0.9762
vn -0.1475 -0.3977 0.9056
vn 0.4688 0.6668 -0.5793
vn -0.9847 0.0888 0.1497
vn 0.2482 -0.9671 0.0550
vn -0.3266 -0.9452 -0.0002
vn 0.5797 0.8073 -0.1106
vn 0.3434 0.9322 -0.1146
vn -0.8242 -0.1564 0.5443
vn 0.4902 0.8706 -0.0416
vn 0.3089 0.1074 -0.9450
vn 0.0333 0.9782 0.2051
vn -0.0331 0.3200 0.9468
vn -0.0642 -0.9819 -0.1779
vn 0.1328 0.8925 0.4310
vn -0.0039 -1.0000 0.0005
vn -0.5620 0.7310 -0.3869
vn 0.2854 0.2671 0.9204
vn 0.3075 0.9084 0.2831
vn -0.3516 -0.2160 0.9109
vn 0.7068 0.2279 -0.6697
vn -0.3300 0.2453 0.9115
vn 0.4902 0.3576 -0.7949
vn 0.0921 0.9725 -0.2139
vn -0.1061 0.4901 0.8652
vn -0.5389 0.7553 -0.3730
vn -0.2694 0.8895 -0.3691
vn -0.2153 0.8110 -0.5440
vn -0.8782 0.1396 -0.4574
vn 0.3827 -0.1116 -0.9171
vn 0.0320 0.8613 -0.5071
vn 0.9640 0.1845 -0.1915
vn -0.7431 0.1732 0.6464
vn 0.8233 0.5034 -0.2622
vn -0.0992 0.5449 0.8326
vn 0.5531 -0.0737 0.8299
vn -0.0040 -1.0000 0.0006
vn 0.0744 0.9784 -0.1931
vn -0.0013 -1.0000 -0.0028
vn 0.9829 0.1793 -0.0419
vn -0.6548 0.7352 0.1755
vn -0.9360 -0.1902 0.2962
vn -0.4782 0.8470 -0.2323
vn -0.5870 0.2458 -0.7714
vn 0.5164 0.7424 0.4269
vn -0.0029 -0.9999 0.0130
vn -0.9869 0.1549 -0.0457
vn 0.3062 0.5443 -0.7810
vn -0.3008 -0.9535 0.0161
vn -0.9812 0.1868 0.0483
vn -0.8862 0.3429 0.3116
vn -0.9563 0.2180 0.1951
vn -0.0238 0.7354 0.6772
vn -0.3614 -0.0230 -0.9321
vn -0.7442 0.3801 0.5492
vn 0.2849 0.5574 -0.7799
vn -0.5237 0.8477 0.0847
vn 0.6490 0.5589 0.5162
vn 0.9757 -0.2171 0.0304
vn 0.2827 0.9101 -0.3030
vn -0.4127 0.0759 -0.9077
vn 0.0053 -1.0000 -0.0062
vn -0.9509 0.0864 0.2973
vn -0.1288 0.8885 0.4404
vn -0.4341 0.8199 0.3734
vn 0.7264 0.3373 0.5987
vn -0.8596 0.1778 -0.4791
vn 0.0633 -0.8700 0.4890
vn -0.0673 -0.9966 -0.0467
vn -0.0358 0.9670 -0.2522
vn -0.2100 -0.9263 -0.3130
vn -0.4169 0.8151 0.4022
vn 0.6917 -0.6679 -0.2747
vn -0.0919 -0.9923 -0.0833
vn -0.1553 0.9625 -0.2227
vn 0.5005 0.6545 0.5667
vn 0.2688 0.9076 0.3226
vn -0.3648 -0.8910 0.2704
vn 0.2740 0.8930 -0.3571
vn 0.0432 -0.9956 -0.0834
vn 0.6470 0.5348 0.5435
vn 0.1002 -0.7110 0.6961
vn 0.7656 0.5244 0.3727
vn -0.5869 0.7221 0.3662
vn -0.4066 -0.8728 0.2700
vn 0.5976 0.4991 0.6276
vn 0.1095 0.6033 -0.7900
vn 0.0174 0.9993 0.0340
vn 0.6851 0.6059 0.4043
vn 0.0437 0.6686 0.7424
vn -0.8001 0.5931 -0.0896
vn 0.1830 -0.7745 0.6055
vn -0.8660 -0.3986 -0.3020
vn -0.0808 0.7517 0.6546
vn -0.2755 -0.7014 0.6574
vn -0.2540 0.9665 -0.0373
vn -0.4984 0.8377 0.2233
vn -0.6160 0.7481 -0.2468
vn -0.2525 0.7273 0.6382
vn -0.2310 0.8612 -0.4526
vn -0.5105 0.5675 -0.6460
vn 0.1560 -0.9612 0.2274
vn 0.3553 -0.8863 -0.2971
vn 0.6334 -0.7279 0.2628
vn -0.7352 -0.5628 -0.3777
vn -0.7597 -0.5499 -0.3471
vn 0.2330 -0.8073 -0.5422
vn 0.0713 0.9968 0.0369
vn 0.0864 -0.9512 0.2962
vn 0.7357 0.5744 0.3590
vn -0.1576 -0.7422 -0.6514
vn 0.6674 0.7185 -0.1957
vn 0.2166 -0.9553 0.2011
vn -0.1803 0.9532 0.2427
vn 0.2000 -0.9798 0.0002
vn -0.7247 0.6784 0.1205
vn 0.2371 -0.9531 -0.1882
vn 0.6532 -0.6297 -0.4205
vn -0.2538 -0.9590 0.1260
vn -0.2361 -0.9637 0.1247
vn -0.2451 -0.8432 -0.4784
vn 0.1633 0.9593 -0.2305
vn -0.7283 -0.5854 -0.3561
vn 0.0273 0.5273 -0.8493
vn 0.9117 0.3820 0.1515
vn 0.4249 -0.5942 -0.6829
vn 0.0834 -0.9583 0.2733
vn -0.4882 -0.8374 0.2458
vn -0.1629 -0.9728 0.1646
vn 0.6925 -0.5907 0.4142
vn 0.3133 -0.9196 -0.2369
vn 0.1621 -0.9594 0.2309
vn -0.6610 -0.4250 -0.6185
vn -0.4501 0.8835 -0.1298
vn 0.7353 0.6719 -0.0881
vn 0.7228 0.6234 0.2983
vn 0.6190 -0.7124 -0.3306
vn -0.0764 0.2888 -0.9543
vn -0.4064 -0.1793 -0.8959
vn -0.6018 -0.6744 0.4278
vn 0.3625 0.5315 0.7656
vn 0.5665 -0.7907 0.2320
vn 0.9698 0.2402 -0.0431
vn -0.5860 0.6593 0.4711
vn -0.4329 -0.8087 0.3982
vn -0.5307 0.2128 0.8204
vn 0.7044 -0.2489 0.6648
vn -0.0223 0.9582 0.2852
vn 0.7502 -0.2713 0.6030
vn -0.9799 -0.1735 0.0986
vn -0.0710 0.6140 -0.7861
vn 0.8089 -0.5259 -0.2627
vn 0.3415 0.4501 0.8251
vn 0.6022 0.7871 -0.1337
vn -0.0123 0.9767 0.2141
vn 0.7552 0.1573 -0.6364
vn 0.0865 -0.5674 0.8189
vn -0.0345 -0.8080 0.5881
vn 0.5818 -0.0657 -0.8107
vn -0.0668 0.6172 -0.7840
vn -0.3073 0.0779 0.9484
vn 0.0171 -0.9138 -0.4058
vn -0.7325 0.6011 -0.3196
vn -0.5540 -0.2214 -0.8026
vn -0.3617 0.0816 0.9287
vn 0.4917 -0.4839 -0.7239
vn 0.8617 0.4512 0.2321
vn 0.5470 0.6183 -0.5644
vn 0.9907 -0.0844 0.1070
vn -0.6584 -0.4836 -0.5767
vn 0.0301 0.9869 0.1583
vn -0.9611 -0.2595 0.0945
vn -0.2877 -0.9093 -0.3008
vn -0.8735 0.4321 -0.2243
vn 0.4973 -0.8354 0.2340
vn -0.8694 0.4355 -0.2335
vn 0.2435 -0.6337 -0.7343
vn 0.7022 0.6336 -0.3246
vn 0.6618 0.6598 -0.3559
vn -0.0000 1.0000 0.0003
vn 0.1784 0.4393 0.8805
vn 0.3615 -0.9093 -0.2062
vn 0.9407 0.0332 -0.3377
vn -0.3173 0.6371 0.7024
vn -0.1289 0.5227 -0.8428
vn 0.2374 -0.9168 0.3210
vn 0.2357 -0.9490 -0.2092
vn 0.0193 0.9617 0.2736
vn -0.1031 0.1360 0.9853
vn -0.8899 0.1766 0.4205
vn 0.3352 0.9213 0.1974
vn -0.5270 0.1284 -0.8401
vn 0.0393 -0.9981 0.0483
vn -0.9681 -0.0066 -0.2504
vn -0.3005 0.9514 -0.0677
vn -0.0528 0.9284 0.3678
vn 0.0585 0.9831 0.1736
vn 0.5720 0.1213 0.8113
vn 0.2587 0.9527 -0.1597
vn 0.8274 -0.3137 -0.4657
vn 0.1941 -0.9731 0.1240
vn 0.2252 -0.2863 0.9313
vn 0.4319 0.3946 0.8111
vn 0.3798 0.0122 0.9250
vn -0.1308 0.9914 -0.0053
vn -0.2492 -0.9605 0.1239
vn 0.9753 0.1613 0.1507
vn -0.1739 0.9842 -0.0339
vn 0.7972 -0.1762 -0.5775
vn -0.8950 0.2002 -0.3987
vn -0.0864 0.8881 -0.4515
vn 0.0036 -1.0000 -0.0049
vn -0.3052 0.8930 0.3307
vn -0.0561 0.0513 -0.9971
vn -0.6335 0.1000 -0.7673
vn -0.2680 0.9599 -0.0826
vn -0.2902 -0.9111 0.2927
vn -0.6327 0.0550 0.7724
vn 0.5225 0.7018 -0.4843
vn -0.3529 -0.8397 0.4128
vn 0.6465 0.6385 -0.4175
vn 0.4082 0.9128 0.0127
vn -0.3310 0.2692 0.9044
vn -0.0620 -0.9568 -0.2841
vn -0.3775 -0.9209 -0.0968
vn -0.0056 -1.0000 0.0016
vn -0.2452 0.8873 -0.3906
vn 0.5695 0.6818 0.4592
vn -0.2054 0.9548 0.2149
vn 0.1510 0.9868 -0.0579
vn 0.5213 0.8260 0.2144
vn -0.9390 0.3264 -0.1088
vn -0.7039 0.3182 -0.6351
vn -0.5022 0.8460 0.1793
vn -0.4870 0.2578 -0.8345
vn -0.9907 -0.1317 0.0343
vn -0.2835 -0.8336 -0.4741
vn 0.2519 0.9568 -0.1453
vn -0.9725 -0.1809 0.1465
vn 0.1412 0.7299 -0.6688
vn -0.3318 0.9426 0.0389
vn -0.2885 0.1727 0.9418
vn 0.0215 0.9911 0.1316
vn 0.8337 -0.0685 -0.5480
vn 0.2305 0.9325 0.2782
vn -0.5874 0.5541 0.5899
vn 0.4206 0.8705 -0.2557
vn 0.1731 0.9748 0.1408
vn -0.5475 0.6597 -0.5148
vn 0.3814 -0.0193 0.9242
vn 0.1065 0.4802 0.8706
vn 0.2241 0.8590 0.4604
vn 0.2019 0.2300 -0.9520
vn 0.7245 0.4085 0.5551
vn 0.6106 0.0293 0.7914
vn 0.9196 0.0858 0.3835
vn -0.3628 0.2187 0.9058
vn 0.9573 0.2634 0.1190
vn 0.2464 0.2153 -0.9450
vn -0.9826 0.1146 0.1463
vn 0.0004 -1.0000 0.0020
vn -0.1834 0.7832 0.5941
vn -0.1897 0.8333 0.5193
vn -0.8177 0.0344 -0.5746
vn -0.9274 0.1889 0.3230
vn 0.9615 0.2660 0.0698
vn -0.0062 -1.0000 0.0077
vn 0.0795 -0.0240 -0.9965
vn 0.1826 0.0453 -0.9822
vn -0.4444 0.3286 -0.8334
vn 0.5720 0.7799 -0.2541
vn 0.9332 0.0321 0.3580
vn -0.1447 0.9558 -0.2559
vn 0.0737 0.9932 -0.0898
vn 0.8845 0.2456 -0.3968
vn 0.0154 -0.9999 -0.0012
vn -0.9276 0.1704 0.3323
vn -0.6155 0.5597 -0.5548
vn 0.4392 0.0927 0.8936
vn 0.1589 0.8042 -0.5727
vn 0.6694 0.1407 -0.7295
vn -0.0428 -0.9949 0.0919
vn 0.1404 0.9210 -0.3634
vn 0.1341 0.7627 -0.6327
vn 0.0292 -0.9995 -0.0123
vn 0.8980 -0.1998 -0.3919
vn -0.1134 0.6005 -0.7916
vn 0.0011 -1.0000 -0.0010
vn -0.0513 -0.9985 -0.0200
vn -0.5118 0.6538 -0.5573
vn 0.0466 0.9591 -0.2794
vn -0.5726 0.7943 -0.2030
vn 0.6307 0.7369 0.2432
vn 0.1432 0.9872 -0.0703
vn -0.0351 -0.9994 -0.0020
vn -0.4442 0.7141 0.5411
vn 0.3622 -0.3435 -0.8665
vn -0.8001 0.5996 -0.0202
vn -0.8396 -0.1408 0.5247
vn 0.9251 -0.2061 -0.3189
vn 0.0132 0.9963 -0.0854
vn -0.0399 0.6829 0.7294
vn -0.7340 -0.3692 0.5699
vn 0.3880 0.8337 0.3928
vn 0.3149 -0.4280 -0.8471
vn -0.7943 -0.3440 -0.5007
vn -0.0431 -0.9983 -0.0395
vn 0.1284 0.9917 -0.0103
vn 0.3973 0.8736 0.2810
vn 0.5990 0.7860 -0.1528
vn -0.1310 -0.6924 0.7096
vn 0.8533 0.0970 -0.5124
vn 0.9289 -0.2717 0.2517
vn 0.2068 -0.9783 0.0144
vn 0.0211 -0.9996 0.0200
vn -0.0288 -0.9874 -0.1557
vn -0.4156 -0.8545 0.3116
vn -0.4211 -0.8518 0.3115
vn 0.0722 -0.9958 -0.0558
vn 0.2738 0.6605 -0.6991
vn -0.5243 0.6616 0.5362
vn -0.4353 0.8335 0.3402
vn -0.4091 0.9005 -0.1477
vn 0.0427 -0.9980 0.0461
vn 0.2215 -0.5025 -0.8357
vn 0.1146 -0.5839 0.8037
vn 0.0022 -0.9973 -0.0733
vn 0.9687 0.1322 -0.2101
vn -0.0851 -0.9964 -0.0017
vn 0.6497 -0.7571 -0.0679
vn 0.9759 -0.0448 -0.2134
vn -0.0237 -0.9970 0.0735
vn -0.5139 -0.6624 -0.5450
vn 0.6969 0.6461 -0.3111
vn 0.3611 -0.7632 0.5358
vn -0.9292 -0.1799 0.3228
vn 0.7404 -0.5298 -0.4137
vn -0.9620 0.0626 0.2657
vn 0.1899 -0.7191 -0.6685
vn -0.8556 0.2782 -0.4366
vn -0.6554 0.0247 -0.7549
vn -0.7510 -0.6533 -0.0961
vn 0.0498 -0.8325 -0.5517
vn -0.4339 0.8718 -0.2275
vn -0.4179 0.8777 -0.2345
vn 0.6286 -0.7592 0.1688
vn 0.5265 -0.7877 -0.3199
vn 0.7221 -0.0368 -0.6908
vn -0.1132 -0.8575 0.5019
vn -0.0488 -0.5543 -0.8309
vn -0.0508 -0.8039 0.5926
vn 0.9975 -0.0705 0.0067
vn 0.8512 -0.2039 -0.4836
vn 0.8149 0.5786 -0.0338
vn 0.1463 0.9880 -0.0498
vn -0.9921 0.1252 -0.0099
vn -0.5235 -0.3403 0.7811
vn 0.0231 0.3513 0.9360
vn 0.4329 0.5999 -0.6728
vn 0.5872 -0.0984 0.8034
vn 0.5842 0.5089 -0.6323
vn -0.7781 -0.6201 -0.1006
vn 0.8956 -0.2780 0.3474
vn -0.6515 0.6545 0.3837
vn -0.9373 -0.3093 0.1607
vn -0.6636 -0.2617 0.7009
vn 0.1232 -0.3324 -0.9351
vn -0.1426 0.4688 -0.8717
vn -0.0043 0.4434 -0.8963
vn -0.5100 0.6021 0.6143
vn -0.0848 0.6272 0.7742
vn -0.5997 -0.2714 -0.7528
vn 0.5566 0.7791 0.2886
vn -0.0501 -0.8069 0.5886
vn 0.6634 -0.0852 0.7434
vn 0.3722 0.8721 0.3177
vn 0.0335 -0.0178 0.9993
vn -0.3257 -0.0859 -0.9416
vn -0.9139 0.0439 -0.4035
vn 0.2393 -0.9629 0.1248
vn 0.3340 -0.9158 -0.2230
vn -0.3705 0.0827 -0.9252
vn 0.0413 -0.8923 0.4495
vn -0.2726 -0.9508 0.1474
vn -0.8944 0.3957 -0.2083
vn -0.2231 0.9697 -0.0998
vn 0.0061 0.9186 0.3951
vn -0.1103 -0.9757 0.1891
vn 0.0878 0.0468 0.9950
vn -0.2882 -0.9566 -0.0421
vn 0.0403 0.9991 0.0125
vn -0.6831 0.6651 0.3017
vn 0.2658 -0.9565 0.1202
vn -0.1247 -0.9389 -0.3208
vn 0.8997 0.1652 -0.4040
vn -0.1285 -0.9429 -0.3073
vn 0.3687 0.9151 0.1635
vn -0.9536 0.0223 -0.3001
vn 0.8136 0.5808 0.0276
vn 0.1431 0.3376 0.9304
vn 0.2926 0.4908 -0.8207
vn 0.1073 0.9772 -0.1834
vn 0.2653 -0.6805 -0.6830
vn 0.7254 0.6145 0.3101
vn -0.1668 0.9509 -0.2605
vn 0.1379 -0.9198 -0.3674
vn -0.3274 -0.9408 -0.0881
vn 0.1402 -0.9782 0.1535
vn 0.1639 -0.9408 -0.2966
vn 0.1416 0.9334 -0.3298
vn 0.9834 0.0644 -0.1696
vn -0.8963 0.4404 -0.0522
vn 0.8332 0.4944 0.2478
vn 0.8792 0.4754 0.0313
vn 0.6387 0.3506 -0.6849
vn 0.7535 0.1174 0.6469
vn 0.2471 0.9636 -0.1021
vn -0.9172 0.1699 -0.3605
vn -0.1442 0.8187 -0.5558
vn 0.7543 0.4743 0.4540
vn -0.6195 0.7497 0.2328
vn 0.2183 -0.8918 -0.3963
vn 0.3658 0.9281 -0.0687
vn 0.1011 0.5445 0.8326
vn -0.3752 0.3202 0.8699
vn -0.5912 0.3772 -0.7129
vn -0.5168 0.8526 0.0773
vn -0.4410 0.1131 0.8904
vn 0.6333 0.7176 -0.2899
vn 0.9542 0.0019 0.2991
vn 0.6232 0.3718 -0.6880
vn 0.0253 0.9061 0.4224
vn 0.7020 0.2246 0.6758
vn 0.8563 0.2259 -0.4645
vn 0.0677 0.8547 0.5147
vn 0.7254 0.3866 0.5695
vn -0.5299 0.8390 -0.1237
vn -0.0928 0.8541 0.5117
vn -0.5074 0.2745 -0.8168
vn -0.2089 -0.2072 -0.9557
vn 0.8877 0.0663 0.4557
vn 0.2371 0.9657 -0.1061
vn -0.4915 0.8412 0.2255
vn -0.0084 -1.0000 -0.0035
vn -0.9606 -0.0955 -0.2611
vn -0.4257 0.4047 -0.8093
vn -0.9584 0.2727 0.0846
vn -0.5432 0.8310 -0.1202
vn 0.1153 0.8187 -0.5625
vn -0.3675 0.0047 -0.9300
vn -0.4211 0.8784 0.2260
vn -0.4557 0.1083 0.8835
vn 0.0198 0.9650 0.2614
vn -0.2316 0.8809 -0.4128
vn -0.9337 -0.3484 -0.0829
vn -0.1998 0.9730 -0.1159
vn -0.3928 0.8878 0.2399
vn -0.2672 0.8579 -0.4388
vn 0.3311 0.5786 -0.7453
vn 0.1984 0.2740 -0.9410
vn 0.8370 0.3909 -0.3830
vn -0.7389 0.5105 0.4398
vn 0.1620 0.8978 -0.4095
vn -0.3850 0.1142 0.9158
vn 0.0866 0.9199 0.3825
vn 0.0070 -1.0000 -0.0020
vn -0.5919 -0.2013 0.7805
vn -0.4754 0.6522 -0.5904
vn 0.4524 -0.0695 -0.8891
vn 0.2248 0.9744 0.0019
vn -0.9631 -0.0835 -0.2558
vn -0.8626 0.1083 0.4942
vn 0.0249 0.9942 -0.1045
vn -0.1663 0.3590 0.9184
vn -0.0009 -1.0000 0.0006
vn -0.0952 0.6101 0.7866
vn 0.1707 0.6463 0.7437
vn -0.2899 0.9446 0.1541
vn 0.4746 0.7641 0.4368
vn -0.0118 -0.9999 -0.0080
vn 0.6134 0.6257 0.4820
vn -0.9495 0.2606 -0.1747
vn 0.8810 0.3137 -0.3542
vn -0.7968 -0.0779 0.5991
vn -0.0038 -0.9999 0.0094
vn 0.1182 -0.2319 0.9655
vn -0.0215 -0.9991 -0.0357
vn -0.5773 0.6886 -0.4388
vn 0.2669 0.9568 0.1155
vn -0.1160 -0.9931 0.0148
vn -0.4737 0.8683 -0.1469
vn -0.3597 0.7622 -0.5383
vn -0.5521 -0.1984 -0.8098
vn -0.1953 -0.4754 0.8578
vn -0.0919 -0.9958 0.0037
vn 0.0431 0.9928 0.1119
vn -0.0742 -0.9940 0.0803
vn 0.0769 -0.8678 -0.4910
vn 0.2581 0.7240 -0.6397
vn -0.4688 0.7549 0.4587
vn -0.8842 -0.3750 0.2785
vn 0.0426 0.8368 0.5459
vn -0.0583 0.9972 0.0461
vn -0.3451 -0.6938 0.6321
vn -0.4987 -0.8384 0.2198
vn 0.6360 -0.7716 0.0089
vn -0.0449 -0.9958 -0.0797
vn 0.0552 0.9214 -0.3847
vn 0.6911 0.7206 -0.0567
vn -0.4069 0.9000 0.1561
vn -0.6054 0.7376 -0.2991
vn -0.2528 0.6355 0.7296
vn -0.4125 0.9039 -0.1132
vn 0.5989 0.7814 -0.1753
vn -0.1107 0.6811 -0.7238
vn 0.1022 0.8045 -0.5851
vn 0.2615 -0.3459 0.9011
vn -0.2690 0.9631 0.0073
vn 0.6477 0.6294 0.4294
vn 0.5042 -0.8635 -0.0102
vn 0.0852 -0.9956 -0.0393
vn 0.0385 -0.9985 -0.0394
vn 0.5051 0.8426 -0.1868
vn 0.0017 -0.9998 -0.0204
vn -0.0423 0.9870 -0.1553
vn 0.2369 -0.3857 0.8917
vn 0.7828 -0.5660 -0.2588
vn 0.7743 0.6299 0.0617
vn -0.2269 -0.5687 0.7906
vn 0.0578 0.8434 0.5342
vn 0.2602 -0.9236 0.2815
vn -0.9184 -0.2688 0.2903
vn 0.0586 0.9830 0.1739
vn 0.4085 -0.5062 -0.7595
vn -0.0094 -0.9985 0.0544
vn 0.3776 -0.3028 -0.8751
vn -0.3091 -0.8795 -0.3620
vn 0.8202 0.5567 -0.1317
vn 0.2113 -0.6606 0.7204
vn -0.0827 -0.8954 -0.4376
vn -0.6500 0.7341 0.1964
vn 0.7514 -0.6012 0.2718
vn 0.4946 -0.6580 -0.5678
vn -0.2470 0.3644 -0.8979
vn -0.5476 0.8272 -0.1264
vn 0.5843 -0.7801 0.2236
vn 0.0022 -0.9998 -0.0211
vn -0.7943 -0.5992 0.1002
vn -0.2985 0.1381 -0.9444
vn -0.3313 -0.9006 0.2813
vn 0.6492 0.7333 -0.2022
vn 0.2063 -0.7194 0.6633
vn -0.1882 0.9121 0.3642
vn 0.6640 -0.4089 -0.6260
vn 0.2691 -0.8862 -0.3772
vn 0.8414 -0.4867 0.2348
vn -0.5613 -0.4225 0.7117
vn -0.8032 0.5699 0.1733
vn -0.1725 0.1790 0.9686
vn -0.1962 -0.8220 0.5347
vn -0.8540 -0.2832 0.4365
vn 0.9505 -0.3073 -0.0456
vn -0.8208 0.5575 0.1244
vn 0.6702 0.4744 -0.5708
vn 0.9906 -0.1353 -0.0188
vn 0.9206 0.1640 0.3545
vn -0.1981 0.8785 -0.4347
vn 0.3552 0.3651 -0.8605
vn -0.2081 0.2012 0.9572
vn -0.6556 -0.0234 -0.7548
vn 0.2879 0.1715 0.9422
vn 0.6206 -0.7656 0.1692
vn -0.0401 -0.9940 -0.1017
vn -0.2400 -0.4782 -0.8448
vn -0.0183 0.9907 -0.1349
vn -0.6289 0.6742 -0.3872
vn -0.1623 0.9221 0.3514
vn -0.6103 -0.6959 -0.3785
vn -0.5881 0.1816 -0.7881
vn -0.4711 -0.8701 -0.1450
vn -0.2341 -0.5221 -0.8201
vn -0.7487 0.1476 0.6463
vn -0.1603 -0.7954 0.5845
vn 0.2885 -0.7630 -0.5785
vn 0.3625 0.2980 -0.8830
vn 0.4688 -0.0197 0.8831
vn 0.4751 -0.2241 0.8509
vn 0.7519 0.6280 0.2004
vn 0.3640 0.7139 0.5982
vn -0.9769 -0.1557 -0.1460
vn -0.9750 -0.1763 -0.1356
vn 0.1877 0.3979 -0.8980
vn 0.0720 0.9561 0.2839
vn -0.1687 0.9245 -0.3418
vn -0.5218 -0.0156 0.8529
vn 0.4661 0.8263 0.3162
vn -0.1925 -0.9770 -0.0916
vn 0.2494 -0.9395 0.2350
vn 0.3719 -0.8909 0.2608
vn 0.2435 -0.9513 -0.1890
vn -0.9543 0.2291 -0.1922
vn -0.8471 0.4775 -0.2332
vn -0.2452 0.9680 0.0536
vn 0.0124 0.9370 0.3492
vn -0.8156 0.5659 0.1207
vn 0.1148 0.9755 -0.1879
vn -0.2681 0.9493 0.1641
vn -0.8766 0.2576 0.4066
vn 0.6883 -0.0450 -0.7241
vn -0.3136 -0.8162 0.4852
vn -0.7539 0.6495 0.0990
vn -0.5454 0.8308 -0.1109
vn -0.0561 0.9179 0.3928
vn 0.1606 0.9386 -0.3052
vn -0.0896 -0.9340 -0.3458
vn -0.1409 -0.1982 0.9700
vn -0.0587 0.2365 -0.9698
vn 0.0332 0.4111 -0.9110
vn 0.2221 -0.9671 -0.1239
vn 0.2340 -0.0823 0.9687
vn -0.3266 0.9368 -0.1253
vn -0.1963 0.9726 -0.1243
vn 0.7590 0.1499 -0.6336
vn -0.2496 0.8952 0.3692
vn 0.2884 0.9491 -0.1265
vn 0.0044 0.9898 0.1423
vn -0.3101 0.9207 0.2370
vn -0.2121 0.0599 -0.9754
vn 0.8673 -0.4902 -0.0871
vn 0.2343 0.9044 0.3565
vn -0.1288 -0.7243 -0.6773
vn 0.0793 -0.9615 -0.2631
vn 0.6770 0.1739 0.7152
vn 0.8877 0.1618 -0.4311
vn -0.9676 0.0877 -0.2368
vn 0.1992 0.9579 -0.2070
vn -0.9913 0.1265 0.0367
vn -0.9803 0.1230 -0.1544
vn 0.0160 0.4495 -0.8931
vn 0.8664 0.2096 -0.4532
vn 0.1874 0.9816 -0.0372
vn -0.5012 0.1823 -0.8459
vn -0.0685 0.9941 -0.0844
vn 0.9116 0.3915 -0.1252
vn 0.1473 0.2472 0.9577
vn -0.5783 -0.1146 0.8077
vn 0.7988 0.1763 -0.5751
vn 0.9893 -0.0962 -0.1096
vn -0.6625 0.0902 0.7436
vn -0.4629 0.8810 0.0973
vn -0.2717 -0.9434 0.1900
vn 0.6129 0.7711 -0.1725
vn 0.7972 0.4929 -0.3485
vn 0.9177 0.1671 0.3603
vn -0.4785 0.8723 -0.1003
vn -0.3991 0.7848 -0.4742
vn 0.7801 0.0929 -0.6187
vn 0.4343 0.0993 -0.8953
vn -0.0920 -0.9447 0.3149
vn 0.5921 0.7839 -0.1869
vn -0.0234 -0.7550 -0.6553
vn -0.0035 -1.0000 -0.0011
vn -0.9998 0.0015 -0.0210
vn 0.5426 -0.0589 0.8379
vn -0.9102 0.3477 -0.2249
vn 0.7906 0.5937 -0.1500
vn 0.0505 -0.0309 -0.9982
vn -0.8048 0.0692 0.5894
vn -0.7952 0.2808 -0.5374
vn 0.8052 0.2470 0.5391
vn -0.3384 -0.9402 -0.0374
vn -0.6249 0.1850 -0.7585
vn 0.1224 0.9925 -0.0002
vn 0.0090 -1.0000 0.0012
vn -0.3793 0.5766 0.7236
vn 0.0835 0.9040 0.4193
vn -0.5655 -0.0037 -0.8247
vn 0.2175 -0.1229 0.9683
vn 0.9377 0.2749 -0.2124
vn 0.4238 0.8904 0.1664
vn -0.0003 -1.0000 -0.0010
vn -0.0064 -1.0000 0.0004
vn 0.0761 0.8886 0.4523
vn 0.5315 0.7669 0.3597
vn 0.9244 -0.2809 0.2580
vn 0.0106 -0.9999 0.0026
vn -0.6829 0.7303 0.0183
vn 0.8027 0.5879 -0.1004
vn -0.3555 0.8469 0.3954
vn 0.1675 0.1755 -0.9701
vn 0.2504 0.9601 -0.1246
vn 0.3970 0.4448 -0.8029
vn 0.0992 0.7839 -0.6129
vn 0.2241 0.6440 -0.7315
vn 0.1565 0.1922 -0.9688
vn -0.2012 0.9082 -0.3670
vn 0.4833 0.4949 0.7222
vn -0.3377 0.6170 0.7108
vn -0.5523 0.4225 -0.7186
vn 0.2856 0.0033 0.9583
vn 0.5113 0.5406 0.6681
vn 0.6290 0.5335 0.5655
vn -0.4598 -0.7918 0.4019
vn -0.3046 0.9056 0.2952
vn 0.7407 -0.5941 -0.3138
vn -0.7116 -0.6590 0.2435
vn -0.4099 0.6497 0.6402
vn -0.3549 0.9328 0.0630
vn -0.1139 -0.9824 0.1481
vn 0.0628 -0.9945 0.0839
vn 0.6742 0.7294 -0.1160
vn -0.0305 0.9995 -0.0018
vn 0.7222 0.5195 0.4566
vn -0.0143 -0.9614 0.2747
vn -0.6826 -0.5817 -0.4423
vn -0.7577 0.6057 -0.2430
vn -0.1659 0.5246 -0.8350
vn 0.4310 0.8364 -0.3386
vn -0.0651 -0.9223 0.3809
vn -0.8669 -0.4984 -0.0019
vn -0.3378 -0.7716 0.5391
vn 0.2020 -0.9782 -0.0483
vn -0.0989 -0.5843 -0.8055
vn 0.0470 0.7234 0.6889
vn 0.1978 0.6205 -0.7588
vn 0.7113 0.0496 0.7012
vn 0.1819 -0.9810 -0.0680
vn -0.0004 -0.9732 0.2300
vn 0.7273 -0.6301 -0.2720
vn 0.3856 0.8338 -0.3950
vn 0.7618 0.5408 0.3566
vn -0.8119 0.1907 -0.5517
vn -0.6594 0.7005 -0.2728
vn 0.2185 -0.9730 -0.0743
vn -0.0937 -0.9822 0.1630
vn -0.5060 0.8083 -0.3010
vn -0.6506 -0.4777 0.5904
vn 0.0454 0.9986 -0.0274
vn -0.0985 -0.9939 -0.0495
vn -0.0021 -0.3964 -0.9181
vn 0.7671 0.4898 -0.4142
vn -0.0472 0.9656 -0.2559
vn 0.6631 0.3967 -0.6348
vn 0.6002 -0.1671 0.7822
vn -0.3751 0.8945 0.2434
vn -0.0612 -0.9980 0.0183
vn 0.6743 0.6812 -0.2850
vn -0.0143 -0.9999 -0.0021
vn -0.7270 -0.6527 -0.2133
vn -0.7737 -0.5909 0.2285
vn 0.4012 0.0640 0.9138
vn -0.5241 -0.6281 0.5752
vn -0.1340 0.8988 -0.4173
vn -0.0604 -0.9891 -0.1342
vn 0.5794 -0.2201 0.7848
vn 0.1319 -0.2975 0.9456
vn 0.6561 -0.6481 0.3867
vn -0.2310 0.6184 -0.7511
vn 0.6829 -0.5628 0.4657
vn -0.7087 -0.4084 0.5753
vn -0.0623 -0.9971 0.0447
vn -0.7174 0.6419 0.2706
vn -0.0564 0.8316 -0.5526
vn 0.0301 -0.4902 0.8711
vn -0.4857 -0.3434 -0.8038
vn 0.2323 0.7544 0.6139
vn -0.2312 0.8946 -0.3825
vn -0.4790 0.7427 0.4679
vn -0.6707 0.7386 0.0673
vn 0.9742 0.0563 -0.2184
vn 0.6111 0.7794 -0.1382
vn 0.9130 0.3285 0.2418
vn -0.5743 -0.7801 -0.2482
vn -0.1321 -0.8682 0.4784
vn -0.1863 -0.6156 0.7657
vn -0.5629 0.2370 0.7918
vn -0.9837 0.1798 -0.0085
vn 0.2438 0.0906 -0.9656
vn -0.1906 0.1334 0.9726
vn 0.4227 -0.9047 0.0534
vn -0.1798 0.8050 -0.5653
vn 0.9736 0.0739 -0.2160
vn 0.4223 -0.9049 0.0533
vn -0.0074 -0.4638 0.8859
vn 0.9465 0.3208 0.0343
vn -0.8055 -0.5873 -0.0796
vn 0.0857 -0.8962 -0.4353
vn 0.1232 -0.7122 -0.6911
vn 0.7207 -0.4191 -0.5522
vn 0.7260 -0.5682 0.3873
vn 0.1866 0.9644 0.1876
vn -0.4903 0.1407 -0.8601
vn 0.0980 0.8698 0.4836
vn 0.6604 -0.1340 0.7388
vn -0.7231 -0.3583 0.5905
vn -0.6124 -0.7885 -0.0578
vn 0.1855 0.3645 0.9125
vn -0.5633 0.2522 -0.7869
vn 0.4125 -0.4694 -0.7807
vn -0.8627 0.4971 -0.0925
vn 0.6063 -0.3260 0.7253
vn 0.4604 0.3996 -0.7927
vn 0.3196 0.6808 -0.6591
vn -0.7940 -0.0907 0.6012
vn -0.0068 0.1760 -0.9844
vn -0.9451 -0.1415 -0.2946
vn -0.8556 0.3707 -0.3612
vn 0.2659 0.9337 -0.2398
vn 0.1724 0.9751 0.1399
vn -0.2350 0.8587 0.4554
vn 0.1974 0.7876 0.5837
vn 0.7148 -0.1482 -0.6835
vn -0.0937 -0.0411 0.9947
vn 0.6035 0.1693 0.7792
vn -0.1974 0.8873 -0.4168
vn 0.3479 -0.8844 -0.3112
vn -0.2302 0.9686 -0.0936
vn 0.1829 -0.9603 0.2104
vn -0.8889 -0.1229 -0.4413
vn -0.3480 0.0166 0.9373
vn -0.8674 0.4929 0.0681
vn 0.1630 -0.9512 -0.2621
vn 0.0491 0.3084 -0.9500
vn 0.3056 -0.2182 0.9268
vn -0.3700 -0.9284 -0.0340
vn -0.2305 -0.8716 0.4327
vn -0.2078 -0.9529 -0.2210
vn -0.8508 0.1199 0.5116
vn 0.3243 0.9128 -0.2482
vn -0.8582 0.1946 0.4750
vn 0.3849 0.9172 0.1025
vn -0.2544 0.9581 0.1313
vn -0.6012 0.0718 -0.7959
vn -0.2324 0.9388 -0.2541
vn 0.9696 0.0377 0.2420
vn -0.3402 0.9404 -0.0026
vn 0.5148 0.8571 0.0218
vn 0.3279 0.9075 -0.2626
vn -0.1887 -0.8891 -0.4171
vn 0.3821 0.9233 0.0388
vn -0.0085 0.9787 0.2053
vn 0.8531 0.1716 0.4927
vn 0.1076 0.8140 -0.5708
vn 0.0451 0.8604 0.5076
vn -0.1200 0.9860 0.1157
vn -0.3770 0.7660 0.5206
vn -0.0165 0.6229 0.7821
vn -0.0606 0.3337 0.9407
vn 0.1251 0.3166 0.9403
vn 0.1287 0.9727 -0.1929
vn 0.0083 -1.0000 -0.0027
vn 0.6416 0.2976 -0.7069
vn 0.1134 0.9931 0.0309
vn 0.9870 0.1495 0.0592
vn 0.7218 -0.0200 0.6918
vn -0.7296 0.0406 -0.6827
vn 0.7554 0.6542 -0.0376
vn 0.2505 0.6834 -0.6857
vn 0.6581 0.0884 -0.7477
vn -0.6658 0.5849 -0.4633
vn 0.6597 0.2479 0.7094
vn 0.2368 0.7245 -0.6474
vn 0.1619 -0.9776 0.1345
vn 0.5133 0.4787 -0.7123
vn -0.4260 0.7213 -0.5461
vn -0.6415 -0.0579 -0.7649
vn -0.6541 0.4655 -0.5962
vn -0.1237 0.9890 -0.0809
vn -0.7055 0.1703 0.6880
vn -0.3436 0.8394 -0.4212
vn 0.0653 0.8751 -0.4794
vn 0.0797 0.2647 0.9610
vn -0.4656 0.8838 -0.0462
vn -0.5885 0.1435 0.7956
vn 0.4462 0.7804 0.4380
vn -0.2145 -0.9632 0.1618
vn 0.3795 0.9243 0.0399
vn -0.8669 -0.3996 0.2982
vn 0.5128 -0.0631 -0.8562
vn 0.5868 0.4460 0.6758
vn 0.7111 -0.0499 0.7014
vn -0.2765 0.8764 -0.3943
vn 0.2946 0.9204 -0.2569
vn 0.8522 0.0951 -0.5145
vn 0.1004 0.4808 -0.8711
vn 0.1120 0.1303 -0.9851
vn 0.5683 0.3257 0.7556
vn 0.2476 -0.1555 -0.9563
vn 0.0007 -1.0000 -0.0042
vn 0.9527 0.0909 0.2901
vn -0.9971 -0.0346 -0.0685
vn -0.1869 -0.1915 0.9635
vn -0.8805 0.1390 0.4532
vn -0.5392 0.3213 -0.7785
vn 0.8756 0.4829 0.0104
vn -0.4051 0.9141 -0.0180
vn -0.3100 0.8988 0.3099
vn 0.9285 -0.2903 -0.2318
vn 0.0093 -0.9999 -0.0066
vn 0.2344 -0.0885 0.9681
vn 0.7670 0.2421 -0.5943
vn 0.0835 0.9089 0.4085
vn -0.6568 -0.1063 -0.7465
vn -0.9714 0.2327 -0.0471
vn -0.0079 -0.9999 0.0100
vn -0.7032 0.5989 0.3833
vn 0.2870 -0.8134 -0.5059
vn -0.4893 -0.7601 -0.4276
vn 0.7306 0.4703 0.4949
vn 0.6219 0.7827 0.0242
vn 0.4617 0.8868 0.0212
vn 0.5178 0.6219 -0.5875
vn -0.1873 -0.5658 -0.8030
vn -0.6418 -0.7011 -0.3107
vn -0.9048 0.3930 -0.1639
vn -0.3794 -0.7785 0.5000
vn 0.3046 0.7110 0.6338
vn -0.0461 -0.9984 0.0313
vn -0.3326 0.5075 0.7948
vn -0.6212 -0.6162 0.4842
vn -0.5595 0.7199 0.4108
vn 0.4614 -0.8789 0.1211
vn -0.5425 0.7081 0.4520
vn -0.0353 0.4155 -0.9089
vn 0.2970 0.8911 -0.3431
vn 0.8940 -0.4411 -0.0788
vn 0.6672 -0.7128 0.2161
vn 0.5151 0.6091 -0.6030
vn 0.2217 -0.6359 -0.7392
vn 0.0088 -0.6652 -0.7466
vn -0.0220 0.9997 0.0047
vn 0.7267 -0.6083 0.3191
vn 0.8028 0.4968 0.3299
vn 0.6668 -0.7240 0.1768
vn -0.2699 0.9625 0.0282
vn -0.4112 0.7269 -0.5501
vn -0.8363 0.4239 -0.3478
vn 0.0256 0.5435 0.8390
vn 0.7226 0.5479 -0.4216
vn -0.2136 0.9210 -0.3257
vn -0.5865 -0.7064 0.3963
vn 0.5828 -0.3382 -0.7389
vn -0.1248 -0.4341 -0.8922
vn 0.2139 0.4660 0.8585
vn -0.8340 0.5052 0.2218
vn -0.4459 0.3622 0.8185
vn 0.9734 -0.0094 0.2290
vn 0.1159 -0.8380 -0.5332
vn -0.9707 0.2343 0.0542
vn -0.8922 0.3838 -0.2379
vn 0.9601 -0.1483 0.2373
vn 0.9839 0.1476 -0.1009
vn -0.8367 -0.4669 0.2862
vn 0.2238 -0.5520 0.8032
vn -0.0003 0.9998 0.0181
vn -0.5002 0.7661 -0.4037
vn 0.7642 -0.0898 -0.6387
vn 0.1070 -0.8345 -0.5404
vn -0.2747 -0.9552 0.1098
vn 0.5001 -0.4969 -0.7093
vn 0.5093 0.5457 0.6655
vn 0.6299 0.3724 -0.6816
vn -0.2311 0.9642 0.1303
vn -0.1534 -0.8192 0.5526
vn 0.3345 -0.7208 0.6071
vn -0.1595 0.4986 0.8520
vn -0.0138 -0.9996 0.0245
vn 0.1273 0.6476 0.7513
vn -0.8827 0.3342 -0.3305
vn -0.3674 -0.8035 -0.4684
vn -0.4015 -0.8995 -0.1722
vn -0.2765 0.8171 -0.5059
vn 0.2053 0.5372 0.8180
vn 0.5621 0.7594 0.3278
vn -0.3121 -0.3225 -0.8936
vn 0.0318 0.9991 -0.0276
vn -0.4045 -0.8672 -0.2905
vn -0.3134 -0.0361 0.9489
vn -0.5356 0.8060 0.2519
vn 0.4264 0.8939 0.1384
vn 0.0775 -0.9949 -0.0644
vn 0.2688 0.9252 0.2678
vn 0.0306 0.0700 0.9971
vn -0.8073 -0.3163 0.4982
vn -0.1660 0.0593 -0.9843
vn -0.7222 -0.6479 -0.2424
vn 0.4965 -0.8285 0.2591
vn -0.6350 0.6000 0.4866
vn 0.6596 -0.2186 0.7191
vn 0.5290 0.8345 0.1545
vn -0.3877 0.7131 -0.5841
vn -0.4075 -0.2948 -0.8643
vn -0.4933 -0.8562 -0.1538
vn -0.3014 -0.5918 0.7476
vn 0.5113 -0.5263 -0.6793
vn 0.8830 -0.4304 -0.1874
vn -0.6370 -0.3422 -0.6908
vn -0.2519 0.9678 0.0024
vn -0.1367 -0.8022 0.5812
vn 0.4356 -0.0302 -0.8996
vn -0.5867 0.3257 0.7414
vn 0.5333 0.8336 0.1439
vn -0.2744 0.6704 -0.6894
vn 0.2297 0.7286 -0.6453
vn -0.9301 -0.2973 0.2159
vn 0.9871 -0.1309 -0.0920
vn 0.0516 0.0145 0.9986
vn 0.4365 -0.8075 0.3968
vn 0.2068 -0.7418 -0.6380
vn 0.9123 0.2188 -0.3461
vn -0.9664 0.2543 -0.0360
vn -0.4561 0.7888 0.4120
vn 0.5593 0.7472 0.3590
vn 0.8881 0.0306 0.4586
vn 0.6274 0.2509 -0.7371
vn 0.2630 0.6818 0.6826
vn -0.8781 0.3294 -0.3471
vn 0.1221 -0.8925 -0.4342
vn -0.9639 0.1608 -0.2124
vn -0.1426 -0.7604 -0.6336
vn -0.3365 0.4306 0.8374
vn -0.2066 0.9784 -0.0081
vn 0.2837 0.9443 0.1668
vn -0.2247 0.9733 -0.0466
vn -0.8660 0.2705 0.4206
vn 0.7279 0.6752 0.1195
vn -0.1494 0.2726 -0.9505
vn 0.3720 -0.1099 0.9217
vn 0.6714 0.1202 -0.7313
vn 0.8202 -0.0534 -0.5696
vn -0.1570 -0.9544 -0.2541
vn 0.0922 0.9799 0.1770
vn -0.2938 -0.9557 -0.0191
vn -0.9622 0.2229 -0.1567
vn 0.2103 0.9735 -0.0898
vn -0.2125 0.8456 0.4898
vn -0.1740 -0.9638 0.2022
vn -0.0584 0.9973 0.0440
vn -0.9901 0.0718 -0.1205
vn -0.5214 0.7810 0.3438
vn -0.0862 -0.9776 0.1922
vn 0.6561 0.0873 -0.7496
vn -0.6510 0.6286 0.4256
vn 0.1818 -0.8620 0.4732
vn 0.8789 0.4290 -0.2088
vn -0.7277 -0.0618 -0.6831
vn 0.7157 0.4313 -0.5494
vn 0.1764 0.9444 -0.2776
vn -0.8386 0.4317 0.3321
vn 0.3598 -0.9301 -0.0738
vn -0.9938 0.1037 -0.0392
vn -0.6649 0.2598 -0.7003
vn 0.3833 0.9234 0.0187
vn 0.1874 0.9672 -0.1715
vn 0.0797 -0.9702 0.2289
vn -0.3248 -0.9456 0.0162
vn -0.9652 0.1533 -0.2120
vn 0.7224 0.0332 0.6907
vn 0.9589 0.2792 0.0512
vn -0.6825 0.5922 -0.4284
vn -0.5891 -0.0076 -0.8080
vn -0.2225 0.9208 -0.3204
vn -0.3128 0.2807 -0.9074
vn -0.2346 0.1612 -0.9586
vn -0.5531 -0.0204 0.8328
vn 0.9284 0.2724 0.2527
vn -0.0551 0.9883 0.1425
vn 0.2353 0.9576 0.1659
vn 0.2332 -0.9053 -0.3551
vn 0.2568 -0.9505 -0.1748
vn -0.1452 0.8264 -0.5440
vn 0.6321 0.2144 0.7447
vn 0.3515 0.2572 0.9001
vn -0.0501 0.9779 -0.2031
vn 0.6221 0.2781 -0.7319
vn 0.4225 0.8987 0.1177
vn 0.6960 -0.6423 0.3211
vn 0.0212 0.0747 0.9970
vn -0.0029 -1.0000 -0.0070
vn 0.8322 0.5347 0.1465
vn -0.8622 0.3989 -0.3123
vn 0.4468 0.0923 0.8899
vn 0.3075 0.4861 -0.8180
vn 0.7393 0.6419 0.2036
vn -0.8197 0.1672 0.5479
vn 0.9103 -0.1399 -0.3896
vn -0.1493 0.8554 -0.4960
vn -0.4767 0.7373 -0.4788
vn 0.0044 0.0294 0.9996
vn 0.8191 0.0910 0.5664
vn -0.6037 0.6713 0.4299
vn -0.2946 0.9549 0.0356
vn 0.7985 -0.1070 -0.5925
vn 0.2739 0.9112 -0.3078
vn -0.0007 -1.0000 0.0006
vn 0.6241 0.7807 0.0303
vn -0.3010 0.5148 0.8027
vn -0.1625 0.8693 0.4668
vn -0.4994 0.7962 0.3416
vn -0.2321 0.0485 0.9715
vn 0.1710 0.9328 -0.3171
vn -0.8063 0.1978 0.5574
vn 0.0017 -1.0000 -0.0000
vn 0.1679 0.9101 0.3789
vn -0.6715 0.7280 -0.1382
vn 0.4789 -0.0157 0.8778
vn 0.3850 0.8067 0.4483
vn -0.2297 0.4061 -0.8845
vn 0.2064 -0.9728 0.1057
vn -0.9592 0.1963 -0.2034
vn -0.3989 0.9047 -0.1495
vn 0.0944 -0.0109 -0.9955
vn -0.0541 0.3231 0.9448
vn 0.2368 0.9508 -0.2000
vn -0.5140 0.7753 0.3671
vn -0.3937 0.8533 0.3418
vn 0.9691 -0.0619 0.2388
vn 0.1935 0.9766 -0.0937
vn -0.0962 0.6603 0.7448
vn 0.0020 -1.0000 -0.0001
vn -0.0463 0.7075 0.7052
vn -0.0033 -1.0000 -0.0009
vn 0.7293 -0.3536 -0.5858
vn 0.7180 0.5248 0.4572
vn 0.8841 0.4485 -0.1309
vn -0.9522 -0.3050 0.0164
vn 0.7663 0.6007 0.2278
vn 0.7327 0.5604 0.3862
vn -0.7004 -0.6817 -0.2113
vn -0.0504 -0.9966 0.0655
vn -0.2486 -0.9588 -0.1377
vn -0.1103 0.9877 0.1110
vn 0.1654 0.7236 0.6700
vn 0.7244 0.6347 0.2689
vn -0.0040 -0.9989 -0.0466
vn 0.0049 0.8649 0.5019
vn -0.6848 0.6642 -0.2999
vn 0.9805 -0.0139 0.1959
vn 0.0293 0.9142 0.4042
vn 0.6949 0.5119 0.5051
vn -0.1970 -0.9503 -0.2409
vn -0.3940 -0.7813 0.4841
vn 0.1698 0.8304 0.5307
vn 0.3982 0.6608 -0.6363
vn -0.0930 -0.4928 -0.8652
vn 0.3461 0.9312 -0.1145
vn 0.4015 -0.8392 0.3669
vn -0.6875 0.7255 -0.0317
vn -0.4322 0.5618 -0.7054
vn 0.1952 -0.8946 -0.4021
vn 0.0318 -0.9985 -0.0455
vn -0.2551 -0.9669 0.0059
vn -0.8735 0.4766 0.0996
vn 0.4123 -0.7737 0.4810
vn 0.4317 0.7345 -0.5236
vn -0.0151 -0.9999 0.0050
vn 0.0191 0.8848 -0.4656
vn 0.4231 -0.8852 0.1936
vn -0.0328 0.9987 -0.0391
vn -0.4952 -0.8676 0.0459
vn -0.7346 -0.1869 -0.6522
vn -0.8569 0.1143 -0.5026
vn -0.6539 0.7563 0.0201
vn -0.1501 0.4964 -0.8550
vn -0.4150 0.8891 -0.1930
vn 0.6300 -0.0957 0.7707
vn -0.6458 0.6272 0.4353
vn -0.2024 0.9616 0.1851
vn -0.2977 -0.6673 -0.6827
vn 0.4403 0.8961 -0.0562
vn -0.7672 -0.6068 -0.2079
vn 0.6137 -0.7176 -0.3292
vn 0.0709 -0.9962 -0.0513
vn 0.1253 0.9857 0.1124
vn 0.0044 -0.0341 -0.9994
vn -0.5746 -0.7722 -0.2711
vn 0.0218 -0.9322 0.3614
vn 0.3971 0.9005 0.1775
vn 0.5477 -0.0612 0.8344
vn 0.8764 0.3122 0.3666
vn 0.8326 -0.5382 -0.1307
vn 0.3472 0.9377 -0.0106
vn -0.4136 -0.7022 -0.5796
vn 0.8815 0.4699 -0.0460
vn 0.3267 -0.9440 0.0473
vn -0.0423 -0.9988 0.0237
vn 0.0205 -0.0862 -0.9961
vn 0.1350 -0.9890 -0.0604
vn -0.2430 -0.5045 0.8285
vn -0.0280 -0.9994 0.0192
vn 0.3733 -0.9134 -0.1624
vn 0.2544 0.3011 0.9190
vn -0.4668 -0.3509 -0.8117
vn 0.5887 -0.0305 0.8078
vn 0.6365 -0.5833 -0.5046
vn 0.0728 -0.9815 0.1768
vn -0.9550 -0.2271 0.1909
vn -0.4198 -0.9018 0.1026
vn -0.5817 0.1520 0.7991
vn 0.4982 0.8618 0.0955
vn -0.6862 0.5261 -0.5024
vn 0.0612 0.5904 0.8048
vn 0.5410 0.3082 0.7825
vn -0.6735 -0.6550 0.3425
vn 0.9945 -0.0958 0.0413
vn -0.9860 -0.0306 0.1641
vn 0.0969 -0.9938 0.0545
vn -0.4637 0.4578 0.7586
vn -0.8135 0.5729 -0.1006
vn 0.5122 0.5382 -0.6693
vn -0.6556 0.2033 -0.7272
vn 0.4190 -0.8993 0.1252
vn -0.3347 -0.2643 0.9045
vn -0.0299 -0.4662 0.8842
vn 0.2996 0.3766 0.8766
vn -0.0586 -0.9882 0.1412
vn 0.1214 -0.5604 -0.8192
vn -0.9943 -0.0009 0.1062
vn -0.1607 -0.3255 0.9318
vn 0.1722 0.9644 0.2007
vn -0.6158 0.7681 0.1755
vn 0.1546 0.2465 -0.9567
vn -0.6004 -0.3562 -0.7161
vn 0.7684 -0.6009 -0.2202
vn -0.0806 0.1365 -0.9874
vn 0.6563 -0.4600 0.5980
vn 0.0135 0.8157 -0.5783
vn 0.9468 0.3003 0.1159
vn 0.3620 0.5781 -0.7313
vn 0.8363 0.4812 0.2627
vn 0.6521 -0.4563 0.6055
vn 0.0003 0.9962 0.0875
vn -0.7529 -0.4666 -0.4642
vn 0.9878 -0.1487 -0.0466
vn 0.3947 -0.4798 -0.7836
vn 0.0505 -0.6276 -0.7769
vn 0.6942 0.1526 -0.7034
vn 0.6777 0.1344 0.7230
vn 0.3649 0.9214 -0.1339
vn -0.1179 0.9811 0.1531
vn 0.9914 0.0522 -0.1196
vn 0.3827 0.5911 0.7100
vn -0.1485 -0.9670 0.2069
vn -0.9722 0.0475 0.2292
vn -0.6969 0.5123 -0.5018
vn -0.4079 0.9078 0.0974
vn -0.2233 0.9550 0.1954
vn 0.3355 -0.9355 -0.1104
vn -0.0514 0.3705 -0.9274
vn 0.3548 0.1446 -0.9237
vn 0.0322 0.9313 -0.3629
vn 0.1073 0.0307 0.9938
vn -0.3622 0.9045 -0.2252
vn 0.0796 0.9778 0.1940
vn -0.1796 -0.9720 -0.1514
vn 0.1265 0.3428 0.9309
vn 0.0194 -0.9313 -0.3636
vn -0.3625 0.6676 -0.6503
vn 0.7490 0.6592 -0.0668
vn -0.6100 0.4527 0.6503
vn -0.2417 -0.9594 -0.1450
vn 0.8859 0.1979 -0.4195
vn 0.3096 0.9488 -0.0620
vn 0.0011 0.9462 -0.3236
vn 0.1167 0.4730 0.8733
vn -0.8290 0.1842 -0.5280
vn -0.0697 -0.9184 0.3896
vn -0.5110 0.1482 0.8467
vn 0.1488 -0.9778 -0.1473
vn 0.4286 0.1652 -0.8882
vn -0.8876 -0.0261 0.4598
vn -0.1040 0.9038 0.4151
vn -0.3100 0.9421 0.1278
vn -0.4251 0.6329 0.6470
vn 0.2434 -0.9414 0.2336
vn 0.2467 -0.9405 0.2337
vn 0.2967 0.9161 0.2696
vn 0.3705 0.5901 -0.7173
vn -0.6875 0.2577 0.6789
vn -0.0856 0.3117 -0.9463
vn 0.5346 0.8433 0.0548
vn -0.1863 0.8862 0.4242
vn -0.1510 0.9885 -0.0068
vn 0.2664 0.9418 -0.2052
vn 0.2148 0.4677 0.8574
vn -0.3610 0.4246 0.8303
vn 0.5630 0.0063 0.8265
vn -0.7511 0.0082 -0.6601
vn -0.7122 0.1085 -0.6936
vn 0.0614 0.9490 0.3093
vn 0.0368 0.9564 0.2897
vn 0.9983 -0.0505 -0.0283
vn 0.5590 0.6186 -0.5521
vn 0.8238 -0.0481 -0.5649
vn -0.0376 0.9149 -0.4020
vn 0.2789 0.5736 -0.7702
vn -0.2671 0.9521 -0.1488
vn -0.9861 -0.1042 0.1297
vn 0.9994 -0.0333 0.0021
vn -0.7006 0.6479 -0.2988
vn -0.9786 0.0999 0.1799
vn 0.3477 0.3359 -0.8754
vn -0.7016 0.4598 -0.5444
vn 0.2629 0.7826 0.5643
vn 0.4025 0.2879 0.8690
vn -0.7883 -0.0541 -0.6129
vn -0.7366 0.4199 0.5302
vn 0.9133 0.3181 0.2542
vn -0.3140 0.9126 -0.2618
vn -0.0692 0.2349 -0.9696
vn 0.2347 0.7735 -0.5887
vn 0.1687 -0.0518 0.9843
vn 0.4352 0.8801 -0.1899
vn -0.1824 -0.0045 -0.9832
vn 0.8309 -0.0632 0.5529
vn 0.0026 -1.0000 0.0001
vn -0.5738 0.7968 -0.1893
vn 0.5329 0.0733 -0.8430
vn -0.3227 -0.9345 0.1505
vn 0.2171 0.4719 0.8545
vn -0.0007 -1.0000 -0.0016
vn -0.6030 0.0770 0.7940
vn 0.1176 0.8741 0.4713
vn 0.0012 -1.0000 0.0078
vn 0.2355 0.9598 -0.1531
vn -0.2882 0.7645 -0.5765
vn 0.7891 0.6052 0.1051
vn -0.3384 0.9326 0.1253
vn -0.5368 0.1973 0.8203
vn 0.0044 -1.0000 -0.0049
vn 0.8693 0.2062 -0.4492
vn 0.5891 0.7948 0.1457
vn -0.0106 -0.9999 -0.0020
vn -0.6268 0.7716 -0.1082
vn -0.4218 0.3163 -0.8497
vn 0.3313 0.7038 -0.6285
vn -0.4650 0.8798 0.0983
vn 0.9656 -0.1399 -0.2191
vn 0.8704 0.0547 0.4893
vn -0.9150 0.1820 0.3600
vn 0.0036 -1.0000 -0.0005
vn 0.3117 0.9286 0.2014
vn -0.9054 0.2982 -0.3023
vn 0.1269 -0.9883 0.0847
vn 0.7786 0.3282 0.5348
vn 0.6201 0.7413 -0.2568
vn -0.1120 -0.5547 -0.8245
vn -0.1680 0.9393 -0.2991
vn -0.1508 0.7004 -0.6977
vn 0.1319 0.8451 0.5181
vn -0.0233 -0.9991 0.0364
vn 0.0223 -0.9981 0.0571
vn -0.5731 0.8018 -0.1693
vn -0.9162 0.3985 0.0432
vn 0.3907 0.7369 0.5516
vn 0.0886 -0.8120 0.5769
vn 0.1307 -0.7193 0.6823
vn -0.7269 0.6045 0.3260
vn 0.6661 0.6935 0.2744
vn 0.5207 -0.7710 -0.3668
vn 0.0389 -0.6904 0.7223
vn 0.3690 0.7785 0.5076
vn 0.4091 -0.6402 -0.6503
vn 0.3449 -0.8137 0.4679
vn 0.3711 -0.9025 -0.2185
vn -0.3398 -0.8921 -0.2978
vn -0.5299 0.6168 -0.5820
vn -0.4717 -0.8093 0.3500
vn -0.2993 0.6037 0.7389
vn -0.0098 0.9988 -0.0476
vn -0.4587 0.8113 0.3624
vn -0.6757 0.6062 0.4196
vn -0.6076 0.7480 -0.2671
vn 0.8995 -0.4369 -0.0088
vn -0.0515 -0.9984 0.0218
vn -0.2306 0.7734 -0.5905
vn 0.5209 -0.1656 0.8374
vn 0.4211 -0.7765 0.4688
vn -0.4403 -0.8862 -0.1442
vn -0.5595 0.5099 0.6534
vn 0.2437 0.9105 -0.3341
vn 0.1438 -0.7707 0.6207
vn -0.0190 0.9933 -0.1139
vn -0.3399 -0.7208 -0.6040
vn -0.7174 0.0918 -0.6906
vn 0.3230 0.0178 0.9462
vn 0.0508 -0.9985 0.0227
vn 0.1254 0.9600 -0.2503
vn -0.3761 -0.9258 -0.0384
vn 0.1580 0.0424 0.9865
vn 0.0520 0.9890 0.1385
vn 0.0236 -0.9994 0.0236
vn 0.5153 -0.5678 0.6419
vn -0.8672 -0.4446 0.2243
vn -0.1722 0.9603 -0.2195
vn -0.0038 -0.9908 -0.1355
vn -0.1917 -0.5937 0.7816
vn 0.3032 0.6498 0.6970
vn 0.0278 -0.9985 0.0467
vn 0.8409 -0.5346 0.0844
vn 0.2679 0.8967 0.3522
vn -0.1223 -0.4542 0.8825
vn 0.2442 0.9577 0.1523
vn 0.6521 0.7221 -0.2308
vn -0.2215 0.7847 -0.5790
vn 0.4494 0.8250 0.3427
vn 0.9069 -0.4142 -0.0776
vn 0.0120 -0.9999 -0.0037
vn -0.3939 0.6034 -0.6934
vn 0.8359 -0.5385 -0.1063
vn -0.1302 -0.9447 0.3009
vn -0.8634 -0.2158 0.4560
vn 0.0650 -0.9227 0.3801
vn -0.0191 -0.1820 0.9831
vn -0.6205 -0.0148 -0.7840
vn 0.4820 0.8198 -0.3092
vn -0.0272 0.9996 0.0018
vn -0.6972 -0.7152 -0.0489
vn -0.0668 0.5875 -0.8065
vn -0.8921 -0.4289 0.1424
vn -0.8106 -0.4473 -0.3779
vn -0.1681 -0.7998 -0.5763
vn 0.4963 -0.3044 0.8131
vn 0.2079 0.5411 -0.8149
vn -0.2944 -0.6096 0.7360
vn 0.1612 0.8930 -0.4203
vn -0.9398 0.2968 0.1696
vn 0.5450 -0.4814 -0.6865
vn 0.3819 -0.7984 0.4655
vn -0.4650 0.6926 0.5514
vn 0.3810 0.4727 -0.7946
vn -0.5388 -0.1523 0.8285
vn -0.0544 0.4749 0.8783
vn -0.2953 -0.5307 -0.7945
vn -0.5370 0.7961 -0.2790
vn -0.9072 -0.3204 -0.2727
vn 0.7494 0.4324 0.5015
vn -0.4135 -0.7399 -0.5307
vn -0.6625 0.1025 -0.7420
vn 0.8208 0.2729 -0.5019
vn -0.0008 0.2994 0.9541
vn 0.4443 0.8665 0.2274
vn -0.8340 -0.5480 0.0636
vn 0.1093 0.3015 -0.9472
vn -0.8513 -0.4792 -0.2135
vn -0.5821 0.1029 -0.8066
vn -0.8784 0.2795 0.3876
vn 0.2072 0.1603 0.9651
vn 0.4290 0.8855 0.1786
vn 0.1672 -0.5959 0.7854
vn -0.3272 0.8095 -0.4875
vn -0.7464 0.6125 -0.2602
vn -0.3382 0.9002 0.2744
vn 0.8703 -0.4751 0.1301
vn -0.0879 -0.9788 -0.1851
vn 0.8891 0.3134 -0.3336
vn 0.5774 -0.6219 -0.5290
vn -0.2629 0.3613 -0.8946
vn 0.9504 -0.1222 0.2860
vn 0.3220 -0.3867 -0.8642
vn 0.9658 -0.1623 0.2024
vn 0.1099 -0.9795 -0.1691
vn 0.3538 -0.3069 0.8836
vn 0.4632 0.8725 0.1555
vn -0.4569 -0.7665 0.4513
vn -0.8323 0.0374 0.5531
vn -0.1654 0.9457 0.2797
vn 0.5196 0.3297 0.7882
vn -0.0826 0.6968 0.7125
vn -0.2321 0.9125 -0.3369
vn 0.1605 0.6151 0.7720
vn 0.2849 0.9290 -0.2362
vn -0.0353 0.9276 -0.3719
vn 0.3163 -0.9467 0.0618
vn 0.0952 0.1267 -0.9874
vn -0.2136 -0.9612 -0.1748
vn 0.1742 0.9362 0.3053
vn -0.2773 0.6776 0.6812
vn 0.0200 -0.9577 -0.2872
vn 0.7814 0.0452 -0.6224
vn 0.1292 0.9514 0.2795
vn -0.1800 0.9758 0.1244
vn 0.2444 -0.9660 -0.0842
vn -0.2210 -0.9713 0.0874
vn -0.3765 0.9250 -0.0511
vn 0.1168 -0.9625 0.2450
vn -0.2060 -0.9538 0.2188
vn 0.2566 -0.9623 -0.0902
vn -0.2283 0.9575 -0.1762
vn 0.1645 0.0945 -0.9818
vn -0.0993 0.1015 0.9899
vn 0.3932 0.9192 0.0199
vn -0.8489 0.1548 0.5053
vn -0.1757 0.6067 -0.7753
vn 0.6985 0.3200 0.6400
vn -0.9755 0.0803 -0.2047
vn 0.0504 -0.9643 -0.2600
vn 0.4184 -0.8548 0.3071
vn 0.1140 0.9729 0.2010
vn 0.8231 0.3124 0.4743
vn 0.2789 0.9378 -0.2068
vn -0.2134 -0.9625 -0.1675
vn 0.5689 0.2453 -0.7849
vn -0.7224 0.6830 0.1077
vn 0.1955 0.9641 0.1797
vn -0.5140 0.3794 -0.7693
vn 0.0089 0.5642 -0.8256
vn 0.8870 0.0752 -0.4556
vn 0.8481 0.3506 0.3972
vn 0.3835 0.0172 -0.9234
vn 0.1483 0.9876 -0.0517
vn -0.6534 0.7064 0.2722
vn -0.6871 0.1356 -0.7138
vn -0.5656 0.7705 0.2939
vn -0.4571 -0.5695 -0.6832
vn 0.0865 0.6963 0.7125
vn -0.0670 0.9901 -0.1232
vn -0.3233 0.5661 0.7583
vn 0.0657 0.3392 -0.9384
vn 0.7331 0.2741 0.6224
vn 0.8070 0.4759 -0.3498
vn 0.1260 0.3079 -0.9430
vn -0.5035 -0.7477 -0.4329
vn -0.5988 0.6999 -0.3893
vn -0.0315 0.8497 -0.5263
vn 0.7605 0.0988 0.6418
vn 0.2668 0.8914 -0.3662
vn 0.2804 0.8948 -0.3475
vn -0.5712 0.3234 0.7544
vn 0.6778 -0.6691 0.3048
vn -0.9870 0.1444 -0.0711
vn -0.1350 0.9816 -0.1347
vn 0.0952 0.8246 0.5576
vn 0.2747 -0.9335 -0.2303
vn -0.2222 0.0449 0.9740
vn 0.8455 0.4885 -0.2157
vn -0.8323 0.0664 -0.5503
vn 0.2970 0.3651 0.8823
vn -0.4412 0.0462 0.8962
vn -0.8333 0.5213 0.1839
vn -0.7768 0.4727 0.4162
vn 0.5420 0.6786 -0.4957
vn 0.0369 0.7573 -0.6520
vn 0.3996 0.8964 0.1918
vn 0.4884 -0.2815 -0.8260
vn -0.3036 0.8474 0.4355
vn -0.9602 0.2717 0.0646
vn 0.4725 -0.7461 0.4691
vn -0.9056 0.0142 0.4239
vn -0.3600 0.8076 0.4671
vn 0.9611 -0.2679 0.0677
vn -0.5589 0.8280 0.0453
vn 0.4043 -0.2249 0.8865
vn -0.6851 0.3407 -0.6439
vn 0.0785 0.8419 0.5338
vn -0.6106 0.7288 0.3098
vn -0.0115 -0.9999 -0.0033
vn 0.5742 0.7452 -0.3391
vn 0.0025 -1.0000 0.0059
vn -0.5284 0.2455 0.8127
vn -0.0464 0.4736 -0.8795
vn 0.1591 0.2360 0.9586
vn -0.0012 0.9069 -0.4213
vn -0.4071 -0.1656 -0.8983
vn -0.4534 0.8860 0.0972
vn -0.0033 -0.9999 -0.0105
vn 0.3761 0.9243 -0.0642
vn 0.0173 -0.9998 0.0076
vn 0.0443 -0.9982 -0.0398
vn 0.6778 0.7274 -0.1067
vn -0.6701 0.3722 -0.6422
vn -0.2816 0.9149 -0.2891
vn 0.1163 0.9774 0.1768
vn -0.9763 -0.0527 -0.2101
vn 0.9999 0.0084 0.0111
vn 0.8147 0.3268 -0.4790
vn -0.6229 0.2449 0.7429
vn 0.3590 0.3519 -0.8645
vn 0.1551 -0.6983 -0.6988
vn -0.3002 0.7718 0.5606
vn -0.0642 -0.9959 -0.0629
vn 0.3156 -0.9477 -0.0475
vn -0.4063 -0.8427 0.3532
vn -0.0053 -0.9998 -0.0208
vn -0.5890 0.7765 -0.2240
vn 0.7513 -0.6487 -0.1212
vn 0.5252 0.5304 -0.6654
vn -0.1187 -0.4425 -0.8889
vn 0.2397 -0.9650 0.1066
vn -0.5812 0.6192 0.5280
vn 0.1279 0.6958 0.7068
vn -0.8301 0.5575 0.0131
vn -0.0573 0.9980 0.0252
vn -0.3531 -0.9350 0.0324
vn -0.2110 0.7485 -0.6287
vn 0.7259 0.5044 0.4676
vn 0.3361 0.4664 -0.8182
vn 0.9122 0.3215 -0.2539
vn -0.8859 -0.3229 0.3330
vn 0.2427 -0.9698 -0.0261
vn -0.8953 -0.2847 0.3427
vn 0.5299 0.4898 -0.6923
vn 0.0304 -0.9787 -0.2030
vn -0.0397 0.9935 0.1068
vn 0.6353 0.7595 -0.1400
vn 0.6821 -0.6966 0.2225
vn -0.0178 0.9511 0.3083
vn 0.6349 0.7598 -0.1403
vn -0.0782 -0.9725 -0.2196
vn -0.0339 0.9993 0.0180
vn 0.6411 -0.6287 0.4401
vn -0.3162 0.7077 -0.6319
vn -0.4996 0.7343 -0.4596
vn -0.9550 0.1227 0.2702
vn 0.5805 0.5054 -0.6384
vn -0.4257 -0.2043 -0.8815
vn -0.4722 -0.6838 0.5562
vn -0.4797 -0.5804 0.6580
vn -0.1469 -0.9732 0.1772
vn 0.8494 -0.5109 -0.1320
vn -0.6815 0.7167 -0.1479
vn -0.1913 0.9804 0.0467
vn -0.1398 0.9811 0.1337
vn 0.2375 -0.7771 0.5828
vn 0.2018 -0.9794 -0.0015
vn -0.6189 0.7759 -0.1219
vn -0.0518 -0.9971 0.0564
vn 0.9673 -0.0443 -0.2496
vn -0.5670 -0.8075 -0.1623
vn -0.5434 0.6160 0.5703
vn -0.4674 -0.6757 -0.5701
vn 0.4788 0.6345 -0.6068
vn -0.5637 -0.6337 -0.5298
vn -0.2742 -0.0259 0.9613
vn 0.5372 0.8417 0.0544
vn 0.3400 0.5622 0.7539
vn 0.0340 0.6309 0.7751
vn -0.4797 -0.2865 -0.8293
vn -0.0247 0.9995 0.0192
vn -0.8466 -0.5153 0.1331
vn 0.3092 0.4175 0.8544
vn -0.0451 -0.3982 0.9162
vn 0.6308 -0.7751 0.0360
vn 0.0141 0.9978 0.0644
vn -0.8913 0.4279 0.1503
vn 0.7567 -0.4201 -0.5009
vn 0.0054 1.0000 -0.0074
vn 0.5929 0.2163 0.7756
vn -0.4752 -0.5375 -0.6966
vn 0.0286 -0.9933 0.1120
vn -0.9707 0.0674 0.2305
vn -0.0257 0.9346 -0.3548
vn 0.8684 -0.4949 0.0307
vn 0.4673 0.4466 -0.7630
vn 0.4316 -0.8924 -0.1321
vn 0.0218 0.9995 0.0239
vn 0.0240 0.6633 0.7480
vn 0.1587 0.9642 -0.2124
vn -0.0207 -0.9983 0.0542
vn 0.9698 0.0214 -0.2429
vn 0.6736 0.1328 -0.7271
vn 0.3423 0.5425 -0.7672
vn 0.7656 -0.2201 -0.6045
vn -0.4772 -0.8076 0.3466
vn -0.0905 -0.7287 -0.6788
vn -0.7677 0.6022 -0.2193
vn -0.8563 0.5162 -0.0167
vn 0.2021 0.6114 -0.7651
vn 0.1127 -0.9321 -0.3442
vn -0.0953 -0.1001 -0.9904
vn 0.9581 0.0540 -0.2811
vn 0.1264 0.7262 -0.6758
vn 0.6918 -0.0777 -0.7179
vn 0.7386 0.2598 0.6221
vn 0.4694 -0.8020 -0.3695
vn 0.4554 0.6072 0.6511
vn -0.6093 -0.0941 -0.7874
vn -0.2345 0.1190 0.9648
vn -0.6127 -0.5897 -0.5262
vn 0.9534 -0.2965 -0.0555
vn -0.2880 0.9570 -0.0349
vn -0.7774 0.1081 0.6196
vn -0.6482 0.5456 0.5312
vn -0.9974 0.0717 -0.0051
vn -0.3879 -0.4440 0.8077
vn 0.2892 -0.7999 0.5259
vn 0.5554 0.8274 -0.0833
vn -0.1058 -0.7844 -0.6112
vn -0.5418 0.5063 -0.6709
vn -0.1030 0.8947 0.4346
vn 0.2865 0.8265 -0.4846
vn -0.7601 -0.6005 0.2483
vn -0.6983 0.6717 -0.2473
vn -0.3620 0.6855 0.6317
vn 0.6323 -0.3788 0.6758
vn 0.7627 0.0391 -0.6456
vn -0.9729 -0.1451 0.1798
vn 0.6040 -0.1998 0.7716
vn -0.3678 -0.2527 0.8949
vn -0.6243 -0.0667 -0.7783
vn -0.8136 -0.5497 0.1895
vn 0.9593 0.2370 -0.1536
vn 0.3621 0.8210 0.4413
vn 0.1087 0.1473 0.9831
vn 0.1180 -0.2532 -0.9602
vn 0.5782 -0.7965 -0.1770
vn 0.2169 -0.8166 0.5349
vn -0.3052 -0.9470 0.0999
vn -0.9407 0.0685 0.3323
vn 0.5560 0.1488 -0.8177
vn 0.8822 0.1618 0.4421
vn 0.0030 0.8409 0.5412
vn 0.2337 -0.3218 -0.9175
vn -0.8728 -0.3623 0.3269
vn -0.0414 -0.9314 -0.3616
vn -0.3826 0.3354 0.8609
vn -0.5115 0.4398 -0.7382
vn 0.2004 -0.9519 0.2318
vn -0.1188 0.1998 -0.9726
vn -0.0852 0.9181 -0.3872
vn 0.0020 1.0000 0.0046
vn 0.9186 0.3941 0.0304
vn 0.7424 -0.2206 0.6326
vn -0.2287 0.9683 0.1000
vn 0.5014 -0.4611 -0.7321
vn -0.3310 0.9300 -0.1596
vn 0.0532 0.0156 0.9985
vn 0.0062 -0.9770 0.2131
vn 0.4757 0.2071 -0.8549
vn -0.3496 -0.9287 -0.1235
vn 0.2057 -0.9735 0.0997
vn 0.2992 -0.9523 0.0607
vn -0.2990 -0.9383 0.1735
vn -0.0017 0.9780 0.2085
vn -0.3095 0.6172 0.7234
vn -0.1006 0.9941 -0.0404
vn 0.6376 0.3061 0.7069
vn -0.9473 0.2529 -0.1969
vn 0.4307 0.4207 -0.7984
vn -0.0468 -0.9367 -0.3471
vn 0.2966 0.9514 -0.0826
vn 0.3905 0.9167 0.0844
vn -0.7064 0.2517 -0.6616
vn -0.0697 0.8288 0.5552
vn 0.1778 0.9690 0.1717
vn -0.0292 0.0464 0.9985
vn 0.8971 0.1501 0.4155
vn -0.2530 -0.9650 0.0687
vn 0.9630 0.1041 -0.2485
vn 0.3094 -0.9102 -0.2753
vn 0.0417 0.9638 -0.2635
vn 0.8777 0.4529 0.1568
vn 0.1289 0.9776 0.1661
vn 0.1427 -0.2187 -0.9653
vn -0.2613 0.9613 0.0876
vn -0.5697 0.3199 0.7571
vn 0.0499 0.9829 -0.1771
vn -0.8924 0.3780 0.2464
vn -0.0897 0.9515 -0.2944
vn -0.2857 0.9583 0.0085
vn 0.0820 0.8026 -0.5909
vn 0.0024 -1.0000 -0.0058
vn -0.6080 0.2168 -0.7637
vn 0.2054 0.0674 0.9763
vn -0.3177 0.6229 -0.7149
vn -0.0012 -1.0000 -0.0012
vn -0.7577 -0.0242 -0.6522
vn -0.6464 0.0668 -0.7601
vn -0.8005 0.5793 -0.1540
vn -0.7485 0.6615 -0.0465
vn 0.3140 0.2943 -0.9027
vn 0.0136 0.8476 0.5304
vn 0.5712 0.2369 0.7859
vn -0.9365 0.2589 0.2365
vn -0.0029 -1.0000 0.0026
vn -0.0063 0.1533 -0.9882
vn -0.1394 0.9876 0.0717
vn 0.3907 0.8808 0.2676
vn 0.7668 0.4225 0.4832
vn 0.3224 0.2755 -0.9056
vn -0.7185 -0.4016 0.5679
vn 0.5048 0.8115 0.2944
vn -0.7783 0.6267 -0.0384
vn -0.4204 0.9001 0.1147
vn -0.7741 0.3182 -0.5473
vn -0.9801 -0.0360 0.1951
vn 0.8480 0.1300 -0.5138
vn 0.6821 0.4143 0.6026
vn -0.6910 0.2659 0.6722
vn -0.3041 0.8795 0.3660
vn 0.0171 0.1243 0.9921
vn -0.1991 0.8812 0.4287
vn 0.1611 0.9586 0.2349
vn 0.3396 0.9032 -0.2624
vn 0.3764 -0.0164 0.9263
vn -0.0023 -1.0000 -0.0022
vn -0.9274 0.3711 -0.0463
vn 0.1697 0.4136 0.8945
vn 0.5603 0.7858 -0.2618
vn 0.8676 0.3256 -0.3760
vn -0.3450 0.9055 -0.2471
vn 0.6630 0.5592 0.4976
vn -0.8683 -0.4538 0.2002
vn 0.9493 0.0158 0.3140
vn 0.9392 -0.0354 0.3415
vn 0.6555 0.6144 -0.4392
vn 0.3908 0.8899 -0.2355
vn -0.4300 -0.2459 0.8687
vn 0.0102 0.2337 0.9723
vn 0.1367 0.9075 -0.3971
vn -0.2693 0.5201 -0.8106
vn -0.6932 0.2821 -0.6632
vn 0.0010 -1.0000 0.0044
vn -0.1921 -0.9323 0.3064
vn -0.4339 0.7987 0.4169
vn 0.3689 0.9217 0.1202
vn 0.4683 0.8320 -0.2976
vn -0.3509 0.8230 -0.4468
vn -0.1650 0.9058 -0.3903
vn 0.8483 0.1327 -0.5127
vn -0.6093 0.7632 -0.2153
vn 0.6235 -0.2914 -0.7255
vn 0.8507 0.5126 0.1160
vn 0.0760 0.6572 -0.7499
vn -0.1024 0.5919 -0.7995
vn -0.3469 -0.5001 -0.7934
vn -0.3733 0.6285 0.6823
vn -0.6288 -0.7515 -0.1999
vn -0.5857 0.5491 0.5962
vn -0.7763 0.5192 0.3576
vn 0.1097 0.9939 0.0141
vn 0.5565 -0.7612 -0.3331
vn 0.0270 0.7464 -0.6649
vn 0.5298 -0.8366 0.1398
vn 0.6927 0.5021 -0.5178
vn 0.9921 0.0118 -0.1250
vn -0.5547 0.7527 0.3547
vn 0.0531 -0.9891 0.1370
vn 0.7425 0.6687 -0.0389
vn -0.2991 0.5148 -0.8035
vn -0.2180 -0.9734 0.0709
vn -0.6816 -0.7108 -0.1738
vn 0.1202 -0.9114 -0.3936
vn 0.4057 0.9030 0.1412
vn -0.4589 0.8782 -0.1350
vn -0.8036 0.5462 0.2365
vn 0.0351 0.6649 0.7461
vn -0.5843 -0.8115 0.0047
vn 0.8808 0.2630 -0.3937
vn -0.0252 0.9443 -0.3281
vn -0.0823 -0.9900 -0.1144
vn 0.0573 -0.8228 -0.5654
vn 0.3587 0.9148 0.1858
vn -0.6826 0.4105 0.6046
vn -0.9514 0.2949 -0.0883
vn 0.0865 -0.9958 0.0299
vn -0.3979 -0.9076 -0.1341
vn -0.4580 0.5542 -0.6951
vn 0.0160 -0.5852 0.8108
vn 0.6727 -0.6587 0.3370
vn -0.6090 -0.6537 0.4493
vn 0.7403 -0.6583 -0.1365
vn -0.2065 -0.9543 0.2158
vn 0.0134 -0.9991 0.0412
vn -0.3770 0.9222 -0.0864
vn -0.2516 -0.8532 0.4569
vn -0.1349 0.9903 -0.0326
vn 0.4063 0.9026 0.1419
vn 0.1501 -0.8356 -0.5285
vn -0.9252 -0.2011 -0.3218
vn -0.0048 -0.5965 0.8026
vn 0.0556 -0.7361 0.6746
vn 0.1768 0.7506 -0.6366
vn 0.6000 -0.4426 0.6664
vn 0.3780 0.8067 -0.4542
vn -0.1554 0.9744 -0.1626
vn 0.6479 -0.5944 -0.4763
vn 0.6989 -0.6090 0.3751
vn -0.7878 -0.4473 -0.4235
vn 0.6555 0.6956 0.2939
vn 0.3748 0.8588 0.3494
vn -0.4329 -0.8358 -0.3376
vn 0.3198 -0.7442 -0.5864
vn 0.5909 -0.2826 -0.7556
vn 0.0256 -0.9996 -0.0086
vn -0.2083 -0.3853 0.8990
vn -0.1104 0.9852 0.1308
vn -0.1175 0.9424 0.3132
vn 0.0249 -0.9985 0.0485
vn 0.0095 -0.9998 0.0155
vn 0.8614 0.3920 -0.3230
vn -0.9427 -0.1806 -0.2807
vn 0.3318 -0.2532 -0.9087
vn -0.8907 -0.4197 -0.1749
vn -0.2698 -0.7877 -0.5539
vn 0.7303 -0.6395 0.2404
vn 0.8655 -0.4878 0.1141
vn 0.5288 -0.4637 -0.7108
vn 0.2924 0.1758 -0.9400
vn -0.0073 -0.9621 -0.2726
vn -0.6813 -0.1202 -0.7220
vn 0.1717 0.7574 0.6300
vn -0.3859 0.7668 0.5130
vn -0.1999 0.8892 -0.4116
vn -0.4653 0.7986 0.3817
vn 0.8566 0.3369 0.3907
vn 0.8842 0.3158 0.3443
vn -0.4949 0.6912 -0.5265
vn 0.4349 0.0504 -0.8991
vn 0.7404 0.5040 -0.4448
vn -0.9733 0.2281 -0.0258
vn 0.5096 -0.0019 0.8604
vn -0.2560 -0.5546 -0.7917
vn -0.0629 -0.4527 0.8895
vn -0.7085 -0.6333 0.3115
vn -0.4720 0.1748 0.8641
vn -0.1565 0.9252 -0.3456
vn 0.3335 0.0232 0.9425
vn 0.4249 0.8115 0.4012
vn -0.4763 0.2919 -0.8294
vn -0.6492 -0.2320 0.7244
vn 0.3239 0.9240 -0.2031
vn 0.1763 0.2190 0.9597
vn 0.6883 -0.6469 0.3282
vn -0.9725 0.2326 -0.0074
vn 0.1227 -0.8324 0.5404
vn 0.8663 -0.3303 -0.3747
vn -0.1865 -0.9657 0.1807
vn -0.6660 -0.1623 0.7281
vn 0.2720 -0.9055 -0.3259
vn -0.1736 0.9695 -0.1729
vn -0.5322 0.3694 -0.7618
vn -0.2665 -0.9491 0.1678
vn 0.6082 0.1597 -0.7776
vn -0.7344 0.2077 -0.6461
vn -0.3678 -0.9289 -0.0438
vn 0.2055 -0.9733 0.1019
vn 0.7433 0.6557 0.1329
vn 0.0134 0.1210 0.9926
vn -0.7998 0.5891 -0.1153
vn 0.2065 -0.9728 0.1046
vn 0.0815 -0.9145 0.3964
vn -0.2043 0.9521 0.2277
vn 0.0966 -0.9587 -0.2675
vn -0.6663 0.0042 0.7457
vn 0.4838 -0.8138 -0.3220
vn 0.5800 0.7739 0.2545
vn 0.4666 0.8528 0.2344
vn 0.2522 0.9557 0.1521
vn 0.0327 0.9906 0.1330
vn 0.0886 0.9110 0.4029
vn 0.1814 0.9464 -0.2671
vn 0.3379 0.9005 0.2737
vn -0.1007 0.9790 -0.1772
vn 0.9215 0.0883 0.3781
vn 0.4596 0.8350 -0.3025
vn -0.3939 0.9191 0.0054
vn -0.1158 -0.9810 0.1557
vn -0.6437 0.7390 -0.1990
vn 0.5204 0.2389 0.8198
vn 0.7565 0.3314 0.5638
vn -0.7424 -0.0644 -0.6669
vn -0.2268 -0.9547 -0.1927
vn -0.8273 0.2055 0.5228
vn -0.4284 0.7889 0.4407
vn 0.7871 0.5739 -0.2260
vn 0.1077 0.9922 -0.0621
vn 0.3101 0.9506 -0.0167
vn 0.7434 0.2338 -0.6267
vn -0.8351 0.1853 0.5180
vn -0.3556 0.6330 0.6876
vn 0.8208 -0.2601 -0.5086
vn -0.8849 0.2452 0.3960
vn -0.1580 -0.8772 -0.4533
vn -0.2049 0.9533 0.2220
vn -0.1200 0.9054 -0.4072
vn 0.5873 -0.4545 0.6697
vn 0.0031 -1.0000 -0.0029
vn 0.0384 0.4407 -0.8968
vn -0.9913 0.1313 -0.0094
vn -0.3746 0.5718 0.7299
vn 0.7103 0.0710 -0.7003
vn -0.6449 0.7374 -0.2009
vn -0.2767 0.9606 0.0261
vn 0.9153 0.0424 0.4006
vn -0.7996 0.3956 0.4517
vn 0.1751 0.6183 -0.7662
vn -0.6551 0.6618 -0.3644
vn 0.2967 0.9209 0.2529
vn -0.8305 0.3449 0.4373
vn -0.0047 -1.0000 0.0086
vn 0.8671 0.4957 -0.0487
vn 0.0136 0.9176 -0.3973
vn 0.9367 -0.1865 -0.2964
vn 0.2828 0.8740 -0.3952
vn 0.7519 0.2283 0.6185
vn -0.2841 -0.0860 0.9549
vn -0.0597 0.9230 0.3801
vn 0.2617 0.9450 0.1961
vn 0.3164 0.0997 -0.9434
vn 0.2442 0.0712 0.9671
vn -0.5838 0.3667 -0.7244
vn -0.1394 0.1654 0.9763
vn -0.9970 0.0760 0.0159
vn 0.0013 -1.0000 -0.0009
vn 0.5089 0.8500 -0.1361
vn -0.0037 -1.0000 0.0001
vn 0.0919 0.9042 -0.4172
vn -0.0478 -0.6320 0.7735
vn 0.3451 0.8468 0.4048
vn -0.1005 0.8191 -0.5647
vn 0.0007 -1.0000 0.0009
vn -0.1596 0.2780 -0.9472
vn -0.5110 0.8301 0.2233
vn -0.2631 0.2378 0.9350
vn -0.5939 0.7397 0.3163
vn 0.9079 -0.0570 -0.4154
vn -0.4915 0.8589 -0.1440
vn 0.9208 0.3675 -0.1311
vn 0.7044 0.3217 0.6327
vn 0.2863 0.8556 -0.4312
vn -0.1290 0.8707 0.4747
vn 0.8139 0.5792 -0.0455
vn 0.3751 -0.0394 -0.9262
vn -0.4214 -0.1115 -0.9000
vn 0.0173 -0.9998 -0.0014
vn 0.5999 0.2845 -0.7478
vn 0.6513 -0.0193 0.7585
vn -0.5848 0.7912 -0.1786
vn -0.9537 0.0206 -0.3001
vn -0.8243 0.3356 -0.4559
vn -0.2153 0.8960 -0.3884
vn -0.6672 0.1063 0.7372
vn 0.3986 0.4717 0.7865
vn 0.5645 0.2370 -0.7907
vn -0.4014 0.1145 -0.9087
vn -0.1959 -0.9110 0.3630
vn -0.9292 0.3595 0.0855
vn -0.1566 0.9608 0.2286
vn -0.4249 -0.8464 -0.3211
vn 0.6567 -0.7519 0.0591
vn -0.3695 0.6116 -0.6996
vn 0.2258 -0.7456 -0.6270
vn 0.4710 0.6512 0.5950
vn -0.0687 0.6992 0.7116
vn -0.4905 -0.7100 -0.5053
vn 0.1028 -0.9822 0.1571
vn -0.4019 0.9134 -0.0653
vn 0.0045 -0.9999 -0.0164
vn -0.4573 -0.8888 -0.0289
vn 0.1275 0.7984 0.5885
vn 0.8405 0.5271 0.1251
vn -0.1028 -0.9920 0.0737
vn -0.3386 0.9390 -0.0603
vn 0.3431 0.6457 -0.6822
vn -0.7176 0.6217 -0.3139
vn -0.1301 0.8925 0.4319
vn -0.0489 0.9186 0.3922
vn -0.5140 0.8045 -0.2977
vn 0.0246 -0.9501 0.3110
vn -0.0362 0.9229 0.3834
vn -0.2178 0.8631 0.4556
vn 0.2500 -0.6513 -0.7165
vn 0.5818 -0.8003 0.1447
vn 0.5345 0.7238 -0.4364
vn 0.4308 -0.3854 -0.8160
vn 0.1151 0.9729 0.2006
vn 0.1170 -0.8736 -0.4723
vn 0.4177 0.3659 0.8317
vn 0.5851 -0.1389 -0.7990
vn 0.1520 0.8756 -0.4585
vn -0.7780 0.6155 -0.1257
vn -0.3393 -0.9404 -0.0226
vn 0.2230 0.5636 -0.7954
vn -0.6177 0.7761 0.1273
vn -0.1403 -0.8663 0.4794
vn -0.4165 -0.2716 0.8676
vn 0.5487 -0.3972 -0.7356
vn -0.1235 -0.3341 -0.9344
vn 0.0903 -0.9958 -0.0174
vn 0.5612 -0.7197 -0.4088
vn -0.5220 -0.7023 -0.4840
vn 0.0111 0.9968 0.0789
vn -0.5392 -0.1241 0.8330
vn -0.1324 -0.9458 -0.2966
vn 0.5699 0.7026 -0.4262
vn 0.8767 0.3333 0.3468
vn 0.4044 0.4218 -0.8115
vn -0.0541 -0.9338 0.3536
vn 0.4565 -0.8837 0.1035
vn -0.3134 -0.5316 -0.7868
vn -0.4099 0.9049 0.1144
vn 0.4084 -0.8957 0.1758
vn 0.5958 -0.7335 0.3271
vn 0.1050 -0.8064 0.5820
vn 0.0877 -0.9207 -0.3802
vn -0.7344 0.6159 -0.2852
vn -0.6219 0.6869 0.3760
vn -0.5271 0.5306 0.6639
vn -0.4150 0.8423 -0.3438
vn -0.4052 -0.3407 0.8484
vn -0.4252 -0.3365 -0.8403
vn -0.0497 -0.9965 0.0665
vn -0.2292 -0.2396 -0.9434
vn -0.0717 0.9968 0.0341
vn 0.5153 -0.4646 -0.7201
vn -0.4339 0.2647 -0.8612
vn 0.3788 -0.6256 0.6820
vn -0.8335 -0.1836 -0.5211
vn -0.4423 0.8960 -0.0396
vn -0.6080 -0.7024 0.3702
vn -0.0014 1.0000 0.0007
vn 0.5603 0.1271 0.8184
vn 0.6953 -0.6870 0.2113
vn -0.8504 -0.0742 0.5209
vn 0.4746 -0.8252 0.3061
vn -0.2247 -0.0339 0.9738
vn 0.2626 -0.0467 -0.9638
vn -0.6645 0.2040 -0.7189
vn -0.3461 0.9369 0.0491
vn 0.5866 -0.6068 -0.5364
vn -0.2512 -0.3125 -0.9161
vn -0.1394 -0.4222 0.8957
vn -0.2133 -0.0124 0.9769
vn 0.9567 0.1277 -0.2616
vn 0.2203 0.8800 0.4207
vn -0.7318 -0.5228 0.4372
vn -0.9424 0.2702 0.1969
vn 0.6560 0.3815 -0.6513
vn -0.9449 0.2690 0.1864
vn 0.7149 0.0698 0.6957
vn -0.6291 0.6702 0.3938
vn -0.2977 -0.8806 -0.3686
vn -0.7934 0.4795 -0.3748
vn -0.8688 -0.3889 -0.3064
vn -0.3396 0.8953 -0.2884
vn -0.2471 -0.9076 -0.3393
vn -0.3802 -0.8161 0.4352
vn 0.1792 0.8149 0.5512
vn -0.1310 -0.7587 0.6382
vn 0.3357 0.7933 -0.5079
vn -0.3339 0.6334 0.6981
vn 0.7357 -0.3339 0.5893
vn -0.6510 -0.0564 -0.7570
vn 0.4851 0.2252 0.8450
vn 0.0380 0.8052 -0.5917
vn 0.5260 0.8359 0.1566
vn 0.7604 -0.3925 0.5174
vn -0.0715 0.5311 -0.8443
vn -0.7927 -0.5648 -0.2296
vn 0.4112 -0.8340 -0.3680
vn 0.9587 -0.2163 -0.1846
vn 0.8312 0.5110 0.2190
vn 0.2379 -0.1533 -0.9591
vn -0.0651 0.9978 -0.0144
vn 0.1926 -0.9802 -0.0449
vn 0.7690 0.6135 -0.1796
vn -0.8030 0.0006 0.5960
vn -0.0130 0.9621 -0.2724
vn -0.8063 -0.0069 0.5915
vn -0.0574 -0.9981 -0.0208
vn 0.1680 0.9783 0.1209
vn 0.2898 0.9558 0.0498
vn -0.0290 0.9936 -0.1093
vn -0.2384 -0.9523 0.1907
vn 0.0271 -0.9409 -0.3376
vn -0.3334 0.9256 0.1792
vn -0.7064 0.2852 0.6478
vn -0.4055 -0.8907 0.2054
vn 0.2166 0.1910 -0.9574
vn -0.3240 -0.0641 -0.9439
vn -0.0647 -0.0293 -0.9975
vn -0.2303 -0.9461 -0.2279
vn 0.2313 -0.9476 0.2205
vn 0.1592 -0.9637 -0.2142
vn 0.0163 0.9694 -0.2451
vn 0.1325 0.6900 0.7116
vn -0.0891 -0.1446 0.9855
vn -0.2444 0.9360 -0.2534
vn 0.6747 0.4373 0.5946
vn -0.1869 0.9650 0.1841
vn 0.0686 0.6484 0.7582
vn -0.0592 -0.3456 -0.9365
vn -0.4012 0.0874 0.9118
vn 0.8462 0.1549 0.5099
vn 0.2488 0.7776 0.5775
vn -0.9360 0.3455 -0.0681
vn 0.3283 -0.9198 -0.2148
vn 0.9160 -0.1108 0.3857
vn 0.7438 0.4871 0.4577
vn -0.6667 0.3526 0.6566
vn 0.0968 0.3036 -0.9479
vn -0.4214 0.6123 -0.6690
vn 0.1248 -0.9031 0.4110
vn 0.2597 0.6437 -0.7199
vn -0.2248 -0.9546 -0.1955
vn 0.8904 -0.0194 -0.4548
vn 0.0834 0.9203 0.3822
vn 0.8180 0.4015 0.4118
vn -0.6056 0.6019 -0.5206
vn 0.6443 0.3150 0.6968
vn 0.6277 0.1123 -0.7703
vn -0.2401 0.9707 0.0059
vn 0.6492 0.3779 0.6602
vn -0.6480 0.1044 0.7544
vn 0.9398 0.3054 -0.1532
vn 0.4368 0.7552 0.4887
vn -0.8548 0.2172 -0.4714
vn 0.8444 0.5358 -0.0031
vn 0.2927 -0.9481 0.1240
vn -0.4177 0.8939 0.1628
vn -0.8204 0.5048 0.2686
vn -0.2019 0.9552 -0.2162
vn 0.0793 0.9028 0.4228
vn -0.9729 0.2105 -0.0952
vn 0.7354 0.2717 -0.6207
vn -0.0970 0.1165 0.9884
vn -0.7991 0.2757 -0.5342
vn 0.0068 -0.9997 0.0233
vn 0.1886 0.9808 0.0500
vn -0.3719 0.6924 -0.6183
vn -0.3290 0.6743 0.6612
vn -0.6264 0.1709 -0.7605
vn -0.2578 0.9408 0.2201
vn -0.6349 0.7009 0.3250
vn 0.3158 0.9215 -0.2260
vn -0.6075 -0.4508 -0.6540
vn -0.0644 0.8109 0.5816
vn -0.9031 0.1506 -0.4023
vn 0.5032 0.2928 -0.8131
vn 0.1905 -0.9655 0.1775
vn 0.0577 0.9271 -0.3703
vn -0.9662 0.0987 0.2380
vn -0.4748 0.2693 0.8379
vn -0.8732 0.2789 -0.3996
vn -0.0104 0.8944 -0.4472
vn 0.5925 0.1075 0.7983
vn 0.0017 -1.0000 -0.0071
vn 0.8117 0.1333 0.5686
vn -0.4140 0.8169 -0.4017
vn 0.4534 0.8907 -0.0329
vn -0.7576 0.1797 0.6274
vn 0.0165 0.8798 0.4751
vn -0.6847 0.1607 -0.7109
vn 0.0018 -0.9999 -0.0099
vn 0.9997 -0.0002 0.0224
vn -0.4325 0.9011 -0.0317
vn 0.9299 0.3542 0.0996
vn -0.0168 -0.9998 0.0059
vn -0.0378 0.0811 -0.9960
vn 0.1628 0.8719 -0.4619
vn -0.8266 0.0317 0.5618
vn -0.2203 -0.1676 -0.9609
vn -0.0572 0.9431 -0.3276
vn -0.7022 0.1280 -0.7004
vn 0.2576 0.6684 -0.6978
vn -0.1287 -0.1101 -0.9856
vn 0.2819 0.9589 0.0325
vn 0.3229 0.7591 -0.5652
vn 0.5169 0.6768 0.5242
vn 0.0022 -0.9999 -0.0105
vn -0.9644 0.2560 -0.0664
vn -0.4030 0.7764 0.4846
vn -0.0020 -1.0000 0.0005
vn 0.5339 0.8415 -0.0828
vn 0.3484 0.9084 -0.2312
vn 0.7003 0.0007 -0.7138
vn -0.1582 0.0040 0.9874
vn 0.3004 0.5404 0.7860
vn 0.2112 -0.6810 0.7012
vn -0.5560 0.8304 -0.0360
vn 0.4913 -0.8334 0.2534
vn -0.0722 0.6668 0.7417
vn 0.1374 -0.6061 -0.7834
vn -0.9504 0.2749 0.1452
vn 0.7456 0.5235 0.4124
vn 0.1374 0.6202 -0.7723
vn -0.6458 0.6892 0.3287
vn -0.6726 -0.7018 0.2347
vn -0.8554 -0.2781 -0.4369
vn 0.6844 0.6210 0.3821
vn 0.7563 0.6247 -0.1946
vn 0.8033 -0.2205 0.5533
vn 0.9572 -0.2876 0.0331
vn 0.4007 0.5603 -0.7249
vn 0.8332 -0.5469 -0.0822
vn -0.0712 0.9969 0.0347
vn -0.4381 0.5238 0.7305
vn -0.1146 -0.9840 0.1361
vn -0.2698 0.9598 0.0777
vn -0.3230 0.5743 -0.7522
vn 0.1572 0.9767 -0.1459
vn -0.0342 -0.9986 -0.0411
vn 0.0385 -0.9976 -0.0578
vn -0.5940 0.5296 0.6056
vn 0.0112 -0.9992 0.0392
vn 0.4191 0.6806 -0.6009
vn 0.0403 0.9989 0.0224
vn 0.1409 0.7850 -0.6032
vn -0.4822 -0.6823 -0.5495
vn 0.0386 -0.7086 -0.7046
vn 0.0137 0.9999 -0.0055
vn -0.5189 0.5186 0.6795
vn 0.2240 -0.9746 -0.0038
vn 0.6186 0.7852 0.0269
vn -0.2370 -0.9709 -0.0349
vn 0.0456 -0.8274 0.5598
vn 0.6350 0.7723 0.0180
vn -0.1741 -0.9342 -0.3113
vn -0.4395 -0.6487 0.6213
vn -0.9497 -0.3129 -0.0125
vn 0.5003 0.4824 -0.7190
vn -0.7515 -0.4702 -0.4627
vn -0.9009 -0.4200 0.1090
vn -0.6975 -0.6341 -0.3338
vn 0.0295 -0.9995 0.0138
vn -0.1556 -0.8425 0.5157
vn 0.9413 -0.2928 -0.1681
vn 0.9340 -0.3159 -0.1672
vn 0.8409 -0.5355 -0.0783
vn 0.3988 0.9069 -0.1359
vn -0.7405 -0.6445 0.1908
vn 0.4360 0.1557 0.8864
vn -0.1212 -0.6653 -0.7367
vn -0.1019 0.9438 -0.3145
vn -0.0630 -0.9979 -0.0169
vn -0.0083 0.8490 -0.5284
vn -0.0469 0.9082 0.4159
vn -0.3399 0.7574 -0.5574
vn 0.7113 0.7028 0.0035
vn 0.0870 -0.1134 -0.9897
vn -0.8650 -0.4325 -0.2546
vn -0.2746 0.5455 0.7919
vn -0.7056 -0.6183 -0.3461
vn -0.5870 0.8096 -0.0033
vn -0.1416 -0.7828 0.6059
vn 0.5742 0.7998 0.1750
vn 0.6309 0.7749 -0.0382
vn 0.8491 -0.3874 0.3591
vn -0.8207 0.4213 0.3859
vn -0.8280 0.5554 -0.0775
vn 0.4033 0.8953 -0.1894
vn -0.3361 0.8011 -0.4952
vn -0.4634 0.1101 0.8793
vn 0.1259 0.4483 -0.8850
vn 0.4882 0.7139 0.5021
vn -0.8940 -0.3016 -0.3314
vn -0.3205 0.8612 0.3944
vn 0.3484 -0.9202 0.1787
vn -0.7171 -0.1533 -0.6799
vn 0.8651 0.3545 -0.3549
vn 0.5871 0.6754 -0.4463
vn 0.8460 -0.4297 0.3156
vn 0.6587 0.5513 0.5121
vn -0.1045 -0.8239 0.5570
vn -0.6966 -0.0834 -0.7126
vn 0.0151 -0.5136 -0.8579
vn -0.9130 -0.3385 0.2274
vn 0.5527 -0.1970 0.8098
vn 0.0572 0.7116 0.7002
vn -0.0856 0.9724 -0.2171
vn 0.1001 -0.8459 -0.5239
vn -0.3511 -0.9200 -0.1743
vn -0.5312 -0.5364 0.6559
vn 0.9512 0.2832 0.1226
vn -0.6283 0.6557 -0.4187
vn -0.0952 0.2543 0.9624
vn -0.7640 -0.3849 -0.5178
vn -0.7907 0.5519 0.2650
vn -0.3076 -0.8096 0.4999
vn 0.2875 -0.8603 -0.4210
vn 0.8044 -0.3948 -0.4439
vn 0.7777 -0.1579 -0.6084
vn 0.3940 -0.2194 0.8925
vn 0.1143 0.2853 -0.9516
vn 0.3178 -0.0877 -0.9441
vn 0.6283 0.7766 0.0462
vn 0.9566 -0.0264 0.2903
vn -0.8564 -0.4644 -0.2257
vn 0.6776 -0.6658 0.3124
vn 0.0730 0.8593 0.5063
vn -0.3696 0.9207 -0.1254
vn 0.1082 -0.9923 0.0596
vn -0.2184 0.4655 0.8577
vn 0.5532 -0.5627 0.6143
vn 0.5787 0.2947 -0.7604
vn -0.9310 0.1282 -0.3417
vn 0.0978 -0.4366 -0.8943
vn -0.3857 -0.7407 -0.5501
vn 0.5667 0.7564 0.3266
vn 0.7103 0.3643 0.6023
vn 0.5575 -0.4489 -0.6983
vn -0.0824 0.1780 -0.9806
vn -0.3249 -0.4645 0.8239
vn -0.3703 0.9204 -0.1255
vn 0.8844 0.3198 -0.3399
vn 0.1009 -0.9946 -0.0256
vn -0.7873 0.5045 0.3545
vn -0.6305 -0.5952 -0.4983
vn -0.4667 0.3782 -0.7995
vn 0.6888 -0.6013 0.4050
vn 0.4287 -0.5332 -0.7293
vn 0.8310 -0.4406 -0.3394
vn -0.7536 0.6516 0.0868
vn -0.9318 -0.0056 0.3628
vn -0.9436 -0.2784 -0.1794
vn -0.3116 0.1862 -0.9318
vn -0.4180 -0.8153 0.4008
vn 0.1597 0.8874 -0.4326
vn -0.3561 -0.3651 0.8602
vn 0.9451 0.1794 -0.2733
vn -0.1340 0.1803 0.9745
vn 0.4968 0.1078 0.8611
vn 0.1978 0.5139 -0.8347
vn -0.9286 0.0433 -0.3685
vn -0.1926 -0.9768 -0.0938
vn -0.4450 0.8619 -0.2432
vn 0.1479 -0.8338 -0.5319
vn -0.0411 -0.9726 0.2287
vn 0.1484 0.2577 0.9547
vn -0.2249 -0.9703 -0.0888
vn 0.0478 0.9649 0.2584
vn 0.2141 -0.9589 -0.1863
vn 0.6423 0.0540 -0.7646
vn -0.2588 -0.9324 0.2524
vn 0.3909 0.9163 0.0870
vn 0.4038 -0.0461 0.9137
vn -0.5446 0.3948 0.7399
vn 0.0725 0.9586 0.2755
vn 0.1928 0.8926 0.4075
vn 0.4012 -0.9151 0.0402
vn -0.2731 0.9197 0.2820
vn 0.1076 0.8908 -0.4415
vn -0.9864 0.1270 0.1042
vn -0.3158 0.9396 -0.1319
vn 0.7366 -0.6170 0.2770
vn -0.1711 0.9279 0.3313
vn 0.0881 0.6027 -0.7931
vn 0.7842 0.1119 -0.6103
vn -0.0679 0.0910 0.9935
vn -0.3183 0.9382 -0.1358
vn -0.9398 0.2295 -0.2531
vn 0.9281 0.1280 0.3496
vn 0.1691 0.9072 0.3851
vn -0.3074 0.6534 -0.6917
vn -0.0742 0.1846 -0.9800
vn -0.9665 -0.0192 -0.2561
vn 0.7470 0.6587 -0.0901
vn 0.1730 0.9642 -0.2008
vn -0.9523 0.2126 0.2190
vn -0.8885 0.4585 -0.0160
vn 0.3223 0.5962 0.7353
vn 0.1399 -0.9177 0.3719
vn -0.5092 -0.0253 0.8603
vn -0.4384 0.5010 0.7462
vn 0.4838 0.3742 0.7912
vn 0.2600 0.8932 -0.3669
vn -0.7531 0.5414 -0.3738
vn 0.0393 -0.1453 -0.9886
vn 0.6689 -0.0509 0.7416
vn -0.5417 0.8378 0.0684
vn 0.5497 0.8340 0.0484
vn 0.9693 0.1800 0.1675
vn 0.9973 -0.0501 0.0528
vn 0.3514 0.2597 0.8995
vn -0.3349 0.5953 -0.7304
vn 0.6395 0.3611 -0.6787
vn -0.2770 0.0205 0.9607
vn 0.9059 0.0427 -0.4214
vn -0.5943 0.7286 0.3405
vn -0.2320 0.8955 0.3798
vn -0.2507 0.9128 0.3224
vn -0.4901 0.8669 0.0906
vn -0.3910 -0.0349 0.9197
vn -0.4468 0.7529 -0.4832
vn -0.5438 0.7266 -0.4199
vn 0.1531 0.9380 -0.3109
vn -0.0068 -1.0000 0.0035
vn 0.4963 -0.0409 -0.8672
vn 0.1469 0.9627 -0.2273
vn -0.1570 0.9198 -0.3596
vn -0.5398 0.8319 0.1287
vn 0.5714 0.8114 -0.1227
vn 0.9284 0.3112 -0.2030
vn -0.4528 0.1258 -0.8827
vn -0.9814 0.0957 0.1665
vn 0.6225 0.2661 0.7360
vn -0.4489 0.1149 0.8862
vn 0.5154 0.3842 0.7660
vn -0.0819 0.0555 -0.9951
vn 0.9667 0.2355 0.0999
vn 0.3156 0.7322 0.6036
vn -0.0462 0.8395 -0.5414
vn 0.5654 0.2111 -0.7974
vn 0.6971 0.7122 -0.0823
vn -0.0016 -1.0000 -0.0019
vn -0.2082 0.0325 -0.9775
vn 0.6393 0.3674 -0.6755
vn 0.3978 0.5083 0.7638
vn -0.8371 0.5163 0.1809
vn -0.4479 0.8639 -0.2304
vn -0.0009 -1.0000 0.0014
vn -0.8050 0.3422 0.4846
vn 0.0559 0.8590 -0.5089
vn -0.0018 -1.0000 -0.0037
vn -0.7519 0.1007 -0.6515
vn -0.7954 -0.0491 -0.6040
vn 0.3510 0.9350 0.0506
vn -0.5470 0.4388 -0.7129
vn 0.6404 0.2841 0.7136
vn 0.0085 -1.0000 0.0012
vn 0.7355 -0.0166 -0.6773
vn 0.0064 0.9539 0.3000
vn 0.0422 -0.9990 0.0156
vn -0.0800 -0.1977 0.9770
vn -0.5778 0.8158 -0.0239
vn -0.0090 0.8350 0.5501
vn 0.2359 0.9221 -0.3067
vn 0.2300 -0.9703 0.0745
vn -0.9518 0.2338 0.1984
vn 0.4542 -0.7938 -0.4046
vn 0.1336 -0.5231 -0.8417
vn -0.8287 0.3404 -0.4442
vn 0.5804 0.6356 0.5090
vn 0.1532 -0.9384 -0.3097
vn -0.0540 0.8028 -0.5938
vn 0.1743 0.9080 0.3809
vn 0.9558 -0.0723 0.2850
vn -0.2379 0.7526 -0.6140
vn 0.4679 0.2135 -0.8576
vn -0.0962 0.8263 -0.5550
vn 0.0389 -0.9686 -0.2457
vn -0.0515 -0.9846 -0.1672
vn -0.5359 0.7775 -0.3292
vn 0.8632 -0.4907 0.1186
vn 0.3236 0.5011 -0.8026
vn -0.0690 -0.9972 0.0304
vn -0.7305 -0.6530 0.1997
vn -0.7189 0.5242 0.4565
vn -0.1154 0.6636 0.7391
vn 0.0249 -0.9991 0.0333
vn 0.4415 0.8400 -0.3153
vn 0.1340 -0.9855 0.1044
vn 0.5530 0.7180 0.4227
vn -0.1855 0.9826 -0.0111
vn -0.2272 -0.8829 0.4110
vn -0.5450 -0.8375 -0.0384
vn 0.7291 -0.1283 -0.6722
vn 0.0733 -0.9973 0.0067
vn -0.0420 0.6937 0.7190
vn 0.0766 0.9965 -0.0343
vn -0.3045 -0.6678 0.6793
vn -0.6772 -0.3951 -0.6208
vn -0.4931 0.5087 0.7057
vn 0.6299 0.7348 -0.2517
vn 0.1459 0.1363 -0.9799
vn -0.6879 -0.4810 0.5435
vn -0.0992 0.9942 -0.0415
vn -0.7396 -0.4366 0.5122
vn 0.1498 0.8087 -0.5688
vn -0.2956 0.9458 -0.1346
vn 0.1547 -0.7119 0.6850
vn -0.6735 0.0725 0.7356
vn -0.1161 -0.7752 -0.6210
vn -0.0539 -0.9958 -0.0746
vn 0.2302 -0.9714 -0.0589
vn 0.9040 -0.4164 0.0966
vn -0.2583 -0.4548 0.8523
vn 0.9618 0.0303 -0.2721
vn -0.9108 0.0304 -0.4117
vn 0.9343 -0.1590 0.3190
vn -0.0340 -0.9993 -0.0160
vn 0.6901 0.3647 0.6252
vn 0.0554 -0.9983 0.0182
vn -0.5660 0.7996 -0.2009
vn -0.0356 -0.7014 -0.7119
vn -0.6130 0.7318 -0.2978
vn 0.5288 -0.2434 -0.8131
vn 0.5197 -0.7682 -0.3739
vn 0.4080 -0.6921 -0.5954
vn -0.3421 0.8039 0.4865
vn 0.2287 -0.8933 0.3869
vn -0.1816 0.9753 0.1258
vn -0.6374 0.5480 0.5417
vn -0.4870 0.8520 -0.1921
vn 0.0879 0.5554 0.8269
vn 0.0042 -0.8443 0.5359
vn -0.6305 -0.5921 -0.5018
vn 0.5066 0.5635 -0.6525
vn 0.3121 -0.5867 -0.7472
vn 0.8780 -0.0805 0.4718
vn -0.7739 -0.2486 0.5825
vn 0.4159 0.8322 -0.3666
vn 0.0688 -0.9976 0.0032
vn 0.2929 0.9557 0.0273
vn -0.8822 -0.0289 -0.4699
vn 0.7388 0.4699 -0.4831
vn -0.1582 -0.5085 0.8464
vn -0.6581 0.7498 -0.0686
vn 0.8991 -0.0219 0.4371
vn -0.8264 -0.1048 -0.5532
vn 0.9385 -0.1342 0.3180
vn -0.1902 0.9394 -0.2852
vn -0.8209 -0.0476 0.5691
vn -0.7507 -0.0484 0.6589
vn 0.3988 0.8959 0.1960
vn 0.7690 -0.0239 -0.6388
vn 0.8359 0.0387 -0.5475
vn 0.2357 -0.9597 0.1533
vn -0.5798 0.7944 0.1808
vn 0.8670 0.0625 0.4944
vn 0.9568 0.1153 0.2668
vn 0.3810 -0.0560 0.9229
vn 0.5359 -0.4521 0.7131
vn 0.2769 0.7195 0.6369
vn -0.2592 0.9340 -0.2460
vn -0.6544 0.4803 -0.5840
vn 0.7510 -0.0300 -0.6596
vn 0.3929 -0.5495 -0.7373
vn -0.0060 1.0000 -0.0058
vn 0.4493 0.8162 0.3632
vn 0.5139 0.8532 0.0896
vn 0.2819 0.0106 0.9594
vn -0.0158 0.3279 -0.9446
vn 0.1216 0.7724 -0.6235
vn 0.4626 0.8764 -0.1336
vn -0.4050 -0.8361 -0.3702
vn -0.5588 0.8115 0.1709
vn 0.9753 -0.1657 0.1459
vn -0.3774 0.5136 -0.7706
vn 0.1891 0.7002 0.6884
vn -0.3158 0.9202 -0.2313
vn 0.5147 0.7886 0.3365
vn -0.9031 -0.0598 -0.4252
vn 0.0860 0.9240 -0.3726
vn 0.7032 -0.6922 -0.1625
vn -0.2364 0.8222 0.5178
vn 0.4865 0.7623 -0.4269
vn -0.4465 0.7577 0.4759
vn 0.4174 0.0463 0.9076
vn 0.2600 -0.8642 -0.4309
vn 0.6888 0.2064 -0.6949
vn 0.1273 -0.8888 0.4403
vn 0.3866 -0.7742 -0.5011
vn 0.2442 0.8669 -0.4345
vn 0.7843 0.4246 0.4522
vn 0.3804 0.0065 -0.9248
vn 0.2074 0.3397 -0.9174
vn 0.6019 0.7887 0.1251
vn -0.1707 -0.4650 -0.8687
vn -0.0359 -0.9952 -0.0913
vn -0.6719 0.2166 0.7083
vn 0.5699 -0.7653 0.2994
vn 0.8804 0.4581 -0.1230
vn 0.1120 -0.6351 0.7643
vn -0.5470 -0.8327 -0.0866
vn -0.5225 -0.7753 -0.3548
vn 0.4559 -0.8439 -0.2827
vn -0.0960 0.9323 0.3486
vn -0.1170 0.2872 0.9507
vn -0.2430 0.4112 0.8786
vn -0.7366 -0.3390 0.5852
vn -0.6375 -0.7669 0.0738
vn 0.6787 0.3694 -0.6348
vn -0.2530 -0.9568 0.1432
vn 0.3953 -0.1836 0.9000
vn -0.9795 0.0558 0.1937
vn 0.0844 0.8582 0.5063
vn -0.5447 0.7914 -0.2775
vn -0.1013 -0.7590 0.6432
vn -0.5733 -0.8033 0.1615
vn 0.3240 0.8395 -0.4362
vn 0.8436 -0.1201 -0.5234
vn 0.6331 -0.7501 -0.1911
vn -0.1030 0.8358 -0.5393
vn 0.4142 0.7532 -0.5110
vn -0.1229 -0.8687 -0.4798
vn -0.0131 -0.8071 -0.5903
vn -0.0992 -0.8463 -0.5234
vn -0.5796 0.7716 -0.2620
vn -0.6434 -0.0004 0.7655
vn -0.6988 0.0182 -0.7150
vn 0.0473 0.7588 -0.6496
vn -0.5944 0.7927 0.1353
vn -0.7723 0.5842 -0.2496
vn -0.4918 0.8535 0.1722
vn -0.2981 0.7427 -0.5996
vn -0.0346 0.7313 0.6812
vn -0.5810 -0.7942 0.1783
vn -0.0532 -0.0341 0.9980
vn 0.2189 -0.8545 0.4712
vn 0.4148 -0.8863 0.2057
vn 0.5079 0.8544 -0.1099
vn -0.5716 0.7335 -0.3676
vn 0.1385 -0.7771 -0.6140
vn 0.9951 0.0607 0.0784
vn 0.3997 0.7637 0.5069
vn 0.4110 0.8143 0.4098
vn 0.4626 -0.7697 0.4400
vn -0.0031 1.0000 -0.0055
vn 0.9597 0.2407 0.1451
vn 0.3459 0.7679 0.5391
vn -0.1919 0.0444 -0.9804
vn -0.3263 0.1143 -0.9383
vn 0.5651 0.8211 0.0802
vn -0.6325 0.7613 -0.1426
vn -0.5026 0.8112 0.2988
vn 0.2628 0.7808 0.5668
vn -0.4179 -0.8324 -0.3639
vn -0.1664 0.8743 -0.4560
vn -0.4894 0.8720 -0.0105
vn 0.8771 -0.4407 -0.1911
vn -0.2259 -0.7652 0.6028
vn -0.4179 -0.7552 0.5050
vn 0.3047 -0.9377 0.1672
vn 0.1429 0.8672 0.4770
vn -0.4075 -0.8014 -0.4379
vn -0.1022 0.8512 -0.5149
vn -0.9208 0.2939 0.2565
vn 0.0398 -0.9987 -0.0324
vn -0.3710 -0.8243 0.4276
vn 0.5558 -0.8297 0.0517
vn 0.8593 0.2125 -0.4652
vn 0.4908 0.7748 -0.3985
vn -0.2657 0.7847 -0.5600
vn 0.5648 0.6901 -0.4524
vn -0.4772 0.7826 -0.3999
vn -0.5745 -0.8053 -0.1464
vn 0.7981 -0.0420 0.6010
vn -0.0391 -0.9991 -0.0143
vn 0.0205 -0.9996 0.0176
vn -0.7385 0.5109 0.4399
vn -0.8953 0.1061 -0.4325
vn 0.2242 -0.8107 -0.5409
vn -0.1139 -0.8634 0.4915
vn -0.1470 0.8163 0.5587
vn -0.5331 -0.7132 0.4551
vn 0.5905 -0.8018 0.0919
vn -0.9621 -0.2714 0.0252
vn 0.0418 -0.9986 -0.0335
vn -0.5644 0.8232 -0.0614
vn -0.0232 -0.9997 0.0124
vn 0.0912 -0.4450 0.8909
vn 0.3564 -0.9343 0.0027
vn 0.6071 0.7887 0.0970
vn 0.2310 -0.9723 0.0366
vn 0.2564 -0.1116 0.9601
vn -0.1655 -0.9643 -0.2066
vn 0.2706 -0.9625 0.0179
vn 0.0402 -0.9574 0.2861
vn 0.2445 -0.8209 0.5160
vn -0.4943 -0.8559 0.1523
vn -0.2460 0.4947 -0.8335
vn 0.0892 -0.8781 -0.4702
vn -0.2083 -0.6407 -0.7390
vn 0.6153 -0.4015 -0.6784
vn 0.4282 -0.2714 -0.8620
vn -0.7751 0.5632 -0.2865
vn 0.0049 1.0000 -0.0068
vn 0.8338 0.3101 0.4568
vn 0.0088 -1.0000 0.0019
vn -0.8619 0.3950 -0.3179
vn -0.7582 0.4607 0.4614
vn 0.3106 -0.4173 -0.8540
vn 0.1229 0.9416 0.3135
vn 0.4555 -0.6974 0.5533
vn -0.2164 -0.7805 -0.5865
vn -0.0051 1.0000 -0.0080
vn -0.0515 -0.9982 0.0315
vn 0.4250 -0.1144 0.8980
vn 0.3959 -0.2738 -0.8765
vn 0.4784 0.2826 0.8314
vn 0.9111 -0.3833 0.1517
vn -0.6922 -0.4212 -0.5861
vn -0.9470 -0.0183 0.3208
vn -0.7937 -0.3782 -0.4765
vn 0.9481 -0.3142 0.0492
vn 0.9985 -0.0135 -0.0535
vn -0.1705 -0.9827 0.0723
vn 0.3693 -0.9293 0.0093
vn 0.8057 -0.5683 0.1668
vn 0.0057 -0.9948 -0.1019
vn 0.0766 -0.9851 -0.1541
vn -0.6444 -0.1407 0.7516
vn 0.4352 -0.2794 -0.8559
vn 0.0593 -0.9879 -0.1431
vn -0.0929 -0.9320 0.3505
vn -0.4868 -0.2156 -0.8465
vn 0.3799 0.0836 -0.9212
vn -0.5931 -0.3330 -0.7330
vn 0.9675 -0.2115 0.1388
vn -0.1226 -0.4698 0.8742
vn -0.0103 0.9999 0.0005
vn -0.5073 -0.3951 -0.7658
vn 0.5670 0.7002 0.4338
vn -0.3646 0.9311 -0.0054
vn -0.1791 -0.0725 0.9812
vn -0.8578 -0.3720 0.3546
vn 0.1906 0.8050 0.5618
vn -0.0040 1.0000 0.0025
vn -0.2083 -0.9519 -0.2249
vn 0.1314 -0.9425 -0.3072
vn -0.0137 -0.7001 0.7139
vn 0.0343 -0.9448 0.3258
vn 0.0060 1.0000 -0.0071
vn -0.2077 -0.9717 0.1129
vn 0.3953 0.0661 -0.9162
vn -0.9854 -0.0537 -0.1613
vn -0.5427 -0.0039 0.8399
vn -0.8620 0.0770 -0.5010
vn 0.6106 0.7818 -0.1264
vn -0.2971 0.0057 -0.9548
vn -0.3281 -0.8793 0.3451
vn -0.0116 -0.9999 0.0064
vn -0.1695 0.3608 -0.9171
vn 0.9125 -0.2389 -0.3320
vn -0.4964 0.3232 0.8057
vn -0.6778 -0.0943 0.7292
vn 0.4677 0.7619 0.4480
vn -0.7476 -0.6588 0.0846
vn 0.0690 0.2360 0.9693
vn 0.3282 -0.4500 -0.8306
vn 0.9682 0.0551 -0.2442
vn -0.1759 -0.0443 0.9834
vn -0.5549 0.8208 0.1354
vn -0.5140 0.6979 -0.4988
vn -0.9946 -0.0410 0.0950
vn 0.8648 0.4695 -0.1783
vn 0.7189 0.1988 -0.6660
vn -0.0990 0.9950 0.0147
vn -0.1427 0.9852 0.0945
vn 0.6550 -0.1959 0.7298
vn -0.9472 0.1416 -0.2876
vn -0.7102 -0.6996 0.0787
vn 0.1523 -0.4071 0.9006
vn 0.5528 -0.8333 -0.0055
vn 0.6873 -0.6989 -0.1980
vn -0.5049 0.8007 -0.3225
vn -0.1428 0.9803 0.1363
vn 0.2152 0.6811 0.6998
vn 0.1511 -0.7317 -0.6646
vn -0.4178 0.4810 0.7708
vn -0.7938 0.6055 -0.0571
vn -0.1897 -0.5770 0.7944
vn -0.1413 -0.0898 -0.9859
vn -0.7002 -0.7080 0.0917
vn 0.3099 0.6899 -0.6542
vn 0.7681 0.2648 -0.5830
vn -0.6425 -0.2993 -0.7054
vn 0.8051 0.5915 -0.0434
vn -0.4842 0.7857 -0.3850
vn 0.5500 0.8066 -0.2166
vn -0.9613 -0.2721 -0.0444
vn 0.7196 0.3301 0.6109
vn 0.1669 0.9859 0.0125
vn -0.7835 0.1929 -0.5907
vn 0.8290 -0.5563 -0.0575
vn -0.3935 0.5835 0.7105
vn -0.9313 0.2688 0.2457
vn -0.7734 0.1842 -0.6065
vn 0.7055 0.2199 -0.6737
vn -0.9540 -0.0276 -0.2986
vn 0.3213 0.8883 0.3281
vn -0.4188 -0.7413 -0.5244
vn 0.2257 -0.8155 -0.5330
vn 0.1515 -0.9165 0.3703
vn -0.0037 -1.0000 -0.0055
vn 0.7496 -0.0668 -0.6585
vn 0.0438 -0.9989 -0.0190
vn 0.0475 -0.9631 -0.2648
vn -0.9633 0.0183 -0.2677
vn 0.6389 0.7639 -0.0903
vn 0.0100 0.9958 -0.0906
vn -0.1949 -0.4714 -0.8601
vn 0.0849 0.9600 -0.2668
vn 0.0638 0.9456 -0.3190
vn 0.0487 -0.9649 -0.2579
vn 0.3477 -0.9209 -0.1761
vn 0.1946 -0.1134 0.9743
vn -0.2036 0.9732 -0.1072
vn -0.2445 0.7407 0.6257
vn -0.1250 0.9302 0.3450
vn 0.0183 0.9998 0.0016
vn -0.8498 0.4863 0.2031
vn -0.8532 -0.0382 0.5201
vn 0.4442 -0.8343 0.3266
vn -0.0091 1.0000 0.0022
vn 0.1957 0.9092 -0.3675
vn 0.0557 0.9977 0.0374
vn -0.3835 0.6474 -0.6586
vn 0.7054 -0.2086 -0.6774
vn -0.0370 0.9985 -0.0412
vn 0.0115 0.9999 0.0085
vn -0.9591 -0.2828 -0.0117
vn 0.4170 0.9071 0.0582
vn 0.0801 0.3586 0.9300
vn 0.6595 -0.2983 -0.6900
vn -0.8775 -0.4795 0.0126
vn -0.4406 -0.4602 -0.7708
vn 0.9530 0.0602 -0.2969
vn -0.8439 0.4705 0.2577
vn -0.0635 -0.5322 0.8442
vn 0.4973 0.7944 -0.3488
vn -0.0751 -0.9754 0.2073
vn 0.2733 -0.9612 0.0371
vn 0.0694 0.9190 -0.3882
vn 0.8010 -0.2480 0.5449
vn -0.6850 -0.3862 -0.6177
vn 0.0125 0.9999 -0.0010
vn -0.3182 -0.2529 0.9137
vn 0.3497 -0.9303 -0.1103
vn 0.3850 -0.8494 0.3609
vn -0.2202 0.9434 -0.2478
vn 0.5778 -0.8034 0.1438
vn 0.0927 0.2509 -0.9636
vn 0.1095 -0.9917 0.0676
vn 0.7330 -0.4747 -0.4873
vn 0.4260 0.7100 0.5608
vn 0.3373 -0.9181 -0.2083
vn 0.0608 0.9819 0.1796
vn -0.3815 -0.9176 0.1114
vn -0.2861 0.9011 0.3258
vn -0.3157 -0.9475 -0.0501
vn -0.2916 0.9161 -0.2751
vn -0.4871 -0.8601 0.1512
vn 0.1355 0.9518 -0.2753
vn -0.5479 -0.1796 0.8170
vn 0.1883 0.9709 -0.1480
vn 0.2561 0.9217 -0.2914
vn 0.0092 -1.0000 -0.0006
vn 0.2289 0.9733 -0.0148
vn 0.5003 -0.4551 -0.7366
vn -0.9363 -0.1504 -0.3173
vn -0.8862 -0.1560 0.4362
vn -0.0231 -0.8069 -0.5902
vn -0.5942 -0.6859 -0.4201
vn 0.3850 0.8835 0.2668
vn -0.0637 -0.7414 0.6680
vn -0.0947 0.9229 0.3733
vn -0.2820 0.9185 0.2771
vn 0.8720 -0.2344 -0.4298
vn -0.0651 -0.2337 0.9701
vn 0.4067 0.9049 0.1251
vn 0.0189 -0.9983 0.0558
vn -0.2876 -0.9135 -0.2879
vn -0.0077 -1.0000 0.0005
vn 0.2127 -0.9591 -0.1866
vn 0.5959 0.1298 0.7925
vn -0.1735 0.9848 0.0113
vn -0.2967 0.9177 0.2643
vn -0.3977 -0.9174 0.0132
vn -0.3996 0.8014 0.4450
vn 0.6844 -0.7069 -0.1785
vn 0.7658 -0.5951 0.2436
vn -0.7226 -0.0350 0.6903
vn -0.0143 -0.9526 -0.3039
vn -0.2813 0.9262 0.2512
vn -0.0406 0.0882 -0.9953
vn -0.7755 -0.5496 -0.3107
vn -0.8633 0.1036 0.4939
vn 0.7825 0.0695 -0.6187
vn -0.7680 0.0518 0.6384
vn -0.0001 -0.9816 -0.1909
vn 0.1601 -0.8729 0.4609
vn -0.4859 -0.0247 0.8737
vn 0.0760 0.9904 0.1156
vn -0.0534 0.9032 0.4259
vn 0.9176 -0.0558 0.3937
vn -0.2704 -0.5328 -0.8019
vn -0.7735 -0.3686 0.5156
vn 0.2132 -0.5356 -0.8171
vn -0.1784 -0.0379 -0.9832
vn -0.3419 -0.0729 -0.9369
vn -0.0124 0.9999 -0.0035
vn 0.2254 0.8287 0.5122
vn -0.4787 -0.4847 0.7321
vn -0.2805 0.9263 0.2514
vn -0.9640 -0.0881 0.2509
vn -0.5992 -0.7958 0.0877
vn 0.7230 0.0171 0.6907
vn -0.1129 0.8927 0.4362
vn 0.5569 0.7715 -0.3075
vn -0.5259 0.8504 -0.0112
vn 0.4638 0.0251 0.8856
vn -0.3177 0.9014 -0.2940
vn 0.3695 0.9280 0.0469
vn 0.3376 0.8222 -0.4583
vn 0.0053 0.9999 0.0141
vn 0.5383 -0.8393 0.0758
vn -0.4335 0.9002 0.0413
vn -0.3983 -0.9000 -0.1771
vn 0.4408 -0.0410 0.8967
vn 0.0340 -0.9948 0.0959
vn 0.8520 -0.0359 -0.5222
vn -0.3075 0.9389 0.1550
vn 0.2094 -0.9583 0.1942
vn 0.8967 -0.0420 -0.4407
vn 0.3443 -0.2116 -0.9147
vn -0.3812 -0.7091 0.5932
vn 0.8914 -0.0368 -0.4517
vn 0.4477 -0.0334 0.8935
vn 0.3208 -0.0354 -0.9465
vn 0.0429 -0.6879 -0.7246
vn -0.0545 -0.9985 0.0035
vn -0.9788 -0.0424 0.2002
vn 0.2891 0.9003 -0.3255
vn -0.9453 -0.0215 0.3256
vn 0.3932 0.8991 -0.1923
vn 0.0828 0.9046 0.4182
vn 0.0282 -0.1404 -0.9897
vn 0.3214 0.5315 0.7838
vn 0.3967 0.8951 -0.2037
vn -0.4494 -0.8199 -0.3546
vn 0.1963 -0.0605 -0.9787
vn -0.2957 -0.7329 0.6127
vn -0.2845 -0.0879 0.9546
vn -0.5511 0.8094 0.2030
vn 0.5997 0.7999 0.0230
vn 0.6653 -0.3786 0.6434
vn -0.0418 -0.7900 -0.6116
vn -0.6475 -0.7600 0.0554
vn 0.2760 0.9309 0.2395
vn -0.5118 -0.7696 0.3818
vn 0.8858 0.0312 0.4629
vn 0.0584 0.1165 0.9915
vn 0.4356 0.8956 0.0901
vn 0.6071 -0.7785 0.1594
vn 0.8514 0.5138 -0.1057
vn 0.8546 0.4797 0.1989
vn 0.1151 0.2804 -0.9530
vn 0.7357 -0.5854 -0.3407
vn -0.7567 0.4282 -0.4940
vn -0.6442 0.7619 0.0668
vn 0.4209 0.7798 -0.4634
vn -0.1117 0.9210 -0.3731
vn -0.5573 0.6910 -0.4604
vn -0.1280 0.4957 0.8590
vn -0.4487 -0.8213 -0.3523
vn -0.3329 -0.8459 0.4167
vn 0.6328 -0.7208 -0.2828
vn -0.2470 -0.7926 0.5575
vn -0.5356 -0.7831 -0.3159
vn 0.0532 -0.6325 0.7727
vn -0.1639 0.9062 0.3899
vn 0.6075 0.7751 -0.1739
vn 0.2982 -0.8606 -0.4129
vn 0.0253 -0.8224 0.5684
vn 0.5465 -0.7878 -0.2841
vn 0.4309 -0.7571 0.4910
vn 0.2836 -0.7766 -0.5626
vn 0.2178 0.0060 0.9760
vn 0.0336 -0.1961 0.9800
vn 0.6264 0.7752 -0.0818
vn 0.0520 -0.0260 -0.9983
vn -0.6335 0.7719 0.0538
vn 0.4118 -0.7835 0.4654
vn -0.4128 0.7075 -0.5736
vn 0.5275 0.7676 0.3642
vn 0.5831 0.5677 -0.5811
vn 0.3074 0.8667 -0.3929
vn -0.2729 0.8364 0.4754
vn 0.1148 0.7153 -0.6894
vn 0.1538 0.8126 0.5622
vn -0.9941 0.1081 -0.0073
vn -0.4674 0.7964 0.3837
vn 0.4519 -0.7442 0.4918
vn -0.4219 -0.1009 0.9010
vn -0.2742 -0.9259 -0.2598
vn 0.2239 0.7157 0.6615
vn 0.8095 0.3431 0.4765
vn 0.3901 -0.8665 0.3114
vn 0.2472 0.7853 -0.5677
vn -0.0038 -0.9998 -0.0182
vn 0.5225 -0.6703 -0.5270
vn -0.2372 0.7707 -0.5914
vn -0.7208 -0.0594 0.6906
vn 0.6094 -0.7718 0.1813
vn -0.3991 -0.1665 -0.9017
vn -0.0962 -0.9874 -0.1253
vn 0.0463 0.7675 -0.6394
vn -0.9076 0.4086 0.0966
vn -0.6495 0.4373 0.6220
vn -0.5435 -0.8237 0.1617
vn -0.4547 0.7177 -0.5273
vn -0.1895 -0.8293 0.5258
vn 0.7149 0.3568 0.6014
vn 0.0072 -0.9999 -0.0070
vn 0.4875 0.7862 0.3798
vn -0.4306 0.8611 -0.2703
vn 0.2927 0.7848 0.5463
vn -0.4582 0.7702 0.4437
vn 0.4166 -0.7643 0.4922
vn 0.0016 0.7859 0.6184
vn -0.3081 -0.8347 -0.4565
vn 0.0013 -0.9997 -0.0261
vn -0.8615 -0.0584 0.5044
vn 0.0553 -0.8812 -0.4696
vn -0.6067 0.7950 -0.0030
vn -0.0051 -0.9996 -0.0287
vn 0.6724 0.7356 -0.0819
vn -0.1080 -0.8060 -0.5819
vn -0.1341 -0.8856 -0.4447
vn 0.6186 0.4135 -0.6682
vn 0.1445 -0.8235 0.5485
vn -0.0964 0.7418 0.6636
vn -0.5194 -0.8545 -0.0094
vn -0.9953 0.0381 -0.0890
vn 0.5376 0.8316 0.1391
vn -0.4508 0.8344 0.3170
vn -0.6311 0.7310 -0.2596
vn 0.9065 0.0199 -0.4217
vn -0.2512 0.7220 0.6447
vn 0.4164 0.7634 -0.4938
vn 0.3810 -0.8103 -0.4454
vn 0.5722 -0.7960 -0.1974
vn 0.9897 -0.0017 0.1430
vn 0.5637 0.0578 -0.8240
vn -0.1387 -0.9890 0.0517
vn 0.3041 -0.8507 -0.4288
vn -0.4797 -0.8284 0.2893
vn 0.3972 0.2076 0.8939
vn 0.0312 -0.1767 0.9838
vn -0.3076 0.8737 -0.3768
vn 0.0277 0.7599 -0.6494
vn 0.1026 -0.8885 0.4472
vn -0.5036 -0.8163 0.2828
vn -0.5483 -0.8352 -0.0438
vn 0.5142 -0.8545 0.0737
vn 0.5386 0.7287 0.4229
vn 0.2354 -0.9695 0.0681
vn 0.1133 -0.8461 -0.5209
vn 0.6124 0.7794 -0.1321
vn -0.6631 -0.6498 0.3717
vn 0.4811 -0.8460 -0.2299
vn 0.3815 0.8199 0.4268
vn -0.1518 -0.9884 0.0100
vn 0.9094 -0.0712 -0.4099
vn 0.6833 -0.2581 0.6830
vn 0.4302 -0.1926 -0.8819
vn -0.0151 0.9964 -0.0837
vn 0.9608 -0.1935 0.1984
vn 0.4283 0.2914 -0.8554
vn -0.1422 -0.1044 0.9843
vn -0.9786 -0.0462 -0.2007
vn -0.0015 1.0000 0.0088
vn -0.6221 0.7424 0.2485
vn 0.2558 -0.8599 0.4417
vn -0.7577 0.6512 0.0429
vn 0.6449 0.3167 -0.6955
vn 0.1691 -0.6978 0.6961
vn 0.1132 -0.2114 -0.9708
vn -0.9096 -0.1313 0.3941
vn 0.2629 -0.6655 -0.6986
vn 0.3120 0.6897 -0.6534
vn -0.0048 1.0000 -0.0064
vn -0.4948 -0.8470 0.1945
vn 0.2645 0.0630 0.9623
vn -0.7060 -0.7073 0.0367
vn -0.6611 -0.3310 -0.6733
vn 0.1623 -0.9734 0.1615
vn 0.2305 -0.3179 -0.9197
vn -0.1650 -0.9785 0.1240
vn 0.4151 -0.8192 0.3957
vn -0.9385 -0.2542 0.2335
vn 0.9551 -0.1329 0.2648
vn -0.1260 -0.3773 -0.9175
vn -0.7060 -0.3067 -0.6383
vn 0.8272 -0.3972 -0.3976
vn -0.1599 -0.5489 -0.8205
vn 0.0130 -0.9989 0.0454
vn 0.1438 -0.9890 0.0332
vn -0.0119 0.9999 -0.0061
vn 0.2706 -0.8325 0.4835
vn 0.9247 -0.3563 0.1341
vn 0.1454 -0.9414 -0.3044
vn -0.0347 0.9969 0.0713
vn 0.0101 0.9999 0.0033
vn -0.1764 -0.9766 -0.1232
vn 0.9498 -0.2275 -0.2147
vn -0.1577 -0.9390 0.3056
vn -0.9442 -0.0672 -0.3225
vn -0.0799 -0.0793 0.9936
vn 0.0416 -0.9785 -0.2022
vn 0.0098 0.9999 0.0022
vn -0.8152 -0.4808 -0.3229
vn 0.3726 0.8024 -0.4663
vn 0.0686 -0.9853 0.1564
vn 0.0016 0.9999 -0.0105
vn -0.2938 -0.9480 -0.1222
vn 0.0022 -0.9997 -0.0225
vn -0.7707 -0.2121 -0.6009
vn -0.4104 -0.8862 -0.2150
vn -0.0746 -0.3123 0.9470
vn 0.1762 -0.2785 0.9441
vn -0.7184 -0.0860 0.6903
vn -0.8743 0.2128 -0.4363
vn 0.2161 -0.9752 -0.0486
vn 0.6332 -0.1820 -0.7523
vn 0.2207 0.8915 -0.3956
vn 0.6882 0.1018 0.7183
vn -0.0004 0.9996 0.0267
vn 0.1131 -0.9482 0.2970
vn -0.9653 -0.0856 0.2469
vn 0.1149 -0.3129 -0.9428
vn 0.3806 0.7813 0.4946
vn -0.2466 0.6570 0.7124
vn 0.5909 0.6830 0.4294
vn 0.0470 0.1657 0.9850
vn 0.0562 0.1366 0.9890
vn 0.6914 0.0853 0.7175
vn -0.7421 0.0552 0.6680
vn -0.5672 -0.7164 -0.4062
vn 0.7062 -0.0186 -0.7078
vn 0.8070 0.5873 -0.0620
vn -0.6840 0.2591 0.6819
vn 0.2366 -0.1631 0.9578
vn 0.6915 0.0290 0.7218
vn -0.7714 -0.0701 -0.6324
vn -0.4292 0.7480 -0.5061
vn -0.5733 -0.6496 -0.4993
vn -0.9718 -0.0048 -0.2359
vn 0.8674 0.2937 -0.4017
vn -0.0365 0.4710 -0.8814
vn 0.6442 -0.7196 -0.2592
vn 0.1954 0.7669 -0.6113
vn -0.5432 0.3620 -0.7576
vn 0.5858 0.6431 0.4932
vn 0.2537 -0.3304 -0.9091
vn 0.6593 0.3804 -0.6486
vn -0.7404 0.6492 -0.1744
vn -0.4628 -0.6514 -0.6012
vn -0.7066 0.2387 0.6662
vn 0.6235 0.7263 -0.2892
vn -0.5630 -0.1359 0.8152
vn 0.6421 0.7540 -0.1385
vn 0.3127 0.2727 -0.9099
vn 0.5476 -0.3393 -0.7648
vn -0.0460 -0.1474 -0.9880
vn -0.5502 -0.3908 0.7380
vn -0.5822 -0.7877 0.2014
vn 0.8365 -0.5410 0.0865
vn -0.9766 0.1834 -0.1120
vn 0.7332 -0.1776 -0.6564
vn 0.9500 -0.1357 0.2814
vn -0.9241 -0.2901 -0.2489
vn -0.7337 0.0598 -0.6769
vn 0.4109 0.9007 -0.1409
vn 0.2095 0.9709 0.1156
vn -0.8741 -0.1481 -0.4626
vn 0.0663 0.9666 -0.2477
vn -0.1492 0.9741 0.1699
vn -0.3262 -0.9172 0.2288
vn 0.3934 0.8975 -0.1993
vn 0.3018 0.7527 0.5851
vn -0.6597 -0.0182 0.7513
vn -0.3834 -0.8837 0.2685
vn -0.4377 0.8942 -0.0939
vn 0.0281 0.9986 0.0453
vn -0.1283 -0.9538 -0.2718
vn 0.0013 -1.0000 0.0019
vn 0.6661 0.6682 0.3313
vn 0.4308 0.4825 -0.7627
vn -0.0061 -0.9995 0.0318
vn 0.0892 0.6707 -0.7363
vn -0.0080 1.0000 0.0003
vn 0.8177 0.3354 0.4678
vn -0.1166 -0.4899 0.8639
vn -0.4231 -0.3816 0.8218
vn 0.1661 -0.9803 0.1071
vn 0.2819 0.7868 0.5490
vn -0.2197 -0.7193 -0.6590
vn -0.2088 0.9765 -0.0538
vn 0.8350 0.1314 0.5342
vn 0.2777 0.6444 -0.7125
vn 0.8435 -0.5234 0.1206
vn 0.6785 0.0718 -0.7311
vn -0.4537 0.4171 0.7875
vn 0.2445 0.9045 -0.3494
vn -0.6056 -0.3478 -0.7157
vn 0.0122 0.9999 -0.0020
vn 0.1743 -0.8102 -0.5597
vn -0.1874 0.8848 0.4267
vn -0.7364 0.4835 -0.4732
vn -0.2928 0.7728 0.5631
vn 0.3741 0.6810 0.6295
vn -0.7280 -0.3736 0.5749
vn -0.1056 -0.9628 0.2487
vn 0.8358 -0.0656 0.5451
vn -0.4981 0.7393 -0.4531
vn -0.7904 0.1086 0.6028
vn 0.9603 0.2785 0.0142
vn 0.1910 0.7522 0.6306
vn -0.8700 0.1359 -0.4739
vn 0.2021 0.9519 0.2302
vn 0.1707 0.9209 -0.3505
vn -0.0669 0.9646 0.2549
vn -0.8955 -0.0616 0.4407
vn -0.0188 0.9565 -0.2912
vn -0.3107 -0.2559 0.9154
vn 0.3987 -0.8886 0.2269
vn -0.8336 0.3852 0.3959
vn 0.2702 0.9589 -0.0865
vn 0.2803 0.9417 -0.1860
vn -0.2069 0.9783 0.0134
vn 0.6449 -0.2113 0.7345
vn 0.2083 -0.9481 -0.2402
vn 0.8997 -0.2770 0.3373
vn -0.3968 0.7882 0.4704
vn 0.1133 -0.8282 -0.5489
vn -0.1251 0.9860 -0.1099
vn -0.4189 -0.9078 0.0211
vn 0.1064 -0.9937 -0.0354
vn -0.0235 0.9594 -0.2812
vn -0.4445 0.8952 0.0335
vn 0.4341 -0.6897 0.5795
vn 0.8042 -0.4456 -0.3933
vn -0.1422 0.9539 0.2642
vn -0.6984 -0.0551 0.7136
vn 0.3708 -0.9242 0.0914
vn -0.7649 -0.0393 0.6429
vn 0.0740 -0.9940 -0.0806
vn -0.0226 -0.9989 -0.0411
vn -0.0253 -0.9983 -0.0516
vn -0.3013 0.7888 -0.5358
vn -0.0261 -0.9990 -0.0376
vn -0.9545 -0.0577 0.2925
vn -0.5250 -0.3449 -0.7781
vn 0.0321 0.3576 0.9333
vn 0.3917 0.9138 -0.1071
vn -0.2849 -0.9583 0.0215
vn 0.2615 -0.8939 -0.3641
vn -0.4050 -0.8815 0.2427
vn -0.7696 -0.0000 -0.6385
vn 0.1204 -0.2523 -0.9601
vn 0.7476 -0.1035 -0.6560
vn 0.2304 0.9371 -0.2623
vn 0.3161 -0.0322 -0.9482
vn -0.0225 -0.7747 0.6319
vn 0.0091 0.9280 -0.3724
vn -0.4287 0.8824 -0.1937
vn -0.4975 -0.8316 -0.2469
vn 0.5521 -0.1156 -0.8257
vn -0.5517 -0.1319 0.8235
vn -0.4629 -0.8572 -0.2258
vn 0.7954 -0.2898 0.5324
vn -0.2975 0.9529 -0.0583
vn 0.9945 0.0603 -0.0856
vn 0.0010 1.0000 0.0003
vn -0.3004 -0.0055 0.9538
vn 0.8848 0.0751 0.4598
vn -0.3827 0.8169 -0.4315
vn 0.6894 -0.5749 -0.4407
vn -0.9867 -0.0980 0.1296
vn 0.6176 -0.0643 0.7838
vn -0.0048 0.9999 -0.0088
vn 0.6431 0.7577 -0.1108
vn -0.6659 0.0286 0.7455
vn -0.3845 0.9230 0.0161
vn -0.9408 0.0049 -0.3391
vn -0.4579 0.0990 -0.8835
vn -0.6015 -0.7988 0.0118
vn 0.2296 0.9415 0.2467
vn 0.5761 -0.0512 0.8158
vn 0.1656 -0.9858 0.0267
vn -0.1784 0.9126 0.3678
vn -0.7641 0.2923 0.5751
vn -0.2307 -0.4101 -0.8824
vn -0.5442 -0.0139 0.8388
vn -0.4165 -0.7696 0.4839
vn -0.3400 0.8972 0.2819
vn -0.1762 -0.7515 -0.6358
vn 0.9979 0.0009 -0.0655
vn 0.1564 -0.8854 0.4377
vn -0.3367 -0.7769 -0.5321
vn -0.4354 0.7443 -0.5064
vn -0.5838 0.7970 -0.1548
vn 0.8259 -0.2796 0.4896
vn -0.3486 0.9358 0.0529
vn 0.7624 0.0438 -0.6456
vn -0.2533 -0.7238 0.6418
vn 0.4787 -0.6864 0.5475
vn 0.0209 0.8165 0.5769
vn 0.5936 -0.7877 0.1650
vn -0.0032 0.0288 -0.9996
vn -0.0556 0.8849 -0.4625
vn -0.0041 0.7753 -0.6316
vn -0.9658 0.0432 0.2555
vn 0.9359 0.1066 -0.3359
s 0
f 1//1 2//1 3//1
f 4//2 5//2 6//2
f 7//3 8//3 9//3
f 10//4 11//4 3//4
f 1//5 12//5 13//5
f 14//6 15//6 13//6
f 16//7 17//7 18//7
f 19//8 20//8 21//8
f 22//9 23//9 24//9
f 22//10 24//10 25//10
f 26//11 27//11 28//11
f 29//12 30//12 31//12
f 22//13 32//13 33//13
f 26//14 30//14 29//14
f 34//15 35//15 36//15
f 37//16 38//16 39//16
f 19//17 40//17 37//17
f 7//18 9//18 41//18
f 41//19 9//19 8//19
f 1//20 41//20 12//20
f 7//21 11//21 8//21
f 42//22 43//22 44//22
f 45//23 46//23 47//23
f 4//24 48//24 46//24
f 14//25 19//25 21//25
f 12//26 49//26 13//26
f 47//27 50//27 49//27
f 8//28 45//28 47//28
f 51//29 15//29 52//29
f 53//30 54//30 55//30
f 14//31 21//31 15//31
f 51//32 56//32 10//32
f 10//33 56//33 5//33
f 16//34 43//34 57//34
f 58//35 40//35 19//35
f 16//36 18//36 43//36
f 52//37 33//37 32//37
f 59//38 60//38 61//38
f 13//39 15//39 2//39
f 7//40 1//40 3//40
f 53//41 31//41 62//41
f 63//42 62//42 31//42
f 21//43 6//43 5//43
f 59//44 21//44 60//44
f 59//45 6//45 21//45
f 41//46 8//46 47//46
f 1//47 13//47 2//47
f 64//48 32//48 65//48
f 17//49 44//49 18//49
f 20//50 37//50 60//50
f 62//51 66//51 54//51
f 56//52 42//52 17//52
f 67//53 43//53 42//53
f 56//54 17//54 5//54
f 67//55 25//55 23//55
f 10//56 3//56 2//56
f 64//57 56//57 51//57
f 21//58 16//58 57//58
f 55//59 67//59 65//59
f 62//60 34//60 36//60
f 53//61 36//61 35//61
f 62//62 32//62 66//62
f 53//63 55//63 36//63
f 63//64 31//64 30//64
f 35//65 68//65 69//65
f 29//66 31//66 69//66
f 22//67 57//67 43//67
f 63//68 34//68 62//68
f 27//69 68//69 28//69
f 28//70 35//70 34//70
f 55//71 32//71 36//71
f 52//72 21//72 33//72
f 26//73 34//73 63//73
f 31//74 35//74 69//74
f 55//75 54//75 70//75
f 55//76 70//76 67//76
f 22//77 43//77 67//77
f 29//78 69//78 27//78
f 53//79 62//79 54//79
f 28//80 68//80 35//80
f 27//81 69//81 68//81
f 64//82 51//82 52//82
f 64//83 52//83 32//83
f 19//84 37//84 20//84
f 16//85 5//85 17//85
f 65//86 42//86 56//86
f 62//87 36//87 32//87
f 51//88 10//88 2//88
f 26//89 63//89 30//89
f 12//90 47//90 49//90
f 22//91 67//91 23//91
f 65//92 67//92 42//92
f 26//93 28//93 34//93
f 22//94 21//94 57//94
f 4//95 10//95 5//95
f 58//96 49//96 48//96
f 48//97 50//97 46//97
f 45//98 11//98 10//98
f 60//99 39//99 38//99
f 4//100 46//100 10//100
f 58//101 71//101 40//101
f 71//102 61//102 40//102
f 58//103 14//103 49//103
f 14//104 13//104 49//104
f 70//105 22//105 25//105
f 52//106 15//106 21//106
f 55//107 65//107 32//107
f 21//108 5//108 16//108
f 22//109 66//109 32//109
f 4//110 6//110 59//110
f 43//111 18//111 44//111
f 70//112 54//112 22//112
f 23//113 72//113 24//113
f 22//114 33//114 21//114
f 24//115 72//115 25//115
f 53//116 35//116 31//116
f 26//117 29//117 27//117
f 23//118 25//118 72//118
f 45//119 10//119 46//119
f 61//120 60//120 38//120
f 51//121 2//121 15//121
f 71//122 48//122 4//122
f 37//123 39//123 60//123
f 40//124 61//124 37//124
f 21//125 20//125 60//125
f 22//126 54//126 66//126
f 70//127 25//127 67//127
f 42//128 44//128 17//128
f 64//129 65//129 56//129
f 61//130 38//130 37//130
f 7//131 3//131 11//131
f 48//132 49//132 50//132
f 41//133 47//133 12//133
f 58//134 48//134 71//134
f 7//135 41//135 1//135
f 8//136 11//136 45//136
f 58//137 19//137 14//137
f 71//138 4//138 59//138
f 47//139 46//139 50//139
f 71//140 59//140 61//140
f 73//141 74//141 75//141
f 76//142 77//142 78//142
f 79//143 80//143 81//143
f 82//144 83//144 84//144
f 85//145 86//145 87//145
f 79//146 75//146 88//146
f 81//147 80//147 89//147
f 79//148 81//148 90//148
f 73//149 91//149 85//149
f 92//150 93//150 90//150
f 93//151 91//151 90//151
f 73//152 94//152 95//152
f 96//153 80//153 83//153
f 97//154 98//154 99//154
f 100//155 84//155 101//155
f 82//156 102//156 103//156
f 79//157 90//157 75//157
f 104//158 105//158 106//158
f 107//159 108//159 109//159
f 104//160 106//160 110//160
f 73//161 90//161 94//161
f 110//162 111//162 112//162
f 113//163 114//163 115//163
f 100//164 73//164 87//164
f 105//165 116//165 117//165
f 113//166 109//166 108//166
f 104//167 118//167 105//167
f 97//168 119//168 98//168
f 82//169 103//169 120//169
f 100//170 116//170 105//170
f 101//171 83//171 80//171
f 115//172 121//172 122//172
f 123//173 124//173 111//173
f 125//174 126//174 127//174
f 118//175 102//175 84//175
f 112//176 103//176 102//176
f 128//177 99//177 129//177
f 130//178 115//178 131//178
f 113//179 108//179 120//179
f 132//180 124//180 123//180
f 118//181 112//181 102//181
f 86//182 116//182 87//182
f 130//183 98//183 115//183
f 128//184 133//184 134//184
f 135//185 136//185 137//185
f 104//186 112//186 118//186
f 138//187 136//187 139//187
f 125//188 127//188 140//188
f 128//189 141//189 140//189
f 142//190 143//190 144//190
f 145//191 142//191 144//191
f 125//192 140//192 135//192
f 146//193 134//193 133//193
f 138//194 147//194 148//194
f 149//195 150//195 151//195
f 82//196 120//196 108//196
f 113//197 120//197 114//197
f 106//198 152//198 153//198
f 101//199 84//199 83//199
f 100//200 105//200 118//200
f 85//201 91//201 86//201
f 93//202 86//202 91//202
f 101//203 88//203 74//203
f 81//204 89//204 90//204
f 92//205 154//205 93//205
f 76//206 116//206 86//206
f 155//207 156//207 157//207
f 100//208 101//208 74//208
f 78//209 158//209 117//209
f 73//210 90//210 91//210
f 113//211 115//211 122//211
f 101//212 80//212 79//212
f 107//213 89//213 96//213
f 76//214 78//214 117//214
f 155//215 157//215 107//215
f 92//216 156//216 159//216
f 100//217 118//217 84//217
f 75//218 74//218 88//218
f 154//219 76//219 86//219
f 100//220 74//220 73//220
f 103//221 111//221 120//221
f 92//222 157//222 156//222
f 92//223 159//223 154//223
f 112//224 111//224 103//224
f 73//225 75//225 90//225
f 107//226 157//226 89//226
f 76//227 156//227 77//227
f 73//228 85//228 87//228
f 155//229 107//229 109//229
f 107//230 96//230 108//230
f 119//231 160//231 77//231
f 92//232 90//232 157//232
f 141//233 134//233 161//233
f 100//234 87//234 116//234
f 132//235 148//235 131//235
f 73//236 95//236 90//236
f 101//237 79//237 88//237
f 119//238 158//238 160//238
f 123//239 111//239 126//239
f 154//240 159//240 76//240
f 162//241 156//241 155//241
f 130//242 99//242 98//242
f 163//243 164//243 152//243
f 130//244 131//244 148//244
f 162//245 155//245 109//245
f 157//246 90//246 89//246
f 160//247 78//247 77//247
f 162//248 122//248 121//248
f 115//249 114//249 131//249
f 162//250 109//250 122//250
f 93//251 154//251 86//251
f 110//252 106//252 153//252
f 119//253 77//253 121//253
f 82//254 96//254 83//254
f 132//255 123//255 165//255
f 162//256 77//256 156//256
f 127//257 153//257 164//257
f 162//258 121//258 77//258
f 119//259 121//259 98//259
f 124//260 120//260 111//260
f 96//261 89//261 80//261
f 130//262 129//262 99//262
f 130//263 148//263 129//263
f 119//264 152//264 158//264
f 128//265 134//265 141//265
f 106//266 105//266 117//266
f 97//267 163//267 152//267
f 110//268 126//268 111//268
f 82//269 108//269 96//269
f 160//270 158//270 78//270
f 138//271 139//271 166//271
f 110//272 153//272 127//272
f 125//273 137//273 165//273
f 76//274 117//274 116//274
f 138//275 166//275 133//275
f 152//276 164//276 153//276
f 113//277 122//277 109//277
f 106//278 158//278 152//278
f 76//279 159//279 156//279
f 114//280 120//280 124//280
f 128//281 147//281 133//281
f 128//282 140//282 163//282
f 145//283 167//283 168//283
f 139//284 144//284 143//284
f 82//285 84//285 102//285
f 97//286 99//286 163//286
f 140//287 127//287 164//287
f 145//288 168//288 142//288
f 132//289 165//289 148//289
f 115//290 98//290 121//290
f 167//291 169//291 168//291
f 170//292 144//292 136//292
f 148//293 147//293 129//293
f 138//294 133//294 147//294
f 132//295 114//295 124//295
f 138//296 137//296 136//296
f 125//297 135//297 137//297
f 146//298 143//298 171//298
f 106//299 117//299 158//299
f 97//300 152//300 119//300
f 125//301 123//301 126//301
f 146//302 172//302 173//302
f 141//303 170//303 135//303
f 104//304 110//304 112//304
f 125//305 165//305 123//305
f 132//306 131//306 114//306
f 135//307 170//307 136//307
f 174//308 172//308 171//308
f 167//309 161//309 173//309
f 171//310 175//310 176//310
f 177//311 178//311 150//311
f 179//312 180//312 181//312
f 177//313 169//313 182//313
f 174//314 180//314 178//314
f 110//315 127//315 126//315
f 90//316 95//316 94//316
f 149//317 181//317 168//317
f 180//318 176//318 183//318
f 167//319 184//319 169//319
f 146//320 161//320 134//320
f 179//321 178//321 180//321
f 149//322 151//322 181//322
f 142//323 175//323 143//323
f 174//324 173//324 172//324
f 179//325 181//325 151//325
f 128//326 129//326 147//326
f 138//327 148//327 165//327
f 183//328 175//328 142//328
f 138//329 165//329 137//329
f 145//330 170//330 167//330
f 140//331 164//331 163//331
f 179//332 151//332 150//332
f 180//333 171//333 176//333
f 128//334 163//334 99//334
f 146//335 173//335 161//335
f 145//336 144//336 170//336
f 149//337 177//337 150//337
f 167//338 173//338 184//338
f 177//339 174//339 178//339
f 167//340 170//340 161//340
f 146//341 171//341 172//341
f 169//342 185//342 168//342
f 177//343 185//343 169//343
f 177//344 182//344 174//344
f 141//345 161//345 170//345
f 139//346 143//346 166//346
f 146//347 166//347 143//347
f 180//348 183//348 181//348
f 183//349 142//349 181//349
f 183//350 176//350 175//350
f 149//351 185//351 177//351
f 179//352 150//352 178//352
f 174//353 184//353 173//353
f 141//354 135//354 140//354
f 149//355 168//355 185//355
f 169//356 184//356 182//356
f 174//357 182//357 184//357
f 142//358 168//358 181//358
f 139//359 136//359 144//359
f 171//360 143//360 175//360
f 174//361 171//361 180//361
f 146//362 133//362 166//362
f 186//363 187//363 188//363
f 189//364 190//364 191//364
f 189//365 191//365 192//365
f 193//366 194//366 195//366
f 196//367 197//367 198//367
f 199//368 200//368 198//368
f 194//369 201//369 195//369
f 202//370 203//370 204//370
f 202//371 201//371 194//371
f 193//372 195//372 205//372
f 203//373 194//373 204//373
f 206//374 193//374 207//374
f 206//375 208//375 205//375
f 205//376 195//376 201//376
f 187//377 209//377 188//377
f 186//378 188//378 209//378
f 210//379 191//379 211//379
f 202//380 194//380 203//380
f 186//381 209//381 187//381
f 210//382 192//382 191//382
f 212//383 213//383 214//383
f 210//384 211//384 192//384
f 190//385 211//385 191//385
f 190//386 192//386 211//386
f 189//387 192//387 190//387
f 215//388 197//388 198//388
f 212//389 216//389 213//389
f 214//390 217//390 218//390
f 215//391 219//391 198//391
f 214//392 213//392 217//392
f 214//393 217//393 216//393
f 220//394 218//394 217//394
f 215//395 217//395 218//395
f 212//396 214//396 216//396
f 196//397 208//397 207//397
f 220//398 217//398 219//398
f 215//399 219//399 217//399
f 217//400 213//400 216//400
f 215//401 218//401 220//401
f 193//402 201//402 194//402
f 215//403 220//403 219//403
f 199//404 197//404 196//404
f 206//405 207//405 208//405
f 207//406 193//406 205//406
f 199//407 221//407 200//407
f 193//408 205//408 201//408
f 207//409 205//409 208//409
f 196//410 200//410 221//410
f 206//411 205//411 193//411
f 199//412 198//412 197//412
f 199//413 196//413 221//413
f 196//414 198//414 200//414
f 202//415 204//415 194//415
f 222//416 223//416 224//416
f 225//417 226//417 227//417
f 228//418 227//418 229//418
f 229//419 230//419 231//419
f 232//420 233//420 234//420
f 235//421 236//421 237//421
f 222//422 224//422 238//422
f 239//423 240//423 241//423
f 242//424 243//424 244//424
f 245//425 246//425 247//425
f 248//426 247//426 238//426
f 249//427 250//427 240//427
f 249//428 240//428 248//428
f 251//429 252//429 253//429
f 254//430 236//430 255//430
f 232//431 234//431 256//431
f 257//432 258//432 259//432
f 248//433 238//433 239//433
f 228//434 236//434 225//434
f 232//435 260//435 230//435
f 239//436 238//436 261//436
f 235//437 237//437 262//437
f 263//438 256//438 259//438
f 263//439 232//439 256//439
f 264//440 230//440 265//440
f 228//441 260//441 255//441
f 251//442 266//442 252//442
f 225//443 236//443 233//443
f 223//444 267//444 253//444
f 237//445 268//445 269//445
f 229//446 265//446 230//446
f 228//447 255//447 236//447
f 225//448 270//448 271//448
f 257//449 269//449 272//449
f 228//450 231//450 260//450
f 225//451 271//451 226//451
f 222//452 247//452 246//452
f 237//453 273//453 274//453
f 235//454 233//454 236//454
f 251//455 267//455 275//455
f 262//456 269//456 276//456
f 249//457 248//457 277//457
f 222//458 278//458 254//458
f 224//459 252//459 238//459
f 278//460 273//460 237//460
f 279//461 227//461 226//461
f 254//462 255//462 223//462
f 235//463 276//463 280//463
f 260//464 275//464 267//464
f 257//465 274//465 258//465
f 258//466 274//466 281//466
f 251//467 281//467 274//467
f 257//468 280//468 276//468
f 257//469 272//469 268//469
f 254//470 278//470 237//470
f 246//471 282//471 278//471
f 283//472 245//472 261//472
f 263//473 275//473 232//473
f 239//474 261//474 245//474
f 284//475 285//475 241//475
f 261//476 238//476 252//476
f 284//477 286//477 277//477
f 251//478 275//478 263//478
f 283//479 246//479 245//479
f 248//480 285//480 277//480
f 254//481 237//481 236//481
f 248//482 239//482 245//482
f 242//483 286//483 287//483
f 284//484 243//484 287//484
f 250//485 244//485 243//485
f 266//486 274//486 282//486
f 283//487 261//487 266//487
f 284//488 277//488 285//488
f 249//489 244//489 250//489
f 242//490 277//490 286//490
f 242//491 249//491 277//491
f 222//492 254//492 223//492
f 242//493 244//493 249//493
f 284//494 241//494 240//494
f 250//495 284//495 240//495
f 250//496 243//496 284//496
f 285//497 239//497 241//497
f 248//498 245//498 247//498
f 248//499 240//499 239//499
f 248//500 239//500 285//500
f 283//501 266//501 282//501
f 262//502 237//502 269//502
f 235//503 262//503 276//503
f 257//504 268//504 274//504
f 228//505 229//505 231//505
f 263//506 259//506 258//506
f 242//507 287//507 243//507
f 259//508 234//508 280//508
f 269//509 288//509 272//509
f 251//510 253//510 267//510
f 284//511 287//511 286//511
f 257//512 276//512 269//512
f 269//513 268//513 288//513
f 257//514 259//514 280//514
f 223//515 253//515 224//515
f 263//516 258//516 281//516
f 251//517 274//517 266//517
f 274//518 273//518 282//518
f 224//519 253//519 252//519
f 237//520 274//520 268//520
f 264//521 270//521 289//521
f 251//522 263//522 281//522
f 222//523 246//523 278//523
f 223//524 255//524 267//524
f 259//525 256//525 234//525
f 235//526 280//526 234//526
f 278//527 282//527 273//527
f 261//528 252//528 266//528
f 268//529 272//529 288//529
f 283//530 282//530 246//530
f 264//531 226//531 270//531
f 279//532 229//532 227//532
f 279//533 265//533 229//533
f 264//534 232//534 230//534
f 232//535 289//535 233//535
f 260//536 267//536 255//536
f 225//537 289//537 270//537
f 228//538 225//538 227//538
f 226//539 271//539 270//539
f 222//540 238//540 247//540
f 225//541 233//541 289//541
f 279//542 226//542 265//542
f 264//543 265//543 226//543
f 232//544 275//544 260//544
f 260//545 231//545 230//545
f 264//546 289//546 232//546
f 235//547 234//547 233//547
f 290//548 291//548 292//548
f 293//549 294//549 295//549
f 296//550 291//550 292//550
f 297//551 298//551 299//551
f 300//552 301//552 302//552
f 293//553 303//553 294//553
f 304//554 290//554 305//554
f 304//555 306//555 307//555
f 308//556 309//556 310//556
f 311//557 312//557 299//557
f 308//558 313//558 309//558
f 314//559 315//559 316//559
f 308//560 317//560 314//560
f 307//561 306//561 318//561
f 319//562 298//562 297//562
f 313//563 305//563 290//563
f 308//564 314//564 313//564
f 314//565 320//565 315//565
f 321//566 322//566 306//566
f 323//567 295//567 315//567
f 312//568 310//568 309//568
f 324//569 325//569 320//569
f 326//570 298//570 319//570
f 300//571 318//571 327//571
f 326//572 328//572 329//572
f 326//573 330//573 331//573
f 319//574 297//574 302//574
f 332//575 333//575 334//575
f 326//576 331//576 328//576
f 335//577 328//577 331//577
f 336//578 312//578 309//578
f 311//579 308//579 310//579
f 326//580 329//580 333//580
f 336//581 302//581 297//581
f 324//582 317//582 311//582
f 337//583 338//583 339//583
f 332//584 334//584 340//584
f 332//585 341//585 342//585
f 343//586 299//586 344//586
f 345//587 346//587 347//587
f 300//588 327//588 301//588
f 335//589 348//589 328//589
f 326//590 344//590 298//590
f 324//591 343//591 349//591
f 340//592 334//592 350//592
f 351//593 352//593 346//593
f 351//594 340//594 350//594
f 353//595 337//595 348//595
f 354//596 338//596 355//596
f 356//597 339//597 338//597
f 357//598 358//598 359//598
f 360//599 359//599 347//599
f 361//600 362//600 363//600
f 354//601 356//601 338//601
f 364//602 331//602 365//602
f 337//603 350//603 348//603
f 366//604 367//604 368//604
f 369//605 362//605 370//605
f 371//606 372//606 373//606
f 374//607 375//607 366//607
f 376//608 377//608 378//608
f 296//609 378//609 377//609
f 296//610 377//610 376//610
f 311//611 310//611 312//611
f 321//612 295//612 322//612
f 323//613 320//613 325//613
f 313//614 314//614 305//614
f 306//615 322//615 318//615
f 349//616 343//616 344//616
f 296//617 376//617 378//617
f 309//618 313//618 296//618
f 379//619 380//619 381//619
f 382//620 322//620 295//620
f 380//621 336//621 309//621
f 304//622 292//622 290//622
f 296//623 290//623 291//623
f 304//624 316//624 321//624
f 304//625 321//625 306//625
f 382//626 294//626 383//626
f 293//627 323//627 325//627
f 322//628 327//628 318//628
f 312//629 297//629 299//629
f 304//630 291//630 290//630
f 307//631 296//631 292//631
f 305//632 314//632 316//632
f 304//633 305//633 316//633
f 311//634 317//634 308//634
f 313//635 290//635 296//635
f 379//636 336//636 380//636
f 358//637 301//637 327//637
f 321//638 315//638 295//638
f 354//639 384//639 370//639
f 358//640 382//640 359//640
f 360//641 347//641 385//641
f 379//642 318//642 300//642
f 311//643 299//643 343//643
f 304//644 307//644 292//644
f 344//645 299//645 298//645
f 300//646 302//646 336//646
f 324//647 320//647 317//647
f 336//648 297//648 312//648
f 304//649 292//649 291//649
f 379//650 381//650 307//650
f 357//651 319//651 302//651
f 380//652 309//652 296//652
f 307//653 381//653 296//653
f 333//654 329//654 334//654
f 317//655 320//655 314//655
f 345//656 303//656 341//656
f 293//657 295//657 323//657
f 293//658 341//658 303//658
f 360//659 365//659 330//659
f 321//660 316//660 315//660
f 326//661 333//661 344//661
f 347//662 359//662 383//662
f 293//663 325//663 341//663
f 379//664 300//664 336//664
f 352//665 385//665 346//665
f 294//666 303//666 383//666
f 323//667 315//667 320//667
f 382//668 295//668 294//668
f 358//669 327//669 322//669
f 358//670 322//670 382//670
f 357//671 359//671 360//671
f 347//672 346//672 385//672
f 379//673 307//673 318//673
f 345//674 383//674 303//674
f 341//675 325//675 342//675
f 382//676 383//676 359//676
f 357//677 360//677 330//677
f 364//678 353//678 335//678
f 357//679 301//679 358//679
f 349//680 344//680 333//680
f 334//681 329//681 348//681
f 345//682 386//682 346//682
f 324//683 311//683 343//683
f 354//684 362//684 361//684
f 332//685 342//685 349//685
f 331//686 330//686 365//686
f 364//687 387//687 361//687
f 360//688 385//688 388//688
f 345//689 341//689 332//689
f 351//690 386//690 340//690
f 357//691 302//691 301//691
f 324//692 349//692 342//692
f 352//693 339//693 387//693
f 326//694 357//694 330//694
f 351//695 337//695 339//695
f 364//696 352//696 387//696
f 353//697 363//697 337//697
f 351//698 346//698 386//698
f 360//699 388//699 365//699
f 352//700 388//700 385//700
f 326//701 319//701 357//701
f 351//702 350//702 337//702
f 380//703 296//703 381//703
f 354//704 361//704 356//704
f 334//705 348//705 350//705
f 345//706 347//706 383//706
f 364//707 361//707 353//707
f 345//708 340//708 386//708
f 364//709 365//709 388//709
f 389//710 390//710 372//710
f 332//711 349//711 333//711
f 364//712 335//712 331//712
f 391//713 374//713 392//713
f 369//714 393//714 362//714
f 389//715 355//715 390//715
f 328//716 348//716 329//716
f 361//717 387//717 356//717
f 391//718 375//718 374//718
f 392//719 355//719 338//719
f 394//720 395//720 396//720
f 345//721 332//721 340//721
f 354//722 370//722 362//722
f 391//723 392//723 338//723
f 390//724 355//724 397//724
f 371//725 373//725 368//725
f 371//726 395//726 398//726
f 392//727 397//727 355//727
f 399//728 375//728 393//728
f 371//729 368//729 400//729
f 401//730 370//730 384//730
f 366//731 368//731 373//731
f 389//732 402//732 384//732
f 324//733 342//733 325//733
f 371//734 400//734 395//734
f 389//735 394//735 401//735
f 400//736 368//736 367//736
f 353//737 361//737 363//737
f 374//738 397//738 392//738
f 371//739 398//739 372//739
f 351//740 339//740 352//740
f 374//741 390//741 397//741
f 391//742 393//742 375//742
f 401//743 384//743 402//743
f 364//744 388//744 352//744
f 394//745 396//745 403//745
f 369//746 370//746 401//746
f 391//747 338//747 337//747
f 400//748 403//748 396//748
f 369//749 399//749 393//749
f 389//750 372//750 394//750
f 389//751 401//751 402//751
f 394//752 398//752 395//752
f 391//753 362//753 393//753
f 354//754 389//754 384//754
f 353//755 348//755 335//755
f 391//756 363//756 362//756
f 369//757 401//757 394//757
f 395//758 400//758 396//758
f 374//759 366//759 373//759
f 399//760 403//760 400//760
f 399//761 400//761 367//761
f 369//762 403//762 399//762
f 390//763 373//763 372//763
f 374//764 373//764 390//764
f 394//765 372//765 398//765
f 391//766 337//766 363//766
f 399//767 367//767 366//767
f 354//768 355//768 389//768
f 356//769 387//769 339//769
f 399//770 366//770 375//770
f 369//771 394//771 403//771
f 404//772 405//772 406//772
f 407//773 408//773 409//773
f 410//774 411//774 412//774
f 413//775 414//775 415//775
f 404//776 416//776 406//776
f 413//777 417//777 407//777
f 407//778 408//778 418//778
f 417//779 419//779 414//779
f 413//780 407//780 409//780
f 420//781 418//781 421//781
f 422//782 416//782 423//782
f 404//783 406//783 424//783
f 425//784 423//784 426//784
f 422//785 426//785 423//785
f 407//786 418//786 421//786
f 413//787 409//787 414//787
f 417//788 409//788 408//788
f 406//789 416//789 424//789
f 413//790 415//790 419//790
f 408//791 421//791 418//791
f 417//792 414//792 409//792
f 407//793 421//793 408//793
f 407//794 417//794 408//794
f 427//795 411//795 410//795
f 428//796 429//796 430//796
f 431//797 410//797 427//797
f 432//798 411//798 427//798
f 432//799 427//799 412//799
f 430//800 429//800 433//800
f 427//801 410//801 412//801
f 432//802 412//802 411//802
f 428//803 430//803 433//803
f 434//804 425//804 435//804
f 422//805 416//805 404//805
f 428//806 433//806 429//806
f 422//807 434//807 435//807
f 422//808 423//808 434//808
f 415//809 414//809 419//809
f 434//810 423//810 425//810
f 404//811 415//811 405//811
f 404//812 424//812 416//812
f 404//813 406//813 415//813
f 422//814 435//814 426//814
f 435//815 425//815 426//815
f 415//816 419//816 405//816
f 413//817 419//817 417//817
f 406//818 405//818 415//818
f 436//819 437//819 438//819
f 439//820 440//820 441//820
f 442//821 443//821 444//821
f 445//822 446//822 447//822
f 439//823 448//823 440//823
f 449//824 442//824 450//824
f 451//825 452//825 453//825
f 445//826 454//826 455//826
f 439//827 441//827 456//827
f 439//828 456//828 457//828
f 457//829 458//829 459//829
f 442//830 460//830 461//830
f 462//831 463//831 447//831
f 464//832 459//832 458//832
f 465//833 466//833 467//833
f 468//834 469//834 470//834
f 471//835 472//835 473//835
f 474//836 475//836 476//836
f 477//837 478//837 479//837
f 468//838 480//838 481//838
f 474//839 461//839 475//839
f 480//840 476//840 482//840
f 477//841 469//841 481//841
f 442//842 461//842 483//842
f 441//843 484//843 485//843
f 486//844 487//844 440//844
f 486//845 448//845 466//845
f 464//846 451//846 473//846
f 467//847 459//847 464//847
f 438//848 437//848 454//848
f 488//849 489//849 441//849
f 483//850 490//850 491//850
f 474//851 492//851 483//851
f 446//852 465//852 447//852
f 464//853 452//853 451//853
f 439//854 457//854 467//854
f 493//855 463//855 494//855
f 445//856 493//856 438//856
f 486//857 440//857 448//857
f 488//858 441//858 440//858
f 446//859 455//859 495//859
f 482//860 492//860 496//860
f 446//861 497//861 465//861
f 443//862 464//862 472//862
f 462//863 447//863 498//863
f 486//864 494//864 499//864
f 494//865 451//865 453//865
f 448//866 467//866 466//866
f 445//867 447//867 463//867
f 439//868 467//868 448//868
f 488//869 499//869 453//869
f 488//870 500//870 489//870
f 462//871 491//871 471//871
f 486//872 499//872 487//872
f 488//873 440//873 487//873
f 446//874 495//874 497//874
f 450//875 483//875 491//875
f 442//876 444//876 460//876
f 465//877 467//877 464//877
f 441//878 501//878 456//878
f 456//879 501//879 500//879
f 474//880 483//880 461//880
f 482//881 476//881 475//881
f 475//882 461//882 502//882
f 449//883 450//883 498//883
f 480//884 503//884 476//884
f 502//885 460//885 490//885
f 470//886 504//886 503//886
f 462//887 473//887 451//887
f 449//888 465//888 443//888
f 470//889 479//889 504//889
f 476//890 479//890 478//890
f 460//891 505//891 471//891
f 474//892 476//892 478//892
f 476//893 504//893 479//893
f 468//894 470//894 503//894
f 449//895 447//895 465//895
f 480//896 482//896 496//896
f 477//897 496//897 478//897
f 480//898 477//898 481//898
f 470//899 469//899 479//899
f 483//900 492//900 490//900
f 477//901 479//901 469//901
f 474//902 496//902 492//902
f 480//903 496//903 477//903
f 468//904 481//904 469//904
f 468//905 503//905 480//905
f 482//906 475//906 492//906
f 476//907 503//907 504//907
f 475//908 490//908 492//908
f 441//909 489//909 484//909
f 462//910 451//910 463//910
f 491//911 460//911 471//911
f 460//912 444//912 505//912
f 449//913 498//913 447//913
f 471//914 505//914 472//914
f 450//915 491//915 498//915
f 441//916 485//916 501//916
f 436//917 497//917 495//917
f 462//918 471//918 473//918
f 501//919 485//919 506//919
f 443//920 505//920 444//920
f 445//921 455//921 446//921
f 474//922 478//922 496//922
f 467//923 457//923 459//923
f 491//924 490//924 460//924
f 443//925 472//925 505//925
f 464//926 458//926 457//926
f 502//927 461//927 460//927
f 475//928 502//928 490//928
f 465//929 497//929 466//929
f 450//930 442//930 483//930
f 493//931 494//931 486//931
f 500//932 485//932 489//932
f 488//933 453//933 452//933
f 484//934 489//934 485//934
f 488//935 487//935 499//935
f 464//936 500//936 452//936
f 500//937 506//937 485//937
f 462//938 498//938 491//938
f 464//939 473//939 472//939
f 501//940 506//940 500//940
f 464//941 457//941 500//941
f 456//942 500//942 457//942
f 495//943 454//943 437//943
f 488//944 452//944 500//944
f 463//945 451//945 494//945
f 493//946 486//946 466//946
f 494//947 453//947 499//947
f 436//948 495//948 437//948
f 445//949 438//949 454//949
f 445//950 463//950 493//950
f 495//951 455//951 454//951
f 465//952 464//952 443//952
f 436//953 438//953 493//953
f 436//954 493//954 466//954
f 449//955 443//955 442//955
f 436//956 466//956 497//956
f 507//957 508//957 509//957
f 510//958 511//958 512//958
f 513//959 514//959 515//959
f 516//960 517//960 518//960
f 513//961 519//961 518//961
f 516//962 519//962 513//962
f 516//963 520//963 521//963
f 516//964 522//964 520//964
f 523//965 524//965 525//965
f 526//966 527//966 528//966
f 529//967 530//967 531//967
f 532//968 533//968 534//968
f 513//969 535//969 514//969
f 516//970 518//970 519//970
f 536//971 537//971 538//971
f 539//972 507//972 540//972
f 541//973 515//973 535//973
f 523//974 542//974 543//974
f 541//975 544//975 515//975
f 545//976 546//976 547//976
f 545//977 518//977 517//977
f 510//978 512//978 548//978
f 527//979 540//979 528//979
f 523//980 507//980 539//980
f 539//981 549//981 550//981
f 516//982 515//982 544//982
f 511//983 534//983 551//983
f 527//984 549//984 540//984
f 552//985 553//985 536//985
f 552//986 554//986 555//986
f 552//987 556//987 553//987
f 516//988 513//988 515//988
f 541//989 557//989 544//989
f 526//990 548//990 558//990
f 539//991 550//991 524//991
f 559//992 560//992 561//992
f 523//993 541//993 507//993
f 562//994 550//994 527//994
f 507//995 509//995 540//995
f 563//996 525//996 524//996
f 564//997 565//997 566//997
f 546//998 534//998 511//998
f 526//999 528//999 510//999
f 567//1000 568//1000 569//1000
f 570//1001 571//1001 568//1001
f 563//1002 572//1002 538//1002
f 573//1003 574//1003 575//1003
f 564//1004 576//1004 565//1004
f 577//1005 554//1005 565//1005
f 578//1006 555//1006 554//1006
f 552//1007 536//1007 572//1007
f 579//1008 580//1008 581//1008
f 582//1009 583//1009 584//1009
f 579//1010 585//1010 586//1010
f 532//1011 517//1011 587//1011
f 588//1012 561//1012 531//1012
f 521//1013 533//1013 532//1013
f 508//1014 535//1014 518//1014
f 516//1015 587//1015 517//1015
f 545//1016 532//1016 546//1016
f 559//1017 588//1017 542//1017
f 589//1018 522//1018 590//1018
f 526//1019 558//1019 569//1019
f 529//1020 557//1020 530//1020
f 513//1021 518//1021 535//1021
f 510//1022 528//1022 547//1022
f 532//1023 534//1023 546//1023
f 511//1024 551//1024 512//1024
f 533//1025 520//1025 522//1025
f 530//1026 557//1026 543//1026
f 541//1027 535//1027 508//1027
f 545//1028 547//1028 509//1028
f 516//1029 590//1029 522//1029
f 588//1030 531//1030 530//1030
f 559//1031 525//1031 538//1031
f 533//1032 551//1032 534//1032
f 529//1033 544//1033 557//1033
f 559//1034 561//1034 588//1034
f 541//1035 508//1035 507//1035
f 545//1036 517//1036 532//1036
f 523//1037 543//1037 541//1037
f 516//1038 521//1038 587//1038
f 561//1039 589//1039 531//1039
f 515//1040 514//1040 535//1040
f 523//1041 539//1041 524//1041
f 533//1042 589//1042 551//1042
f 545//1043 509//1043 508//1043
f 529//1044 531//1044 590//1044
f 541//1045 543//1045 557//1045
f 521//1046 520//1046 533//1046
f 559//1047 538//1047 537//1047
f 533//1048 522//1048 589//1048
f 542//1049 530//1049 543//1049
f 529//1050 516//1050 544//1050
f 564//1051 562//1051 576//1051
f 553//1052 591//1052 536//1052
f 545//1053 508//1053 518//1053
f 563//1054 524//1054 550//1054
f 540//1055 509//1055 528//1055
f 510//1056 547//1056 546//1056
f 512//1057 558//1057 548//1057
f 523//1058 525//1058 542//1058
f 547//1059 528//1059 509//1059
f 526//1060 571//1060 527//1060
f 567//1061 553//1061 592//1061
f 512//1062 551//1062 560//1062
f 529//1063 590//1063 516//1063
f 521//1064 532//1064 587//1064
f 561//1065 551//1065 589//1065
f 593//1066 578//1066 577//1066
f 526//1067 510//1067 548//1067
f 510//1068 546//1068 511//1068
f 527//1069 550//1069 549//1069
f 561//1070 560//1070 551//1070
f 552//1071 555//1071 556//1071
f 588//1072 530//1072 542//1072
f 562//1073 570//1073 576//1073
f 589//1074 590//1074 531//1074
f 537//1075 558//1075 560//1075
f 570//1076 565//1076 576//1076
f 562//1077 571//1077 570//1077
f 564//1078 550//1078 562//1078
f 591//1079 558//1079 537//1079
f 573//1080 594//1080 593//1080
f 595//1081 581//1081 555//1081
f 569//1082 558//1082 591//1082
f 526//1083 568//1083 571//1083
f 559//1084 537//1084 560//1084
f 563//1085 538//1085 525//1085
f 512//1086 560//1086 558//1086
f 552//1087 566//1087 554//1087
f 573//1088 596//1088 580//1088
f 536//1089 591//1089 537//1089
f 564//1090 566//1090 552//1090
f 562//1091 527//1091 571//1091
f 539//1092 540//1092 549//1092
f 572//1093 536//1093 538//1093
f 559//1094 542//1094 525//1094
f 597//1095 575//1095 598//1095
f 564//1096 552//1096 572//1096
f 596//1097 592//1097 556//1097
f 577//1098 565//1098 570//1098
f 567//1099 592//1099 570//1099
f 564//1100 572//1100 563//1100
f 573//1101 580//1101 574//1101
f 575//1102 599//1102 598//1102
f 592//1103 593//1103 577//1103
f 595//1104 600//1104 581//1104
f 592//1105 577//1105 570//1105
f 567//1106 569//1106 591//1106
f 526//1107 569//1107 568//1107
f 595//1108 578//1108 593//1108
f 564//1109 563//1109 550//1109
f 566//1110 565//1110 554//1110
f 595//1111 593//1111 594//1111
f 595//1112 601//1112 600//1112
f 602//1113 574//1113 580//1113
f 575//1114 603//1114 604//1114
f 605//1115 582//1115 584//1115
f 605//1116 584//1116 606//1116
f 573//1117 593//1117 596//1117
f 607//1118 598//1118 608//1118
f 607//1119 585//1119 600//1119
f 582//1120 609//1120 610//1120
f 579//1121 581//1121 600//1121
f 602//1122 586//1122 606//1122
f 605//1123 611//1123 582//1123
f 582//1124 612//1124 613//1124
f 582//1125 613//1125 614//1125
f 611//1126 613//1126 612//1126
f 615//1127 586//1127 585//1127
f 583//1128 599//1128 604//1128
f 608//1129 599//1129 583//1129
f 582//1130 610//1130 583//1130
f 609//1131 614//1131 613//1131
f 602//1132 580//1132 579//1132
f 607//1133 601//1133 598//1133
f 575//1134 604//1134 599//1134
f 595//1135 555//1135 578//1135
f 610//1136 609//1136 613//1136
f 597//1137 594//1137 573//1137
f 577//1138 578//1138 554//1138
f 615//1139 610//1139 613//1139
f 592//1140 553//1140 556//1140
f 567//1141 570//1141 568//1141
f 602//1142 579//1142 586//1142
f 605//1143 606//1143 586//1143
f 582//1144 611//1144 612//1144
f 615//1145 605//1145 586//1145
f 615//1146 616//1146 610//1146
f 602//1147 603//1147 574//1147
f 584//1148 583//1148 604//1148
f 615//1149 613//1149 611//1149
f 597//1150 598//1150 601//1150
f 607//1151 600//1151 601//1151
f 575//1152 574//1152 603//1152
f 608//1153 583//1153 610//1153
f 580//1154 555//1154 581//1154
f 606//1155 604//1155 603//1155
f 567//1156 591//1156 553//1156
f 597//1157 573//1157 575//1157
f 607//1158 616//1158 585//1158
f 595//1159 594//1159 601//1159
f 615//1160 585//1160 616//1160
f 596//1161 556//1161 580//1161
f 602//1162 606//1162 603//1162
f 580//1163 556//1163 555//1163
f 608//1164 610//1164 616//1164
f 615//1165 611//1165 605//1165
f 579//1166 600//1166 585//1166
f 598//1167 599//1167 608//1167
f 582//1168 614//1168 609//1168
f 584//1169 604//1169 606//1169
f 607//1170 608//1170 616//1170
f 597//1171 601//1171 594//1171
f 596//1172 593//1172 592//1172
f 617//1173 618//1173 619//1173
f 620//1174 621//1174 622//1174
f 623//1175 624//1175 620//1175
f 618//1176 625//1176 626//1176
f 617//1177 627//1177 625//1177
f 628//1178 629//1178 630//1178
f 631//1179 627//1179 632//1179
f 631//1180 632//1180 633//1180
f 631//1181 627//1181 625//1181
f 634//1182 629//1182 628//1182
f 624//1183 621//1183 629//1183
f 629//1184 630//1184 621//1184
f 624//1185 622//1185 621//1185
f 628//1186 635//1186 632//1186
f 633//1187 632//1187 635//1187
f 634//1188 628//1188 630//1188
f 628//1189 631//1189 635//1189
f 620//1190 622//1190 636//1190
f 623//1191 636//1191 624//1191
f 637//1192 638//1192 623//1192
f 623//1193 620//1193 636//1193
f 620//1194 624//1194 621//1194
f 638//1195 639//1195 640//1195
f 637//1196 641//1196 638//1196
f 640//1197 639//1197 641//1197
f 637//1198 623//1198 636//1198
f 638//1199 640//1199 623//1199
f 624//1200 636//1200 622//1200
f 642//1201 619//1201 618//1201
f 637//1202 623//1202 640//1202
f 637//1203 640//1203 641//1203
f 638//1204 641//1204 639//1204
f 625//1205 643//1205 626//1205
f 642//1206 617//1206 619//1206
f 642//1207 618//1207 617//1207
f 617//1208 626//1208 643//1208
f 617//1209 643//1209 625//1209
f 617//1210 618//1210 626//1210
f 617//1211 625//1211 618//1211
f 631//1212 633//1212 635//1212
f 634//1213 630//1213 629//1213
f 628//1214 632//1214 631//1214
f 644//1215 645//1215 646//1215
f 647//1216 648//1216 649//1216
f 647//1217 650//1217 648//1217
f 644//1218 651//1218 652//1218
f 644//1219 653//1219 651//1219
f 646//1220 645//1220 654//1220
f 655//1221 652//1221 651//1221
f 644//1222 646//1222 656//1222
f 657//1223 658//1223 659//1223
f 660//1224 661//1224 662//1224
f 663//1225 664//1225 665//1225
f 655//1226 657//1226 666//1226
f 667//1227 650//1227 668//1227
f 660//1228 669//1228 670//1228
f 663//1229 665//1229 671//1229
f 672//1230 673//1230 674//1230
f 675//1231 676//1231 677//1231
f 678//1232 679//1232 680//1232
f 664//1233 681//1233 676//1233
f 682//1234 679//1234 678//1234
f 663//1235 683//1235 684//1235
f 672//1236 685//1236 673//1236
f 682//1237 678//1237 673//1237
f 685//1238 686//1238 687//1238
f 678//1239 680//1239 688//1239
f 667//1240 648//1240 650//1240
f 657//1241 671//1241 666//1241
f 689//1242 668//1242 690//1242
f 690//1243 650//1243 691//1243
f 655//1244 666//1244 692//1244
f 647//1245 691//1245 650//1245
f 657//1246 651//1246 658//1246
f 649//1247 693//1247 694//1247
f 683//1248 659//1248 658//1248
f 649//1249 694//1249 695//1249
f 649//1250 695//1250 654//1250
f 696//1251 675//1251 697//1251
f 675//1252 698//1252 665//1252
f 699//1253 693//1253 648//1253
f 651//1254 653//1254 658//1254
f 700//1255 701//1255 702//1255
f 655//1256 651//1256 657//1256
f 663//1257 684//1257 664//1257
f 696//1258 703//1258 702//1258
f 665//1259 664//1259 676//1259
f 655//1260 647//1260 652//1260
f 696//1261 684//1261 683//1261
f 667//1262 668//1262 660//1262
f 647//1263 654//1263 645//1263
f 700//1264 666//1264 701//1264
f 689//1265 700//1265 699//1265
f 658//1266 653//1266 694//1266
f 655//1267 692//1267 691//1267
f 666//1268 698//1268 701//1268
f 689//1269 692//1269 666//1269
f 696//1270 700//1270 703//1270
f 686//1271 704//1271 705//1271
f 681//1272 677//1272 676//1272
f 696//1273 702//1273 701//1273
f 672//1274 706//1274 685//1274
f 663//1275 671//1275 659//1275
f 682//1276 687//1276 705//1276
f 685//1277 706//1277 697//1277
f 682//1278 705//1278 679//1278
f 707//1279 677//1279 681//1279
f 685//1280 697//1280 707//1280
f 686//1281 681//1281 706//1281
f 685//1282 687//1282 682//1282
f 696//1283 701//1283 675//1283
f 686//1284 705//1284 687//1284
f 685//1285 681//1285 686//1285
f 672//1286 704//1286 686//1286
f 704//1287 680//1287 679//1287
f 672//1288 674//1288 688//1288
f 685//1289 682//1289 673//1289
f 672//1290 686//1290 706//1290
f 678//1291 674//1291 673//1291
f 707//1292 675//1292 677//1292
f 678//1293 688//1293 674//1293
f 704//1294 679//1294 705//1294
f 689//1295 670//1295 708//1295
f 675//1296 665//1296 676//1296
f 707//1297 697//1297 675//1297
f 665//1298 698//1298 671//1298
f 706//1299 664//1299 697//1299
f 696//1300 664//1300 684//1300
f 683//1301 658//1301 693//1301
f 700//1302 702//1302 703//1302
f 647//1303 645//1303 652//1303
f 660//1304 709//1304 669//1304
f 708//1305 662//1305 661//1305
f 670//1306 669//1306 708//1306
f 699//1307 700//1307 696//1307
f 699//1308 696//1308 683//1308
f 667//1309 699//1309 648//1309
f 696//1310 697//1310 664//1310
f 689//1311 699//1311 710//1311
f 667//1312 711//1312 699//1312
f 689//1313 708//1313 661//1313
f 663//1314 659//1314 683//1314
f 689//1315 710//1315 670//1315
f 667//1316 670//1316 710//1316
f 685//1317 707//1317 681//1317
f 672//1318 688//1318 680//1318
f 690//1319 691//1319 692//1319
f 658//1320 694//1320 693//1320
f 706//1321 681//1321 664//1321
f 672//1322 680//1322 704//1322
f 660//1323 662//1323 709//1323
f 709//1324 662//1324 708//1324
f 666//1325 671//1325 698//1325
f 667//1326 660//1326 670//1326
f 709//1327 708//1327 669//1327
f 689//1328 660//1328 668//1328
f 667//1329 710//1329 711//1329
f 689//1330 666//1330 700//1330
f 647//1331 649//1331 654//1331
f 690//1332 668//1332 650//1332
f 699//1333 683//1333 693//1333
f 689//1334 690//1334 692//1334
f 644//1335 652//1335 645//1335
f 689//1336 661//1336 660//1336
f 701//1337 698//1337 675//1337
f 646//1338 654//1338 695//1338
f 649//1339 648//1339 693//1339
f 644//1340 694//1340 653//1340
f 655//1341 691//1341 647//1341
f 711//1342 710//1342 699//1342
f 656//1343 646//1343 695//1343
f 657//1344 659//1344 671//1344
f 644//1345 656//1345 694//1345
f 656//1346 695//1346 694//1346
f 712//1347 713//1347 714//1347
f 715//1348 716//1348 717//1348
f 718//1349 719//1349 720//1349
f 721//1350 722//1350 723//1350
f 724//1351 720//1351 725//1351
f 726//1352 727//1352 728//1352
f 729//1353 721//1353 730//1353
f 729//1354 731//1354 722//1354
f 729//1355 716//1355 728//1355
f 732//1356 733//1356 734//1356
f 735//1357 736//1357 737//1357
f 735//1358 737//1358 738//1358
f 724//1359 739//1359 740//1359
f 735//1360 717//1360 741//1360
f 724//1361 742//1361 743//1361
f 730//1362 744//1362 745//1362
f 737//1363 746//1363 747//1363
f 725//1364 748//1364 742//1364
f 749//1365 745//1365 750//1365
f 729//1366 749//1366 736//1366
f 737//1367 732//1367 719//1367
f 736//1368 749//1368 750//1368
f 736//1369 750//1369 746//1369
f 751//1370 734//1370 733//1370
f 718//1371 738//1371 719//1371
f 735//1372 752//1372 715//1372
f 729//1373 753//1373 749//1373
f 732//1374 747//1374 733//1374
f 718//1375 740//1375 754//1375
f 715//1376 728//1376 716//1376
f 755//1377 740//1377 739//1377
f 743//1378 742//1378 756//1378
f 718//1379 752//1379 738//1379
f 718//1380 754//1380 752//1380
f 757//1381 758//1381 759//1381
f 729//1382 736//1382 741//1382
f 760//1383 761//1383 762//1383
f 725//1384 734//1384 751//1384
f 763//1385 764//1385 714//1385
f 765//1386 766//1386 767//1386
f 768//1387 769//1387 762//1387
f 770//1388 767//1388 771//1388
f 770//1389 772//1389 773//1389
f 755//1390 766//1390 765//1390
f 773//1391 774//1391 756//1391
f 773//1392 762//1392 774//1392
f 743//1393 769//1393 739//1393
f 735//1394 741//1394 736//1394
f 775//1395 776//1395 777//1395
f 768//1396 762//1396 761//1396
f 760//1397 778//1397 761//1397
f 779//1398 780//1398 781//1398
f 757//1399 770//1399 771//1399
f 770//1400 748//1400 782//1400
f 757//1401 783//1401 772//1401
f 784//1402 785//1402 776//1402
f 784//1403 786//1403 783//1403
f 779//1404 781//1404 785//1404
f 787//1405 788//1405 789//1405
f 721//1406 713//1406 790//1406
f 791//1407 733//1407 747//1407
f 792//1408 793//1408 714//1408
f 736//1409 746//1409 737//1409
f 763//1410 794//1410 795//1410
f 730//1411 745//1411 749//1411
f 729//1412 792//1412 731//1412
f 729//1413 749//1413 796//1413
f 745//1414 744//1414 750//1414
f 791//1415 747//1415 744//1415
f 797//1416 725//1416 751//1416
f 721//1417 722//1417 713//1417
f 737//1418 747//1418 732//1418
f 715//1419 752//1419 798//1419
f 722//1420 792//1420 713//1420
f 729//1421 741//1421 717//1421
f 715//1422 798//1422 728//1422
f 735//1423 715//1423 717//1423
f 729//1424 793//1424 792//1424
f 790//1425 744//1425 730//1425
f 763//1426 726//1426 794//1426
f 729//1427 728//1427 727//1427
f 790//1428 713//1428 712//1428
f 799//1429 782//1429 748//1429
f 726//1430 728//1430 798//1430
f 797//1431 791//1431 800//1431
f 747//1432 746//1432 750//1432
f 729//1433 717//1433 716//1433
f 747//1434 750//1434 744//1434
f 749//1435 753//1435 796//1435
f 722//1436 731//1436 792//1436
f 800//1437 712//1437 714//1437
f 729//1438 727//1438 793//1438
f 790//1439 712//1439 791//1439
f 760//1440 801//1440 778//1440
f 729//1441 722//1441 721//1441
f 738//1442 737//1442 719//1442
f 724//1443 725//1443 742//1443
f 790//1444 791//1444 744//1444
f 802//1445 761//1445 778//1445
f 763//1446 727//1446 726//1446
f 799//1447 767//1447 782//1447
f 755//1448 768//1448 802//1448
f 755//1449 739//1449 768//1449
f 729//1450 730//1450 749//1450
f 729//1451 796//1451 753//1451
f 797//1452 733//1452 791//1452
f 800//1453 791//1453 712//1453
f 799//1454 725//1454 803//1454
f 725//1455 720//1455 734//1455
f 763//1456 795//1456 764//1456
f 800//1457 714//1457 764//1457
f 754//1458 794//1458 726//1458
f 779//1459 759//1459 804//1459
f 800//1460 764//1460 805//1460
f 795//1461 765//1461 805//1461
f 797//1462 751//1462 733//1462
f 770//1463 756//1463 748//1463
f 755//1464 754//1464 740//1464
f 755//1465 795//1465 794//1465
f 799//1466 805//1466 765//1466
f 721//1467 790//1467 730//1467
f 803//1468 800//1468 805//1468
f 720//1469 719//1469 732//1469
f 757//1470 771//1470 801//1470
f 743//1471 774//1471 762//1471
f 799//1472 765//1472 767//1472
f 754//1473 798//1473 752//1473
f 797//1474 803//1474 725//1474
f 755//1475 765//1475 795//1475
f 770//1476 773//1476 756//1476
f 724//1477 718//1477 720//1477
f 795//1478 805//1478 764//1478
f 763//1479 793//1479 727//1479
f 724//1480 740//1480 718//1480
f 763//1481 714//1481 793//1481
f 799//1482 748//1482 725//1482
f 760//1483 786//1483 806//1483
f 755//1484 794//1484 754//1484
f 754//1485 726//1485 798//1485
f 743//1486 756//1486 774//1486
f 755//1487 802//1487 766//1487
f 806//1488 786//1488 776//1488
f 771//1489 778//1489 801//1489
f 775//1490 807//1490 789//1490
f 770//1491 782//1491 767//1491
f 720//1492 732//1492 734//1492
f 760//1493 773//1493 786//1493
f 724//1494 743//1494 739//1494
f 742//1495 748//1495 756//1495
f 799//1496 803//1496 805//1496
f 802//1497 768//1497 761//1497
f 743//1498 762//1498 769//1498
f 777//1499 776//1499 808//1499
f 771//1500 766//1500 778//1500
f 739//1501 769//1501 768//1501
f 802//1502 778//1502 766//1502
f 797//1503 800//1503 803//1503
f 809//1504 787//1504 810//1504
f 788//1505 811//1505 804//1505
f 777//1506 808//1506 810//1506
f 775//1507 759//1507 758//1507
f 757//1508 759//1508 783//1508
f 759//1509 784//1509 783//1509
f 807//1510 777//1510 810//1510
f 779//1511 785//1511 784//1511
f 775//1512 788//1512 759//1512
f 811//1513 812//1513 780//1513
f 781//1514 780//1514 813//1514
f 779//1515 784//1515 759//1515
f 809//1516 814//1516 815//1516
f 809//1517 816//1517 817//1517
f 781//1518 814//1518 810//1518
f 818//1519 813//1519 819//1519
f 773//1520 772//1520 786//1520
f 809//1521 815//1521 816//1521
f 818//1522 820//1522 813//1522
f 781//1523 813//1523 820//1523
f 779//1524 804//1524 780//1524
f 735//1525 738//1525 752//1525
f 792//1526 714//1526 713//1526
f 816//1527 815//1527 821//1527
f 816//1528 819//1528 822//1528
f 819//1529 812//1529 822//1529
f 781//1530 810//1530 808//1530
f 775//1531 806//1531 776//1531
f 759//1532 788//1532 804//1532
f 787//1533 789//1533 807//1533
f 775//1534 777//1534 807//1534
f 771//1535 767//1535 766//1535
f 809//1536 817//1536 787//1536
f 757//1537 801//1537 758//1537
f 775//1538 789//1538 788//1538
f 818//1539 821//1539 814//1539
f 822//1540 812//1540 817//1540
f 813//1541 812//1541 819//1541
f 787//1542 817//1542 811//1542
f 808//1543 776//1543 785//1543
f 809//1544 810//1544 814//1544
f 818//1545 814//1545 820//1545
f 818//1546 819//1546 816//1546
f 781//1547 808//1547 785//1547
f 817//1548 812//1548 811//1548
f 818//1549 816//1549 821//1549
f 787//1550 807//1550 810//1550
f 816//1551 822//1551 817//1551
f 760//1552 762//1552 773//1552
f 760//1553 806//1553 801//1553
f 813//1554 780//1554 812//1554
f 784//1555 776//1555 786//1555
f 786//1556 772//1556 783//1556
f 781//1557 820//1557 814//1557
f 811//1558 780//1558 804//1558
f 757//1559 772//1559 770//1559
f 787//1560 811//1560 788//1560
f 775//1561 758//1561 801//1561
f 775//1562 801//1562 806//1562
f 814//1563 821//1563 815//1563
f 823//1564 824//1564 825//1564
f 826//1565 823//1565 825//1565
f 827//1566 828//1566 824//1566
f 829//1567 828//1567 830//1567
f 830//1568 825//1568 824//1568
f 831//1569 832//1569 833//1569
f 829//1570 833//1570 832//1570
f 828//1571 830//1571 824//1571
f 827//1572 830//1572 828//1572
f 834//1573 835//1573 836//1573
f 837//1574 838//1574 839//1574
f 831//1575 838//1575 832//1575
f 837//1576 839//1576 840//1576
f 831//1577 839//1577 838//1577
f 831//1578 832//1578 839//1578
f 840//1579 839//1579 841//1579
f 829//1580 832//1580 831//1580
f 839//1581 832//1581 838//1581
f 837//1582 840//1582 841//1582
f 842//1583 843//1583 844//1583
f 837//1584 841//1584 839//1584
f 842//1585 845//1585 843//1585
f 842//1586 844//1586 845//1586
f 844//1587 843//1587 845//1587
f 834//1588 846//1588 835//1588
f 836//1589 835//1589 846//1589
f 826//1590 830//1590 827//1590
f 830//1591 847//1591 825//1591
f 834//1592 836//1592 846//1592
f 826//1593 825//1593 847//1593
f 826//1594 847//1594 830//1594
f 826//1595 824//1595 823//1595
f 829//1596 831//1596 833//1596
f 826//1597 827//1597 824//1597
f 848//1598 849//1598 850//1598
f 851//1599 852//1599 853//1599
f 854//1600 855//1600 856//1600
f 857//1601 858//1601 859//1601
f 860//1602 861//1602 859//1602
f 862//1603 857//1603 861//1603
f 857//1604 863//1604 858//1604
f 864//1605 863//1605 865//1605
f 866//1606 855//1606 867//1606
f 868//1607 850//1607 869//1607
f 870//1608 849//1608 871//1608
f 866//1609 867//1609 872//1609
f 873//1610 874//1610 866//1610
f 875//1611 851//1611 853//1611
f 863//1612 876//1612 858//1612
f 866//1613 851//1613 875//1613
f 862//1614 874//1614 873//1614
f 877//1615 863//1615 872//1615
f 864//1616 852//1616 851//1616
f 877//1617 878//1617 879//1617
f 864//1618 866//1618 872//1618
f 880//1619 881//1619 878//1619
f 882//1620 875//1620 853//1620
f 864//1621 851//1621 866//1621
f 870//1622 871//1622 883//1622
f 867//1623 884//1623 872//1623
f 880//1624 876//1624 881//1624
f 885//1625 886//1625 883//1625
f 874//1626 887//1626 886//1626
f 867//1627 855//1627 854//1627
f 862//1628 873//1628 857//1628
f 880//1629 854//1629 856//1629
f 877//1630 879//1630 888//1630
f 879//1631 878//1631 881//1631
f 877//1632 888//1632 876//1632
f 868//1633 869//1633 856//1633
f 877//1634 872//1634 884//1634
f 867//1635 854//1635 884//1635
f 856//1636 869//1636 889//1636
f 873//1637 866//1637 875//1637
f 884//1638 854//1638 878//1638
f 879//1639 881//1639 888//1639
f 877//1640 876//1640 863//1640
f 848//1641 871//1641 849//1641
f 874//1642 855//1642 866//1642
f 868//1643 856//1643 855//1643
f 848//1644 883//1644 871//1644
f 885//1645 850//1645 868//1645
f 849//1646 876//1646 889//1646
f 848//1647 850//1647 885//1647
f 864//1648 872//1648 863//1648
f 849//1649 858//1649 876//1649
f 873//1650 875//1650 882//1650
f 882//1651 865//1651 863//1651
f 870//1652 886//1652 858//1652
f 858//1653 890//1653 859//1653
f 870//1654 858//1654 849//1654
f 849//1655 869//1655 850//1655
f 848//1656 885//1656 883//1656
f 862//1657 887//1657 874//1657
f 885//1658 868//1658 855//1658
f 877//1659 884//1659 878//1659
f 880//1660 856//1660 876//1660
f 862//1661 861//1661 860//1661
f 882//1662 863//1662 857//1662
f 876//1663 856//1663 889//1663
f 886//1664 887//1664 858//1664
f 860//1665 859//1665 887//1665
f 874//1666 885//1666 855//1666
f 870//1667 883//1667 886//1667
f 857//1668 859//1668 861//1668
f 876//1669 888//1669 881//1669
f 862//1670 860//1670 887//1670
f 880//1671 878//1671 854//1671
f 887//1672 890//1672 858//1672
f 874//1673 886//1673 885//1673
f 849//1674 889//1674 869//1674
f 865//1675 853//1675 852//1675
f 887//1676 859//1676 890//1676
f 873//1677 882//1677 857//1677
f 882//1678 853//1678 865//1678
f 864//1679 865//1679 852//1679
f 891//1680 892//1680 893//1680
f 894//1681 895//1681 896//1681
f 897//1682 898//1682 899//1682
f 891//1683 900//1683 892//1683
f 901//1684 894//1684 896//1684
f 902//1685 903//1685 904//1685
f 905//1686 906//1686 907//1686
f 908//1687 893//1687 892//1687
f 909//1688 910//1688 911//1688
f 909//1689 912//1689 899//1689
f 913//1690 914//1690 915//1690
f 901//1691 915//1691 914//1691
f 916//1692 911//1692 910//1692
f 917//1693 918//1693 896//1693
f 919//1694 920//1694 921//1694
f 902//1695 917//1695 922//1695
f 923//1696 916//1696 914//1696
f 899//1697 898//1697 922//1697
f 899//1698 924//1698 895//1698
f 925//1699 926//1699 927//1699
f 897//1700 925//1700 927//1700
f 909//1701 928//1701 926//1701
f 924//1702 917//1702 896//1702
f 901//1703 918//1703 929//1703
f 923//1704 928//1704 916//1704
f 923//1705 927//1705 926//1705
f 909//1706 894//1706 910//1706
f 923//1707 926//1707 928//1707
f 899//1708 922//1708 924//1708
f 909//1709 899//1709 895//1709
f 909//1710 926//1710 912//1710
f 912//1711 926//1711 925//1711
f 923//1712 914//1712 913//1712
f 891//1713 897//1713 927//1713
f 909//1714 911//1714 928//1714
f 897//1715 912//1715 925//1715
f 902//1716 904//1716 917//1716
f 930//1717 901//1717 929//1717
f 930//1718 931//1718 920//1718
f 921//1719 905//1719 907//1719
f 921//1720 931//1720 903//1720
f 898//1721 908//1721 922//1721
f 916//1722 928//1722 911//1722
f 894//1723 914//1723 916//1723
f 904//1724 903//1724 932//1724
f 894//1725 916//1725 910//1725
f 905//1726 908//1726 892//1726
f 900//1727 905//1727 892//1727
f 900//1728 906//1728 905//1728
f 933//1729 934//1729 903//1729
f 924//1730 896//1730 895//1730
f 909//1731 935//1731 912//1731
f 905//1732 936//1732 908//1732
f 930//1733 915//1733 901//1733
f 891//1734 927//1734 923//1734
f 891//1735 923//1735 913//1735
f 909//1736 895//1736 894//1736
f 924//1737 922//1737 917//1737
f 922//1738 908//1738 936//1738
f 931//1739 937//1739 932//1739
f 901//1740 896//1740 918//1740
f 919//1741 906//1741 900//1741
f 891//1742 913//1742 900//1742
f 921//1743 903//1743 934//1743
f 904//1744 932//1744 937//1744
f 902//1745 921//1745 934//1745
f 902//1746 936//1746 921//1746
f 931//1747 904//1747 937//1747
f 897//1748 899//1748 912//1748
f 930//1749 919//1749 900//1749
f 902//1750 922//1750 936//1750
f 930//1751 920//1751 919//1751
f 900//1752 913//1752 915//1752
f 930//1753 929//1753 931//1753
f 902//1754 934//1754 933//1754
f 929//1755 918//1755 904//1755
f 919//1756 921//1756 907//1756
f 891//1757 893//1757 897//1757
f 930//1758 900//1758 915//1758
f 921//1759 920//1759 931//1759
f 898//1760 893//1760 908//1760
f 901//1761 914//1761 894//1761
f 917//1762 904//1762 918//1762
f 919//1763 907//1763 906//1763
f 921//1764 936//1764 905//1764
f 931//1765 932//1765 903//1765
f 929//1766 904//1766 931//1766
f 897//1767 893//1767 898//1767
f 902//1768 933//1768 903//1768
f 938//1769 939//1769 940//1769
f 941//1770 942//1770 940//1770
f 941//1771 940//1771 943//1771
f 941//1772 943//1772 942//1772
f 940//1773 944//1773 943//1773
f 944//1774 942//1774 945//1774
f 938//1775 940//1775 941//1775
f 938//1776 946//1776 947//1776
f 940//1777 942//1777 944//1777
f 944//1778 942//1778 943//1778
f 940//1779 939//1779 946//1779
f 938//1780 946//1780 939//1780
f 938//1781 940//1781 946//1781
f 948//1782 949//1782 950//1782
f 951//1783 952//1783 953//1783
f 955//1784 956//1784 957//1784
f 960//1785 961//1785 962//1785
f 963//1786 964//1786 965//1786
f 960//1787 966//1787 961//1787
f 951//1788 953//1788 954//1788
f 963//1789 953//1789 952//1789
f 967//1790 961//1790 949//1790
f 951//1791 955//1791 952//1791
f 948//1792 968//1792 969//1792
f 962//1793 970//1793 965//1793
f 948//1794 969//1794 971//1794
f 972//1795 948//1795 950//1795
f 973//1796 968//1796 974//1796
f 961//1797 971//1797 949//1797
f 972//1798 957//1798 974//1798
f 966//1799 975//1799 965//1799
f 962//1800 971//1800 970//1800
f 961//1801 970//1801 971//1801
f 948//1802 967//1802 949//1802
f 960//1803 976//1803 975//1803
f 948//1804 962//1804 967//1804
f 966//1805 965//1805 970//1805
f 963//1806 976//1806 953//1806
f 948//1807 971//1807 962//1807
f 958//1808 956//1808 955//1808
f 949//1809 969//1809 968//1809
f 951//1810 958//1810 955//1810
f 972//1811 973//1811 959//1811
f 962//1812 965//1812 964//1812
f 960//1813 962//1813 964//1813
f 958//1814 959//1814 956//1814
f 972//1815 974//1815 968//1815
f 949//1816 971//1816 969//1816
f 950//1817 949//1817 968//1817
f 973//1818 950//1818 968//1818
f 956//1819 974//1819 957//1819
f 956//1820 959//1820 973//1820
f 962//1821 961//1821 967//1821
f 976//1822 954//1822 953//1822
f 960//1823 964//1823 976//1823
f 972//1824 950//1824 973//1824
f 976//1825 964//1825 954//1825
f 972//1826 968//1826 948//1826
f 966//1827 970//1827 961//1827
f 963//1828 952//1828 964//1828
f 963//1829 965//1829 975//1829
f 956//1830 973//1830 974//1830
f 960//1831 975//1831 966//1831
f 963//1832 975//1832 976//1832
f 977//1833 978//1833 979//1833
f 980//1834 981//1834 982//1834
f 983//1835 984//1835 985//1835
f 986//1836 987//1836 981//1836
f 988//1837 989//1837 990//1837
f 991//1838 981//1838 987//1838
f 992//1839 989//1839 988//1839
f 993//1840 994//1840 995//1840
f 996//1841 982//1841 997//1841
f 980//1842 989//1842 998//1842
f 996//1843 997//1843 999//1843
f 985//1844 984//1844 1000//1844
f 996//1845 980//1845 998//1845
f 992//1846 1001//1846 989//1846
f 991//1847 999//1847 997//1847
f 988//1848 990//1848 979//1848
f 985//1849 1000//1849 1002//1849
f 1003//1850 983//1850 1004//1850
f 986//1851 1005//1851 987//1851
f 997//1852 982//1852 981//1852
f 993//1853 995//1853 1005//1853
f 996//1854 998//1854 982//1854
f 996//1855 1006//1855 981//1855
f 991//1856 987//1856 1005//1856
f 983//1857 1007//1857 978//1857
f 982//1858 998//1858 1001//1858
f 986//1859 991//1859 1005//1859
f 1004//1860 1002//1860 994//1860
f 1004//1861 993//1861 995//1861
f 986//1862 981//1862 1006//1862
f 977//1863 990//1863 1007//1863
f 986//1864 995//1864 993//1864
f 978//1865 1007//1865 979//1865
f 991//1866 1006//1866 999//1866
f 986//1867 993//1867 1005//1867
f 1004//1868 994//1868 1000//1868
f 983//1869 1002//1869 1004//1869
f 983//1870 985//1870 1007//1870
f 1003//1871 984//1871 983//1871
f 983//1872 978//1872 1002//1872
f 986//1873 1005//1873 995//1873
f 1004//1874 994//1874 993//1874
f 1002//1875 1000//1875 994//1875
f 980//1876 982//1876 1001//1876
f 985//1877 1002//1877 978//1877
f 977//1878 979//1878 990//1878
f 990//1879 979//1879 1007//1879
f 1004//1880 995//1880 994//1880
f 989//1881 1001//1881 998//1881
f 996//1882 981//1882 980//1882
f 985//1883 978//1883 1007//1883
f 1003//1884 1004//1884 984//1884
f 984//1885 1004//1885 1000//1885
f 980//1886 1001//1886 989//1886
f 986//1887 1006//1887 991//1887
f 977//1888 1007//1888 978//1888
f 988//1889 989//1889 1001//1889
f 991//1890 997//1890 981//1890
f 996//1891 999//1891 1006//1891
f 992//1892 988//1892 1001//1892
f 1008//1893 1009//1893 1010//1893
f 1011//1894 1012//1894 1013//1894
f 1011//1895 1014//1895 1012//1895
f 1010//1896 1015//1896 1016//1896
f 1017//1897 1018//1897 1019//1897
f 1020//1898 1008//1898 1021//1898
f 1022//1899 1023//1899 1024//1899
f 1025//1900 1026//1900 1027//1900
f 1028//1901 1029//1901 1030//1901
f 1011//1902 1031//1902 1008//1902
f 1020//1903 1021//1903 1016//1903
f 1032//1904 1028//1904 1031//1904
f 1033//1905 1034//1905 1019//1905
f 1014//1906 1035//1906 1036//1906
f 1037//1907 1009//1907 1008//1907
f 1037//1908 1038//1908 1009//1908
f 1039//1909 1040//1909 1015//1909
f 1037//1910 1032//1910 1038//1910
f 1020//1911 1041//1911 1035//1911
f 1016//1912 1042//1912 1027//1912
f 1034//1913 1043//1913 1044//1913
f 1016//1914 1015//1914 1042//1914
f 1045//1915 1024//1915 1023//1915
f 1037//1916 1030//1916 1032//1916
f 1033//1917 1024//1917 1046//1917
f 1014//1918 1047//1918 1012//1918
f 1037//1919 1031//1919 1028//1919
f 1017//1920 1036//1920 1035//1920
f 1032//1921 1029//1921 1028//1921
f 1011//1922 1013//1922 1031//1922
f 1034//1923 1048//1923 1019//1923
f 1045//1924 1016//1924 1049//1924
f 1033//1925 1031//1925 1013//1925
f 1047//1926 1036//1926 1050//1926
f 1034//1927 1012//1927 1047//1927
f 1036//1928 1019//1928 1048//1928
f 1016//1929 1027//1929 1049//1929
f 1033//1930 1038//1930 1032//1930
f 1017//1931 1041//1931 1051//1931
f 1037//1932 1008//1932 1031//1932
f 1033//1933 1032//1933 1031//1933
f 1045//1934 1027//1934 1026//1934
f 1008//1935 1010//1935 1021//1935
f 1034//1936 1044//1936 1048//1936
f 1044//1937 1043//1937 1052//1937
f 1047//1938 1050//1938 1052//1938
f 1047//1939 1052//1939 1043//1939
f 1045//1940 1049//1940 1027//1940
f 1020//1941 1045//1941 1023//1941
f 1053//1942 1054//1942 1055//1942
f 1051//1943 1041//1943 1056//1943
f 1011//1944 1035//1944 1014//1944
f 1017//1945 1019//1945 1036//1945
f 1051//1946 1056//1946 1054//1946
f 1020//1947 1016//1947 1045//1947
f 1022//1948 1056//1948 1023//1948
f 1048//1949 1052//1949 1050//1949
f 1014//1950 1036//1950 1047//1950
f 1034//1951 1013//1951 1012//1951
f 1020//1952 1023//1952 1041//1952
f 1041//1953 1023//1953 1056//1953
f 1017//1954 1051//1954 1018//1954
f 1036//1955 1048//1955 1050//1955
f 1034//1956 1047//1956 1043//1956
f 1022//1957 1024//1957 1019//1957
f 1044//1958 1052//1958 1048//1958
f 1051//1959 1054//1959 1018//1959
f 1057//1960 1025//1960 1042//1960
f 1022//1961 1019//1961 1018//1961
f 1022//1962 1054//1962 1053//1962
f 1011//1963 1020//1963 1035//1963
f 1022//1964 1053//1964 1055//1964
f 1022//1965 1055//1965 1056//1965
f 1045//1966 1026//1966 1024//1966
f 1010//1967 1009//1967 1038//1967
f 1046//1968 1039//1968 1015//1968
f 1033//1969 1013//1969 1034//1969
f 1032//1970 1030//1970 1029//1970
f 1011//1971 1008//1971 1020//1971
f 1057//1972 1026//1972 1025//1972
f 1010//1973 1046//1973 1015//1973
f 1046//1974 1042//1974 1039//1974
f 1022//1975 1018//1975 1054//1975
f 1017//1976 1035//1976 1041//1976
f 1033//1977 1019//1977 1024//1977
f 1057//1978 1042//1978 1046//1978
f 1057//1979 1024//1979 1026//1979
f 1042//1980 1025//1980 1027//1980
f 1057//1981 1046//1981 1024//1981
f 1042//1982 1015//1982 1040//1982
f 1037//1983 1028//1983 1030//1983
f 1033//1984 1046//1984 1038//1984
f 1042//1985 1040//1985 1039//1985
f 1010//1986 1038//1986 1046//1986
f 1010//1987 1016//1987 1021//1987
f 1056//1988 1055//1988 1054//1988
f 1058//1989 1059//1989 1060//1989
f 1061//1990 1062//1990 1063//1990
f 1064//1991 1060//1991 1065//1991
f 1058//1992 1062//1992 1066//1992
f 1067//1993 1068//1993 1069//1993
f 1070//1994 1065//1994 1060//1994
f 1071//1995 1072//1995 1073//1995
f 1074//1996 1070//1996 1075//1996
f 1061//1997 1076//1997 1077//1997
f 1078//1998 1079//1998 1080//1998
f 1062//1999 1081//1999 1066//1999
f 1082//2000 1071//2000 1083//2000
f 1084//2001 1085//2001 1086//2001
f 1087//2002 1088//2002 1086//2002
f 1070//2003 1060//2003 1059//2003
f 1085//2004 1063//2004 1086//2004
f 1084//2005 1088//2005 1067//2005
f 1074//2006 1075//2006 1089//2006
f 1090//2007 1091//2007 1092//2007
f 1071//2008 1077//2008 1093//2008
f 1074//2009 1065//2009 1070//2009
f 1068//2010 1079//2010 1069//2010
f 1067//2011 1088//2011 1087//2011
f 1087//2012 1058//2012 1064//2012
f 1061//2013 1063//2013 1076//2013
f 1078//2014 1069//2014 1079//2014
f 1074//2015 1079//2015 1068//2015
f 1068//2016 1094//2016 1065//2016
f 1095//2017 1096//2017 1089//2017
f 1085//2018 1097//2018 1076//2018
f 1078//2019 1080//2019 1097//2019
f 1062//2020 1086//2020 1063//2020
f 1067//2021 1094//2021 1068//2021
f 1076//2022 1097//2022 1092//2022
f 1087//2023 1086//2023 1058//2023
f 1090//2024 1092//2024 1097//2024
f 1071//2025 1073//2025 1096//2025
f 1084//2026 1067//2026 1085//2026
f 1084//2027 1086//2027 1088//2027
f 1072//2028 1091//2028 1073//2028
f 1058//2029 1060//2029 1064//2029
f 1076//2030 1093//2030 1077//2030
f 1095//2031 1071//2031 1096//2031
f 1066//2032 1075//2032 1059//2032
f 1076//2033 1092//2033 1093//2033
f 1067//2034 1078//2034 1085//2034
f 1090//2035 1089//2035 1091//2035
f 1098//2036 1080//2036 1079//2036
f 1074//2037 1098//2037 1079//2037
f 1067//2038 1069//2038 1078//2038
f 1099//2039 1083//2039 1071//2039
f 1064//2040 1065//2040 1094//2040
f 1070//2041 1059//2041 1075//2041
f 1071//2042 1093//2042 1072//2042
f 1082//2043 1061//2043 1077//2043
f 1082//2044 1083//2044 1081//2044
f 1095//2045 1089//2045 1075//2045
f 1099//2046 1081//2046 1100//2046
f 1085//2047 1076//2047 1063//2047
f 1085//2048 1078//2048 1097//2048
f 1095//2049 1075//2049 1066//2049
f 1101//2050 1091//2050 1072//2050
f 1082//2051 1077//2051 1071//2051
f 1099//2052 1095//2052 1081//2052
f 1098//2053 1090//2053 1080//2053
f 1101//2054 1092//2054 1091//2054
f 1058//2055 1086//2055 1062//2055
f 1090//2056 1097//2056 1080//2056
f 1087//2057 1064//2057 1094//2057
f 1081//2058 1083//2058 1100//2058
f 1091//2059 1096//2059 1073//2059
f 1061//2060 1081//2060 1062//2060
f 1099//2061 1100//2061 1083//2061
f 1067//2062 1087//2062 1094//2062
f 1101//2063 1093//2063 1092//2063
f 1089//2064 1096//2064 1091//2064
f 1099//2065 1071//2065 1095//2065
f 1058//2066 1066//2066 1059//2066
f 1095//2067 1066//2067 1081//2067
f 1074//2068 1089//2068 1098//2068
f 1101//2069 1072//2069 1093//2069
f 1082//2070 1081//2070 1061//2070
f 1098//2071 1089//2071 1090//2071
f 1074//2072 1068//2072 1065//2072
f 1102//2073 1103//2073 1104//2073
f 1105//2074 1106//2074 1107//2074
f 1105//2075 1108//2075 1109//2075
f 1108//2076 1110//2076 1106//2076
f 1105//2077 1104//2077 1111//2077
f 1102//2078 1104//2078 1107//2078
f 1105//2079 1109//2079 1106//2079
f 1108//2080 1107//2080 1106//2080
f 1105//2081 1111//2081 1108//2081
f 1104//2082 1103//2082 1111//2082
f 1102//2083 1111//2083 1103//2083
f 1105//2084 1107//2084 1104//2084
f 1108//2085 1111//2085 1107//2085
f 1108//2086 1106//2086 1109//2086
f 1102//2087 1107//2087 1111//2087
f 1114//2088 1113//2088 1115//2088
f 1116//2089 1115//2089 1112//2089
f 1119//2090 1120//2090 1121//2090
f 1123//2091 1124//2091 1118//2091
f 1119//2092 1121//2092 1127//2092
f 1123//2093 1118//2093 1126//2093
f 1128//2094 1122//2094 1127//2094
f 1119//2095 1127//2095 1122//2095
f 1118//2096 1120//2096 1119//2096
f 1116//2097 1112//2097 1117//2097
f 1123//2098 1126//2098 1116//2098
f 1123//2099 1116//2099 1117//2099
f 1118//2100 1124//2100 1120//2100
f 1130//2101 1129//2101 1125//2101
f 1128//2102 1125//2102 1122//2102
f 1112//2103 1115//2103 1113//2103
f 1114//2104 1115//2104 1129//2104
f 1128//2105 1130//2105 1125//2105
f 1114//2106 1129//2106 1130//2106
f 1131//2107 1132//2107 1133//2107
f 1134//2108 1135//2108 1136//2108
f 1137//2109 1138//2109 1139//2109
f 1140//2110 1136//2110 1135//2110
f 1141//2111 1142//2111 1143//2111
f 1144//2112 1145//2112 1146//2112
f 1147//2113 1148//2113 1149//2113
f 1144//2114 1146//2114 1135//2114
f 1150//2115 1151//2115 1152//2115
f 1153//2116 1154//2116 1152//2116
f 1140//2117 1144//2117 1135//2117
f 1155//2118 1156//2118 1148//2118
f 1138//2119 1131//2119 1133//2119
f 1157//2120 1158//2120 1159//2120
f 1137//2121 1147//2121 1149//2121
f 1160//2122 1143//2122 1142//2122
f 1161//2123 1136//2123 1162//2123
f 1132//2124 1157//2124 1159//2124
f 1150//2125 1163//2125 1153//2125
f 1131//1836 1164//1836 1165//1836
f 1144//2126 1166//2126 1167//2126
f 1153//2127 1161//2127 1134//2127
f 1156//2128 1149//2128 1148//2128
f 1141//2129 1166//2129 1160//2129
f 1155//2130 1168//2130 1142//2130
f 1137//2131 1169//2131 1156//2131
f 1147//2132 1160//2132 1142//2132
f 1141//2133 1144//2133 1166//2133
f 1144//2134 1167//2134 1145//2134
f 1170//2135 1133//2135 1138//2135
f 1138//2136 1133//2136 1171//2136
f 1155//2137 1148//2137 1168//2137
f 1160//2138 1172//2138 1155//2138
f 1135//2139 1146//2139 1173//2139
f 1140//2140 1146//2140 1166//2140
f 1141//2141 1155//2141 1142//2141
f 1141//2142 1160//2142 1155//2142
f 1161//2143 1162//2143 1134//2143
f 1166//2144 1146//2144 1167//2144
f 1140//2145 1173//2145 1146//2145
f 1144//2146 1143//2146 1166//2146
f 1145//1836 1167//1836 1146//1836
f 1150//2147 1153//2147 1134//2147
f 1150//2148 1158//2148 1157//2148
f 1140//2149 1135//2149 1173//2149
f 1153//2150 1163//2150 1174//2150
f 1137//2143 1155//2143 1172//2143
f 1150//2151 1134//2151 1151//2151
f 1134//2152 1162//2152 1135//2152
f 1157//2143 1174//2143 1163//2143
f 1161//2153 1152//2153 1136//2153
f 1150//2154 1157//2154 1163//2154
f 1135//2155 1162//2155 1136//2155
f 1138//2156 1133//2156 1164//2156
f 1132//2157 1174//2157 1157//2157
f 1134//2158 1136//2158 1151//2158
f 1159//2159 1154//2159 1174//2159
f 1153//2160 1174//2160 1154//2160
f 1154//2161 1158//2161 1152//2161
f 1132//2162 1159//2162 1174//2162
f 1140//2163 1166//2163 1144//2163
f 1151//2164 1136//2164 1152//2164
f 1131//2165 1165//2165 1133//2165
f 1153//2166 1152//2166 1161//2166
f 1170//2167 1171//2167 1133//2167
f 1159//2168 1158//2168 1154//2168
f 1150//2169 1152//2169 1158//2169
f 1137//2170 1172//2170 1160//2170
f 1170//2171 1138//2171 1149//2171
f 1131//2172 1132//2172 1159//2172
f 1138//1836 1164//1836 1131//1836
f 1170//2173 1149//2173 1169//2173
f 1133//2174 1165//2174 1164//2174
f 1170//2175 1169//2175 1171//2175
f 1141//2176 1143//2176 1144//2176
f 1137//2177 1160//2177 1147//2177
f 1147//2178 1142//2178 1148//2178
f 1160//2179 1166//2179 1143//2179
f 1138//2180 1171//2180 1139//2180
f 1137//2143 1139//2143 1169//2143
f 1148//1836 1142//1836 1168//1836
f 1169//2181 1139//2181 1171//2181
f 1137//2182 1149//2182 1138//2182
f 1169//2183 1149//2183 1156//2183
f 1137//2184 1156//2184 1155//2184
f 1175//2185 1176//2185 1177//2185
f 1178//2186 1179//2186 1180//2186
f 1181//2187 1182//2187 1183//2187
f 1184//2188 1185//2188 1186//2188
f 1187//2189 1188//2189 1189//2189
f 1190//2190 1191//2190 1192//2190
f 1193//2191 1194//2191 1195//2191
f 1196//2192 1197//2192 1194//2192
f 1198//2193 1189//2193 1199//2193
f 1193//2194 1195//2194 1200//2194
f 1201//2195 1202//2195 1203//2195
f 1184//2196 1204//2196 1205//2196
f 1181//2197 1197//2197 1206//2197
f 1187//2198 1190//2198 1207//2198
f 1198//2199 1208//2199 1209//2199
f 1185//2200 1205//2200 1210//2200
f 1201//2201 1188//2201 1211//2201
f 1212//2202 1211//2202 1186//2202
f 1213//2203 1202//2203 1201//2203
f 1187//2204 1214//2204 1215//2204
f 1216//2205 1217//2205 1203//2205
f 1193//2206 1218//2206 1194//2206
f 1184//2207 1205//2207 1185//2207
f 1219//2208 1193//2208 1200//2208
f 1207//2209 1218//2209 1193//2209
f 1219//2210 1220//2210 1193//2210
f 1220//2211 1221//2211 1222//2211
f 1216//2212 1212//2212 1217//2212
f 1219//2213 1200//2213 1186//2213
f 1204//2214 1221//2214 1210//2214
f 1216//2215 1202//2215 1213//2215
f 1190//2216 1223//2216 1207//2216
f 1219//2217 1221//2217 1220//2217
f 1192//2218 1206//2218 1197//2218
f 1204//2219 1210//2219 1205//2219
f 1184//2220 1186//2220 1211//2220
f 1181//2221 1206//2221 1224//2221
f 1183//2222 1182//2222 1225//2222
f 1181//2223 1194//2223 1197//2223
f 1226//2224 1199//2224 1188//2224
f 1216//2225 1211//2225 1212//2225
f 1192//2226 1197//2226 1196//2226
f 1212//2227 1186//2227 1195//2227
f 1217//2228 1183//2228 1225//2228
f 1198//2229 1227//2229 1228//2229
f 1217//2230 1212//2230 1183//2230
f 1201//2231 1225//2231 1188//2231
f 1225//2232 1226//2232 1188//2232
f 1213//2233 1201//2233 1211//2233
f 1186//2234 1200//2234 1195//2234
f 1216//2235 1213//2235 1211//2235
f 1187//2236 1211//2236 1188//2236
f 1219//2237 1186//2237 1185//2237
f 1187//2238 1215//2238 1190//2238
f 1189//2239 1206//2239 1214//2239
f 1181//2240 1226//2240 1182//2240
f 1209//2241 1208//2241 1229//2241
f 1229//2242 1227//2242 1226//2242
f 1226//2243 1227//2243 1199//2243
f 1225//2244 1182//2244 1226//2244
f 1217//2245 1225//2245 1203//2245
f 1209//2246 1224//2246 1189//2246
f 1181//2247 1229//2247 1226//2247
f 1181//2248 1224//2248 1229//2248
f 1187//2249 1189//2249 1214//2249
f 1198//2250 1209//2250 1189//2250
f 1183//2251 1195//2251 1194//2251
f 1189//2252 1188//2252 1199//2252
f 1229//2253 1208//2253 1228//2253
f 1198//2254 1199//2254 1227//2254
f 1201//2255 1203//2255 1225//2255
f 1209//2256 1229//2256 1224//2256
f 1206//2257 1230//2257 1224//2257
f 1198//2258 1228//2258 1208//2258
f 1192//2259 1207//2259 1223//2259
f 1189//2260 1230//2260 1206//2260
f 1183//2261 1212//2261 1195//2261
f 1207//2262 1220//2262 1222//2262
f 1215//2263 1214//2263 1191//2263
f 1187//2264 1207//2264 1222//2264
f 1181//2265 1183//2265 1194//2265
f 1190//2266 1192//2266 1223//2266
f 1190//2267 1215//2267 1191//2267
f 1216//2268 1203//2268 1202//2268
f 1187//2269 1184//2269 1211//2269
f 1192//2270 1196//2270 1218//2270
f 1192//2271 1218//2271 1207//2271
f 1222//2272 1221//2272 1204//2272
f 1184//2273 1222//2273 1204//2273
f 1185//2274 1210//2274 1221//2274
f 1187//2275 1222//2275 1184//2275
f 1219//2276 1185//2276 1221//2276
f 1214//2277 1231//2277 1191//2277
f 1192//2278 1191//2278 1231//2278
f 1206//2279 1231//2279 1214//2279
f 1189//2280 1224//2280 1230//2280
f 1196//2281 1194//2281 1218//2281
f 1229//2282 1228//2282 1227//2282
f 1207//2283 1193//2283 1220//2283
f 1192//2284 1231//2284 1206//2284
f 1232//2285 1233//2285 1234//2285
f 1235//2286 1236//2286 1237//2286
f 1238//2287 1239//2287 1240//2287
f 1241//2288 1236//2288 1242//2288
f 1232//2289 1243//2289 1244//2289
f 1245//2290 1246//2290 1247//2290
f 1240//2291 1248//2291 1249//2291
f 1232//2292 1175//2292 1243//2292
f 1235//2293 1237//2293 1243//2293
f 1250//2294 1242//2294 1251//2294
f 1238//2295 1252//2295 1234//2295
f 1175//2296 1177//2296 1243//2296
f 1253//2297 1254//2297 1246//2297
f 1255//2298 1254//2298 1253//2298
f 1255//2299 1252//2299 1256//2299
f 1257//2300 1239//2300 1238//2300
f 1232//2301 1234//2301 1252//2301
f 1238//2302 1240//2302 1249//2302
f 1253//2303 1258//2303 1259//2303
f 1253//2304 1259//2304 1260//2304
f 1237//2305 1244//2305 1243//2305
f 1236//2306 1234//2306 1233//2306
f 1177//2307 1251//2307 1242//2307
f 1237//2308 1233//2308 1244//2308
f 1235//2309 1242//2309 1236//2309
f 1241//2310 1239//2310 1257//2310
f 1261//2311 1247//2311 1262//2311
f 1238//2312 1256//2312 1252//2312
f 1263//2313 1251//2313 1176//2313
f 1264//2314 1179//2314 1178//2314
f 1177//2315 1176//2315 1251//2315
f 1241//2316 1265//2316 1264//2316
f 1232//2317 1244//2317 1233//2317
f 1258//2318 1261//2318 1266//2318
f 1178//2319 1240//2319 1239//2319
f 1241//2320 1242//2320 1265//2320
f 1255//2321 1256//2321 1254//2321
f 1256//2322 1249//2322 1254//2322
f 1262//2323 1247//2323 1248//2323
f 1261//2324 1267//2324 1266//2324
f 1235//2325 1243//2325 1177//2325
f 1235//2326 1177//2326 1242//2326
f 1263//2327 1260//2327 1251//2327
f 1255//2328 1232//2328 1252//2328
f 1255//2329 1263//2329 1175//2329
f 1268//2330 1264//2330 1267//2330
f 1260//2331 1250//2331 1251//2331
f 1262//2332 1178//2332 1180//2332
f 1237//2333 1236//2333 1233//2333
f 1263//2334 1176//2334 1175//2334
f 1245//2335 1269//2335 1246//2335
f 1245//2336 1247//2336 1261//2336
f 1238//2337 1249//2337 1256//2337
f 1265//2338 1250//2338 1270//2338
f 1257//2339 1238//2339 1234//2339
f 1259//2340 1270//2340 1260//2340
f 1264//2341 1178//2341 1239//2341
f 1268//2342 1262//2342 1180//2342
f 1245//2343 1258//2343 1269//2343
f 1264//2344 1265//2344 1267//2344
f 1265//2345 1270//2345 1267//2345
f 1253//2346 1246//2346 1269//2346
f 1259//2347 1266//2347 1270//2347
f 1247//2348 1246//2348 1248//2348
f 1246//2349 1254//2349 1249//2349
f 1241//2350 1264//2350 1239//2350
f 1270//2351 1250//2351 1260//2351
f 1268//2352 1267//2352 1261//2352
f 1266//2353 1267//2353 1270//2353
f 1178//2354 1248//2354 1240//2354
f 1253//2355 1260//2355 1263//2355
f 1253//2356 1269//2356 1258//2356
f 1268//2357 1180//2357 1179//2357
f 1257//2358 1234//2358 1236//2358
f 1265//2359 1242//2359 1250//2359
f 1245//2360 1261//2360 1258//2360
f 1268//2361 1261//2361 1262//2361
f 1258//2362 1266//2362 1259//2362
f 1268//2363 1179//2363 1264//2363
f 1255//2364 1253//2364 1263//2364
f 1241//2365 1257//2365 1236//2365
f 1255//2366 1175//2366 1232//2366
f 1246//2367 1249//2367 1248//2367
f 1262//2368 1248//2368 1178//2368
f 1271//2369 1272//2369 1273//2369
f 1274//2370 1275//2370 1276//2370
f 1271//2371 1272//2371 1277//2371
f 1278//2372 1277//2372 1279//2372
f 1271//2373 1278//2373 1280//2373
f 1278//2374 1277//2374 1272//2374
f 1271//2375 1276//2375 1272//2375
f 1271//2376 1280//2376 1275//2376
f 1271//2377 1274//2377 1276//2377
f 1278//2378 1272//2378 1280//2378
f 1271//2379 1277//2379 1278//2379
f 1280//2380 1276//2380 1275//2380
f 1280//2381 1272//2381 1276//2381
f 1271//2382 1275//2382 1274//2382
f 1281//2383 1282//2383 1283//2383
f 1281//2384 1284//2384 1285//2384
f 1286//2385 1287//2385 1288//2385
f 1289//2386 1290//2386 1288//2386
f 1291//2387 1292//2387 1285//2387
f 1292//2388 1293//2388 1294//2388
f 1284//2389 1293//2389 1295//2389
f 1291//2390 1296//2390 1292//2390
f 1297//2391 1298//2391 1299//2391
f 1300//2392 1301//2392 1302//2392
f 1284//2393 1295//2393 1285//2393
f 1291//2394 1297//2394 1303//2394
f 1284//2395 1294//2395 1293//2395
f 1289//2396 1297//2396 1299//2396
f 1289//2397 1304//2397 1303//2397
f 1289//2398 1299//2398 1290//2398
f 1286//2399 1305//2399 1304//2399
f 1288//2400 1306//2400 1307//2400
f 1286//2401 1302//2401 1308//2401
f 1306//2402 1305//2402 1308//2402
f 1281//2403 1283//2403 1284//2403
f 1292//2404 1296//2404 1298//2404
f 1286//2405 1308//2405 1305//2405
f 1292//2406 1298//2406 1297//2406
f 1286//2407 1304//2407 1287//2407
f 1300//2408 1282//2408 1301//2408
f 1300//2409 1283//2409 1282//2409
f 1292//2410 1297//2410 1310//2410
f 1300//2411 1302//2411 1309//2411
f 1292//2412 1310//2412 1293//2412
f 1291//2413 1295//2413 1293//2413
f 1303//2414 1298//2414 1296//2414
f 1284//2415 1283//2415 1294//2415
f 1291//2416 1285//2416 1295//2416
f 1291//2417 1310//2417 1297//2417
f 1298//2418 1305//2418 1299//2418
f 1281//2419 1285//2419 1294//2419
f 1292//2420 1294//2420 1285//2420
f 1287//2421 1289//2421 1288//2421
f 1298//2422 1304//2422 1305//2422
f 1289//2423 1303//2423 1297//2423
f 1291//2424 1303//2424 1296//2424
f 1290//2425 1299//2425 1305//2425
f 1287//2426 1304//2426 1289//2426
f 1286//2427 1288//2427 1307//2427
f 1303//2428 1304//2428 1298//2428
f 1291//2429 1293//2429 1310//2429
f 1306//2430 1290//2430 1305//2430
f 1307//2431 1308//2431 1309//2431
f 1306//2432 1308//2432 1307//2432
f 1286//2433 1307//2433 1302//2433
f 1302//2434 1307//2434 1309//2434
f 1288//2435 1290//2435 1306//2435
f 1311//2436 1312//2436 1313//2436
f 1314//2437 1315//2437 1316//2437
f 1317//2438 1318//2438 1319//2438
f 1320//2439 1319//2439 1321//2439
f 1322//2440 1323//2440 1324//2440
f 1314//2441 1316//2441 1323//2441
f 1325//2442 1326//2442 1327//2442
f 1328//2443 1312//2443 1329//2443
f 1330//2444 1331//2444 1332//2444
f 1333//2445 1334//2445 1329//2445
f 1335//2446 1319//2446 1318//2446
f 1317//2447 1322//2447 1318//2447
f 1336//2448 1337//2448 1338//2448
f 1319//2449 1322//2449 1324//2449
f 1335//2450 1339//2450 1340//2450
f 1336//2451 1339//2451 1341//2451
f 1326//2452 1342//2452 1343//2452
f 1330//2453 1344//2453 1331//2453
f 1330//2454 1344//2454 1327//2454
f 1329//2455 1343//2455 1342//2455
f 1338//2456 1345//2456 1339//2456
f 1346//2457 1347//2457 1348//2457
f 1326//2458 1313//2458 1328//2458
f 1337//2459 1334//2459 1346//2459
f 1337//2460 1329//2460 1334//2460
f 1335//2461 1341//2461 1339//2461
f 1319//2462 1340//2462 1321//2462
f 1338//2463 1337//2463 1345//2463
f 1320//2464 1322//2464 1319//2464
f 1335//2465 1318//2465 1322//2465
f 1328//2466 1329//2466 1342//2466
f 1333//2467 1346//2467 1348//2467
f 1320//2468 1335//2468 1322//2468
f 1334//2469 1347//2469 1346//2469
f 1325//2470 1327//2470 1343//2470
f 1336//2471 1338//2471 1339//2471
f 1333//2472 1337//2472 1346//2472
f 1337//2473 1341//2473 1345//2473
f 1334//2474 1311//2474 1349//2474
f 1330//2475 1332//2475 1315//2475
f 1311//2476 1313//2476 1349//2476
f 1333//1836 1348//1836 1347//1836
f 1328//2477 1313//2477 1312//2477
f 1311//2478 1329//2478 1312//2478
f 1333//2479 1329//2479 1337//2479
f 1334//2480 1349//2480 1343//2480
f 1326//2481 1328//2481 1342//2481
f 1330//2482 1327//2482 1325//2482
f 1326//2483 1343//2483 1327//2483
f 1333//2484 1347//2484 1334//2484
f 1334//2485 1329//2485 1311//2485
f 1336//2486 1337//2486 1346//2486
f 1325//2487 1313//2487 1326//2487
f 1334//2488 1343//2488 1329//2488
f 1332//1836 1331//1836 1344//1836
f 1325//2489 1327//2489 1344//2489
f 1317//2490 1324//2490 1323//2490
f 1317//2491 1314//2491 1323//2491
f 1325//2492 1343//2492 1349//2492
f 1330//2493 1315//2493 1316//2493
f 1330//2494 1332//2494 1344//2494
f 1315//2495 1350//2495 1316//2495
f 1320//2496 1345//2496 1341//2496
f 1314//2497 1350//2497 1315//2497
f 1325//2498 1349//2498 1313//2498
f 1317//1836 1319//1836 1324//1836
f 1323//2499 1316//2499 1350//2499
f 1320//2500 1341//2500 1335//2500
f 1330//2501 1325//2501 1344//2501
f 1317//2502 1323//2502 1322//2502
f 1335//2503 1340//2503 1319//2503
f 1336//2504 1341//2504 1337//2504
f 1345//2505 1340//2505 1339//2505
f 1345//2506 1321//2506 1340//2506
f 1314//2507 1323//2507 1350//2507
f 1320//2508 1321//2508 1345//2508
f 1351//2509 1352//2509 1353//2509
f 1354//2510 1355//2510 1356//2510
f 1357//2511 1358//2511 1359//2511
f 1360//2512 1353//2512 1361//2512
f 1351//2513 1362//2513 1363//2513
f 1364//2514 1365//2514 1366//2514
f 1360//2515 1356//2515 1367//2515
f 1368//2516 1369//2516 1370//2516
f 1367//2517 1355//2517 1371//2517
f 1354//2518 1356//2518 1372//2518
f 1360//2519 1373//2519 1356//2519
f 1374//2520 1375//2520 1376//2520
f 1352//2521 1377//2521 1353//2521
f 1368//2522 1352//2522 1369//2522
f 1365//2523 1378//2523 1379//2523
f 1351//2524 1353//2524 1360//2524
f 1352//2525 1380//2525 1377//2525
f 1364//2526 1368//2526 1381//2526
f 1354//2527 1382//2527 1383//2527
f 1384//2528 1353//2528 1377//2528
f 1385//2529 1386//2529 1387//2529
f 1360//2530 1361//2530 1357//2530
f 1367//2531 1383//2531 1382//2531
f 1354//2532 1388//2532 1382//2532
f 1373//2533 1389//2533 1390//2533
f 1391//2534 1392//2534 1393//2534
f 1384//2535 1394//2535 1353//2535
f 1360//2536 1357//2536 1395//2536
f 1389//2537 1393//2537 1392//2537
f 1396//2538 1385//2538 1374//2538
f 1376//2539 1389//2539 1392//2539
f 1351//2540 1378//2540 1362//2540
f 1374//2541 1385//2541 1397//2541
f 1376//2542 1390//2542 1389//2542
f 1396//2543 1395//2543 1380//2543
f 1391//2544 1398//2544 1392//2544
f 1361//2545 1358//2545 1357//2545
f 1398//2546 1376//2546 1392//2546
f 1399//2547 1396//2547 1365//2547
f 1399//2548 1386//2548 1385//2548
f 1368//2549 1370//2549 1362//2549
f 1371//2550 1400//2550 1383//2550
f 1355//2551 1400//2551 1371//2551
f 1398//2552 1374//2552 1376//2552
f 1375//2553 1373//2553 1390//2553
f 1354//2554 1383//2554 1400//2554
f 1354//2555 1400//2555 1355//2555
f 1399//2556 1385//2556 1396//2556
f 1388//2557 1365//2557 1379//2557
f 1399//2558 1372//2558 1385//2558
f 1367//2559 1371//2559 1383//2559
f 1360//2560 1396//2560 1398//2560
f 1351//2561 1363//2561 1369//2561
f 1391//2562 1393//2562 1389//2562
f 1395//2563 1377//2563 1380//2563
f 1375//2564 1397//2564 1373//2564
f 1397//2565 1356//2565 1373//2565
f 1399//2566 1354//2566 1372//2566
f 1399//2567 1385//2567 1387//2567
f 1360//2568 1395//2568 1396//2568
f 1397//2569 1372//2569 1356//2569
f 1366//2570 1365//2570 1380//2570
f 1384//2571 1359//2571 1394//2571
f 1351//2572 1369//2572 1352//2572
f 1378//2573 1381//2573 1362//2573
f 1367//2574 1356//2574 1355//2574
f 1364//2575 1378//2575 1365//2575
f 1351//2576 1367//2576 1388//2576
f 1366//2577 1380//2577 1352//2577
f 1364//2578 1366//2578 1352//2578
f 1396//2579 1380//2579 1365//2579
f 1362//2580 1370//2580 1363//2580
f 1351//2581 1360//2581 1367//2581
f 1361//2582 1394//2582 1358//2582
f 1361//2583 1353//2583 1394//2583
f 1396//2584 1374//2584 1398//2584
f 1367//2585 1382//2585 1388//2585
f 1363//2586 1370//2586 1369//2586
f 1368//2587 1362//2587 1381//2587
f 1384//2588 1357//2588 1359//2588
f 1364//2589 1352//2589 1368//2589
f 1399//2590 1387//2590 1386//2590
f 1360//2591 1398//2591 1391//2591
f 1394//2592 1359//2592 1358//2592
f 1384//2593 1377//2593 1395//2593
f 1399//2594 1365//2594 1388//2594
f 1391//2595 1389//2595 1373//2595
f 1351//2596 1388//2596 1379//2596
f 1351//2597 1379//2597 1378//2597
f 1374//2598 1397//2598 1375//2598
f 1375//2599 1390//2599 1376//2599
f 1397//2600 1385//2600 1372//2600
f 1384//2601 1395//2601 1357//2601
f 1399//2602 1388//2602 1354//2602
f 1364//2603 1381//2603 1378//2603
f 1360//2604 1391//2604 1373//2604
f 1401//2605 1402//2605 1403//2605
f 1404//2606 1405//2606 1403//2606
f 1406//2607 1407//2607 1408//2607
f 1409//2608 1410//2608 1411//2608
f 1412//2609 1413//2609 1409//2609
f 1401//2610 1414//2610 1402//2610
f 1415//2611 1416//2611 1417//2611
f 1418//2612 1409//2612 1413//2612
f 1412//2613 1419//2613 1404//2613
f 1403//2614 1402//2614 1420//2614
f 1421//2615 1422//2615 1423//2615
f 1424//2616 1419//2616 1425//2616
f 1412//2617 1404//2617 1423//2617
f 1419//2618 1426//2618 1427//2618
f 1403//2619 1420//2619 1422//2619
f 1424//2620 1425//2620 1409//2620
f 1428//2621 1420//2621 1402//2621
f 1404//2622 1403//2622 1421//2622
f 1415//2623 1429//2623 1430//2623
f 1404//2624 1421//2624 1423//2624
f 1431//2625 1426//2625 1419//2625
f 1422//2626 1418//2626 1413//2626
f 1421//2627 1403//2627 1422//2627
f 1431//2628 1405//2628 1426//2628
f 1431//2629 1424//2629 1432//2629
f 1422//2630 1413//2630 1423//2630
f 1404//2631 1426//2631 1405//2631
f 1406//2632 1411//2632 1407//2632
f 1433//2633 1432//2633 1424//2633
f 1431//2634 1432//2634 1417//2634
f 1412//2635 1409//2635 1425//2635
f 1428//2636 1410//2636 1418//2636
f 1433//2637 1409//2637 1411//2637
f 1428//2638 1434//2638 1410//2638
f 1428//2639 1418//2639 1420//2639
f 1422//2640 1420//2640 1418//2640
f 1435//2641 1436//2641 1437//2641
f 1428//2642 1414//2642 1434//2642
f 1406//2643 1408//2643 1438//2643
f 1417//2644 1432//2644 1429//2644
f 1439//2645 1437//2645 1440//2645
f 1418//2646 1410//2646 1409//2646
f 1415//2647 1417//2647 1429//2647
f 1412//2648 1425//2648 1419//2648
f 1415//2649 1401//2649 1416//2649
f 1428//2650 1402//2650 1414//2650
f 1433//2651 1429//2651 1432//2651
f 1439//2652 1441//2652 1407//2652
f 1433//2653 1424//2653 1409//2653
f 1407//2654 1411//2654 1410//2654
f 1431//2655 1417//2655 1442//2655
f 1412//2656 1423//2656 1413//2656
f 1441//2657 1436//2657 1438//2657
f 1439//2658 1440//2658 1441//2658
f 1401//2659 1437//2659 1439//2659
f 1415//2660 1435//2660 1443//2660
f 1401//2661 1443//2661 1437//2661
f 1404//2662 1419//2662 1427//2662
f 1406//2663 1429//2663 1433//2663
f 1441//2664 1440//2664 1437//2664
f 1406//2665 1433//2665 1411//2665
f 1429//2666 1444//2666 1445//2666
f 1438//2667 1436//2667 1444//2667
f 1431//2668 1419//2668 1424//2668
f 1439//2669 1434//2669 1414//2669
f 1415//2670 1443//2670 1401//2670
f 1415//2671 1436//2671 1435//2671
f 1441//2672 1437//2672 1436//2672
f 1431//2673 1442//2673 1405//2673
f 1430//2674 1444//2674 1436//2674
f 1406//2675 1444//2675 1429//2675
f 1441//2676 1438//2676 1408//2676
f 1430//2677 1445//2677 1444//2677
f 1441//2678 1408//2678 1407//2678
f 1415//2679 1430//2679 1436//2679
f 1401//2680 1403//2680 1416//2680
f 1404//2681 1427//2681 1426//2681
f 1416//2682 1405//2682 1442//2682
f 1416//2683 1403//2683 1405//2683
f 1439//2684 1407//2684 1434//2684
f 1401//2685 1439//2685 1414//2685
f 1417//2686 1416//2686 1442//2686
f 1406//2687 1438//2687 1444//2687
f 1435//2688 1437//2688 1443//2688
f 1407//2689 1410//2689 1434//2689
f 1429//2690 1445//2690 1430//2690
f 1446//2691 1447//2691 1448//2691
f 1446//2692 1449//2692 1450//2692
f 1450//2693 1451//2693 1448//2693
f 1450//2694 1448//2694 1447//2694
f 1452//2695 1453//2695 1446//2695
f 1452//2696 1454//2696 1446//2696
f 1452//2697 1446//2697 1447//2697
f 1450//2698 1449//2698 1448//2698
f 1452//2699 1447//2699 1454//2699
f 1446//2700 1448//2700 1449//2700
f 1446//2701 1454//2701 1447//2701
f 1455//2702 1446//2702 1453//2702
f 1446//2703 1450//2703 1447//2703
f 1456//2704 1457//2704 1458//2704
f 1459//2705 1460//2705 1461//2705
f 1462//2706 1463//2706 1464//2706
f 1459//2707 1465//2707 1460//2707
f 1466//2708 1467//2708 1468//2708
f 1469//2709 1470//2709 1471//2709
f 1466//2710 1472//2710 1470//2710
f 1457//2711 1473//2711 1474//2711
f 1466//2712 1468//2712 1472//2712
f 1456//2713 1458//2713 1473//2713
f 1458//2714 1460//2714 1461//2714
f 1456//2715 1475//2715 1458//2715
f 1458//2716 1457//2716 1474//2716
f 1458//2717 1474//2717 1473//2717
f 1471//2391 1476//2391 1477//2391
f 1462//2718 1478//2718 1476//2718
f 1459//2719 1465//2719 1464//2719
f 1464//2720 1463//2720 1478//2720
f 1460//2721 1475//2721 1461//2721
f 1479//2722 1468//2722 1467//2722
f 1479//2723 1474//2723 1480//2723
f 1479//2724 1480//2724 1467//2724
f 1457//2725 1480//2725 1474//2725
f 1458//2726 1475//2726 1460//2726
f 1456//2727 1458//2727 1461//2727
f 1471//2728 1470//2728 1481//2728
f 1469//2395 1472//2395 1468//2395
f 1469//2729 1471//2729 1482//2729
f 1472//2730 1482//2730 1470//2730
f 1469//2731 1482//2731 1472//2731
f 1469//2732 1479//2732 1467//2732
f 1471//2733 1477//2733 1482//2733
f 1469//2734 1467//2734 1466//2734
f 1459//2735 1463//2735 1465//2735
f 1471//2736 1462//2736 1476//2736
f 1470//2737 1477//2737 1481//2737
f 1462//2738 1478//2738 1463//2738
f 1456//2739 1473//2739 1457//2739
f 1464//2740 1465//2740 1463//2740
f 1470//2741 1482//2741 1477//2741
f 1459//2742 1464//2742 1463//2742
f 1469//2743 1466//2743 1470//2743
f 1478//2744 1481//2744 1477//2744
f 1462//2745 1464//2745 1478//2745
f 1456//2746 1461//2746 1475//2746
f 1462//2747 1481//2747 1478//2747
f 1471//2748 1481//2748 1462//2748
f 1469//2749 1468//2749 1479//2749
f 1478//2750 1477//2750 1476//2750
f 1483//2751 1484//2751 1485//2751
f 1486//2752 1487//2752 1488//2752
f 1489//1836 1490//1836 1491//1836
f 1486//2143 1492//2143 1487//2143
f 1493//2753 1494//2753 1495//2753
f 1496//2754 1497//2754 1498//2754
f 1499//2755 1500//2755 1501//2755
f 1483//2756 1490//2756 1502//2756
f 1483//2757 1503//2757 1490//2757
f 1504//2758 1494//2758 1493//2758
f 1505//2759 1497//2759 1506//2759
f 1493//2760 1494//2760 1505//2760
f 1497//2761 1507//2761 1506//2761
f 1498//2762 1508//2762 1509//2762
f 1510//2763 1496//2763 1511//2763
f 1499//2764 1500//2764 1512//2764
f 1489//1836 1513//1836 1493//1836
f 1514//2765 1515//2765 1516//2765
f 1483//2766 1485//2766 1503//2766
f 1483//2767 1502//2767 1514//2767
f 1486//2768 1488//2768 1489//2768
f 1483//2769 1487//2769 1491//2769
f 1489//2770 1493//2770 1517//2770
f 1505//2771 1506//2771 1496//2771
f 1484//2772 1516//2772 1501//2772
f 1483//2773 1489//2773 1488//2773
f 1489//2143 1491//2143 1513//2143
f 1492//2774 1518//2774 1491//2774
f 1514//2775 1502//2775 1503//2775
f 1486//2776 1517//2776 1495//2776
f 1490//1836 1503//1836 1502//1836
f 1492//2777 1491//2777 1487//2777
f 1499//2778 1516//2778 1501//2778
f 1514//2779 1485//2779 1515//2779
f 1484//1836 1515//1836 1485//1836
f 1483//2780 1514//2780 1484//2780
f 1483//2781 1491//2781 1490//2781
f 1484//2782 1514//2782 1516//2782
f 1519//2783 1510//2783 1500//2783
f 1516//2784 1515//2784 1501//2784
f 1484//2785 1501//2785 1515//2785
f 1496//1836 1506//1836 1507//1836
f 1512//2786 1500//2786 1511//2786
f 1510//2787 1508//2787 1498//2787
f 1498//2788 1509//2788 1511//2788
f 1510//2789 1511//2789 1500//2789
f 1511//2790 1509//2790 1508//2790
f 1520//2791 1511//2791 1496//2791
f 1512//2792 1511//2792 1508//2792
f 1493//2793 1495//2793 1517//2793
f 1514//2794 1503//2794 1485//2794
f 1510//2795 1498//2795 1496//2795
f 1520//2796 1498//2796 1511//2796
f 1504//2797 1513//2797 1495//2797
f 1519//2798 1508//2798 1510//2798
f 1505//2799 1496//2799 1497//2799
f 1483//2800 1488//2800 1487//2800
f 1504//2801 1495//2801 1494//2801
f 1519//2802 1500//2802 1499//2802
f 1519//2803 1512//2803 1508//2803
f 1505//2804 1497//2804 1494//2804
f 1520//2805 1496//2805 1498//2805
f 1492//2806 1495//2806 1518//2806
f 1519//2807 1499//2807 1512//2807
f 1518//2808 1513//2808 1491//2808
f 1504//2809 1493//2809 1513//2809
f 1483//2810 1490//2810 1489//2810
f 1486//2143 1495//2143 1492//2143
f 1486//2811 1489//2811 1517//2811
f 1496//2812 1507//2812 1497//2812
f 1518//2813 1495//2813 1513//2813
f 1521//2814 1522//2814 1523//2814
f 1524//2815 1522//2815 1525//2815
f 1526//2816 1527//2816 1523//2816
f 1528//2817 1526//2817 1523//2817
f 1529//2818 1530//2818 1531//2818
f 1532//2819 1533//2819 1534//2819
f 1529//2820 1524//2820 1535//2820
f 1524//2821 1525//2821 1536//2821
f 1528//2822 1522//2822 1524//2822
f 1537//2823 1538//2823 1539//2823
f 1525//2824 1522//2824 1540//2824
f 1541//2825 1542//2825 1543//2825
f 1544//2826 1540//2826 1522//2826
f 1529//2827 1535//2827 1536//2827
f 1528//2828 1523//2828 1522//2828
f 1545//2829 1537//2829 1546//2829
f 1545//2830 1521//2830 1523//2830
f 1530//2831 1538//2831 1531//2831
f 1528//2832 1524//2832 1526//2832
f 1547//2833 1548//2833 1549//2833
f 1529//2834 1531//2834 1550//2834
f 1544//2835 1521//2835 1551//2835
f 1525//2836 1552//2836 1530//2836
f 1550//2837 1527//2837 1526//2837
f 1546//2838 1548//2838 1547//2838
f 1529//2839 1525//2839 1530//2839
f 1553//2840 1554//2840 1555//2840
f 1545//2841 1523//2841 1527//2841
f 1544//2842 1522//2842 1521//2842
f 1530//2843 1539//2843 1538//2843
f 1529//2844 1550//2844 1524//2844
f 1556//2845 1534//2845 1557//2845
f 1549//2846 1555//2846 1554//2846
f 1546//2847 1547//2847 1551//2847
f 1545//2848 1546//2848 1521//2848
f 1546//2849 1543//2849 1548//2849
f 1546//2850 1537//2850 1539//2850
f 1542//2851 1558//2851 1553//2851
f 1542//2852 1557//2852 1558//2852
f 1546//2853 1539//2853 1543//2853
f 1559//2854 1560//2854 1561//2854
f 1541//2855 1552//2855 1525//2855
f 1533//2856 1562//2856 1563//2856
f 1524//2857 1550//2857 1526//2857
f 1547//2858 1533//2858 1544//2858
f 1533//2859 1563//2859 1561//2859
f 1549//2860 1548//2860 1555//2860
f 1545//2861 1527//2861 1550//2861
f 1564//2862 1565//2862 1554//2862
f 1557//2863 1566//2863 1567//2863
f 1542//2864 1553//2864 1555//2864
f 1546//2865 1551//2865 1521//2865
f 1556//2866 1532//2866 1534//2866
f 1564//2867 1558//2867 1568//2867
f 1564//2868 1569//2868 1565//2868
f 1570//2869 1559//2869 1571//2869
f 1547//2870 1544//2870 1551//2870
f 1545//2871 1550//2871 1537//2871
f 1537//2872 1550//2872 1538//2872
f 1564//2873 1554//2873 1553//2873
f 1541//2874 1540//2874 1556//2874
f 1541//2875 1543//2875 1539//2875
f 1557//2876 1534//2876 1566//2876
f 1547//2877 1562//2877 1533//2877
f 1572//2878 1573//2878 1574//2878
f 1575//2879 1565//2879 1569//2879
f 1576//2880 1577//2880 1578//2880
f 1579//2881 1580//2881 1581//2881
f 1544//2882 1532//2882 1540//2882
f 1549//2883 1554//2883 1582//2883
f 1529//2884 1536//2884 1525//2884
f 1583//2885 1584//2885 1585//2885
f 1560//2886 1586//2886 1587//2886
f 1588//2887 1589//2887 1590//2887
f 1544//2888 1533//2888 1532//2888
f 1557//2889 1567//2889 1568//2889
f 1524//2890 1536//2890 1535//2890
f 1590//2891 1591//2891 1592//2891
f 1541//2892 1556//2892 1542//2892
f 1593//2893 1573//2893 1569//2893
f 1564//2894 1593//2894 1569//2894
f 1575//2895 1569//2895 1594//2895
f 1533//2896 1561//2896 1534//2896
f 1595//2897 1596//2897 1597//2897
f 1560//2898 1587//2898 1566//2898
f 1547//2899 1582//2899 1562//2899
f 1588//2900 1598//2900 1589//2900
f 1541//2901 1525//2901 1540//2901
f 1570//2902 1577//2902 1559//2902
f 1542//2903 1555//2903 1543//2903
f 1585//2904 1589//2904 1598//2904
f 1572//2905 1599//2905 1571//2905
f 1585//2906 1598//2906 1600//2906
f 1556//2907 1557//2907 1542//2907
f 1587//2908 1586//2908 1577//2908
f 1541//2909 1539//2909 1552//2909
f 1556//2910 1540//2910 1532//2910
f 1547//2911 1549//2911 1582//2911
f 1588//2912 1564//2912 1568//2912
f 1601//2913 1602//2913 1603//2913
f 1590//2914 1604//2914 1591//2914
f 1571//2915 1575//2915 1594//2915
f 1559//2916 1586//2916 1560//2916
f 1570//2917 1571//2917 1599//2917
f 1555//2918 1548//2918 1543//2918
f 1575//2919 1554//2919 1565//2919
f 1583//2920 1605//2920 1606//2920
f 1559//2921 1577//2921 1586//2921
f 1560//2922 1566//2922 1534//2922
f 1559//2923 1561//2923 1563//2923
f 1583//2924 1606//2924 1584//2924
f 1585//2925 1607//2925 1589//2925
f 1608//2926 1609//2926 1610//2926
f 1566//2927 1600//2927 1567//2927
f 1588//2928 1590//2928 1592//2928
f 1560//2929 1534//2929 1561//2929
f 1607//2930 1611//2930 1603//2930
f 1593//2931 1592//2931 1591//2931
f 1593//2932 1591//2932 1573//2932
f 1575//2933 1582//2933 1554//2933
f 1564//2934 1553//2934 1558//2934
f 1612//2935 1602//2935 1613//2935
f 1595//2936 1597//2936 1599//2936
f 1597//2937 1596//2937 1614//2937
f 1572//2938 1615//2938 1595//2938
f 1572//2939 1594//2939 1573//2939
f 1608//2940 1611//2940 1584//2940
f 1616//2941 1617//2941 1618//2941
f 1570//2942 1614//2942 1578//2942
f 1576//2943 1606//2943 1605//2943
f 1608//2944 1610//2944 1611//2944
f 1585//2945 1600//2945 1619//2945
f 1570//2946 1599//2946 1597//2946
f 1590//2947 1613//2947 1604//2947
f 1619//2948 1566//2948 1587//2948
f 1575//2949 1563//2949 1582//2949
f 1598//2950 1567//2950 1600//2950
f 1620//2951 1621//2951 1596//2951
f 1595//2952 1615//2952 1596//2952
f 1579//2953 1604//2953 1613//2953
f 1619//2954 1600//2954 1566//2954
f 1571//2955 1559//2955 1563//2955
f 1572//2956 1574//2956 1615//2956
f 1574//2957 1573//2957 1591//2957
f 1572//2958 1595//2958 1599//2958
f 1557//2959 1568//2959 1558//2959
f 1620//2960 1581//2960 1621//2960
f 1589//2961 1607//2961 1612//2961
f 1622//2962 1581//2962 1623//2962
f 1594//2963 1569//2963 1573//2963
f 1564//2964 1592//2964 1593//2964
f 1572//2965 1571//2965 1594//2965
f 1579//2966 1581//2966 1615//2966
f 1579//2967 1602//2967 1580//2967
f 1588//2968 1592//2968 1564//2968
f 1570//2969 1597//2969 1614//2969
f 1620//2970 1596//2970 1615//2970
f 1580//2971 1602//2971 1601//2971
f 1589//2972 1613//2972 1590//2972
f 1584//2973 1607//2973 1585//2973
f 1582//2974 1563//2974 1562//2974
f 1583//2975 1619//2975 1587//2975
f 1598//2976 1568//2976 1567//2976
f 1608//2977 1606//2977 1618//2977
f 1578//2978 1614//2978 1616//2978
f 1622//2979 1624//2979 1621//2979
f 1576//2980 1578//2980 1616//2980
f 1608//2981 1584//2981 1606//2981
f 1601//2982 1610//2982 1623//2982
f 1579//2983 1574//2983 1604//2983
f 1610//2984 1609//2984 1623//2984
f 1583//2985 1585//2985 1619//2985
f 1610//2986 1625//2986 1611//2986
f 1580//2987 1623//2987 1581//2987
f 1624//2988 1617//2988 1616//2988
f 1589//2989 1612//2989 1613//2989
f 1601//2990 1625//2990 1610//2990
f 1576//2991 1616//2991 1618//2991
f 1574//2992 1591//2992 1604//2992
f 1609//2993 1618//2993 1617//2993
f 1612//2994 1607//2994 1603//2994
f 1622//2995 1621//2995 1581//2995
f 1614//2996 1624//2996 1616//2996
f 1576//2997 1618//2997 1606//2997
f 1583//2998 1587//2998 1577//2998
f 1622//2999 1609//2999 1617//2999
f 1584//3000 1611//3000 1607//3000
f 1583//3001 1577//3001 1576//3001
f 1603//3002 1611//3002 1625//3002
f 1583//3003 1576//3003 1605//3003
f 1622//3004 1623//3004 1609//3004
f 1612//3005 1603//3005 1602//3005
f 1571//3006 1563//3006 1575//3006
f 1588//3007 1568//3007 1598//3007
f 1570//3008 1578//3008 1577//3008
f 1601//3009 1603//3009 1625//3009
f 1621//3010 1624//3010 1614//3010
f 1579//3011 1613//3011 1602//3011
f 1580//3012 1601//3012 1623//3012
f 1579//3013 1615//3013 1574//3013
f 1621//3014 1614//3014 1596//3014
f 1620//3015 1615//3015 1581//3015
f 1608//3016 1618//3016 1609//3016
f 1622//3017 1617//3017 1624//3017
f 1530//3018 1552//3018 1539//3018
f 1550//3019 1531//3019 1538//3019
f 1626//3020 1627//3020 1628//3020
f 1629//3021 1630//3021 1631//3021
f 1632//3022 1633//3022 1634//3022
f 1635//3023 1636//3023 1637//3023
f 1638//3024 1633//3024 1639//3024
f 1635//3025 1637//3025 1634//3025
f 1640//3026 1641//3026 1642//3026
f 1643//3027 1644//3027 1645//3027
f 1646//3028 1647//3028 1644//3028
f 1632//3029 1648//3029 1649//3029
f 1628//3030 1641//3030 1650//3030
f 1651//3031 1647//3031 1646//3031
f 1652//3032 1653//3032 1654//3032
f 1655//3033 1656//3033 1657//3033
f 1628//3034 1627//3034 1642//3034
f 1656//3035 1630//3035 1629//3035
f 1626//3036 1658//3036 1659//3036
f 1652//3037 1628//3037 1655//3037
f 1626//3038 1659//3038 1627//3038
f 1640//3039 1642//3039 1660//3039
f 1661//3040 1650//3040 1629//3040
f 1662//3041 1663//3041 1664//3041
f 1632//3042 1634//3042 1637//3042
f 1661//3043 1665//3043 1650//3043
f 1628//3044 1642//3044 1641//3044
f 1661//3045 1629//3045 1631//3045
f 1666//3046 1643//3046 1659//3046
f 1660//3047 1629//3047 1650//3047
f 1640//3048 1660//3048 1641//3048
f 1667//3049 1668//3049 1663//3049
f 1661//3050 1631//3050 1630//3050
f 1637//3051 1636//3051 1669//3051
f 1641//3052 1660//3052 1650//3052
f 1670//3053 1671//3053 1667//3053
f 1667//3054 1671//3054 1627//3054
f 1662//3055 1660//3055 1642//3055
f 1662//3056 1664//3056 1672//3056
f 1628//3057 1661//3057 1656//3057
f 1666//3058 1659//3058 1658//3058
f 1666//3059 1669//3059 1673//3059
f 1628//3060 1650//3060 1665//3060
f 1666//3061 1673//3061 1647//3061
f 1674//3062 1664//3062 1663//3062
f 1662//3063 1629//3063 1660//3063
f 1675//3064 1674//3064 1663//3064
f 1662//3065 1642//3065 1676//3065
f 1673//3066 1638//3066 1639//3066
f 1674//3067 1672//3067 1664//3067
f 1662//3068 1672//3068 1645//3068
f 1652//3069 1657//3069 1653//3069
f 1632//3070 1637//3070 1626//3070
f 1677//3071 1644//3071 1678//3071
f 1632//3072 1649//3072 1679//3072
f 1657//3073 1645//3073 1644//3073
f 1676//3074 1642//3074 1627//3074
f 1677//3075 1648//3075 1644//3075
f 1646//3076 1644//3076 1643//3076
f 1632//3077 1626//3077 1628//3077
f 1677//3078 1649//3078 1648//3078
f 1677//3079 1679//3079 1649//3079
f 1673//3080 1678//3080 1644//3080
f 1674//3081 1643//3081 1645//3081
f 1657//3082 1680//3082 1645//3082
f 1677//3083 1639//3083 1633//3083
f 1673//3084 1639//3084 1678//3084
f 1675//3085 1643//3085 1674//3085
f 1675//3086 1663//3086 1668//3086
f 1652//3087 1654//3087 1632//3087
f 1653//3088 1648//3088 1632//3088
f 1673//3089 1669//3089 1638//3089
f 1634//3090 1638//3090 1636//3090
f 1666//3091 1637//3091 1669//3091
f 1651//3092 1643//3092 1647//3092
f 1670//3093 1676//3093 1671//3093
f 1666//3094 1626//3094 1637//3094
f 1651//3095 1646//3095 1643//3095
f 1647//3096 1673//3096 1644//3096
f 1677//3097 1678//3097 1639//3097
f 1667//3098 1663//3098 1676//3098
f 1666//3099 1647//3099 1643//3099
f 1666//3100 1658//3100 1626//3100
f 1676//3101 1627//3101 1671//3101
f 1667//3102 1627//3102 1668//3102
f 1662//3103 1676//3103 1663//3103
f 1670//3104 1667//3104 1676//3104
f 1674//3105 1645//3105 1672//3105
f 1675//3106 1659//3106 1643//3106
f 1675//3107 1668//3107 1627//3107
f 1662//3108 1645//3108 1680//3108
f 1662//3109 1680//3109 1629//3109
f 1675//3110 1627//3110 1659//3110
f 1632//3111 1679//3111 1633//3111
f 1628//3112 1656//3112 1655//3112
f 1680//3113 1656//3113 1629//3113
f 1652//3114 1655//3114 1657//3114
f 1677//3115 1633//3115 1679//3115
f 1653//3116 1632//3116 1654//3116
f 1652//3117 1632//3117 1628//3117
f 1657//3118 1644//3118 1648//3118
f 1656//3119 1661//3119 1630//3119
f 1653//3120 1657//3120 1648//3120
f 1635//3121 1634//3121 1636//3121
f 1638//3122 1669//3122 1636//3122
f 1628//3123 1665//3123 1661//3123
f 1634//3124 1633//3124 1638//3124
f 1657//3125 1656//3125 1680//3125
f 1681//3126 1682//3126 1683//3126
f 1684//3127 1685//3127 1686//3127
f 1687//3128 1688//3128 1689//3128
f 1690//3129 1683//3129 1691//3129
f 1686//3130 1692//3130 1689//3130
f 1686//3131 1689//3131 1693//3131
f 1690//3132 1694//3132 1682//3132
f 1687//3133 1692//3133 1686//3133
f 1686//3134 1685//3134 1683//3134
f 1689//3135 1688//3135 1693//3135
f 1684//3136 1686//3136 1688//3136
f 1684//3137 1687//3137 1686//3137
f 1687//3138 1695//3138 1688//3138
f 1696//3139 1697//3139 1698//3139
f 1699//3140 1700//3140 1701//3140
f 1681//3141 1686//3141 1683//3141
f 1702//3142 1703//3142 1704//3142
f 1697//3143 1705//3143 1698//3143
f 1702//3144 1690//3144 1703//3144
f 1706//3145 1707//3145 1708//3145
f 1709//3146 1710//3146 1711//3146
f 1686//3147 1693//3147 1688//3147
f 1702//3148 1696//3148 1709//3148
f 1690//3149 1691//3149 1704//3149
f 1702//3150 1704//3150 1696//3150
f 1702//3151 1712//3151 1690//3151
f 1713//3152 1714//3152 1712//3152
f 1699//3153 1697//3153 1713//3153
f 1690//3154 1704//3154 1703//3154
f 1696//3155 1698//3155 1709//3155
f 1682//3156 1715//3156 1683//3156
f 1684//3157 1686//3157 1681//3157
f 1706//3158 1710//3158 1707//3158
f 1690//3159 1682//3159 1681//3159
f 1694//3160 1712//3160 1714//3160
f 1713//3161 1716//3161 1715//3161
f 1702//3162 1717//3162 1712//3162
f 1696//3163 1704//3163 1691//3163
f 1709//3164 1711//3164 1717//3164
f 1682//3165 1694//3165 1714//3165
f 1690//3166 1712//3166 1694//3166
f 1713//3167 1715//3167 1682//3167
f 1684//3168 1695//3168 1687//3168
f 1684//3169 1681//3169 1685//3169
f 1702//3170 1709//3170 1717//3170
f 1709//3171 1698//3171 1705//3171
f 1718//3172 1719//3172 1720//3172
f 1713//3173 1682//3173 1714//3173
f 1691//3174 1683//3174 1715//3174
f 1699//3175 1705//3175 1697//3175
f 1699//3176 1701//3176 1705//3176
f 1700//3177 1708//3177 1705//3177
f 1691//3178 1716//3178 1721//3178
f 1713//3179 1721//3179 1716//3179
f 1696//3180 1691//3180 1721//3180
f 1696//3181 1721//3181 1697//3181
f 1700//3182 1722//3182 1723//3182
f 1681//3183 1683//3183 1685//3183
f 1691//3184 1715//3184 1716//3184
f 1684//3185 1688//3185 1695//3185
f 1699//3186 1722//3186 1700//3186
f 1709//3187 1705//3187 1710//3187
f 1706//3188 1723//3188 1724//3188
f 1697//3189 1721//3189 1713//3189
f 1706//3190 1700//3190 1723//3190
f 1711//3191 1710//3191 1706//3191
f 1705//3192 1708//3192 1707//3192
f 1711//3193 1706//3193 1725//3193
f 1690//3194 1681//3194 1683//3194
f 1687//3195 1689//3195 1692//3195
f 1719//3196 1708//3196 1707//3196
f 1719//3197 1707//3197 1720//3197
f 1699//3198 1725//3198 1724//3198
f 1701//3199 1700//3199 1705//3199
f 1708//3200 1720//3200 1707//3200
f 1699//3201 1724//3201 1723//3201
f 1718//3202 1708//3202 1719//3202
f 1699//3203 1713//3203 1725//3203
f 1717//3204 1713//3204 1712//3204
f 1717//3205 1711//3205 1725//3205
f 1706//3206 1724//3206 1725//3206
f 1706//3207 1708//3207 1700//3207
f 1699//3208 1723//3208 1722//3208
f 1718//3209 1720//3209 1708//3209
f 1717//3210 1725//3210 1713//3210
f 1705//3211 1707//3211 1710//3211
f 1726//2143 1727//2143 1728//2143
f 1729//3212 1730//3212 1731//3212
f 1732//3213 1733//3213 1734//3213
f 1735//3214 1729//3214 1731//3214
f 1735//3215 1736//3215 1729//3215
f 1737//3216 1736//3216 1738//3216
f 1739//2143 1737//2143 1740//2143
f 1741//3217 1730//3217 1729//3217
f 1729//3218 1736//3218 1737//3218
f 1739//1836 1740//1836 1727//1836
f 1742//3219 1731//3219 1743//3219
f 1739//3220 1735//3220 1744//3220
f 1735//3221 1727//3221 1726//3221
f 1741//3222 1742//3222 1745//3222
f 1735//3223 1726//3223 1736//3223
f 1740//3224 1738//3224 1746//3224
f 1739//3225 1741//3225 1737//3225
f 1739//3226 1727//3226 1735//3226
f 1735//3227 1731//3227 1744//3227
f 1741//3228 1729//3228 1737//3228
f 1737//3229 1738//3229 1740//3229
f 1741//3230 1747//3230 1730//3230
f 1742//3231 1743//3231 1748//3231
f 1749//3232 1743//3232 1731//3232
f 1750//3233 1751//3233 1730//3233
f 1752//3234 1747//3234 1745//3234
f 1753//3235 1754//3235 1755//3235
f 1742//1836 1732//1836 1745//1836
f 1740//3236 1754//3236 1753//3236
f 1740//3237 1753//3237 1756//3237
f 1752//3238 1753//3238 1755//3238
f 1757//1836 1730//1836 1747//1836
f 1740//3239 1756//3239 1727//3239
f 1739//3240 1744//3240 1741//3240
f 1750//3241 1730//3241 1757//3241
f 1758//3242 1756//3242 1759//3242
f 1741//3243 1737//3243 1760//3243
f 1756//3244 1728//3244 1727//3244
f 1726//3245 1728//3245 1733//3245
f 1761//3246 1751//3246 1738//3246
f 1740//3247 1746//3247 1762//3247
f 1763//3248 1748//3248 1764//3248
f 1732//3249 1756//3249 1758//3249
f 1732//3250 1763//3250 1733//3250
f 1761//3251 1765//3251 1751//3251
f 1732//3252 1748//3252 1763//3252
f 1758//3253 1759//3253 1753//3253
f 1761//3254 1766//3254 1749//3254
f 1742//3255 1748//3255 1732//3255
f 1758//3256 1752//3256 1745//3256
f 1756//3257 1753//3257 1759//3257
f 1732//3258 1758//3258 1745//3258
f 1734//3259 1733//3259 1756//3259
f 1733//3260 1728//3260 1756//3260
f 1742//3261 1744//3261 1731//3261
f 1758//3262 1767//3262 1752//3262
f 1752//3263 1767//3263 1753//3263
f 1758//3264 1753//3264 1767//3264
f 1750//3265 1740//3265 1762//3265
f 1752//3266 1755//3266 1768//3266
f 1750//3267 1754//3267 1740//3267
f 1750//3268 1757//3268 1747//3268
f 1750//3269 1762//3269 1769//3269
f 1750//3270 1746//3270 1770//3270
f 1762//3271 1746//3271 1769//3271
f 1755//3272 1754//3272 1768//3272
f 1750//3273 1768//3273 1754//3273
f 1751//3274 1770//3274 1738//3274
f 1750//3275 1747//3275 1752//3275
f 1750//3276 1769//3276 1746//3276
f 1732//3277 1734//3277 1756//3277
f 1761//3278 1736//3278 1763//3278
f 1761//3279 1743//3279 1766//3279
f 1741//3280 1745//3280 1747//3280
f 1750//3281 1752//3281 1768//3281
f 1738//3282 1770//3282 1746//3282
f 1761//3283 1738//3283 1736//3283
f 1749//3284 1731//3284 1751//3284
f 1750//3285 1770//3285 1751//3285
f 1751//3286 1731//3286 1730//3286
f 1749//3287 1766//3287 1743//3287
f 1763//3288 1736//3288 1726//3288
f 1748//3289 1743//3289 1764//3289
f 1761//3290 1764//3290 1743//3290
f 1741//3291 1744//3291 1742//3291
f 1761//3292 1763//3292 1764//3292
f 1763//3293 1726//3293 1733//3293
f 1749//3294 1751//3294 1765//3294
f 1761//3295 1749//3295 1765//3295
f 1771//3296 1772//3296 1773//3296
f 1774//3297 1771//3297 1775//3297
f 1774//3298 1775//3298 1776//3298
f 1777//3299 1778//3299 1779//3299
f 1780//3300 1781//3300 1774//3300
f 1782//3301 1783//3301 1784//3301
f 1778//3302 1783//3302 1782//3302
f 1785//3303 1782//3303 1786//3303
f 1787//3304 1788//3304 1786//3304
f 1789//3305 1790//3305 1791//3305
f 1787//3306 1786//3306 1792//3306
f 1793//3307 1782//3307 1794//3307
f 1795//3308 1773//3308 1772//3308
f 1788//3309 1785//3309 1786//3309
f 1787//3310 1784//3310 1795//3310
f 1777//3311 1796//3311 1776//3311
f 1797//3312 1775//3312 1771//3312
f 1792//3313 1786//3313 1782//3313
f 1798//3314 1799//3314 1800//3314
f 1780//3315 1794//3315 1785//3315
f 1787//3316 1792//3316 1784//3316
f 1774//3317 1781//3317 1771//3317
f 1801//3318 1784//3318 1783//3318
f 1793//3319 1780//3319 1774//3319
f 1775//3320 1802//3320 1803//3320
f 1780//3321 1772//3321 1781//3321
f 1792//3322 1782//3322 1784//3322
f 1795//3323 1801//3323 1804//3323
f 1793//3324 1778//3324 1782//3324
f 1787//3325 1795//3325 1772//3325
f 1771//3326 1773//3326 1805//3326
f 1801//3327 1799//3327 1804//3327
f 1774//3328 1776//3328 1796//3328
f 1771//3329 1781//3329 1772//3329
f 1780//3330 1785//3330 1788//3330
f 1785//3331 1794//3331 1782//3331
f 1777//3332 1783//3332 1778//3332
f 1777//3333 1801//3333 1783//3333
f 1777//3334 1806//3334 1801//3334
f 1806//3335 1800//3335 1801//3335
f 1804//3336 1805//3336 1773//3336
f 1807//3337 1808//3337 1809//3337
f 1799//3338 1810//3338 1811//3338
f 1780//3339 1788//3339 1772//3339
f 1806//3340 1798//3340 1800//3340
f 1775//3341 1812//3341 1776//3341
f 1813//3342 1812//3342 1803//3342
f 1793//3343 1796//3343 1779//3343
f 1799//3344 1811//3344 1805//3344
f 1777//3345 1776//3345 1806//3345
f 1787//3346 1772//3346 1788//3346
f 1814//3347 1811//3347 1810//3347
f 1776//3348 1812//3348 1806//3348
f 1815//3349 1791//3349 1790//3349
f 1816//3350 1815//3350 1790//3350
f 1817//3351 1815//3351 1818//3351
f 1813//3352 1798//3352 1806//3352
f 1811//3353 1819//3353 1805//3353
f 1820//3354 1821//3354 1822//3354
f 1789//3355 1823//3355 1790//3355
f 1789//3356 1819//3356 1823//3356
f 1777//3357 1779//3357 1796//3357
f 1813//3358 1806//3358 1812//3358
f 1824//3359 1825//3359 1826//3359
f 1824//3360 1803//3360 1825//3360
f 1827//3361 1813//3361 1824//3361
f 1817//3362 1818//3362 1828//3362
f 1823//3363 1814//3363 1822//3363
f 1797//3364 1789//3364 1791//3364
f 1789//3365 1805//3365 1819//3365
f 1795//3366 1784//3366 1801//3366
f 1823//3367 1819//3367 1814//3367
f 1829//3368 1828//3368 1830//3368
f 1827//3369 1831//3369 1832//3369
f 1832//3370 1831//3370 1833//3370
f 1827//3371 1834//3371 1831//3371
f 1799//3372 1805//3372 1804//3372
f 1793//3373 1779//3373 1778//3373
f 1798//3374 1810//3374 1799//3374
f 1835//3375 1836//3375 1837//3375
f 1815//3376 1838//3376 1818//3376
f 1820//3377 1832//3377 1833//3377
f 1817//3378 1829//3378 1826//3378
f 1817//3379 1791//3379 1815//3379
f 1797//3380 1771//3380 1789//3380
f 1775//3381 1803//3381 1812//3381
f 1839//3382 1840//3382 1841//3382
f 1842//3383 1834//3383 1843//3383
f 1844//3384 1824//3384 1826//3384
f 1839//3385 1845//3385 1840//3385
f 1846//3386 1847//3386 1848//3386
f 1789//3387 1771//3387 1805//3387
f 1827//3388 1849//3388 1813//3388
f 1813//3389 1849//3389 1798//3389
f 1850//3390 1851//3390 1845//3390
f 1844//3391 1826//3391 1829//3391
f 1814//3392 1810//3392 1832//3392
f 1820//3393 1833//3393 1852//3393
f 1844//3394 1834//3394 1824//3394
f 1807//3395 1821//3395 1808//3395
f 1816//3396 1790//3396 1823//3396
f 1807//3397 1809//3397 1853//3397
f 1839//3398 1842//3398 1843//3398
f 1854//3399 1855//3399 1853//3399
f 1856//3400 1836//3400 1857//3400
f 1817//3401 1828//3401 1829//3401
f 1816//3402 1823//3402 1821//3402
f 1858//3403 1859//3403 1828//3403
f 1803//3404 1802//3404 1825//3404
f 1860//3405 1834//3405 1844//3405
f 1861//3406 1862//3406 1851//3406
f 1863//3407 1859//3407 1861//3407
f 1839//3408 1841//3408 1842//3408
f 1842//3409 1831//3409 1834//3409
f 1798//3410 1849//3410 1810//3410
f 1860//3411 1845//3411 1843//3411
f 1827//3412 1824//3412 1834//3412
f 1854//3413 1847//3413 1855//3413
f 1797//3414 1791//3414 1825//3414
f 1795//3415 1804//3415 1773//3415
f 1856//3416 1864//3416 1836//3416
f 1865//3417 1866//3417 1867//3417
f 1797//3418 1825//3418 1802//3418
f 1809//3419 1854//3419 1853//3419
f 1818//3420 1838//3420 1855//3420
f 1858//3421 1818//3421 1855//3421
f 1797//3422 1802//3422 1775//3422
f 1824//3423 1813//3423 1803//3423
f 1865//3424 1836//3424 1864//3424
f 1861//3425 1868//3425 1862//3425
f 1817//3426 1826//3426 1825//3426
f 1827//3427 1810//3427 1849//3427
f 1808//3428 1821//3428 1820//3428
f 1850//3429 1863//3429 1861//3429
f 1807//3430 1815//3430 1816//3430
f 1865//3431 1867//3431 1837//3431
f 1852//3432 1856//3432 1857//3432
f 1856//3433 1841//3433 1869//3433
f 1870//3434 1864//3434 1869//3434
f 1814//3435 1819//3435 1811//3435
f 1871//3436 1848//3436 1866//3436
f 1846//3437 1872//3437 1861//3437
f 1873//3438 1874//3438 1870//3438
f 1830//3439 1828//3439 1859//3439
f 1850//3440 1830//3440 1863//3440
f 1823//3441 1822//3441 1821//3441
f 1866//3442 1848//3442 1854//3442
f 1852//3443 1842//3443 1841//3443
f 1860//3444 1843//3444 1834//3444
f 1807//3445 1838//3445 1815//3445
f 1809//3446 1835//3446 1854//3446
f 1838//3447 1853//3447 1855//3447
f 1846//3448 1859//3448 1858//3448
f 1860//3449 1830//3449 1850//3449
f 1846//3450 1858//3450 1855//3450
f 1808//3451 1852//3451 1857//3451
f 1860//3452 1844//3452 1830//3452
f 1872//3453 1862//3453 1868//3453
f 1817//3454 1825//3454 1791//3454
f 1863//3455 1830//3455 1859//3455
f 1841//3456 1840//3456 1869//3456
f 1839//3457 1843//3457 1845//3457
f 1865//3458 1870//3458 1874//3458
f 1842//3459 1833//3459 1831//3459
f 1873//3460 1870//3460 1840//3460
f 1854//3461 1848//3461 1847//3461
f 1867//3462 1835//3462 1837//3462
f 1860//3463 1850//3463 1845//3463
f 1808//3464 1820//3464 1852//3464
f 1857//3465 1836//3465 1835//3465
f 1858//3466 1828//3466 1818//3466
f 1874//3467 1862//3467 1866//3467
f 1873//3468 1851//3468 1862//3468
f 1865//3469 1864//3469 1870//3469
f 1873//3470 1840//3470 1851//3470
f 1871//3471 1866//3471 1862//3471
f 1865//3472 1837//3472 1836//3472
f 1820//3473 1814//3473 1832//3473
f 1850//3474 1861//3474 1851//3474
f 1852//3475 1833//3475 1842//3475
f 1809//3476 1857//3476 1835//3476
f 1861//3477 1872//3477 1868//3477
f 1865//3478 1874//3478 1866//3478
f 1871//3479 1846//3479 1848//3479
f 1844//3480 1829//3480 1830//3480
f 1870//3481 1869//3481 1840//3481
f 1851//3482 1840//3482 1845//3482
f 1867//3483 1866//3483 1854//3483
f 1846//3484 1855//3484 1847//3484
f 1871//3485 1862//3485 1872//3485
f 1856//3486 1869//3486 1864//3486
f 1807//3487 1816//3487 1821//3487
f 1820//3488 1822//3488 1814//3488
f 1871//3489 1872//3489 1846//3489
f 1808//3490 1857//3490 1809//3490
f 1873//3491 1862//3491 1874//3491
f 1807//3492 1853//3492 1838//3492
f 1852//3493 1841//3493 1856//3493
f 1867//3494 1854//3494 1835//3494
f 1793//3495 1794//3495 1780//3495
f 1793//3496 1774//3496 1796//3496
f 1827//3497 1832//3497 1810//3497
f 1801//3498 1800//3498 1799//3498
f 1846//3499 1861//3499 1859//3499
f 1875//3500 1876//3500 1877//3500
f 1878//3501 1879//3501 1880//3501
f 1881//3502 1882//3502 1883//3502
f 1884//3503 1885//3503 1886//3503
f 1887//3504 1888//3504 1889//3504
f 1890//3505 1891//3505 1892//3505
f 1893//3506 1890//3506 1894//3506
f 1890//3507 1883//3507 1891//3507
f 1895//3508 1885//3508 1884//3508
f 1893//3509 1883//3509 1890//3509
f 1895//3510 1896//3510 1893//3510
f 1895//3511 1886//3511 1885//3511
f 1897//3512 1898//3512 1899//3512
f 1881//3513 1900//3513 1882//3513
f 1895//3514 1901//3514 1902//3514
f 1895//3515 1894//3515 1898//3515
f 1903//3516 1897//3516 1904//3516
f 1895//3517 1884//3517 1886//3517
f 1894//3518 1905//3518 1898//3518
f 1894//3519 1906//3519 1907//3519
f 1893//3520 1908//3520 1909//3520
f 1905//3521 1910//3521 1899//3521
f 1905//3522 1899//3522 1898//3522
f 1899//3523 1911//3523 1888//3523
f 1912//3524 1910//3524 1913//3524
f 1881//3525 1909//3525 1900//3525
f 1914//3526 1876//3526 1875//3526
f 1889//3527 1888//3527 1911//3527
f 1887//3528 1899//3528 1888//3528
f 1894//3529 1907//3529 1887//3529
f 1906//3530 1915//3530 1907//3530
f 1906//3531 1916//3531 1917//3531
f 1894//3532 1913//3532 1905//3532
f 1890//3533 1892//3533 1918//3533
f 1919//3534 1917//3534 1916//3534
f 1896//3535 1875//3535 1908//3535
f 1890//3536 1918//3536 1920//3536
f 1895//3537 1898//3537 1921//3537
f 1890//3538 1906//3538 1894//3538
f 1922//3539 1923//3539 1919//3539
f 1894//3540 1912//3540 1913//3540
f 1878//3541 1924//3541 1891//3541
f 1906//3542 1917//3542 1915//3542
f 1895//3543 1884//3543 1896//3543
f 1890//3544 1891//3544 1924//3544
f 1892//3545 1920//3545 1918//3545
f 1893//3546 1902//3546 1901//3546
f 1890//3547 1925//3547 1906//3547
f 1892//3548 1891//3548 1920//3548
f 1905//3549 1913//3549 1910//3549
f 1925//3550 1924//3550 1880//3550
f 1890//3551 1924//3551 1925//3551
f 1893//3552 1896//3552 1908//3552
f 1925//3553 1879//3553 1906//3553
f 1914//3554 1900//3554 1908//3554
f 1895//3555 1893//3555 1894//3555
f 1917//3556 1923//3556 1926//3556
f 1903//3557 1921//3557 1897//3557
f 1904//3558 1923//3558 1882//3558
f 1895//3559 1902//3559 1893//3559
f 1904//3560 1927//3560 1923//3560
f 1904//3561 1897//3561 1927//3561
f 1928//3562 1917//3562 1926//3562
f 1904//3563 1875//3563 1896//3563
f 1922//3564 1916//3564 1878//3564
f 1878//3565 1880//3565 1924//3565
f 1908//3566 1875//3566 1877//3566
f 1903//3567 1896//3567 1929//3567
f 1903//3568 1929//3568 1884//3568
f 1922//3569 1882//3569 1923//3569
f 1914//3570 1908//3570 1877//3570
f 1903//3571 1884//3571 1921//3571
f 1900//3572 1909//3572 1908//3572
f 1881//3573 1893//3573 1909//3573
f 1881//3574 1883//3574 1893//3574
f 1894//3575 1911//3575 1912//3575
f 1922//3576 1891//3576 1882//3576
f 1915//3577 1899//3577 1887//3577
f 1922//3578 1930//3578 1916//3578
f 1928//3579 1915//3579 1917//3579
f 1919//3580 1916//3580 1930//3580
f 1882//3581 1900//3581 1914//3581
f 1904//3582 1882//3582 1914//3582
f 1894//3583 1889//3583 1911//3583
f 1919//3584 1923//3584 1917//3584
f 1895//3585 1893//3585 1901//3585
f 1922//3586 1919//3586 1930//3586
f 1890//3587 1920//3587 1891//3587
f 1906//3588 1879//3588 1916//3588
f 1915//3589 1887//3589 1907//3589
f 1925//3590 1880//3590 1879//3590
f 1928//3591 1927//3591 1915//3591
f 1897//3592 1899//3592 1927//3592
f 1916//3593 1879//3593 1878//3593
f 1894//3594 1887//3594 1889//3594
f 1903//3595 1904//3595 1896//3595
f 1897//3596 1921//3596 1898//3596
f 1928//3597 1926//3597 1923//3597
f 1882//3598 1891//3598 1883//3598
f 1896//3599 1884//3599 1929//3599
f 1922//3600 1878//3600 1891//3600
f 1904//3601 1914//3601 1875//3601
f 1895//3602 1921//3602 1884//3602
f 1899//3603 1910//3603 1912//3603
f 1899//3604 1912//3604 1911//3604
f 1915//3605 1927//3605 1899//3605
f 1928//3606 1923//3606 1927//3606
f 1914//3607 1877//3607 1876//3607
f 1931//3608 1932//3608 1933//3608
f 1931//3609 1934//3609 1932//3609
f 1935//3610 1936//3610 1934//3610
f 1937//3611 1934//3611 1936//3611
f 1933//3612 1932//3612 1937//3612
f 1933//3613 1938//3613 1939//3613
f 1931//3614 1935//3614 1934//3614
f 1933//3615 1940//3615 1938//3615
f 1938//3616 1941//3616 1939//3616
f 1933//3617 1939//3617 1940//3617
f 1933//3618 1937//3618 1936//3618
f 1938//3619 1940//3619 1941//3619
f 1942//3620 1943//3620 1944//3620
f 1945//3621 1943//3621 1946//3621
f 1942//3622 1947//3622 1948//3622
f 1949//3623 1950//3623 1951//3623
f 1952//3624 1951//3624 1953//3624
f 1932//3625 1934//3625 1937//3625
f 1954//3626 1955//3626 1956//3626
f 1957//3627 1958//3627 1959//3627
f 1949//3628 1960//3628 1950//3628
f 1961//3629 1945//3629 1962//3629
f 1950//3630 1960//3630 1963//3630
f 1964//3631 1945//3631 1965//3631
f 1961//3632 1962//3632 1946//3632
f 1961//3633 1953//3633 1965//3633
f 1966//3634 1959//3634 1958//3634
f 1949//3635 1941//3635 1963//3635
f 1964//3636 1965//3636 1953//3636
f 1950//3637 1963//3637 1942//3637
f 1964//3638 1959//3638 1945//3638
f 1942//3639 1967//3639 1943//3639
f 1968//3640 1955//3640 1954//3640
f 1964//3641 1951//3641 1957//3641
f 1945//3642 1946//3642 1962//3642
f 1969//3643 1948//3643 1954//3643
f 1967//3644 1963//3644 1946//3644
f 1952//3645 1953//3645 1961//3645
f 1952//3646 1949//3646 1951//3646
f 1942//3647 1944//3647 1947//3647
f 1952//3648 1961//3648 1949//3648
f 1968//3649 1948//3649 1970//3649
f 1954//3650 1971//3650 1972//3650
f 1948//3651 1947//3651 1970//3651
f 1964//3652 1957//3652 1959//3652
f 1950//3653 1942//3653 1948//3653
f 1949//3654 1961//3654 1941//3654
f 1969//3655 1958//3655 1973//3655
f 1945//3656 1959//3656 1944//3656
f 1969//3657 1957//3657 1948//3657
f 1964//3658 1953//3658 1951//3658
f 1967//3659 1946//3659 1943//3659
f 1950//3660 1948//3660 1951//3660
f 1961//3661 1946//3661 1941//3661
f 1954//3662 1956//3662 1971//3662
f 1949//3663 1963//3663 1960//3663
f 1961//3664 1965//3664 1945//3664
f 1969//3665 1973//3665 1957//3665
f 1968//3666 1958//3666 1972//3666
f 1968//3667 1954//3667 1948//3667
f 1935//3668 1933//3668 1936//3668
f 1940//3669 1939//3669 1941//3669
f 1931//3670 1933//3670 1935//3670
f 1966//3671 1944//3671 1959//3671
f 1955//3672 1974//3672 1975//3672
f 1969//3673 1972//3673 1958//3673
f 1957//3674 1973//3674 1958//3674
f 1951//3675 1948//3675 1957//3675
f 1971//3676 1956//3676 1975//3676
f 1945//3677 1944//3677 1943//3677
f 1963//3678 1941//3678 1946//3678
f 1942//3679 1963//3679 1967//3679
f 1968//3680 1970//3680 1947//3680
f 1955//3681 1972//3681 1976//3681
f 1955//3682 1975//3682 1956//3682
f 1968//3683 1944//3683 1966//3683
f 1955//3684 1976//3684 1977//3684
f 1968//3685 1947//3685 1944//3685
f 1971//3686 1975//3686 1972//3686
f 1975//3687 1974//3687 1972//3687
f 1969//3688 1954//3688 1972//3688
f 1974//3689 1976//3689 1972//3689
f 1977//3690 1976//3690 1974//3690
f 1955//3691 1977//3691 1974//3691
f 1968//3692 1966//3692 1958//3692
f 1968//3693 1972//3693 1955//3693
f 1978//3694 1979//3694 1980//3694
f 1981//3695 1982//3695 1983//3695
f 1984//3696 1985//3696 1978//3696
f 1986//3697 1987//3697 1988//3697
f 1984//3698 1989//3698 1990//3698
f 1984//3699 1990//3699 1978//3699
f 1989//3700 1991//3700 1992//3700
f 1993//3701 1994//3701 1995//3701
f 1984//3702 1996//3702 1989//3702
f 1986//3703 1980//3703 1997//3703
f 1998//1836 1997//1836 1999//1836
f 1987//3704 1981//3704 1994//3704
f 1986//3705 1998//3705 1987//3705
f 1993//3706 2000//3706 2001//3706
f 2000//3707 2002//3707 2003//3707
f 1989//3708 2004//3708 1995//3708
f 1993//3709 1995//3709 2004//3709
f 1993//2143 1988//2143 1987//2143
f 1993//3710 2005//3710 2006//3710
f 1978//3711 1990//3711 1979//3711
f 1993//3712 2001//3712 2005//3712
f 2007//3713 1983//3713 1982//3713
f 1993//3714 1987//3714 1994//3714
f 1984//3715 1987//3715 1996//3715
f 1980//1836 1979//1836 1997//1836
f 2002//3716 2008//3716 1996//3716
f 1998//3717 1996//3717 1987//3717
f 1989//3718 2009//3718 1991//3718
f 1984//3719 1978//3719 1982//3719
f 2005//3720 2010//3720 2007//3720
f 1998//3721 1999//3721 1996//3721
f 1993//3722 2011//3722 2000//3722
f 2012//3723 1992//3723 1991//3723
f 1986//3724 1988//3724 1980//3724
f 2002//3725 1996//3725 1999//3725
f 2000//3726 2003//3726 2001//3726
f 2003//3727 2002//3727 2013//3727
f 2014//3728 2013//3728 1999//3728
f 1990//3729 2015//3729 1979//3729
f 1993//3730 2004//3730 2011//3730
f 2003//3731 2013//3731 2016//3731
f 1989//3732 1996//3732 2004//3732
f 1996//3733 2008//3733 2011//3733
f 1990//3734 1989//3734 1992//3734
f 1987//2143 1982//2143 1981//2143
f 1993//2143 2006//2143 1982//2143
f 1989//3735 1995//3735 2009//3735
f 2009//3736 1994//3736 1981//3736
f 2004//3737 1996//3737 2011//3737
f 1984//3738 1982//3738 1987//3738
f 1986//3739 1997//3739 1998//3739
f 1990//3740 1992//3740 2012//3740
f 2012//3741 1981//3741 1983//3741
f 2005//3742 1982//3742 2006//3742
f 2017//3743 1979//3743 2015//3743
f 2018//3744 1990//3744 2012//3744
f 2017//3745 1999//3745 1997//3745
f 2012//3746 2009//3746 1981//3746
f 2012//3747 1991//3747 2009//3747
f 2018//3748 2012//3748 1983//3748
f 1995//3749 1994//3749 2009//3749
f 1993//3750 1978//3750 1988//3750
f 2018//3751 1983//3751 2007//3751
f 2017//3752 1997//3752 1979//3752
f 2005//3753 2001//3753 2010//3753
f 2018//3754 2015//3754 1990//3754
f 1993//3755 1982//3755 1978//3755
f 2005//3756 2007//3756 1982//3756
f 2017//3757 2001//3757 2014//3757
f 2017//3758 2007//3758 2010//3758
f 2017//3759 2014//3759 1999//3759
f 2002//3760 1999//3760 2013//3760
f 2017//3761 2015//3761 2018//3761
f 1978//3762 1980//3762 1988//3762
f 2000//3763 2011//3763 2008//3763
f 2000//3764 2008//3764 2002//3764
f 2017//3765 2010//3765 2001//3765
f 2014//3766 2016//3766 2013//3766
f 2017//3767 2018//3767 2007//3767
f 2003//3768 2014//3768 2001//3768
f 2003//3769 2016//3769 2014//3769
f 2019//3770 2020//3770 2021//3770
f 2022//3771 2023//3771 2024//3771
f 2024//3772 2021//3772 2020//3772
f 2024//3773 2020//3773 2025//3773
f 2026//3774 2024//3774 2027//3774
f 2022//3775 2028//3775 2023//3775
f 2019//3776 2029//3776 2030//3776
f 2031//3777 2032//3777 2033//3777
f 2019//3778 2023//3778 2034//3778
f 2035//3779 2026//3779 2036//3779
f 2034//3780 2037//3780 2038//3780
f 2039//3781 2033//3781 2040//3781
f 2041//3782 2037//3782 2042//3782
f 2034//3783 2028//3783 2022//3783
f 2022//3784 2043//3784 2042//3784
f 2044//3785 2029//3785 2038//3785
f 2045//3786 2046//3786 2047//3786
f 2031//3787 2041//3787 2043//3787
f 2035//3788 2048//3788 2049//3788
f 2035//3789 2027//3789 2025//3789
f 2020//3790 2050//3790 2051//3790
f 2029//3791 2052//3791 2030//3791
f 2053//3792 2054//3792 2051//3792
f 2045//3793 2055//3793 2056//3793
f 2053//3794 2057//3794 2054//3794
f 2019//3795 2058//3795 2050//3795
f 2031//3796 2045//3796 2032//3796
f 2026//3797 2047//3797 2024//3797
f 2044//3798 2059//3798 2052//3798
f 2034//3799 2042//3799 2037//3799
f 2022//3800 2024//3800 2043//3800
f 2035//3801 2055//3801 2026//3801
f 2053//3802 2030//3802 2060//3802
f 2025//3803 2020//3803 2051//3803
f 2061//3804 2062//3804 2032//3804
f 2026//3805 2027//3805 2036//3805
f 2024//3806 2047//3806 2046//3806
f 2048//3807 2051//3807 2054//3807
f 2034//3808 2022//3808 2042//3808
f 2024//3809 2046//3809 2043//3809
f 2039//3810 2040//3810 2063//3810
f 2039//3811 2064//3811 2059//3811
f 2065//3812 2066//3812 2067//3812
f 2026//3813 2055//3813 2047//3813
f 2048//3814 2025//3814 2051//3814
f 2068//3815 2049//3815 2069//3815
f 2070//3816 2071//3816 2072//3816
f 2019//3817 2034//3817 2029//3817
f 2061//3818 2032//3818 2056//3818
f 2055//3819 2073//3819 2056//3819
f 2069//3820 2057//3820 2074//3820
f 2075//3821 2076//3821 2077//3821
f 2044//3822 2038//3822 2037//3822
f 2033//3823 2032//3823 2040//3823
f 2024//3824 2023//3824 2021//3824
f 2043//3825 2041//3825 2042//3825
f 2044//3826 2052//3826 2029//3826
f 2044//3827 2041//3827 2033//3827
f 2045//3828 2047//3828 2055//3828
f 2078//3829 2070//3829 2072//3829
f 2053//3830 2051//3830 2058//3830
f 2068//3831 2079//3831 2061//3831
f 2048//3832 2069//3832 2049//3832
f 2080//3833 2081//3833 2082//3833
f 2035//3834 2025//3834 2048//3834
f 2048//3835 2054//3835 2069//3835
f 2069//3836 2054//3836 2057//3836
f 2052//3837 2059//3837 2060//3837
f 2024//3838 2025//3838 2027//3838
f 2083//3839 2060//3839 2059//3839
f 2019//3840 2021//3840 2023//3840
f 2084//3841 2081//3841 2085//3841
f 2044//3842 2037//3842 2041//3842
f 2083//3843 2064//3843 2067//3843
f 2019//3844 2050//3844 2020//3844
f 2066//3845 2086//3845 2087//3845
f 2065//3846 2088//3846 2084//3846
f 2070//3847 2089//3847 2090//3847
f 2061//3848 2056//3848 2073//3848
f 2031//3849 2033//3849 2041//3849
f 2034//3850 2038//3850 2029//3850
f 2083//3851 2091//3851 2077//3851
f 2035//3852 2036//3852 2027//3852
f 2032//3853 2062//3853 2040//3853
f 2019//3854 2030//3854 2058//3854
f 2031//3855 2043//3855 2046//3855
f 2083//3856 2076//3856 2060//3856
f 2055//3857 2049//3857 2073//3857
f 2034//3858 2023//3858 2028//3858
f 2030//3859 2052//3859 2060//3859
f 2039//3860 2044//3860 2033//3860
f 2076//3861 2053//3861 2060//3861
f 2075//3862 2082//3862 2074//3862
f 2076//3863 2057//3863 2053//3863
f 2083//3864 2077//3864 2076//3864
f 2080//3865 2092//3865 2072//3865
f 2083//3866 2059//3866 2064//3866
f 2063//3867 2040//3867 2062//3867
f 2039//3868 2063//3868 2064//3868
f 2066//3869 2085//3869 2086//3869
f 2068//3870 2073//3870 2049//3870
f 2045//3871 2056//3871 2032//3871
f 2068//3872 2069//3872 2079//3872
f 2053//3873 2058//3873 2030//3873
f 2079//3874 2069//3874 2074//3874
f 2070//3875 2090//3875 2071//3875
f 2083//3876 2067//3876 2093//3876
f 2087//3877 2094//3877 2091//3877
f 2067//3878 2064//3878 2063//3878
f 2095//3879 2096//3879 2097//3879
f 2091//3880 2089//3880 2077//3880
f 2079//3881 2074//3881 2082//3881
f 2065//3882 2062//3882 2061//3882
f 2031//3883 2046//3883 2045//3883
f 2065//3884 2061//3884 2079//3884
f 2087//3885 2093//3885 2067//3885
f 2084//3886 2088//3886 2081//3886
f 2087//3887 2098//3887 2095//3887
f 2065//3888 2067//3888 2063//3888
f 2078//3889 2072//3889 2092//3889
f 2080//3890 2085//3890 2081//3890
f 2079//3891 2082//3891 2088//3891
f 2070//3892 2077//3892 2089//3892
f 2051//3893 2050//3893 2058//3893
f 2078//3894 2075//3894 2070//3894
f 2078//3895 2092//3895 2082//3895
f 2035//3896 2049//3896 2055//3896
f 2087//3897 2091//3897 2093//3897
f 2099//3898 2090//3898 2100//3898
f 2090//3899 2089//3899 2101//3899
f 2072//3900 2102//3900 2085//3900
f 2085//3901 2103//3901 2086//3901
f 2082//3902 2081//3902 2088//3902
f 2080//3903 2072//3903 2085//3903
f 2068//3904 2061//3904 2073//3904
f 2087//3905 2095//3905 2094//3905
f 2065//3906 2079//3906 2088//3906
f 2104//3907 2105//3907 2103//3907
f 2072//3908 2071//3908 2102//3908
f 2039//3909 2059//3909 2044//3909
f 2091//3910 2094//3910 2089//3910
f 2095//3911 2097//3911 2090//3911
f 2105//3912 2099//3912 2100//3912
f 2087//3913 2086//3913 2098//3913
f 2106//3914 2086//3914 2103//3914
f 2099//3915 2071//3915 2090//3915
f 2106//3916 2100//3916 2097//3916
f 2095//3917 2107//3917 2096//3917
f 2101//3918 2089//3918 2094//3918
f 2066//3919 2087//3919 2067//3919
f 2104//3920 2103//3920 2085//3920
f 2075//3921 2074//3921 2057//3921
f 2078//3922 2082//3922 2075//3922
f 2095//3923 2098//3923 2107//3923
f 2104//3924 2085//3924 2102//3924
f 2106//3925 2107//3925 2098//3925
f 2083//3926 2093//3926 2091//3926
f 2106//3927 2098//3927 2086//3927
f 2070//3928 2075//3928 2077//3928
f 2065//3929 2084//3929 2066//3929
f 2080//3930 2082//3930 2092//3930
f 2104//3931 2102//3931 2071//3931
f 2065//3932 2063//3932 2062//3932
f 2106//3933 2097//3933 2096//3933
f 2106//3934 2096//3934 2107//3934
f 2090//3935 2097//3935 2100//3935
f 2066//3936 2084//3936 2085//3936
f 2106//3937 2105//3937 2100//3937
f 2106//3938 2103//3938 2105//3938
f 2104//3939 2099//3939 2105//3939
f 2104//3940 2071//3940 2099//3940
f 2095//3941 2090//3941 2101//3941
f 2095//3942 2101//3942 2094//3942
f 2075//3943 2057//3943 2076//3943
f 2108//3944 2109//3944 2110//3944
f 2111//3945 2112//3945 2113//3945
f 2114//3946 2115//3946 2116//3946
f 2111//3947 2117//3947 2112//3947
f 2118//3948 2119//3948 2120//3948
f 2121//3949 2122//3949 2123//3949
f 2124//3950 2125//3950 2126//3950
f 2127//3951 2128//3951 2129//3951
f 2130//3952 2131//3952 2132//3952
f 2133//3953 2134//3953 2135//3953
f 2108//3954 2136//3954 2137//3954
f 2138//3955 2139//3955 2140//3955
f 2118//3956 2124//3956 2126//3956
f 2118//3957 2120//3957 2127//3957
f 2124//3958 2121//3958 2125//3958
f 2141//3959 2131//3959 2125//3959
f 2142//3960 2143//3960 2144//3960
f 2145//3961 2146//3961 2147//3961
f 2148//3962 2149//3962 2150//3962
f 2141//3963 2125//3963 2151//3963
f 2152//3964 2153//3964 2154//3964
f 2133//3965 2120//3965 2134//3965
f 2132//3966 2155//3966 2156//3966
f 2130//3967 2119//3967 2126//3967
f 2157//3968 2158//3968 2159//3968
f 2160//3969 2161//3969 2128//3969
f 2108//3970 2137//3970 2115//3970
f 2162//3971 2157//3971 2159//3971
f 2118//3972 2145//3972 2122//3972
f 2132//3973 2135//3973 2163//3973
f 2130//3974 2163//3974 2119//3974
f 2164//3975 2165//3975 2166//3975
f 2167//3976 2153//3976 2142//3976
f 2130//3977 2126//3977 2131//3977
f 2111//3978 2160//3978 2166//3978
f 2133//3979 2168//3979 2152//3979
f 2169//3980 2159//3980 2158//3980
f 2143//3981 2170//3981 2144//3981
f 2171//3982 2149//3982 2148//3982
f 2117//3983 2165//3983 2172//3983
f 2133//3984 2171//3984 2143//3984
f 2132//3985 2156//3985 2149//3985
f 2173//3986 2110//3986 2150//3986
f 2148//3987 2150//3987 2109//3987
f 2173//3988 2136//3988 2110//3988
f 2121//3989 2151//3989 2125//3989
f 2111//3990 2166//3990 2117//3990
f 2174//3991 2175//3991 2128//3991
f 2116//3992 2140//3992 2151//3992
f 2148//3993 2162//3993 2176//3993
f 2108//3994 2146//3994 2109//3994
f 2177//3995 2151//3995 2139//3995
f 2132//3996 2171//3996 2135//3996
f 2121//3997 2123//3997 2114//3997
f 2128//3998 2178//3998 2129//3998
f 2132//3999 2131//3999 2141//3999
f 2177//4000 2173//4000 2156//4000
f 2109//4001 2146//4001 2129//4001
f 2127//4002 2129//4002 2146//4002
f 2132//4003 2149//4003 2171//4003
f 2108//4004 2147//4004 2146//4004
f 2179//4005 2140//4005 2116//4005
f 2118//4006 2122//4006 2124//4006
f 2173//4007 2150//4007 2149//4007
f 2114//4008 2123//4008 2147//4008
f 2126//4009 2125//4009 2131//4009
f 2177//4010 2155//4010 2141//4010
f 2173//4011 2139//4011 2136//4011
f 2173//4012 2149//4012 2156//4012
f 2119//4013 2135//4013 2134//4013
f 2145//4014 2123//4014 2122//4014
f 2162//4015 2129//4015 2157//4015
f 2119//4016 2163//4016 2135//4016
f 2130//4017 2132//4017 2163//4017
f 2167//4018 2180//4018 2181//4018
f 2174//4019 2128//4019 2120//4019
f 2111//4020 2113//4020 2161//4020
f 2113//4021 2157//4021 2161//4021
f 2162//4022 2109//4022 2129//4022
f 2133//4023 2152//4023 2154//4023
f 2118//4024 2126//4024 2119//4024
f 2182//4025 2170//4025 2176//4025
f 2108//4026 2114//4026 2147//4026
f 2157//4027 2178//4027 2161//4027
f 2113//4028 2158//4028 2157//4028
f 2112//4029 2158//4029 2113//4029
f 2182//4030 2159//4030 2169//4030
f 2132//4031 2141//4031 2155//4031
f 2129//4032 2178//4032 2157//4032
f 2138//4033 2136//4033 2139//4033
f 2175//4034 2154//4034 2153//4034
f 2182//4035 2176//4035 2162//4035
f 2124//4036 2122//4036 2121//4036
f 2148//4037 2109//4037 2162//4037
f 2182//4038 2169//4038 2170//4038
f 2133//4039 2142//4039 2168//4039
f 2177//4040 2139//4040 2173//4040
f 2121//4041 2114//4041 2151//4041
f 2127//4042 2146//4042 2145//4042
f 2164//4043 2183//4043 2165//4043
f 2109//4044 2150//4044 2110//4044
f 2117//4045 2166//4045 2165//4045
f 2171//4046 2148//4046 2176//4046
f 2133//4047 2135//4047 2171//4047
f 2160//4048 2184//4048 2166//4048
f 2167//4049 2181//4049 2153//4049
f 2174//4050 2154//4050 2175//4050
f 2142//4051 2153//4051 2152//4051
f 2185//4052 2183//4052 2186//4052
f 2171//4053 2176//4053 2143//4053
f 2133//4054 2143//4054 2142//4054
f 2128//4055 2161//4055 2178//4055
f 2133//4056 2154//4056 2174//4056
f 2111//4057 2161//4057 2160//4057
f 2145//4058 2147//4058 2123//4058
f 2177//4059 2141//4059 2151//4059
f 2137//4060 2140//4060 2179//4060
f 2108//4061 2110//4061 2136//4061
f 2177//4062 2156//4062 2155//4062
f 2179//4063 2116//4063 2115//4063
f 2114//4064 2116//4064 2151//4064
f 2137//4065 2179//4065 2115//4065
f 2140//4066 2139//4066 2151//4066
f 2138//4067 2140//4067 2137//4067
f 2138//4068 2137//4068 2136//4068
f 2167//4069 2144//4069 2165//4069
f 2167//4070 2142//4070 2144//4070
f 2142//4071 2152//4071 2168//4071
f 2184//4072 2153//4072 2181//4072
f 2112//4073 2169//4073 2158//4073
f 2108//4074 2115//4074 2114//4074
f 2185//4075 2180//4075 2167//4075
f 2127//4076 2120//4076 2128//4076
f 2185//4077 2167//4077 2165//4077
f 2164//4078 2166//4078 2184//4078
f 2165//4079 2144//4079 2172//4079
f 2133//4080 2174//4080 2120//4080
f 2120//4081 2119//4081 2134//4081
f 2160//4082 2175//4082 2184//4082
f 2185//4083 2186//4083 2180//4083
f 2185//4084 2165//4084 2183//4084
f 2180//4085 2186//4085 2181//4085
f 2160//4086 2128//4086 2175//4086
f 2117//4087 2169//4087 2112//4087
f 2182//4088 2162//4088 2159//4088
f 2164//4089 2184//4089 2186//4089
f 2117//4090 2172//4090 2169//4090
f 2184//4091 2175//4091 2153//4091
f 2172//4092 2170//4092 2169//4092
f 2118//4093 2127//4093 2145//4093
f 2144//4094 2170//4094 2172//4094
f 2184//4095 2181//4095 2186//4095
f 2164//4096 2186//4096 2183//4096
f 2143//4097 2176//4097 2170//4097
f 2187//4098 2188//4098 2189//4098
f 2187//4099 2189//4099 2190//4099
f 2191//4100 2192//4100 2193//4100
f 2189//4101 2194//4101 2195//4101
f 2187//4102 2196//4102 2197//4102
f 2198//4103 2199//4103 2200//4103
f 2201//4104 2202//4104 2203//4104
f 2198//4105 2200//4105 2191//4105
f 2190//4106 2198//4106 2191//4106
f 2204//4107 2205//4107 2206//4107
f 2207//4108 2208//4108 2209//4108
f 2204//4109 2199//4109 2205//4109
f 2210//4110 2208//4110 2207//4110
f 2210//4111 2195//4111 2194//4111
f 2190//4112 2193//4112 2203//4112
f 2211//4113 2212//4113 2213//4113
f 2214//4114 2205//4114 2215//4114
f 2201//4115 2192//4115 2216//4115
f 2216//4116 2217//4116 2218//4116
f 2204//4117 2191//4117 2200//4117
f 2201//4118 2218//4118 2212//4118
f 2204//4119 2192//4119 2191//4119
f 2219//4120 2214//4120 2209//4120
f 2198//4121 2189//4121 2195//4121
f 2220//4122 2202//4122 2221//4122
f 2206//4123 2222//4123 2217//4123
f 2201//4124 2212//4124 2221//4124
f 2223//4125 2224//4125 2225//4125
f 2226//4126 2223//4126 2227//4126
f 2213//4127 2212//4127 2218//4127
f 2196//4128 2228//4128 2197//4128
f 2201//4129 2203//4129 2192//4129
f 2229//4130 2230//4130 2231//4130
f 2187//4131 2211//4131 2196//4131
f 2190//4132 2203//4132 2202//4132
f 2204//4133 2200//4133 2199//4133
f 2201//4134 2221//4134 2202//4134
f 2198//4135 2195//4135 2207//4135
f 2232//4136 2233//4136 2208//4136
f 2216//4137 2206//4137 2217//4137
f 2229//4138 2234//4138 2213//4138
f 2220//4139 2221//4139 2211//4139
f 2204//4140 2216//4140 2192//4140
f 2235//4141 2236//4141 2231//4141
f 2193//4142 2192//4142 2203//4142
f 2237//4143 2214//4143 2219//4143
f 2233//4144 2238//4144 2239//4144
f 2210//4145 2194//4145 2188//4145
f 2188//4146 2194//4146 2189//4146
f 2187//4147 2190//4147 2211//4147
f 2240//4148 2228//4148 2234//4148
f 2223//4149 2239//4149 2224//4149
f 2187//4150 2197//4150 2232//4150
f 2237//4151 2206//4151 2205//4151
f 2190//4152 2189//4152 2198//4152
f 2241//4153 2209//4153 2208//4153
f 2232//4154 2197//4154 2238//4154
f 2240//4155 2234//4155 2231//4155
f 2207//4156 2209//4156 2215//4156
f 2198//4157 2207//4157 2199//4157
f 2211//4158 2213//4158 2196//4158
f 2229//4159 2213//4159 2242//4159
f 2229//4160 2242//4160 2217//4160
f 2237//4161 2205//4161 2214//4161
f 2211//4162 2221//4162 2212//4162
f 2190//4163 2202//4163 2220//4163
f 2243//4164 2226//4164 2227//4164
f 2196//4165 2234//4165 2228//4165
f 2244//4166 2230//4166 2237//4166
f 2245//4167 2236//4167 2235//4167
f 2237//4168 2230//4168 2222//4168
f 2190//4169 2191//4169 2193//4169
f 2199//4170 2207//4170 2215//4170
f 2187//4171 2232//4171 2188//4171
f 2229//4172 2217//4172 2222//4172
f 2232//4173 2238//4173 2233//4173
f 2240//4174 2236//4174 2224//4174
f 2235//4175 2230//4175 2246//4175
f 2242//4176 2218//4176 2217//4176
f 2240//4177 2239//4177 2238//4177
f 2245//4178 2247//4178 2236//4178
f 2199//4179 2215//4179 2205//4179
f 2223//4180 2225//4180 2227//4180
f 2241//4181 2223//4181 2226//4181
f 2244//4182 2237//4182 2219//4182
f 2214//4183 2215//4183 2209//4183
f 2197//4184 2228//4184 2238//4184
f 2210//4185 2207//4185 2195//4185
f 2240//4186 2238//4186 2228//4186
f 2190//4187 2220//4187 2211//4187
f 2245//4188 2248//4188 2247//4188
f 2229//4189 2222//4189 2230//4189
f 2204//4190 2206//4190 2216//4190
f 2241//4191 2219//4191 2209//4191
f 2237//4192 2222//4192 2206//4192
f 2241//4193 2233//4193 2223//4193
f 2223//4194 2233//4194 2239//4194
f 2213//4195 2234//4195 2196//4195
f 2249//4196 2250//4196 2251//4196
f 2229//4197 2231//4197 2234//4197
f 2240//4198 2224//4198 2239//4198
f 2227//4199 2252//4199 2253//4199
f 2213//4200 2218//4200 2242//4200
f 2241//4201 2208//4201 2233//4201
f 2254//4202 2255//4202 2248//4202
f 2245//4203 2256//4203 2257//4203
f 2243//4204 2244//4204 2226//4204
f 2252//4205 2251//4205 2258//4205
f 2244//4206 2246//4206 2230//4206
f 2249//4207 2251//4207 2252//4207
f 2252//4208 2259//4208 2260//4208
f 2240//4209 2231//4209 2236//4209
f 2254//4210 2248//4210 2257//4210
f 2227//4211 2225//4211 2252//4211
f 2232//4212 2210//4212 2188//4212
f 2241//4213 2226//4213 2219//4213
f 2249//4214 2224//4214 2236//4214
f 2245//4215 2235//4215 2246//4215
f 2248//4216 2261//4216 2262//4216
f 2249//4217 2248//4217 2250//4217
f 2245//4218 2257//4218 2248//4218
f 2252//4219 2260//4219 2253//4219
f 2243//4220 2227//4220 2253//4220
f 2201//4221 2216//4221 2218//4221
f 2252//4222 2225//4222 2224//4222
f 2249//4223 2263//4223 2224//4223
f 2232//4224 2208//4224 2210//4224
f 2243//4225 2253//4225 2254//4225
f 2264//4226 2253//4226 2260//4226
f 2254//4227 2256//4227 2246//4227
f 2265//4228 2260//4228 2266//4228
f 2252//4229 2258//4229 2259//4229
f 2248//4230 2255//4230 2264//4230
f 2244//4231 2219//4231 2226//4231
f 2248//4232 2267//4232 2250//4232
f 2268//4233 2251//4233 2269//4233
f 2270//4234 2250//4234 2267//4234
f 2254//4235 2257//4235 2256//4235
f 2245//4236 2246//4236 2256//4236
f 2261//4237 2264//4237 2260//4237
f 2268//4238 2262//4238 2265//4238
f 2244//4239 2254//4239 2246//4239
f 2266//4240 2259//4240 2271//4240
f 2270//4241 2267//4241 2262//4241
f 2268//4242 2265//4242 2266//4242
f 2266//4243 2260//4243 2259//4243
f 2249//4244 2247//4244 2248//4244
f 2249//4245 2236//4245 2247//4245
f 2254//4246 2253//4246 2255//4246
f 2248//4247 2264//4247 2261//4247
f 2266//4248 2271//4248 2258//4248
f 2252//4249 2224//4249 2263//4249
f 2264//4250 2255//4250 2253//4250
f 2265//4251 2262//4251 2261//4251
f 2266//4252 2258//4252 2251//4252
f 2243//4253 2254//4253 2244//4253
f 2268//4254 2269//4254 2270//4254
f 2235//4255 2231//4255 2230//4255
f 2268//4256 2266//4256 2251//4256
f 2269//4257 2251//4257 2250//4257
f 2265//4258 2261//4258 2260//4258
f 2270//4259 2269//4259 2250//4259
f 2248//4260 2262//4260 2267//4260
f 2259//4261 2258//4261 2271//4261
f 2249//4262 2252//4262 2263//4262
f 2268//4263 2270//4263 2262//4263
f 2272//4264 2273//4264 2274//4264
f 2275//4265 2276//4265 2277//4265
f 2278//4266 2277//4266 2279//4266
f 2280//4267 2281//4267 2282//4267
f 2275//4268 2283//4268 2276//4268
f 2284//4269 2285//4269 2286//4269
f 2287//4270 2286//4270 2288//4270
f 2289//4271 2290//4271 2291//4271
f 2292//4272 2293//4272 2294//4272
f 2295//4273 2296//4273 2297//4273
f 2298//4274 2299//4274 2300//4274
f 2301//4275 2302//4275 2303//4275
f 2304//4276 2279//4276 2305//4276
f 2272//4277 2306//4277 2273//4277
f 2307//4278 2308//4278 2309//4278
f 2272//4279 2310//4279 2306//4279
f 2311//4280 2312//4280 2313//4280
f 2278//4281 2275//4281 2277//4281
f 2278//4282 2314//4282 2275//4282
f 2301//4283 2315//4283 2284//4283
f 2278//4284 2279//4284 2304//4284
f 2307//4285 2279//4285 2274//4285
f 2272//4286 2316//4286 2310//4286
f 2311//4287 2313//4287 2317//4287
f 2274//4288 2309//4288 2318//4288
f 2319//4289 2320//4289 2321//4289
f 2307//4290 2322//4290 2305//4290
f 2279//4291 2277//4291 2323//4291
f 2284//4292 2287//4292 2314//4292
f 2324//4293 2325//4293 2290//4293
f 2273//4294 2306//4294 2309//4294
f 2307//4295 2325//4295 2322//4295
f 2326//4296 2327//4296 2297//4296
f 2301//4297 2303//4297 2315//4297
f 2310//4298 2316//4298 2328//4298
f 2329//4299 2330//4299 2299//4299
f 2331//4300 2297//4300 2327//4300
f 2272//4301 2274//4301 2276//4301
f 2332//4302 2321//4302 2333//4302
f 2331//4303 2334//4303 2281//4303
f 2280//4304 2335//4304 2336//4304
f 2298//4305 2291//4305 2299//4305
f 2298//4306 2296//4306 2289//4306
f 2275//4307 2328//4307 2283//4307
f 2337//4308 2338//4308 2306//4308
f 2315//4309 2311//4309 2317//4309
f 2291//4310 2290//4310 2325//4310
f 2281//4311 2334//4311 2339//4311
f 2307//4312 2274//4312 2308//4312
f 2272//4313 2340//4313 2316//4313
f 2338//4314 2309//4314 2306//4314
f 2280//4315 2336//4315 2331//4315
f 2341//4316 2309//4316 2338//4316
f 2275//4317 2287//4317 2288//4317
f 2341//4318 2291//4318 2325//4318
f 2276//4319 2279//4319 2323//4319
f 2342//4320 2291//4320 2341//4320
f 2310//4321 2337//4321 2306//4321
f 2302//4322 2324//4322 2290//4322
f 2301//4323 2304//4323 2324//4323
f 2298//4324 2300//4324 2296//4324
f 2315//4325 2285//4325 2284//4325
f 2322//4326 2324//4326 2304//4326
f 2275//4327 2314//4327 2287//4327
f 2283//4328 2343//4328 2276//4328
f 2274//4329 2279//4329 2276//4329
f 2322//4330 2325//4330 2324//4330
f 2274//4331 2273//4331 2309//4331
f 2307//4332 2305//4332 2279//4332
f 2301//4333 2284//4333 2314//4333
f 2322//4334 2304//4334 2305//4334
f 2275//4335 2288//4335 2328//4335
f 2326//4336 2297//4336 2300//4336
f 2292//4337 2303//4337 2289//4337
f 2308//4338 2318//4338 2309//4338
f 2340//4339 2343//4339 2316//4339
f 2301//4340 2344//4340 2304//4340
f 2342//4341 2338//4341 2337//4341
f 2301//4342 2324//4342 2302//4342
f 2280//4343 2331//4343 2281//4343
f 2342//4344 2329//4344 2299//4344
f 2292//4345 2289//4345 2293//4345
f 2329//4346 2345//4346 2330//4346
f 2329//4347 2317//4347 2346//4347
f 2346//4348 2313//4348 2312//4348
f 2329//4349 2346//4349 2345//4349
f 2310//4350 2328//4350 2288//4350
f 2347//4351 2332//4351 2333//4351
f 2334//4352 2330//4352 2345//4352
f 2310//4353 2286//4353 2285//4353
f 2315//4354 2303//4354 2311//4354
f 2307//4355 2309//4355 2341//4355
f 2331//4356 2336//4356 2348//4356
f 2317//4357 2313//4357 2346//4357
f 2294//4358 2293//4358 2349//4358
f 2342//4359 2341//4359 2338//4359
f 2299//4360 2327//4360 2326//4360
f 2334//4361 2345//4361 2339//4361
f 2303//4362 2302//4362 2289//4362
f 2342//4363 2299//4363 2291//4363
f 2347//4364 2320//4364 2348//4364
f 2301//4365 2314//4365 2344//4365
f 2335//4366 2332//4366 2336//4366
f 2289//4367 2302//4367 2290//4367
f 2346//4368 2339//4368 2345//4368
f 2299//4369 2330//4369 2327//4369
f 2278//4370 2344//4370 2314//4370
f 2295//4371 2297//4371 2348//4371
f 2347//4372 2348//4372 2336//4372
f 2272//4373 2276//4373 2343//4373
f 2284//4374 2286//4374 2287//4374
f 2316//4375 2350//4375 2328//4375
f 2307//4376 2341//4376 2325//4376
f 2337//4377 2285//4377 2317//4377
f 2278//4378 2304//4378 2344//4378
f 2342//4379 2337//4379 2329//4379
f 2350//4380 2343//4380 2283//4380
f 2310//4381 2285//4381 2337//4381
f 2274//4382 2318//4382 2308//4382
f 2316//4383 2343//4383 2350//4383
f 2350//4384 2283//4384 2328//4384
f 2310//4385 2288//4385 2286//4385
f 2329//4386 2337//4386 2317//4386
f 2272//4387 2343//4387 2340//4387
f 2276//4388 2323//4388 2277//4388
f 2282//4389 2346//4389 2312//4389
f 2331//4390 2327//4390 2334//4390
f 2347//4391 2333//4391 2320//4391
f 2292//4392 2311//4392 2303//4392
f 2280//4393 2282//4393 2312//4393
f 2332//4394 2294//4394 2349//4394
f 2315//4395 2317//4395 2285//4395
f 2335//4396 2311//4396 2294//4396
f 2282//4397 2339//4397 2346//4397
f 2295//4398 2320//4398 2319//4398
f 2295//4399 2351//4399 2296//4399
f 2298//4400 2289//4400 2291//4400
f 2351//4401 2352//4401 2296//4401
f 2300//4402 2297//4402 2296//4402
f 2331//4403 2348//4403 2297//4403
f 2292//4404 2294//4404 2311//4404
f 2281//4405 2339//4405 2282//4405
f 2295//4406 2348//4406 2320//4406
f 2299//4407 2326//4407 2300//4407
f 2335//4408 2312//4408 2311//4408
f 2327//4409 2330//4409 2334//4409
f 2295//4410 2293//4410 2351//4410
f 2289//4411 2296//4411 2352//4411
f 2280//4412 2312//4412 2335//4412
f 2319//4413 2321//4413 2349//4413
f 2335//4414 2294//4414 2332//4414
f 2351//4415 2293//4415 2289//4415
f 2320//4416 2333//4416 2321//4416
f 2347//4417 2336//4417 2332//4417
f 2351//4418 2289//4418 2352//4418
f 2332//4419 2349//4419 2321//4419
f 2295//4420 2349//4420 2293//4420
f 2295//4421 2319//4421 2349//4421
f 2353//4422 2354//4422 2355//4422
f 2356//4423 2357//4423 2358//4423
f 2359//4424 2360//4424 2361//4424
f 2362//4425 2363//4425 2364//4425
f 2365//4426 2366//4426 2367//4426
f 2359//4427 2368//4427 2369//4427
f 2364//4428 2358//4428 2357//4428
f 2370//4429 2371//4429 2358//4429
f 2372//4430 2373//4430 2374//4430
f 2375//4431 2361//4431 2376//4431
f 2359//4432 2361//4432 2368//4432
f 2365//4433 2377//4433 2354//4433
f 2370//4434 2364//4434 2378//4434
f 2379//4435 2356//4435 2371//4435
f 2364//4436 2357//4436 2380//4436
f 2381//4437 2382//4437 2371//4437
f 2368//4438 2382//4438 2381//4438
f 2370//4439 2368//4439 2381//4439
f 2362//4440 2383//4440 2384//4440
f 2362//4441 2384//4441 2385//4441
f 2356//4442 2375//4442 2386//4442
f 2387//4443 2359//4443 2369//4443
f 2364//4444 2372//4444 2388//4444
f 2357//4445 2386//4445 2389//4445
f 2390//4446 2354//4446 2377//4446
f 2387//4447 2363//4447 2385//4447
f 2365//4448 2367//4448 2377//4448
f 2353//4449 2391//4449 2365//4449
f 2375//4450 2376//4450 2390//4450
f 2375//4451 2390//4451 2392//4451
f 2364//4452 2380//4452 2372//4452
f 2391//4453 2361//4453 2360//4453
f 2385//4454 2393//4454 2394//4454
f 2390//4455 2395//4455 2392//4455
f 2362//4456 2364//4456 2388//4456
f 2370//4457 2358//4457 2364//4457
f 2375//4458 2392//4458 2386//4458
f 2396//4459 2397//4459 2398//4459
f 2356//4460 2386//4460 2357//4460
f 2399//4461 2400//4461 2401//4461
f 2402//4462 2403//4462 2404//4462
f 2379//4463 2382//4463 2361//4463
f 2392//4464 2400//4464 2399//4464
f 2405//4465 2406//4465 2402//4465
f 2390//4466 2377//4466 2395//4466
f 2361//4467 2382//4467 2368//4467
f 2405//4468 2366//4468 2394//4468
f 2387//4469 2407//4469 2365//4469
f 2408//4470 2376//4470 2361//4470
f 2409//4471 2410//4471 2411//4471
f 2387//4472 2385//4472 2407//4472
f 2387//4473 2391//4473 2360//4473
f 2394//4474 2393//4474 2406//4474
f 2409//4475 2411//4475 2400//4475
f 2354//4476 2408//4476 2355//4476
f 2412//4477 2396//4477 2413//4477
f 2362//4478 2385//4478 2363//4478
f 2369//4479 2378//4479 2363//4479
f 2395//4480 2377//4480 2367//4480
f 2379//4481 2371//4481 2382//4481
f 2353//4482 2361//4482 2391//4482
f 2365//4483 2407//4483 2366//4483
f 2356//4484 2358//4484 2371//4484
f 2390//4485 2408//4485 2354//4485
f 2353//4486 2355//4486 2408//4486
f 2387//4487 2365//4487 2391//4487
f 2370//4488 2369//4488 2368//4488
f 2396//4489 2414//4489 2413//4489
f 2405//4490 2394//4490 2406//4490
f 2379//4491 2361//4491 2356//4491
f 2389//4492 2399//4492 2397//4492
f 2415//4493 2410//4493 2404//4493
f 2409//4494 2367//4494 2366//4494
f 2409//4495 2395//4495 2367//4495
f 2416//4496 2384//4496 2383//4496
f 2395//4497 2400//4497 2392//4497
f 2402//4498 2374//4498 2403//4498
f 2385//4499 2384//4499 2393//4499
f 2353//4500 2365//4500 2354//4500
f 2387//4501 2360//4501 2359//4501
f 2405//4502 2409//4502 2366//4502
f 2394//4503 2366//4503 2407//4503
f 2356//4504 2361//4504 2375//4504
f 2353//4505 2408//4505 2361//4505
f 2362//4506 2388//4506 2383//4506
f 2385//4507 2394//4507 2407//4507
f 2417//4508 2418//4508 2419//4508
f 2388//4509 2372//4509 2374//4509
f 2380//4510 2373//4510 2372//4510
f 2370//4511 2381//4511 2371//4511
f 2389//4512 2386//4512 2399//4512
f 2357//4513 2389//4513 2380//4513
f 2411//4514 2401//4514 2400//4514
f 2402//4515 2406//4515 2416//4515
f 2387//4516 2369//4516 2363//4516
f 2393//4517 2384//4517 2416//4517
f 2409//4518 2400//4518 2395//4518
f 2370//4519 2378//4519 2369//4519
f 2415//4520 2420//4520 2421//4520
f 2386//4521 2392//4521 2399//4521
f 2422//4522 2423//4522 2424//4522
f 2415//4523 2421//4523 2423//4523
f 2419//4524 2418//4524 2425//4524
f 2402//4525 2404//4525 2410//4525
f 2418//4526 2426//4526 2425//4526
f 2403//4527 2427//4527 2428//4527
f 2390//4528 2376//4528 2408//4528
f 2422//4529 2429//4529 2430//4529
f 2380//4530 2397//4530 2373//4530
f 2417//4531 2431//4531 2418//4531
f 2419//4532 2425//4532 2432//4532
f 2433//4533 2434//4533 2435//4533
f 2436//4534 2437//4534 2429//4534
f 2397//4535 2401//4535 2398//4535
f 2405//4536 2402//4536 2410//4536
f 2402//4537 2388//4537 2374//4537
f 2432//4538 2424//4538 2423//4538
f 2419//4539 2404//4539 2428//4539
f 2412//4540 2417//4540 2427//4540
f 2415//4541 2401//4541 2411//4541
f 2438//4542 2434//4542 2439//4542
f 2419//4543 2432//4543 2404//4543
f 2412//4544 2427//4544 2403//4544
f 2402//4545 2383//4545 2388//4545
f 2430//4546 2440//4546 2431//4546
f 2435//4547 2441//4547 2418//4547
f 2435//4548 2418//4548 2431//4548
f 2393//4549 2416//4549 2406//4549
f 2432//4550 2423//4550 2420//4550
f 2405//4551 2410//4551 2409//4551
f 2403//4552 2428//4552 2404//4552
f 2364//4553 2363//4553 2378//4553
f 2419//4554 2428//4554 2427//4554
f 2422//4555 2414//4555 2398//4555
f 2412//4556 2413//4556 2414//4556
f 2415//4557 2398//4557 2401//4557
f 2415//4558 2432//4558 2420//4558
f 2434//4559 2442//4559 2426//4559
f 2415//4560 2404//4560 2432//4560
f 2402//4561 2416//4561 2383//4561
f 2415//4562 2411//4562 2410//4562
f 2414//4563 2430//4563 2431//4563
f 2423//4564 2421//4564 2420//4564
f 2443//4565 2425//4565 2426//4565
f 2396//4566 2403//4566 2374//4566
f 2412//4567 2431//4567 2417//4567
f 2417//4568 2419//4568 2427//4568
f 2415//4569 2423//4569 2398//4569
f 2443//4570 2424//4570 2432//4570
f 2397//4571 2399//4571 2401//4571
f 2434//4572 2444//4572 2442//4572
f 2412//4573 2414//4573 2431//4573
f 2434//4574 2445//4574 2439//4574
f 2433//4575 2436//4575 2445//4575
f 2396//4576 2373//4576 2397//4576
f 2438//4577 2442//4577 2444//4577
f 2443//4578 2432//4578 2425//4578
f 2433//4579 2435//4579 2440//4579
f 2422//4580 2436//4580 2429//4580
f 2434//4581 2418//4581 2441//4581
f 2433//4582 2437//4582 2436//4582
f 2412//4583 2403//4583 2396//4583
f 2434//4584 2441//4584 2435//4584
f 2443//4585 2438//4585 2436//4585
f 2433//4586 2429//4586 2437//4586
f 2422//4587 2430//4587 2414//4587
f 2443//4588 2442//4588 2438//4588
f 2433//4589 2440//4589 2430//4589
f 2438//4590 2444//4590 2434//4590
f 2443//4585 2436//4585 2424//4585
f 2389//4591 2397//4591 2380//4591
f 2434//4592 2426//4592 2418//4592
f 2433//4593 2430//4593 2429//4593
f 2422//4594 2398//4594 2423//4594
f 2396//4595 2374//4595 2373//4595
f 2436//4596 2439//4596 2445//4596
f 2422//4597 2424//4597 2436//4597
f 2435//4598 2431//4598 2440//4598
f 2438//4599 2439//4599 2436//4599
f 2433//4600 2445//4600 2434//4600
f 2443//4601 2426//4601 2442//4601
f 2396//4602 2398//4602 2414//4602
f 2446//4603 2447//4603 2448//4603
f 2449//4604 2450//4604 2451//4604
f 2452//4605 2453//4605 2454//4605
f 2455//4606 2456//4606 2457//4606
f 2458//4607 2459//4607 2460//4607
f 2461//4608 2462//4608 2463//4608
f 2455//4609 2464//4609 2456//4609
f 2465//4610 2466//4610 2467//4610
f 2468//4611 2469//4611 2449//4611
f 2465//4612 2470//4612 2452//4612
f 2465//4613 2467//4613 2470//4613
f 2471//4614 2472//4614 2473//4614
f 2474//4615 2475//4615 2454//4615
f 2471//4616 2476//4616 2477//4616
f 2478//4617 2448//4617 2447//4617
f 2479//4618 2464//4618 2480//4618
f 2481//4619 2482//4619 2483//4619
f 2481//4620 2483//4620 2484//4620
f 2485//4621 2486//4621 2487//4621
f 2488//4622 2474//4622 2453//4622
f 2468//4623 2489//4623 2490//4623
f 2491//4624 2492//4624 2493//4624
f 2494//4625 2495//4625 2496//4625
f 2497//4626 2474//4626 2498//4626
f 2470//4627 2467//4627 2469//4627
f 2483//4628 2482//4628 2486//4628
f 2497//4629 2448//4629 2496//4629
f 2499//4630 2453//4630 2452//4630
f 2455//4631 2480//4631 2464//4631
f 2500//4632 2501//4632 2447//4632
f 2480//4633 2463//4633 2466//4633
f 2480//4634 2461//4634 2463//4634
f 2502//4635 2503//4635 2504//4635
f 2471//4636 2464//4636 2472//4636
f 2500//4637 2505//4637 2466//4637
f 2464//4638 2506//4638 2456//4638
f 2497//4639 2496//4639 2475//4639
f 2488//4640 2484//4640 2485//4640
f 2455//4641 2461//4641 2480//4641
f 2507//4642 2508//4642 2503//4642
f 2448//4643 2498//4643 2509//4643
f 2497//4644 2498//4644 2448//4644
f 2488//4645 2485//4645 2509//4645
f 2508//4646 2473//4646 2510//4646
f 2511//4647 2459//4647 2512//4647
f 2481//4648 2453//4648 2499//4648
f 2508//4649 2513//4649 2473//4649
f 2488//4650 2509//4650 2498//4650
f 2509//4651 2485//4651 2514//4651
f 2458//4652 2486//4652 2515//4652
f 2487//4653 2460//4653 2514//4653
f 2488//4654 2453//4654 2484//4654
f 2516//4655 2517//4655 2451//4655
f 2481//4656 2484//4656 2453//4656
f 2459//4657 2518//4657 2460//4657
f 2491//4658 2493//4658 2481//4658
f 2450//4659 2512//4659 2459//4659
f 2514//4660 2460//4660 2518//4660
f 2458//4661 2460//4661 2487//4661
f 2468//4662 2490//4662 2493//4662
f 2515//4663 2486//4663 2482//4663
f 2458//4664 2450//4664 2459//4664
f 2497//4665 2475//4665 2474//4665
f 2491//4666 2499//4666 2519//4666
f 2449//4667 2505//4667 2512//4667
f 2481//4668 2493//4668 2515//4668
f 2484//4669 2483//4669 2485//4669
f 2488//4670 2498//4670 2474//4670
f 2457//4671 2520//4671 2513//4671
f 2485//4672 2487//4672 2514//4672
f 2490//4673 2515//4673 2493//4673
f 2478//4674 2521//4674 2472//4674
f 2478//4675 2447//4675 2521//4675
f 2485//4676 2483//4676 2486//4676
f 2478//4677 2496//4677 2448//4677
f 2446//4678 2511//4678 2505//4678
f 2513//4679 2520//4679 2476//4679
f 2458//4680 2487//4680 2486//4680
f 2465//4681 2480//4681 2466//4681
f 2465//4682 2475//4682 2480//4682
f 2468//4683 2449//4683 2451//4683
f 2500//4684 2522//4684 2501//4684
f 2500//4685 2466//4685 2462//4685
f 2458//4686 2515//4686 2450//4686
f 2500//4687 2462//4687 2522//4687
f 2502//4688 2462//4688 2461//4688
f 2505//4689 2467//4689 2466//4689
f 2505//4690 2511//4690 2512//4690
f 2474//4691 2454//4691 2453//4691
f 2466//4692 2463//4692 2462//4692
f 2468//4693 2492//4693 2469//4693
f 2447//4694 2523//4694 2521//4694
f 2516//4695 2451//4695 2450//4695
f 2511//4696 2518//4696 2459//4696
f 2446//4697 2448//4697 2518//4697
f 2447//4698 2510//4698 2523//4698
f 2523//4699 2473//4699 2521//4699
f 2481//4700 2515//4700 2482//4700
f 2470//4701 2519//4701 2452//4701
f 2499//4702 2452//4702 2519//4702
f 2470//4703 2492//4703 2519//4703
f 2446//4704 2518//4704 2511//4704
f 2510//4705 2501//4705 2504//4705
f 2496//4706 2472//4706 2524//4706
f 2506//4707 2525//4707 2456//4707
f 2502//4708 2526//4708 2503//4708
f 2457//4709 2513//4709 2508//4709
f 2523//4710 2510//4710 2473//4710
f 2470//4711 2469//4711 2492//4711
f 2509//4712 2514//4712 2518//4712
f 2471//4713 2477//4713 2527//4713
f 2448//4714 2509//4714 2518//4714
f 2502//4715 2504//4715 2522//4715
f 2471//4716 2506//4716 2464//4716
f 2494//4717 2524//4717 2472//4717
f 2449//4718 2467//4718 2505//4718
f 2491//4719 2519//4719 2492//4719
f 2451//4720 2517//4720 2489//4720
f 2516//4721 2515//4721 2490//4721
f 2516//4722 2490//4722 2517//4722
f 2468//4723 2493//4723 2492//4723
f 2490//4724 2489//4724 2517//4724
f 2468//4725 2451//4725 2489//4725
f 2516//4726 2450//4726 2515//4726
f 2491//4727 2481//4727 2499//4727
f 2449//4728 2512//4728 2450//4728
f 2502//4729 2461//4729 2526//4729
f 2449//4730 2469//4730 2467//4730
f 2494//4731 2472//4731 2464//4731
f 2507//4732 2457//4732 2508//4732
f 2471//4733 2513//4733 2476//4733
f 2479//4734 2495//4734 2464//4734
f 2507//4735 2526//4735 2461//4735
f 2465//4736 2452//4736 2475//4736
f 2471//4737 2527//4737 2506//4737
f 2507//4738 2455//4738 2457//4738
f 2479//4739 2475//4739 2496//4739
f 2521//4740 2473//4740 2472//4740
f 2508//4741 2504//4741 2503//4741
f 2527//4742 2525//4742 2506//4742
f 2504//4743 2501//4743 2522//4743
f 2507//4744 2461//4744 2455//4744
f 2476//4745 2527//4745 2477//4745
f 2508//4746 2510//4746 2504//4746
f 2502//4747 2522//4747 2462//4747
f 2478//4748 2472//4748 2496//4748
f 2457//4749 2456//4749 2520//4749
f 2446//4750 2505//4750 2500//4750
f 2507//4751 2503//4751 2526//4751
f 2476//4752 2520//4752 2525//4752
f 2447//4753 2501//4753 2510//4753
f 2475//4754 2452//4754 2454//4754
f 2479//4755 2480//4755 2475//4755
f 2479//4756 2496//4756 2495//4756
f 2494//4757 2464//4757 2495//4757
f 2446//4758 2500//4758 2447//4758
f 2456//4759 2525//4759 2520//4759
f 2476//4760 2525//4760 2527//4760
f 2494//4761 2496//4761 2524//4761
f 2471//4762 2473//4762 2513//4762
f 2528//4763 2529//4763 2530//4763
f 2531//4764 2532//4764 2533//4764
f 2528//4765 2534//4765 2535//4765
f 2536//4766 2537//4766 2531//4766
f 2538//4767 2539//4767 2540//4767
f 2541//4768 2542//4768 2543//4768
f 2544//4769 2545//4769 2532//4769
f 2533//4770 2546//4770 2547//4770
f 2543//4771 2539//4771 2538//4771
f 2548//4772 2539//4772 2543//4772
f 2528//4773 2535//4773 2549//4773
f 2550//4774 2542//4774 2551//4774
f 2529//4775 2552//4775 2553//4775
f 2542//4776 2554//4776 2555//4776
f 2536//4777 2556//4777 2557//4777
f 2558//4778 2540//4778 2559//4778
f 2548//4779 2543//4779 2542//4779
f 2552//4780 2560//4780 2553//4780
f 2540//4781 2537//4781 2559//4781
f 2531//4782 2561//4782 2544//4782
f 2562//4783 2556//4783 2547//4783
f 2529//4784 2549//4784 2563//4784
f 2564//4785 2539//4785 2548//4785
f 2565//4786 2566//4786 2547//4786
f 2564//4787 2544//4787 2561//4787
f 2541//4788 2538//4788 2540//4788
f 2560//4789 2540//4789 2553//4789
f 2564//4790 2540//4790 2539//4790
f 2567//4791 2554//4791 2568//4791
f 2569//4792 2549//4792 2535//4792
f 2536//4793 2531//4793 2556//4793
f 2552//4794 2570//4794 2560//4794
f 2552//4795 2571//4795 2570//4795
f 2572//4796 2569//4796 2573//4796
f 2528//4797 2558//4797 2559//4797
f 2528//4798 2549//4798 2529//4798
f 2530//4799 2553//4799 2540//4799
f 2536//4800 2528//4800 2559//4800
f 2569//4801 2574//4801 2575//4801
f 2536//4802 2534//4802 2528//4802
f 2562//4803 2574//4803 2557//4803
f 2562//4804 2557//4804 2556//4804
f 2542//4805 2555//4805 2551//4805
f 2531//4806 2533//4806 2556//4806
f 2576//4807 2577//4807 2578//4807
f 2570//4808 2542//4808 2541//4808
f 2570//4809 2540//4809 2560//4809
f 2550//4810 2579//4810 2544//4810
f 2564//4811 2548//4811 2544//4811
f 2570//4812 2571//4812 2542//4812
f 2567//4813 2555//4813 2554//4813
f 2541//4814 2543//4814 2538//4814
f 2550//4815 2544//4815 2548//4815
f 2565//4816 2580//4816 2581//4816
f 2542//4817 2571//4817 2554//4817
f 2569//4818 2535//4818 2574//4818
f 2529//4819 2563//4819 2552//4819
f 2564//4820 2561//4820 2537//4820
f 2570//4821 2541//4821 2540//4821
f 2576//4822 2582//4822 2577//4822
f 2533//4823 2547//4823 2556//4823
f 2530//4824 2540//4824 2558//4824
f 2535//4825 2534//4825 2557//4825
f 2583//4826 2579//4826 2584//4826
f 2569//4827 2575//4827 2573//4827
f 2585//4828 2586//4828 2587//4828
f 2571//4829 2572//4829 2554//4829
f 2565//4830 2588//4830 2580//4830
f 2550//4831 2548//4831 2542//4831
f 2536//4832 2557//4832 2534//4832
f 2550//4833 2551//4833 2584//4833
f 2536//4834 2559//4834 2537//4834
f 2572//4835 2549//4835 2569//4835
f 2531//4836 2544//4836 2532//4836
f 2554//4837 2572//4837 2568//4837
f 2567//4838 2568//4838 2589//4838
f 2565//4515 2546//4515 2583//4515
f 2544//4839 2579//4839 2545//4839
f 2550//4840 2584//4840 2579//4840
f 2533//4474 2545//4474 2546//4474
f 2566//4841 2581//4841 2590//4841
f 2591//4842 2585//4842 2592//4842
f 2591//4843 2581//4843 2593//4843
f 2594//4844 2592//4844 2595//4844
f 2571//4845 2563//4845 2572//4845
f 2562//4846 2575//4846 2574//4846
f 2565//4545 2584//4545 2551//4545
f 2545//4847 2579//4847 2583//4847
f 2562//4848 2547//4848 2566//4848
f 2589//4849 2594//4849 2596//4849
f 2551//4850 2555//4850 2588//4850
f 2567//4851 2582//4851 2576//4851
f 2567//4852 2588//4852 2555//4852
f 2585//4853 2597//4853 2598//4853
f 2528//4854 2530//4854 2558//4854
f 2531//4855 2537//4855 2561//4855
f 2594//4856 2590//4856 2592//4856
f 2592//4857 2585//4857 2595//4857
f 2533//4858 2532//4858 2545//4858
f 2599//4859 2576//4859 2591//4859
f 2562//4860 2566//4860 2575//4860
f 2591//4861 2592//4861 2581//4861
f 2594//4862 2600//4862 2596//4862
f 2565//4863 2581//4863 2566//4863
f 2599//4864 2593//4864 2580//4864
f 2572//4865 2563//4865 2549//4865
f 2564//4866 2537//4866 2540//4866
f 2567//4867 2576//4867 2580//4867
f 2572//4868 2573//4868 2568//4868
f 2594//4869 2573//4869 2575//4869
f 2535//4870 2557//4870 2574//4870
f 2599//4871 2580//4871 2576//4871
f 2567//4872 2580//4872 2588//4872
f 2529//4873 2553//4873 2530//4873
f 2601//4874 2602//4874 2603//4874
f 2567//4875 2589//4875 2582//4875
f 2601//4876 2582//4876 2589//4876
f 2594//4877 2575//4877 2566//4877
f 2604//4878 2605//4878 2597//4878
f 2601//4879 2589//4879 2602//4879
f 2591//4880 2586//4880 2585//4880
f 2599//4881 2591//4881 2593//4881
f 2606//4882 2607//4882 2608//4882
f 2602//4883 2609//4883 2603//4883
f 2545//4884 2583//4884 2546//4884
f 2589//4885 2573//4885 2594//4885
f 2585//4886 2610//4886 2611//4886
f 2592//4887 2590//4887 2581//4887
f 2552//4888 2563//4888 2571//4888
f 2596//4889 2612//4889 2605//4889
f 2580//4552 2593//4552 2581//4552
f 2565//4561 2583//4561 2584//4561
f 2596//4890 2595//4890 2585//4890
f 2576//4891 2586//4891 2591//4891
f 2613//4892 2587//4892 2586//4892
f 2596//4893 2600//4893 2595//4893
f 2612//4894 2598//4894 2605//4894
f 2604//4895 2597//4895 2613//4895
f 2565//4896 2551//4896 2588//4896
f 2589//4897 2568//4897 2573//4897
f 2607//4898 2609//4898 2608//4898
f 2601//4899 2603//4899 2577//4899
f 2602//4900 2596//4900 2609//4900
f 2596//4901 2605//4901 2609//4901
f 2606//4902 2608//4902 2613//4902
f 2613//4903 2610//4903 2587//4903
f 2607//4904 2578//4904 2577//4904
f 2585//4905 2611//4905 2597//4905
f 2607//4906 2603//4906 2609//4906
f 2565//4907 2547//4907 2546//4907
f 2594//4908 2566//4908 2590//4908
f 2604//4909 2613//4909 2608//4909
f 2604//4910 2614//4910 2605//4910
f 2585//4911 2587//4911 2610//4911
f 2576//4912 2578//4912 2586//4912
f 2613//4913 2611//4913 2610//4913
f 2602//4914 2589//4914 2596//4914
f 2604//4915 2609//4915 2614//4915
f 2604//4916 2608//4916 2609//4916
f 2606//4917 2586//4917 2578//4917
f 2606//4918 2578//4918 2607//4918
f 2585//4919 2598//4919 2612//4919
f 2607//4546 2577//4546 2603//4546
f 2598//4920 2597//4920 2605//4920
f 2613//4921 2597//4921 2611//4921
f 2594//4922 2595//4922 2600//4922
f 2605//4923 2614//4923 2609//4923
f 2596//4924 2585//4924 2612//4924
f 2606//4925 2613//4925 2586//4925
f 2601//4926 2577//4926 2582//4926
f 2615//4927 2616//4927 2617//4927
f 2618//4928 2619//4928 2620//4928
f 2621//4929 2622//4929 2623//4929
f 2624//4930 2625//4930 2626//4930
f 2627//4931 2628//4931 2629//4931
f 2624//4932 2626//4932 2630//4932
f 2631//4933 2632//4933 2633//4933
f 2615//4934 2634//4934 2635//4934
f 2636//4761 2637//4761 2638//4761
f 2629//4935 2639//4935 2640//4935
f 2641//4936 2642//4936 2643//4936
f 2644//4937 2620//4937 2619//4937
f 2625//4938 2645//4938 2626//4938
f 2646//4939 2621//4939 2623//4939
f 2646//4940 2623//4940 2647//4940
f 2648//4941 2649//4941 2650//4941
f 2625//4942 2617//4942 2616//4942
f 2651//4943 2652//4943 2653//4943
f 2643//4944 2654//4944 2655//4944
f 2643//4945 2645//4945 2654//4945
f 2656//4946 2625//4946 2616//4946
f 2624//4947 2617//4947 2657//4947
f 2632//4948 2658//4948 2637//4948
f 2636//4949 2659//4949 2637//4949
f 2631//4950 2624//4950 2630//4950
f 2660//4951 2658//4951 2661//4951
f 2630//4952 2626//4952 2662//4952
f 2644//4953 2663//4953 2664//4953
f 2665//4954 2666//4954 2667//4954
f 2633//4955 2632//4955 2665//4955
f 2629//4956 2640//4956 2668//4956
f 2627//4957 2669//4957 2665//4957
f 2670//4637 2671//4637 2667//4637
f 2672//4958 2673//4958 2665//4958
f 2631//4959 2633//4959 2615//4959
f 2674//4960 2675//4960 2676//4960
f 2651//4961 2618//4961 2620//4961
f 2636//4717 2638//4717 2664//4717
f 2648//4962 2645//4962 2656//4962
f 2644//4963 2664//4963 2637//4963
f 2676//4964 2675//4964 2677//4964
f 2678//4647 2679//4647 2680//4647
f 2674//4965 2629//4965 2668//4965
f 2681//4966 2629//4966 2674//4966
f 2644//4967 2637//4967 2620//4967
f 2644//4968 2619//4968 2663//4968
f 2622//4969 2650//4969 2682//4969
f 2643//4970 2683//4970 2652//4970
f 2641//4971 2660//4971 2661//4971
f 2643//4972 2684//4972 2685//4972
f 2633//4973 2634//4973 2615//4973
f 2670//4974 2686//4974 2619//4974
f 2642//4975 2661//4975 2630//4975
f 2651//4976 2678//4976 2618//4976
f 2656//4977 2645//4977 2625//4977
f 2643//4978 2642//4978 2662//4978
f 2621//4979 2671//4979 2680//4979
f 2649//4980 2682//4980 2650//4980
f 2684//4981 2655//4981 2654//4981
f 2653//4982 2652//4982 2683//4982
f 2653//4983 2685//4983 2679//4983
f 2665//4984 2669//4984 2666//4984
f 2685//4985 2684//4985 2645//4985
f 2643//4986 2655//4986 2684//4986
f 2625//4987 2657//4987 2617//4987
f 2643//4988 2662//4988 2645//4988
f 2648//4989 2647//4989 2649//4989
f 2622//4990 2645//4990 2650//4990
f 2622//4991 2680//4991 2679//4991
f 2631//4992 2658//4992 2632//4992
f 2641//4993 2661//4993 2642//4993
f 2631//4994 2615//4994 2617//4994
f 2687//4995 2688//4995 2689//4995
f 2643//4996 2685//4996 2683//4996
f 2651//4997 2653//4997 2679//4997
f 2645//4998 2684//4998 2654//4998
f 2627//4631 2665//4631 2673//4631
f 2687//4999 2690//4999 2640//4999
f 2681//5000 2691//5000 2669//5000
f 2687//5001 2639//5001 2688//5001
f 2633//5002 2665//5002 2667//5002
f 2673//5003 2689//5003 2628//5003
f 2646//5004 2647//5004 2648//5004
f 2670//5005 2692//5005 2686//5005
f 2670//4685 2667//4685 2693//4685
f 2621//5006 2635//5006 2634//5006
f 2690//5007 2664//5007 2694//5007
f 2670//4687 2693//4687 2692//4687
f 2691//5008 2677//5008 2693//5008
f 2675//5009 2686//5009 2692//5009
f 2671//4689 2634//4689 2667//4689
f 2693//5010 2666//5010 2669//5010
f 2671//5011 2678//5011 2680//5011
f 2667//4692 2666//4692 2693//4692
f 2646//5012 2656//5012 2616//5012
f 2648//5013 2650//5013 2645//5013
f 2651//5014 2620//5014 2660//5014
f 2619//5015 2695//5015 2696//5015
f 2675//5016 2692//5016 2677//5016
f 2646//5017 2648//5017 2656//5017
f 2631//5018 2630//5018 2661//5018
f 2690//5019 2694//5019 2668//5019
f 2629//5020 2628//5020 2639//5020
f 2651//5021 2660//5021 2641//5021
f 2631//5022 2617//5022 2624//5022
f 2622//5023 2679//5023 2685//5023
f 2653//5024 2683//5024 2685//5024
f 2693//5025 2677//5025 2692//5025
f 2696//5026 2695//5026 2694//5026
f 2641//5027 2643//5027 2652//5027
f 2620//5028 2637//5028 2660//5028
f 2674//5029 2695//5029 2675//5029
f 2618//5030 2671//5030 2670//5030
f 2696//4699 2694//4699 2663//4699
f 2690//5031 2689//5031 2673//5031
f 2672//5032 2632//5032 2637//5032
f 2621//4718 2634//4718 2671//4718
f 2645//5033 2662//5033 2626//5033
f 2615//5034 2635//5034 2616//5034
f 2623//5035 2649//5035 2647//5035
f 2622//5036 2685//5036 2645//5036
f 2642//5037 2630//5037 2662//5037
f 2646//5038 2635//5038 2621//5038
f 2624//5039 2657//5039 2625//5039
f 2622//5040 2682//5040 2623//5040
f 2651//5041 2679//5041 2678//5041
f 2646//5042 2616//5042 2635//5042
f 2621//5043 2680//5043 2622//5043
f 2623//5044 2682//5044 2649//5044
f 2637//4706 2664//4706 2638//4706
f 2676//5045 2677//5045 2691//5045
f 2672//5046 2659//5046 2673//5046
f 2618//5047 2678//5047 2671//5047
f 2672//5048 2637//5048 2659//5048
f 2636//5049 2664//5049 2673//5049
f 2672//5050 2665//5050 2632//5050
f 2674//5051 2694//5051 2695//5051
f 2628//5052 2689//5052 2688//5052
f 2633//4610 2667//4610 2634//4610
f 2663//5053 2694//5053 2664//5053
f 2691//5054 2693//5054 2669//5054
f 2674//5055 2668//5055 2694//5055
f 2681//5056 2674//5056 2676//5056
f 2690//5057 2668//5057 2640//5057
f 2687//5058 2640//5058 2639//5058
f 2619//4694 2696//4694 2663//4694
f 2618//5059 2670//5059 2619//5059
f 2690//5060 2673//5060 2664//5060
f 2681//5061 2669//5061 2627//5061
f 2681//5062 2676//5062 2691//5062
f 2627//5063 2673//5063 2628//5063
f 2681//5064 2627//5064 2629//5064
f 2628//5065 2688//5065 2639//5065
f 2619//5066 2686//5066 2695//5066
f 2695//5067 2686//5067 2675//5067
f 2687//5068 2689//5068 2690//5068
f 2651//5069 2641//5069 2652//5069
f 2631//5070 2661//5070 2658//5070
f 2637//5071 2658//5071 2660//5071
f 2636//5072 2673//5072 2659//5072
f 2697//5073 2698//5073 2699//5073
f 2698//5074 2700//5074 2699//5074
f 2701//5075 2702//5075 2703//5075
f 2704//5076 2705//5076 2702//5076
f 2697//5077 2699//5077 2706//5077
f 2704//5078 2707//5078 2705//5078
f 2708//5079 2703//5079 2709//5079
f 2697//5080 2710//5080 2711//5080
f 2701//5081 2712//5081 2713//5081
f 2706//5082 2699//5082 2714//5082
f 2714//5083 2699//5083 2700//5083
f 2709//5084 2714//5084 2700//5084
f 2712//5085 2715//5085 2713//5085
f 2701//5086 2716//5086 2712//5086
f 2710//5087 2715//5087 2711//5087
f 2704//5088 2713//5088 2715//5088
f 2697//5089 2706//5089 2707//5089
f 2704//5090 2702//5090 2713//5090
f 2717//5091 2698//5091 2711//5091
f 2701//5092 2703//5092 2716//5092
f 2704//5093 2710//5093 2707//5093
f 2697//5094 2707//5094 2710//5094
f 2706//5095 2718//5095 2707//5095
f 2705//5096 2719//5096 2702//5096
f 2705//5097 2707//5097 2718//5097
f 2717//5098 2716//5098 2708//5098
f 2717//5099 2715//5099 2712//5099
f 2708//5100 2716//5100 2703//5100
f 2708//5101 2700//5101 2698//5101
f 2717//5102 2711//5102 2715//5102
f 2697//5103 2711//5103 2698//5103
f 2708//5104 2709//5104 2700//5104
f 2709//5105 2719//5105 2714//5105
f 2704//5106 2715//5106 2710//5106
f 2706//5107 2714//5107 2718//5107
f 2709//5108 2703//5108 2719//5108
f 2701//5109 2713//5109 2702//5109
f 2717//5110 2708//5110 2698//5110
f 2719//5111 2703//5111 2702//5111
f 2717//5112 2712//5112 2716//5112
f 2705//5113 2718//5113 2719//5113
f 2719//5114 2718//5114 2714//5114
f 2720//5115 2721//5115 2722//5115
f 2723//5116 2721//5116 2724//5116
f 2722//5117 2721//5117 2725//5117
f 2720//5118 2726//5118 2727//5118
f 2728//5119 2729//5119 2730//5119
f 2731//5120 2732//5120 2733//5120
f 2720//5121 2727//5121 2724//5121
f 2734//5122 2729//5122 2735//5122
f 2728//5123 2723//5123 2729//5123
f 2736//5124 2733//5124 2732//5124
f 2737//5125 2738//5125 2739//5125
f 2734//5126 2730//5126 2729//5126
f 2720//5127 2724//5127 2721//5127
f 2740//5128 2741//5128 2742//5128
f 2728//5129 2721//5129 2723//5129
f 2736//5130 2723//5130 2724//5130
f 2720//5131 2722//5131 2733//5131
f 2736//5132 2726//5132 2720//5132
f 2743//5133 2727//5133 2726//5133
f 2744//5134 2734//5134 2731//5134
f 2744//5135 2745//5135 2746//5135
f 2747//5136 2731//5136 2734//5136
f 2740//5137 2748//5137 2749//5137
f 2747//5138 2732//5138 2731//5138
f 2747//5139 2735//5139 2723//5139
f 2747//5140 2734//5140 2735//5140
f 2745//5141 2750//5141 2746//5141
f 2739//5142 2751//5142 2752//5142
f 2728//5143 2753//5143 2725//5143
f 2743//5144 2724//5144 2727//5144
f 2736//5145 2732//5145 2747//5145
f 2754//5146 2738//5146 2749//5146
f 2723//5147 2735//5147 2729//5147
f 2744//5148 2748//5148 2740//5148
f 2728//5149 2730//5149 2753//5149
f 2744//5150 2740//5150 2734//5150
f 2749//5151 2738//5151 2741//5151
f 2737//5152 2741//5152 2738//5152
f 2740//5153 2749//5153 2741//5153
f 2755//5154 2756//5154 2757//5154
f 2745//5155 2725//5155 2753//5155
f 2731//5156 2722//5156 2725//5156
f 2757//5157 2758//5157 2759//5157
f 2740//5158 2742//5158 2730//5158
f 2740//5159 2730//5159 2734//5159
f 2728//5160 2725//5160 2721//5160
f 2745//5161 2753//5161 2760//5161
f 2736//5162 2747//5162 2723//5162
f 2761//5163 2762//5163 2763//5163
f 2736//5164 2724//5164 2743//5164
f 2756//5165 2758//5165 2757//5165
f 2761//5166 2764//5166 2749//5166
f 2765//5167 2766//5167 2767//5167
f 2754//5168 2749//5168 2764//5168
f 2754//5169 2758//5169 2768//5169
f 2744//5170 2731//5170 2725//5170
f 2761//5171 2769//5171 2764//5171
f 2756//5172 2768//5172 2758//5172
f 2750//5173 2762//5173 2748//5173
f 2737//5174 2753//5174 2742//5174
f 2756//5175 2751//5175 2768//5175
f 2737//5176 2750//5176 2760//5176
f 2755//5177 2767//5177 2770//5177
f 2745//5178 2760//5178 2750//5178
f 2771//5179 2763//5179 2772//5179
f 2744//5180 2725//5180 2745//5180
f 2771//5181 2767//5181 2773//5181
f 2739//5182 2768//5182 2751//5182
f 2744//5183 2746//5183 2748//5183
f 2754//5184 2764//5184 2769//5184
f 2774//5185 2772//5185 2775//5185
f 2754//5186 2768//5186 2738//5186
f 2749//5187 2748//5187 2762//5187
f 2739//5188 2738//5188 2768//5188
f 2765//5189 2759//5189 2769//5189
f 2739//5190 2752//5190 2775//5190
f 2771//5191 2776//5191 2770//5191
f 2750//5192 2775//5192 2762//5192
f 2774//5193 2776//5193 2772//5193
f 2770//5194 2767//5194 2777//5194
f 2774//5195 2752//5195 2776//5195
f 2761//5196 2773//5196 2769//5196
f 2765//5197 2757//5197 2759//5197
f 2754//5198 2759//5198 2758//5198
f 2755//5199 2776//5199 2756//5199
f 2771//5200 2773//5200 2763//5200
f 2771//5201 2777//5201 2767//5201
f 2765//5202 2769//5202 2766//5202
f 2774//5203 2775//5203 2752//5203
f 2756//5204 2776//5204 2752//5204
f 2756//5205 2752//5205 2751//5205
f 2736//5206 2743//5206 2726//5206
f 2761//5207 2749//5207 2762//5207
f 2737//5208 2742//5208 2741//5208
f 2737//5209 2739//5209 2750//5209
f 2771//5210 2772//5210 2776//5210
f 2742//5211 2753//5211 2730//5211
f 2739//5212 2775//5212 2750//5212
f 2771//5213 2770//5213 2777//5213
f 2755//5214 2765//5214 2767//5214
f 2755//5215 2770//5215 2776//5215
f 2750//5216 2748//5216 2746//5216
f 2772//5217 2762//5217 2775//5217
f 2769//5218 2773//5218 2766//5218
f 2736//5219 2720//5219 2733//5219
f 2754//5220 2769//5220 2759//5220
f 2767//5221 2766//5221 2773//5221
f 2737//5222 2760//5222 2753//5222
f 2755//5223 2757//5223 2765//5223
f 2763//5224 2762//5224 2772//5224
f 2731//5225 2733//5225 2722//5225
f 2761//5226 2763//5226 2773//5226
f 2778//5227 2779//5227 2780//5227
f 2781//5228 2782//5228 2783//5228
f 2779//5229 2784//5229 2785//5229
f 2786//5230 2782//5230 2787//5230
f 2788//5231 2789//5231 2790//5231
f 2791//5232 2786//5232 2780//5232
f 2792//5233 2793//5233 2794//5233
f 2795//5234 2796//5234 2797//5234
f 2796//5235 2789//5235 2788//5235
f 2792//5236 2788//5236 2790//5236
f 2791//5237 2797//5237 2798//5237
f 2778//5238 2786//5238 2787//5238
f 2791//5239 2798//5239 2786//5239
f 2795//5240 2789//5240 2796//5240
f 2795//5241 2785//5241 2789//5241
f 2784//5242 2790//5242 2789//5242
f 2778//5243 2787//5243 2781//5243
f 2799//5244 2780//5244 2785//5244
f 2779//5245 2800//5245 2784//5245
f 2781//5246 2801//5246 2790//5246
f 2800//5247 2790//5247 2784//5247
f 2781//5248 2802//5248 2801//5248
f 2792//5249 2794//5249 2788//5249
f 2783//5250 2803//5250 2793//5250
f 2801//5251 2804//5251 2802//5251
f 2798//5252 2805//5252 2783//5252
f 2785//5253 2784//5253 2789//5253
f 2792//5254 2783//5254 2793//5254
f 2801//5255 2806//5255 2804//5255
f 2778//5256 2781//5256 2800//5256
f 2798//5257 2782//5257 2786//5257
f 2791//5258 2795//5258 2797//5258
f 2791//5259 2780//5259 2799//5259
f 2781//5260 2783//5260 2802//5260
f 2793//5261 2807//5261 2808//5261
f 2792//5262 2801//5262 2802//5262
f 2781//5263 2790//5263 2800//5263
f 2794//5264 2798//5264 2797//5264
f 2806//5265 2809//5265 2804//5265
f 2778//5266 2780//5266 2786//5266
f 2791//5267 2799//5267 2795//5267
f 2794//5268 2797//5268 2796//5268
f 2781//5269 2787//5269 2782//5269
f 2794//5270 2805//5270 2798//5270
f 2805//5271 2808//5271 2803//5271
f 2778//5272 2800//5272 2779//5272
f 2807//5273 2803//5273 2808//5273
f 2794//5274 2796//5274 2788//5274
f 2793//5275 2803//5275 2807//5275
f 2783//5276 2805//5276 2803//5276
f 2798//5277 2783//5277 2782//5277
f 2793//5278 2808//5278 2805//5278
f 2779//5279 2785//5279 2780//5279
f 2801//5280 2804//5280 2809//5280
f 2792//5281 2802//5281 2783//5281
f 2801//5282 2809//5282 2806//5282
f 2794//5283 2793//5283 2805//5283
f 2792//5284 2790//5284 2801//5284
f 2799//5285 2785//5285 2795//5285
f 2810//5286 2811//5286 2812//5286
f 2813//5287 2814//5287 2815//5287
f 2816//5288 2817//5288 2815//5288
f 2818//5289 2819//5289 2820//5289
f 2821//5290 2822//5290 2823//5290
f 2819//5291 2815//5291 2817//5291
f 2816//5292 2824//5292 2817//5292
f 2816//5293 2815//5293 2825//5293
f 2826//5294 2812//5294 2811//5294
f 2818//5295 2820//5295 2822//5295
f 2826//5296 2824//5296 2827//5296
f 2828//5297 2810//5297 2812//5297
f 2820//5298 2817//5298 2829//5298
f 2818//5299 2810//5299 2830//5299
f 2828//5300 2814//5300 2830//5300
f 2825//5301 2814//5301 2831//5301
f 2822//5302 2829//5302 2823//5302
f 2825//5303 2831//5303 2827//5303
f 2828//5304 2830//5304 2810//5304
f 2819//5305 2813//5305 2815//5305
f 2825//5306 2815//5306 2814//5306
f 2819//5307 2817//5307 2820//5307
f 2826//5308 2811//5308 2821//5308
f 2818//5309 2813//5309 2819//5309
f 2818//5310 2811//5310 2810//5310
f 2828//5311 2812//5311 2831//5311
f 2820//5312 2829//5312 2822//5312
f 2824//5313 2829//5313 2817//5313
f 2826//5314 2821//5314 2823//5314
f 2816//5315 2827//5315 2824//5315
f 2818//5316 2821//5316 2811//5316
f 2831//5317 2812//5317 2827//5317
f 2816//5318 2825//5318 2827//5318
f 2818//5319 2830//5319 2813//5319
f 2824//5320 2823//5320 2829//5320
f 2828//5321 2831//5321 2814//5321
f 2818//5322 2822//5322 2821//5322
f 2830//5323 2814//5323 2813//5323
f 2826//5324 2823//5324 2824//5324
f 2826//5325 2827//5325 2812//5325
f 2832//5326 2833//5326 2834//5326
f 2835//5327 2836//5327 2837//5327
f 2838//5328 2839//5328 2840//5328
f 2835//5329 2841//5329 2836//5329
f 2841//5330 2842//5330 2843//5330
f 2835//5331 2844//5331 2845//5331
f 2832//5332 2846//5332 2833//5332
f 2835//5333 2845//5333 2847//5333
f 2848//5334 2849//5334 2844//5334
f 2834//5335 2833//5335 2844//5335
f 2850//5336 2851//5336 2842//5336
f 2832//5337 2852//5337 2853//5337
f 2835//5338 2837//5338 2848//5338
f 2839//5339 2854//5339 2851//5339
f 2841//5340 2847//5340 2855//5340
f 2848//5341 2856//5341 2849//5341
f 2833//5342 2846//5342 2847//5342
f 2855//5343 2847//5343 2846//5343
f 2856//5344 2834//5344 2849//5344
f 2848//5345 2837//5345 2834//5345
f 2832//5346 2834//5346 2852//5346
f 2835//5347 2847//5347 2841//5347
f 2853//5348 2852//5348 2837//5348
f 2857//5349 2858//5349 2855//5349
f 2834//5350 2844//5350 2849//5350
f 2857//5351 2853//5351 2840//5351
f 2832//5352 2853//5352 2846//5352
f 2848//5353 2834//5353 2856//5353
f 2838//5354 2840//5354 2853//5354
f 2838//5355 2854//5355 2839//5355
f 2834//5356 2837//5356 2852//5356
f 2845//5357 2833//5357 2847//5357
f 2845//5358 2844//5358 2833//5358
f 2859//5359 2860//5359 2861//5359
f 2842//5360 2851//5360 2854//5360
f 2850//5361 2858//5361 2862//5361
f 2857//5362 2862//5362 2858//5362
f 2841//5363 2855//5363 2842//5363
f 2859//5364 2863//5364 2839//5364
f 2853//5365 2837//5365 2836//5365
f 2838//5366 2853//5366 2843//5366
f 2857//5367 2863//5367 2862//5367
f 2835//5368 2848//5368 2844//5368
f 2859//5369 2864//5369 2860//5369
f 2857//5370 2840//5370 2863//5370
f 2861//5371 2865//5371 2862//5371
f 2866//5372 2851//5372 2867//5372
f 2850//5373 2862//5373 2865//5373
f 2850//5374 2868//5374 2867//5374
f 2841//5375 2843//5375 2836//5375
f 2859//5376 2861//5376 2863//5376
f 2842//5377 2855//5377 2858//5377
f 2857//5378 2846//5378 2853//5378
f 2869//5379 2870//5379 2871//5379
f 2872//5380 2873//5380 2860//5380
f 2861//5381 2860//5381 2873//5381
f 2874//5382 2875//5382 2876//5382
f 2838//5383 2843//5383 2854//5383
f 2853//5384 2836//5384 2843//5384
f 2877//5385 2869//5385 2878//5385
f 2868//5386 2879//5386 2880//5386
f 2877//5387 2876//5387 2870//5387
f 2842//5388 2854//5388 2843//5388
f 2866//5389 2867//5389 2871//5389
f 2874//5390 2881//5390 2875//5390
f 2872//5391 2860//5391 2882//5391
f 2872//5392 2881//5392 2874//5392
f 2871//5393 2870//5393 2882//5393
f 2874//5394 2876//5394 2879//5394
f 2859//5395 2851//5395 2866//5395
f 2877//5396 2870//5396 2869//5396
f 2866//5397 2871//5397 2882//5397
f 2868//5398 2883//5398 2879//5398
f 2884//5399 2883//5399 2873//5399
f 2863//5400 2840//5400 2839//5400
f 2866//5401 2882//5401 2864//5401
f 2861//5402 2873//5402 2883//5402
f 2869//5403 2871//5403 2878//5403
f 2877//5404 2880//5404 2876//5404
f 2859//5405 2866//5405 2864//5405
f 2874//5406 2879//5406 2884//5406
f 2884//5407 2879//5407 2883//5407
f 2850//5408 2865//5408 2868//5408
f 2870//5409 2875//5409 2882//5409
f 2868//5410 2865//5410 2883//5410
f 2860//5411 2864//5411 2882//5411
f 2872//5412 2884//5412 2873//5412
f 2850//5413 2867//5413 2851//5413
f 2868//5414 2880//5414 2878//5414
f 2861//5415 2883//5415 2865//5415
f 2872//5416 2875//5416 2881//5416
f 2868//5417 2878//5417 2867//5417
f 2850//5418 2842//5418 2858//5418
f 2872//5419 2874//5419 2884//5419
f 2871//5420 2867//5420 2878//5420
f 2859//5421 2839//5421 2851//5421
f 2880//5422 2879//5422 2876//5422
f 2861//5423 2862//5423 2863//5423
f 2857//5424 2855//5424 2846//5424
f 2870//5425 2876//5425 2875//5425
f 2877//5426 2878//5426 2880//5426
f 2872//5427 2882//5427 2875//5427
f 2885//5428 2886//5428 2887//5428
f 2888//5429 2889//5429 2890//5429
f 2891//5430 2892//5430 2893//5430
f 2891//5431 2893//5431 2894//5431
f 2895//5432 2896//5432 2897//5432
f 2895//5433 2898//5433 2899//5433
f 2896//5434 2900//5434 2887//5434
f 2901//5435 2902//5435 2903//5435
f 2904//5436 2901//5436 2905//5436
f 2906//5437 2907//5437 2908//5437
f 2906//5438 2908//5438 2897//5438
f 2897//5439 2909//5439 2910//5439
f 2911//5440 2887//5440 2901//5440
f 2895//5441 2912//5441 2898//5441
f 2904//5442 2913//5442 2914//5442
f 2915//5443 2916//5443 2909//5443
f 2895//5444 2902//5444 2885//5444
f 2885//5445 2887//5445 2900//5445
f 2901//5446 2903//5446 2905//5446
f 2907//5447 2888//5447 2908//5447
f 2885//5448 2900//5448 2917//5448
f 2895//5449 2885//5449 2917//5449
f 2906//5450 2896//5450 2914//5450
f 2898//5451 2918//5451 2899//5451
f 2904//5452 2907//5452 2913//5452
f 2919//5453 2890//5453 2903//5453
f 2895//5454 2917//5454 2896//5454
f 2893//5455 2892//5455 2894//5455
f 2901//5456 2886//5456 2902//5456
f 2897//5457 2915//5457 2909//5457
f 2907//5458 2905//5458 2888//5458
f 2895//5459 2899//5459 2919//5459
f 2911//5460 2904//5460 2914//5460
f 2895//5461 2903//5461 2902//5461
f 2920//5462 2915//5462 2921//5462
f 2901//5463 2887//5463 2886//5463
f 2911//5464 2914//5464 2896//5464
f 2909//5465 2916//5465 2922//5465
f 2895//5466 2897//5466 2910//5466
f 2908//5467 2888//5467 2890//5467
f 2904//5468 2905//5468 2907//5468
f 2920//5469 2892//5469 2891//5469
f 2920//5470 2923//5470 2892//5470
f 2896//5471 2917//5471 2900//5471
f 2903//5472 2889//5472 2888//5472
f 2898//5473 2924//5473 2918//5473
f 2897//5474 2891//5474 2892//5474
f 2911//5475 2901//5475 2904//5475
f 2906//5476 2897//5476 2896//5476
f 2903//5477 2890//5477 2889//5477
f 2898//5478 2912//5478 2924//5478
f 2906//5479 2913//5479 2907//5479
f 2920//5480 2922//5480 2925//5480
f 2885//5481 2902//5481 2886//5481
f 2915//5482 2892//5482 2923//5482
f 2916//5483 2925//5483 2922//5483
f 2920//5484 2921//5484 2923//5484
f 2903//5485 2888//5485 2905//5485
f 2895//5486 2910//5486 2912//5486
f 2910//5487 2926//5487 2912//5487
f 2891//5488 2894//5488 2892//5488
f 2918//5489 2891//5489 2919//5489
f 2897//5490 2908//5490 2891//5490
f 2920//5491 2909//5491 2922//5491
f 2918//5492 2919//5492 2899//5492
f 2920//5493 2926//5493 2909//5493
f 2891//5494 2890//5494 2919//5494
f 2920//5495 2925//5495 2916//5495
f 2891//5496 2908//5496 2890//5496
f 2920//5497 2918//5497 2926//5497
f 2906//5498 2914//5498 2913//5498
f 2915//5499 2923//5499 2921//5499
f 2920//5500 2891//5500 2918//5500
f 2910//5501 2909//5501 2926//5501
f 2895//5502 2919//5502 2903//5502
f 2918//5503 2924//5503 2912//5503
f 2918//5504 2912//5504 2926//5504
f 2920//5505 2916//5505 2915//5505
f 2897//5506 2892//5506 2915//5506
f 2911//5507 2896//5507 2887//5507
f 2927//5508 2928//5508 2929//5508
f 2930//5509 2929//5509 2928//5509
f 2931//5510 2932//5510 2933//5510
f 2930//5511 2934//5511 2935//5511
f 2936//5512 2928//5512 2937//5512
f 2938//5513 2939//5513 2940//5513
f 2941//5514 2942//5514 2943//5514
f 2928//5515 2944//5515 2934//5515
f 2927//5516 2945//5516 2946//5516
f 2947//5517 2945//5517 2929//5517
f 2936//5518 2944//5518 2928//5518
f 2931//5519 2937//5519 2932//5519
f 2931//5520 2933//5520 2946//5520
f 2935//5521 2934//5521 2944//5521
f 2948//5522 2949//5522 2950//5522
f 2951//5523 2932//5523 2952//5523
f 2927//5524 2937//5524 2928//5524
f 2930//5525 2928//5525 2934//5525
f 2931//5526 2947//5526 2936//5526
f 2931//5527 2936//5527 2937//5527
f 2930//5528 2935//5528 2936//5528
f 2927//5529 2946//5529 2938//5529
f 2951//5530 2952//5530 2953//5530
f 2936//5531 2935//5531 2944//5531
f 2941//5532 2952//5532 2954//5532
f 2947//5533 2929//5533 2930//5533
f 2955//5534 2956//5534 2943//5534
f 2938//5535 2946//5535 2939//5535
f 2956//5536 2957//5536 2943//5536
f 2941//5537 2958//5537 2959//5537
f 2927//5538 2932//5538 2937//5538
f 2927//5539 2929//5539 2945//5539
f 2948//5540 2950//5540 2960//5540
f 2931//5541 2946//5541 2947//5541
f 2946//5542 2933//5542 2939//5542
f 2952//5543 2932//5543 2961//5543
f 2951//5544 2953//5544 2962//5544
f 2955//5545 2942//5545 2962//5545
f 2963//5546 2964//5546 2965//5546
f 2927//5547 2961//5547 2932//5547
f 2947//5548 2946//5548 2945//5548
f 2947//5549 2930//5549 2936//5549
f 2955//5550 2962//5550 2966//5550
f 2941//5551 2959//5551 2953//5551
f 2941//5552 2943//5552 2958//5552
f 2951//5553 2962//5553 2940//5553
f 2967//5554 2960//5554 2950//5554
f 2959//5555 2968//5555 2969//5555
f 2938//5556 2940//5556 2954//5556
f 2962//5557 2969//5557 2966//5557
f 2970//5558 2955//5558 2971//5558
f 2938//5559 2954//5559 2972//5559
f 2941//5560 2954//5560 2942//5560
f 2942//5561 2954//5561 2940//5561
f 2959//5562 2958//5562 2973//5562
f 2941//5563 2953//5563 2952//5563
f 2951//5564 2933//5564 2932//5564
f 2959//5565 2973//5565 2968//5565
f 2951//5566 2940//5566 2939//5566
f 2942//5567 2940//5567 2962//5567
f 2949//5568 2943//5568 2957//5568
f 2966//5569 2969//5569 2971//5569
f 2974//5570 2964//5570 2975//5570
f 2955//5571 2976//5571 2956//5571
f 2950//5572 2949//5572 2957//5572
f 2970//5573 2977//5573 2978//5573
f 2962//5574 2953//5574 2969//5574
f 2973//5575 2958//5575 2949//5575
f 2955//5576 2966//5576 2971//5576
f 2979//5577 2980//5577 2976//5577
f 2952//5578 2961//5578 2972//5578
f 2978//5579 2977//5579 2974//5579
f 2960//5580 2974//5580 2975//5580
f 2970//5581 2979//5581 2976//5581
f 2948//5582 2960//5582 2975//5582
f 2978//5583 2960//5583 2981//5583
f 2948//5584 2975//5584 2964//5584
f 2950//5585 2957//5585 2980//5585
f 2979//5586 2978//5586 2981//5586
f 2970//5587 2963//5587 2965//5587
f 2970//5588 2965//5588 2977//5588
f 2967//5589 2981//5589 2960//5589
f 2938//5590 2972//5590 2961//5590
f 2970//5591 2976//5591 2955//5591
f 2927//5592 2938//5592 2961//5592
f 2959//5593 2969//5593 2953//5593
f 2949//5594 2958//5594 2943//5594
f 2948//5595 2968//5595 2973//5595
f 2979//5596 2981//5596 2980//5596
f 2951//5597 2939//5597 2933//5597
f 2955//5598 2943//5598 2942//5598
f 2980//5599 2956//5599 2976//5599
f 2948//5600 2964//5600 2963//5600
f 2974//5601 2965//5601 2964//5601
f 2967//5602 2950//5602 2980//5602
f 2948//5603 2963//5603 2968//5603
f 2980//5604 2957//5604 2956//5604
f 2948//5605 2973//5605 2949//5605
f 2963//5606 2971//5606 2969//5606
f 2970//5607 2978//5607 2979//5607
f 2952//5608 2972//5608 2954//5608
f 2970//5609 2971//5609 2963//5609
f 2978//5610 2974//5610 2960//5610
f 2974//5611 2977//5611 2965//5611
f 2963//5612 2969//5612 2968//5612
f 2967//5613 2980//5613 2981//5613
f 2982//5614 2983//5614 2984//5614
f 2985//5615 2986//5615 2987//5615
f 2988//5616 2989//5616 2990//5616
f 2988//5617 2987//5617 2991//5617
f 2985//5618 2987//5618 2992//5618
f 2993//5619 2994//5619 2995//5619
f 2992//5620 2996//5620 2984//5620
f 2997//5621 2998//5621 2994//5621
f 2997//5622 2999//5622 3000//5622
f 2997//5623 2988//5623 2999//5623
f 2997//5624 2994//5624 2993//5624
f 2984//5625 3001//5625 3002//5625
f 3003//5626 3001//5626 2983//5626
f 3004//5627 2994//5627 2998//5627
f 2999//5628 2990//5628 2989//5628
f 3005//5629 3006//5629 3004//5629
f 3007//5630 2999//5630 2989//5630
f 3003//5631 2993//5631 2995//5631
f 3008//5632 3005//5632 3009//5632
f 2982//5633 2997//5633 2993//5633
f 3010//5634 3011//5634 3006//5634
f 3012//5635 3002//5635 3003//5635
f 2984//5636 2983//5636 3001//5636
f 2992//5637 2984//5637 3002//5637
f 3010//5638 3008//5638 3013//5638
f 3004//5639 2998//5639 3000//5639
f 3014//5640 3015//5640 3016//5640
f 3010//5641 3014//5641 3011//5641
f 2982//5642 2984//5642 2996//5642
f 3009//5643 3005//5643 3012//5643
f 2982//5644 2988//5644 2997//5644
f 2988//5645 2990//5645 2999//5645
f 3003//5646 2983//5646 2993//5646
f 3013//5647 3009//5647 3012//5647
f 3017//5648 3016//5648 3018//5648
f 3007//5649 3000//5649 2999//5649
f 2992//5650 2987//5650 2988//5650
f 3015//5651 3012//5651 2995//5651
f 2997//5652 3000//5652 2998//5652
f 2982//5653 2996//5653 2988//5653
f 3006//5654 3018//5654 3004//5654
f 3015//5655 2995//5655 3016//5655
f 3010//5656 3013//5656 3012//5656
f 3003//5657 3002//5657 3001//5657
f 3005//5658 3004//5658 2987//5658
f 3017//5659 3018//5659 3011//5659
f 3006//5660 3019//5660 3018//5660
f 2985//5661 3002//5661 2986//5661
f 3018//5662 3016//5662 2995//5662
f 3007//5663 2991//5663 2987//5663
f 3004//5664 3007//5664 2987//5664
f 2982//5665 2993//5665 2983//5665
f 3005//5666 2986//5666 3002//5666
f 3007//5667 2989//5667 2991//5667
f 2988//5668 2991//5668 2989//5668
f 2992//5669 2988//5669 2996//5669
f 3004//5670 2995//5670 2994//5670
f 3017//5671 3011//5671 3016//5671
f 3012//5672 3003//5672 2995//5672
f 3008//5673 3009//5673 3013//5673
f 3008//5674 3006//5674 3005//5674
f 3004//5675 3000//5675 3007//5675
f 2985//5676 2992//5676 3002//5676
f 3010//5677 3015//5677 3014//5677
f 3014//5678 3016//5678 3011//5678
f 3010//5679 3006//5679 3008//5679
f 3005//5680 2987//5680 2986//5680
f 3010//5681 3012//5681 3015//5681
f 3004//5682 3018//5682 2995//5682
f 3019//5683 3011//5683 3018//5683
f 3005//5684 3002//5684 3012//5684
f 3006//5685 3011//5685 3019//5685
f 3020//5686 3021//5686 3022//5686
f 3023//5687 3024//5687 3025//5687
f 3022//5688 3021//5688 3024//5688
f 3026//5689 3027//5689 3028//5689
f 3020//5690 3029//5690 3030//5690
f 3026//5691 3022//5691 3024//5691
f 3031//5692 3032//5692 3033//5692
f 3027//5693 3034//5693 3035//5693
f 3036//5694 3030//5694 3032//5694
f 3028//5695 3027//5695 3037//5695
f 3037//5696 3027//5696 3035//5696
f 3036//5697 3031//5697 3025//5697
f 3020//5698 3028//5698 3038//5698
f 3028//5699 3037//5699 3038//5699
f 3023//5700 3031//5700 3034//5700
f 3023//5701 3027//5701 3026//5701
f 3036//5702 3021//5702 3039//5702
f 3032//5703 3030//5703 3040//5703
f 3020//5704 3038//5704 3029//5704
f 3041//5705 3040//5705 3029//5705
f 3023//5706 3034//5706 3027//5706
f 3036//5707 3032//5707 3031//5707
f 3041//5708 3035//5708 3034//5708
f 3020//5709 3030//5709 3039//5709
f 3023//5710 3026//5710 3024//5710
f 3041//5711 3033//5711 3032//5711
f 3041//5712 3029//5712 3037//5712
f 3041//5713 3032//5713 3040//5713
f 3030//5714 3029//5714 3040//5714
f 3023//5715 3025//5715 3031//5715
f 3041//5716 3034//5716 3033//5716
f 3036//5717 3025//5717 3021//5717
f 3041//5718 3037//5718 3035//5718
f 3020//5719 3022//5719 3028//5719
f 3020//5720 3039//5720 3021//5720
f 3031//5721 3033//5721 3034//5721
f 3025//5722 3024//5722 3021//5722
f 3037//5723 3029//5723 3038//5723
f 3026//5724 3028//5724 3022//5724
f 3036//5725 3039//5725 3030//5725
f 3042//5726 3043//5726 3044//5726
f 3045//5727 3046//5727 3047//5727
f 3048//5728 3046//5728 3045//5728
f 3049//5729 3050//5729 3051//5729
f 3052//5730 3053//5730 3054//5730
f 3055//5731 3056//5731 3057//5731
f 3058//5732 3059//5732 3056//5732
f 3048//5733 3045//5733 3052//5733
f 3055//5734 3054//5734 3060//5734
f 3052//5735 3043//5735 3053//5735
f 3061//5736 3062//5736 3063//5736
f 3048//5737 3052//5737 3046//5737
f 3042//5738 3056//5738 3064//5738
f 3065//5739 3050//5739 3063//5739
f 3061//5740 3064//5740 3066//5740
f 3067//5741 3057//5741 3068//5741
f 3042//5742 3069//5742 3057//5742
f 3042//5743 3044//5743 3069//5743
f 3042//5744 3070//5744 3043//5744
f 3061//5745 3066//5745 3062//5745
f 3069//5746 3047//5746 3068//5746
f 3056//5747 3059//5747 3064//5747
f 3062//5748 3071//5748 3072//5748
f 3044//5749 3047//5749 3069//5749
f 3055//5750 3073//5750 3051//5750
f 3074//5751 3075//5751 3076//5751
f 3070//5752 3053//5752 3043//5752
f 3052//5753 3047//5753 3044//5753
f 3077//5754 3078//5754 3079//5754
f 3061//5755 3049//5755 3073//5755
f 3067//5756 3047//5756 3046//5756
f 3065//5757 3080//5757 3078//5757
f 3058//5758 3051//5758 3050//5758
f 3062//5759 3072//5759 3074//5759
f 3052//5760 3054//5760 3046//5760
f 3057//5761 3069//5761 3068//5761
f 3067//5762 3068//5762 3047//5762
f 3055//5763 3051//5763 3056//5763
f 3066//5764 3064//5764 3059//5764
f 3081//5765 3077//5765 3079//5765
f 3065//5766 3082//5766 3080//5766
f 3061//5767 3063//5767 3049//5767
f 3052//5768 3045//5768 3047//5768
f 3067//5769 3054//5769 3055//5769
f 3052//5770 3044//5770 3043//5770
f 3061//5771 3042//5771 3064//5771
f 3081//5772 3071//5772 3077//5772
f 3058//5773 3056//5773 3051//5773
f 3070//5774 3073//5774 3060//5774
f 3081//5775 3083//5775 3084//5775
f 3070//5776 3060//5776 3054//5776
f 3042//5777 3057//5777 3056//5777
f 3049//5778 3063//5778 3050//5778
f 3055//5779 3060//5779 3073//5779
f 3042//5780 3073//5780 3070//5780
f 3066//5781 3071//5781 3062//5781
f 3070//5782 3054//5782 3053//5782
f 3067//5783 3055//5783 3057//5783
f 3082//5784 3085//5784 3086//5784
f 3058//5785 3077//5785 3059//5785
f 3066//5786 3077//5786 3071//5786
f 3083//5787 3079//5787 3078//5787
f 3087//5788 3088//5788 3083//5788
f 3081//5789 3079//5789 3083//5789
f 3072//5790 3075//5790 3074//5790
f 3087//5791 3089//5791 3088//5791
f 3089//5792 3075//5792 3084//5792
f 3087//5793 3090//5793 3089//5793
f 3080//5794 3091//5794 3078//5794
f 3092//5795 3085//5795 3093//5795
f 3081//5796 3084//5796 3072//5796
f 3083//5797 3088//5797 3084//5797
f 3087//5798 3091//5798 3090//5798
f 3049//5799 3051//5799 3073//5799
f 3081//5800 3072//5800 3071//5800
f 3087//5801 3083//5801 3091//5801
f 3094//5802 3074//5802 3076//5802
f 3083//5803 3078//5803 3091//5803
f 3089//5804 3084//5804 3088//5804
f 3094//5805 3076//5805 3093//5805
f 3065//5806 3078//5806 3077//5806
f 3072//5807 3084//5807 3075//5807
f 3066//5808 3059//5808 3077//5808
f 3094//5809 3062//5809 3074//5809
f 3094//5810 3063//5810 3062//5810
f 3094//5811 3093//5811 3085//5811
f 3095//5812 3089//5812 3096//5812
f 3095//5813 3093//5813 3076//5813
f 3067//5814 3046//5814 3054//5814
f 3082//5815 3086//5815 3080//5815
f 3095//5816 3096//5816 3092//5816
f 3065//5817 3063//5817 3082//5817
f 3080//5818 3086//5818 3091//5818
f 3095//5819 3092//5819 3093//5819
f 3061//5820 3073//5820 3042//5820
f 3092//5821 3096//5821 3086//5821
f 3089//5822 3090//5822 3096//5822
f 3092//5823 3086//5823 3085//5823
f 3065//5824 3058//5824 3050//5824
f 3094//5825 3082//5825 3063//5825
f 3086//5826 3096//5826 3091//5826
f 3095//5827 3076//5827 3089//5827
f 3089//5828 3076//5828 3075//5828
f 3065//5829 3077//5829 3058//5829
f 3094//5830 3085//5830 3082//5830
f 3096//5831 3090//5831 3091//5831
f 3097//5832 3098//5832 3099//5832
f 3100//5833 3101//5833 3102//5833
f 3097//5834 3103//5834 3104//5834
f 3105//5835 3106//5835 3103//5835
f 3107//5836 3108//5836 3106//5836
f 3109//5837 3110//5837 3105//5837
f 3097//5838 3104//5838 3106//5838
f 3111//5839 3112//5839 3113//5839
f 3114//5840 3105//5840 3103//5840
f 3097//5841 3108//5841 3107//5841
f 3115//5842 3101//5842 3116//5842
f 3115//5843 3117//5843 3101//5843
f 3098//5844 3118//5844 3099//5844
f 3100//5845 3116//5845 3101//5845
f 3112//5846 3119//5846 3113//5846
f 3120//5847 3121//5847 3117//5847
f 3109//5848 3114//5848 3110//5848
f 3122//5849 3123//5849 3124//5849
f 3097//5850 3107//5850 3125//5850
f 3115//5851 3116//5851 3126//5851
f 3098//5852 3100//5852 3102//5852
f 3114//5853 3127//5853 3110//5853
f 3128//5854 3129//5854 3130//5854
f 3097//5855 3131//5855 3112//5855
f 3119//5856 3110//5856 3132//5856
f 3111//5857 3113//5857 3126//5857
f 3097//5858 3133//5858 3098//5858
f 3097//5859 3112//5859 3133//5859
f 3128//5860 3132//5860 3127//5860
f 3097//5861 3099//5861 3103//5861
f 3111//5862 3100//5862 3098//5862
f 3111//5863 3116//5863 3100//5863
f 3106//5864 3104//5864 3103//5864
f 3134//5865 3118//5865 3102//5865
f 3122//5866 3124//5866 3115//5866
f 3110//5867 3107//5867 3105//5867
f 3120//5868 3135//5868 3121//5868
f 3134//5869 3114//5869 3099//5869
f 3105//5870 3107//5870 3106//5870
f 3115//5871 3124//5871 3136//5871
f 3119//5872 3132//5872 3126//5872
f 3128//5873 3127//5873 3129//5873
f 3137//5874 3138//5874 3117//5874
f 3098//5875 3102//5875 3118//5875
f 3120//5876 3124//5876 3129//5876
f 3119//5877 3131//5877 3125//5877
f 3111//5878 3098//5878 3133//5878
f 3111//5879 3133//5879 3112//5879
f 3124//5880 3139//5880 3140//5880
f 3112//5881 3131//5881 3119//5881
f 3097//5882 3125//5882 3131//5882
f 3132//5883 3110//5883 3127//5883
f 3117//5884 3134//5884 3101//5884
f 3141//5885 3117//5885 3136//5885
f 3120//5886 3138//5886 3124//5886
f 3114//5887 3121//5887 3127//5887
f 3128//5888 3130//5888 3132//5888
f 3120//5889 3117//5889 3138//5889
f 3111//5890 3126//5890 3116//5890
f 3097//5891 3106//5891 3108//5891
f 3141//5892 3137//5892 3117//5892
f 3119//5893 3126//5893 3113//5893
f 3120//5894 3127//5894 3135//5894
f 3134//5895 3099//5895 3118//5895
f 3124//5896 3123//5896 3139//5896
f 3115//5897 3136//5897 3117//5897
f 3141//5898 3138//5898 3137//5898
f 3119//5899 3125//5899 3110//5899
f 3138//5900 3136//5900 3124//5900
f 3114//5901 3103//5901 3099//5901
f 3109//5902 3105//5902 3114//5902
f 3121//5903 3135//5903 3127//5903
f 3122//5904 3115//5904 3132//5904
f 3134//5905 3121//5905 3114//5905
f 3141//5906 3136//5906 3138//5906
f 3115//5907 3126//5907 3132//5907
f 3122//5908 3129//5908 3124//5908
f 3134//5909 3102//5909 3101//5909
f 3110//5910 3125//5910 3107//5910
f 3117//5911 3121//5911 3134//5911
f 3124//5912 3140//5912 3123//5912
f 3139//5913 3123//5913 3140//5913
f 3122//5914 3132//5914 3130//5914
f 3122//5915 3130//5915 3129//5915
f 3120//5916 3129//5916 3127//5916
f 3142//5917 3143//5917 3144//5917
f 3145//5918 3146//5918 3147//5918
f 3148//5919 3149//5919 3150//5919
f 3142//5920 3151//5920 3143//5920
f 3148//5921 3150//5921 3151//5921
f 3152//5922 3153//5922 3143//5922
f 3154//5923 3155//5923 3156//5923
f 3154//5924 3156//5924 3157//5924
f 3156//5925 3158//5925 3159//5925
f 3147//5926 3153//5926 3160//5926
f 3161//5927 3145//5927 3160//5927
f 3156//5928 3159//5928 3157//5928
f 3144//5929 3153//5929 3147//5929
f 3152//5930 3160//5930 3153//5930
f 3142//5931 3144//5931 3157//5931
f 3144//5932 3146//5932 3157//5932
f 3142//5933 3158//5933 3151//5933
f 3154//5934 3157//5934 3146//5934
f 3154//5935 3146//5935 3145//5935
f 3156//5936 3148//5936 3158//5936
f 3161//5937 3160//5937 3152//5937
f 3162//5938 3149//5938 3155//5938
f 3156//5939 3155//5939 3148//5939
f 3144//5940 3147//5940 3146//5940
f 3142//5941 3157//5941 3159//5941
f 3142//5942 3159//5942 3158//5942
f 3161//5943 3150//5943 3149//5943
f 3162//5944 3161//5944 3149//5944
f 3144//5945 3143//5945 3153//5945
f 3154//5946 3145//5946 3162//5946
f 3152//5947 3151//5947 3150//5947
f 3161//5948 3152//5948 3150//5948
f 3145//5949 3147//5949 3160//5949
f 3154//5950 3162//5950 3155//5950
f 3162//5951 3145//5951 3161//5951
f 3148//5952 3151//5952 3158//5952
f 3152//5953 3143//5953 3151//5953
f 3148//5954 3155//5954 3149//5954
f 3163//5955 3164//5955 3165//5955
f 3166//5956 3167//5956 3168//5956
f 3169//5957 3165//5957 3164//5957
f 3166//5958 3168//5958 3170//5958
f 3170//5959 3171//5959 3172//5959
f 3170//5960 3173//5960 3174//5960
f 3166//5961 3175//5961 3167//5961
f 3170//5962 3174//5962 3171//5962
f 3169//5963 3174//5963 3165//5963
f 3169//5964 3172//5964 3171//5964
f 3166//5965 3176//5965 3173//5965
f 3166//5966 3170//5966 3175//5966
f 3169//5967 3164//5967 3177//5967
f 3166//5968 3173//5968 3170//5968
f 3166//5969 3172//5969 3178//5969
f 3170//5970 3168//5970 3179//5970
f 3163//5971 3180//5971 3181//5971
f 3166//5972 3178//5972 3176//5972
f 3182//5973 3183//5973 3184//5973
f 3168//5974 3167//5974 3179//5974
f 3170//5975 3179//5975 3175//5975
f 3169//5976 3185//5976 3172//5976
f 3186//5977 3187//5977 3188//5977
f 3164//5978 3189//5978 3177//5978
f 3173//5979 3176//5979 3190//5979
f 3191//5980 3177//5980 3189//5980
f 3163//5981 3165//5981 3192//5981
f 3191//5982 3193//5982 3177//5982
f 3192//5983 3173//5983 3190//5983
f 3192//5984 3165//5984 3174//5984
f 3194//5985 3195//5985 3196//5985
f 3193//5986 3178//5986 3185//5986
f 3163//5987 3181//5987 3164//5987
f 3163//5988 3196//5988 3180//5988
f 3197//5989 3198//5989 3199//5989
f 3175//5990 3179//5990 3167//5990
f 3169//5991 3177//5991 3193//5991
f 3166//5992 3170//5992 3172//5992
f 3172//5993 3185//5993 3178//5993
f 3184//5994 3183//5994 3200//5994
f 3201//5995 3202//5995 3187//5995
f 3196//5996 3195//5996 3197//5996
f 3203//5997 3204//5997 3205//5997
f 3181//5998 3180//5998 3199//5998
f 3192//5999 3174//5999 3173//5999
f 3163//6000 3192//6000 3206//6000
f 3191//6001 3192//6001 3190//6001
f 3164//6002 3181//6002 3189//6002
f 3191//6003 3190//6003 3193//6003
f 3169//6004 3171//6004 3174//6004
f 3193//6005 3176//6005 3178//6005
f 3207//6006 3204//6006 3208//6006
f 3181//6007 3199//6007 3209//6007
f 3186//6008 3201//6008 3187//6008
f 3207//6009 3198//6009 3204//6009
f 3181//6010 3210//6010 3189//6010
f 3196//6011 3197//6011 3180//6011
f 3203//6012 3211//6012 3212//6012
f 3169//6013 3193//6013 3185//6013
f 3203//6014 3205//6014 3213//6014
f 3214//6015 3215//6015 3216//6015
f 3194//6016 3189//6016 3210//6016
f 3213//6017 3205//6017 3197//6017
f 3197//6018 3199//6018 3180//6018
f 3215//6019 3212//6019 3211//6019
f 3207//6020 3200//6020 3209//6020
f 3213//6021 3195//6021 3186//6021
f 3217//6022 3218//6022 3219//6022
f 3181//6023 3209//6023 3183//6023
f 3213//6024 3197//6024 3195//6024
f 3182//6025 3194//6025 3210//6025
f 3182//6026 3184//6026 3202//6026
f 3219//6027 3202//6027 3184//6027
f 3187//6028 3220//6028 3216//6028
f 3217//6029 3219//6029 3208//6029
f 3219//6030 3184//6030 3200//6030
f 3217//6031 3208//6031 3204//6031
f 3215//6032 3211//6032 3188//6032
f 3207//6033 3209//6033 3199//6033
f 3163//6034 3206//6034 3196//6034
f 3214//6035 3203//6035 3212//6035
f 3214//6036 3216//6036 3220//6036
f 3181//6037 3183//6037 3210//6037
f 3214//6038 3220//6038 3218//6038
f 3207//6039 3199//6039 3198//6039
f 3182//6040 3201//6040 3195//6040
f 3215//6041 3188//6041 3216//6041
f 3182//6042 3210//6042 3183//6042
f 3194//6043 3191//6043 3189//6043
f 3204//6044 3198//6044 3205//6044
f 3214//6045 3212//6045 3215//6045
f 3182//6046 3202//6046 3201//6046
f 3219//6047 3200//6047 3208//6047
f 3193//6048 3190//6048 3176//6048
f 3187//6049 3216//6049 3188//6049
f 3191//6050 3206//6050 3192//6050
f 3194//6051 3206//6051 3191//6051
f 3203//6052 3213//6052 3211//6052
f 3219//6053 3218//6053 3220//6053
f 3186//6054 3195//6054 3201//6054
f 3209//6055 3200//6055 3183//6055
f 3182//6056 3195//6056 3194//6056
f 3197//6057 3205//6057 3198//6057
f 3217//6058 3204//6058 3214//6058
f 3207//6059 3208//6059 3200//6059
f 3219//6060 3220//6060 3202//6060
f 3217//6061 3214//6061 3218//6061
f 3194//6062 3196//6062 3206//6062
f 3213//6063 3186//6063 3211//6063
f 3186//6064 3188//6064 3211//6064
f 3214//6065 3204//6065 3203//6065
f 3187//6066 3202//6066 3220//6066
f 3221//6067 3222//6067 3223//6067
f 3224//6068 3225//6068 3226//6068
f 3227//6069 3228//6069 3226//6069
f 3229//6070 3230//6070 3231//6070
f 3232//6071 3233//6071 3234//6071
f 3224//6072 3235//6072 3236//6072
f 3221//6073 3237//6073 3238//6073
f 3229//6074 3239//6074 3240//6074
f 3241//6075 3237//6075 3242//6075
f 3241//6076 3243//6076 3244//6076
f 3245//6077 3246//6077 3247//6077
f 3248//6078 3241//6078 3227//6078
f 3234//6079 3236//6079 3223//6079
f 3244//6080 3238//6080 3237//6080
f 3226//6081 3228//6081 3249//6081
f 3221//6082 3244//6082 3222//6082
f 3243//6083 3232//6083 3234//6083
f 3233//6084 3236//6084 3234//6084
f 3221//6085 3238//6085 3244//6085
f 3250//6086 3251//6086 3249//6086
f 3229//6087 3246//6087 3252//6087
f 3241//6088 3244//6088 3237//6088
f 3244//6089 3223//6089 3222//6089
f 3225//6090 3233//6090 3232//6090
f 3253//6091 3226//6091 3249//6091
f 3245//6092 3221//6092 3246//6092
f 3243//6093 3223//6093 3244//6093
f 3249//6094 3228//6094 3247//6094
f 3224//6095 3233//6095 3225//6095
f 3250//6096 3249//6096 3246//6096
f 3248//6097 3225//6097 3232//6097
f 3243//6098 3234//6098 3223//6098
f 3229//6099 3240//6099 3246//6099
f 3248//6100 3226//6100 3225//6100
f 3229//6101 3231//6101 3239//6101
f 3245//6102 3247//6102 3227//6102
f 3253//6103 3235//6103 3224//6103
f 3253//6104 3254//6104 3255//6104
f 3256//6105 3257//6105 3254//6105
f 3227//6106 3247//6106 3228//6106
f 3255//6107 3254//6107 3257//6107
f 3253//6108 3251//6108 3230//6108
f 3256//6109 3255//6109 3257//6109
f 3252//6110 3246//6110 3221//6110
f 3245//6111 3227//6111 3241//6111
f 3253//6112 3230//6112 3256//6112
f 3235//6113 3255//6113 3256//6113
f 3245//6114 3242//6114 3221//6114
f 3250//6115 3246//6115 3240//6115
f 3229//6116 3256//6116 3230//6116
f 3231//6117 3251//6117 3250//6117
f 3224//6118 3236//6118 3233//6118
f 3231//6119 3230//6119 3251//6119
f 3252//6120 3221//6120 3223//6120
f 3248//6121 3243//6121 3241//6121
f 3253//6122 3256//6122 3254//6122
f 3248//6123 3227//6123 3226//6123
f 3231//6124 3250//6124 3240//6124
f 3252//6125 3223//6125 3236//6125
f 3253//6126 3249//6126 3251//6126
f 3246//6127 3249//6127 3247//6127
f 3229//6128 3252//6128 3235//6128
f 3253//6129 3224//6129 3226//6129
f 3229//6130 3235//6130 3256//6130
f 3231//6131 3240//6131 3239//6131
f 3221//6132 3242//6132 3237//6132
f 3248//6133 3232//6133 3243//6133
f 3245//6134 3241//6134 3242//6134
f 3253//6135 3255//6135 3235//6135
f 3252//6136 3236//6136 3235//6136
f 3258//6137 3259//6137 3260//6137
f 3260//6138 3259//6138 3261//6138
f 3262//6139 3263//6139 3264//6139
f 3265//6140 3266//6140 3267//6140
f 3268//6141 3269//6141 3270//6141
f 3265//6142 3270//6142 3271//6142
f 3272//6143 3273//6143 3267//6143
f 3262//6144 3264//6144 3274//6144
f 3267//6145 3273//6145 3263//6145
f 3268//6146 3265//6146 3275//6146
f 3272//6147 3267//6147 3266//6147
f 3268//6148 3270//6148 3265//6148
f 3276//6149 3263//6149 3273//6149
f 3258//6150 3277//6150 3278//6150
f 3271//6151 3270//6151 3269//6151
f 3265//6152 3267//6152 3275//6152
f 3266//6153 3279//6153 3278//6153
f 3272//6154 3266//6154 3277//6154
f 3258//6155 3279//6155 3271//6155
f 3268//6156 3275//6156 3262//6156
f 3268//6157 3262//6157 3274//6157
f 3258//6158 3271//6158 3259//6158
f 3258//6159 3260//6159 3277//6159
f 3262//6160 3275//6160 3267//6160
f 3261//6161 3269//6161 3274//6161
f 3272//6162 3277//6162 3260//6162
f 3276//6163 3260//6163 3261//6163
f 3262//6164 3267//6164 3263//6164
f 3259//6165 3271//6165 3269//6165
f 3265//6166 3279//6166 3266//6166
f 3258//6167 3278//6167 3279//6167
f 3265//6168 3271//6168 3279//6168
f 3276//6169 3261//6169 3264//6169
f 3266//6170 3278//6170 3277//6170
f 3276//6171 3264//6171 3263//6171
f 3261//6172 3274//6172 3264//6172
f 3276//6173 3272//6173 3260//6173
f 3268//6174 3274//6174 3269//6174
f 3276//6175 3273//6175 3272//6175
f 3261//6176 3259//6176 3269//6176
f 3280//6177 3281//6177 3282//6177
f 3280//6178 3283//6178 3284//6178
f 3285//6179 3286//6179 3287//6179
f 3285//6180 3288//6180 3286//6180
f 3289//6181 3290//6181 3291//6181
f 3291//6182 3282//6182 3281//6182
f 3292//6183 3293//6183 3294//6183
f 3295//6184 3281//6184 3296//6184
f 3297//6185 3290//6185 3298//6185
f 3289//6186 3291//6186 3299//6186
f 3300//6187 3298//6187 3301//6187
f 3285//6188 3300//6188 3288//6188
f 3297//6189 3302//6189 3292//6189
f 3290//6190 3288//6190 3301//6190
f 3295//6191 3302//6191 3299//6191
f 3290//6192 3301//6192 3298//6192
f 3303//6193 3300//6193 3285//6193
f 3303//6194 3304//6194 3300//6194
f 3300//6195 3301//6195 3288//6195
f 3305//6196 3293//6196 3306//6196
f 3297//6197 3294//6197 3282//6197
f 3289//6198 3303//6198 3290//6198
f 3303//6199 3286//6199 3288//6199
f 3297//6200 3291//6200 3290//6200
f 3305//6201 3294//6201 3293//6201
f 3305//6202 3282//6202 3294//6202
f 3297//6203 3282//6203 3307//6203
f 3293//6204 3296//6204 3308//6204
f 3297//6205 3309//6205 3302//6205
f 3291//6206 3307//6206 3282//6206
f 3296//6207 3310//6207 3308//6207
f 3303//6208 3287//6208 3286//6208
f 3303//6209 3285//6209 3287//6209
f 3289//6210 3304//6210 3303//6210
f 3311//6211 3312//6211 3313//6211
f 3309//6212 3298//6212 3300//6212
f 3295//6213 3299//6213 3281//6213
f 3295//6214 3314//6214 3302//6214
f 3309//6215 3300//6215 3304//6215
f 3297//6216 3298//6216 3309//6216
f 3297//6217 3292//6217 3294//6217
f 3280//6218 3315//6218 3316//6218
f 3292//6219 3314//6219 3296//6219
f 3280//6220 3284//6220 3315//6220
f 3317//6221 3318//6221 3284//6221
f 3319//6222 3320//6222 3321//6222
f 3289//6223 3302//6223 3304//6223
f 3309//6224 3304//6224 3302//6224
f 3322//6225 3313//6225 3312//6225
f 3323//6226 3324//6226 3325//6226
f 3297//6227 3307//6227 3291//6227
f 3293//6228 3308//6228 3306//6228
f 3280//6229 3305//6229 3283//6229
f 3317//6230 3326//6230 3318//6230
f 3323//6231 3308//6231 3310//6231
f 3325//6232 3312//6232 3327//6232
f 3319//6233 3328//6233 3327//6233
f 3323//6234 3310//6234 3324//6234
f 3292//6235 3296//6235 3293//6235
f 3289//6236 3299//6236 3302//6236
f 3303//6237 3288//6237 3290//6237
f 3323//6238 3328//6238 3308//6238
f 3325//6239 3324//6239 3329//6239
f 3323//6240 3327//6240 3328//6240
f 3328//6241 3330//6241 3306//6241
f 3305//6242 3306//6242 3331//6242
f 3322//6243 3329//6243 3332//6243
f 3317//6244 3330//6244 3326//6244
f 3308//6245 3328//6245 3306//6245
f 3329//6246 3315//6246 3284//6246
f 3305//6247 3331//6247 3283//6247
f 3295//6248 3296//6248 3314//6248
f 3313//6249 3321//6249 3320//6249
f 3330//6250 3331//6250 3306//6250
f 3330//6251 3321//6251 3326//6251
f 3322//6252 3325//6252 3329//6252
f 3317//6253 3283//6253 3331//6253
f 3317//6254 3331//6254 3330//6254
f 3313//6255 3318//6255 3326//6255
f 3319//6256 3333//6256 3320//6256
f 3280//6257 3282//6257 3305//6257
f 3324//6258 3316//6258 3315//6258
f 3292//6259 3302//6259 3314//6259
f 3311//6260 3313//6260 3320//6260
f 3319//6261 3330//6261 3328//6261
f 3319//6262 3321//6262 3330//6262
f 3311//6263 3327//6263 3312//6263
f 3311//6264 3333//6264 3319//6264
f 3317//6265 3284//6265 3283//6265
f 3311//6266 3320//6266 3333//6266
f 3322//6267 3312//6267 3325//6267
f 3280//6268 3296//6268 3281//6268
f 3324//6269 3310//6269 3316//6269
f 3329//6270 3284//6270 3318//6270
f 3313//6271 3332//6271 3318//6271
f 3296//6272 3316//6272 3310//6272
f 3280//6273 3316//6273 3296//6273
f 3329//6274 3318//6274 3332//6274
f 3322//6275 3332//6275 3313//6275
f 3311//6276 3319//6276 3327//6276
f 3323//6277 3325//6277 3327//6277
f 3313//6278 3326//6278 3321//6278
f 3324//6279 3315//6279 3329//6279
f 3291//6280 3281//6280 3299//6280
f 3334//6281 3335//6281 3336//6281
f 3337//6282 3338//6282 3339//6282
f 3340//6283 3339//6283 3338//6283
f 3341//6284 3342//6284 3343//6284
f 3344//6285 3345//6285 3346//6285
f 3340//6286 3347//6286 3339//6286
f 3348//6287 3349//6287 3350//6287
f 3351//6288 3336//6288 3335//6288
f 3339//6289 3347//6289 3352//6289
f 3353//6290 3337//6290 3339//6290
f 3354//6291 3339//6291 3352//6291
f 3351//6292 3345//6292 3337//6292
f 3355//6293 3356//6293 3357//6293
f 3334//6294 3352//6294 3347//6294
f 3353//6295 3354//6295 3336//6295
f 3350//6296 3349//6296 3335//6296
f 3354//6297 3352//6297 3358//6297
f 3350//6298 3355//6298 3359//6298
f 3360//6299 3361//6299 3342//6299
f 3340//6300 3344//6300 3362//6300
f 3353//6301 3336//6301 3351//6301
f 3359//6302 3355//6302 3357//6302
f 3353//6303 3351//6303 3337//6303
f 3334//6304 3350//6304 3335//6304
f 3348//6305 3346//6305 3335//6305
f 3351//6306 3335//6306 3346//6306
f 3350//6307 3343//6307 3359//6307
f 3360//6308 3348//6308 3342//6308
f 3337//6309 3345//6309 3338//6309
f 3340//6310 3362//6310 3363//6310
f 3359//6311 3356//6311 3355//6311
f 3334//6312 3347//6312 3343//6312
f 3351//6313 3346//6313 3345//6313
f 3342//6314 3359//6314 3343//6314
f 3348//6315 3350//6315 3342//6315
f 3348//6316 3363//6316 3362//6316
f 3348//6317 3362//6317 3346//6317
f 3344//6318 3346//6318 3362//6318
f 3340//6319 3338//6319 3344//6319
f 3354//6320 3358//6320 3336//6320
f 3360//6321 3363//6321 3348//6321
f 3353//6322 3339//6322 3354//6322
f 3341//6323 3343//6323 3363//6323
f 3341//6324 3363//6324 3360//6324
f 3340//6325 3363//6325 3347//6325
f 3342//6326 3350//6326 3359//6326
f 3360//6327 3364//6327 3361//6327
f 3334//6328 3358//6328 3352//6328
f 3334//6329 3343//6329 3350//6329
f 3342//6330 3361//6330 3364//6330
f 3334//6331 3336//6331 3358//6331
f 3348//6332 3335//6332 3349//6332
f 3344//6333 3338//6333 3345//6333
f 3343//6334 3347//6334 3363//6334
f 3359//6335 3357//6335 3356//6335
f 3341//6336 3360//6336 3342//6336
f 3360//6337 3342//6337 3364//6337
f 3365//6338 3366//6338 3367//6338
f 3368//6339 3369//6339 3370//6339
f 3368//6340 3370//6340 3371//6340
f 3372//6341 3365//6341 3367//6341
f 3365//6342 3373//6342 3366//6342
f 3374//6343 3370//6343 3369//6343
f 3374//6344 3375//6344 3370//6344
f 3376//6345 3366//6345 3377//6345
f 3377//6346 3366//6346 3373//6346
f 3378//6347 3373//6347 3379//6347
f 3372//6348 3367//6348 3366//6348
f 3365//6349 3371//6349 3373//6349
f 3372//6350 3366//6350 3376//6350
f 3377//6351 3378//6351 3380//6351
f 3377//6352 3373//6352 3378//6352
f 3381//6353 3380//6353 3378//6353
f 3381//6354 3375//6354 3374//6354
f 3368//6355 3382//6355 3369//6355
f 3372//6356 3383//6356 3384//6356
f 3385//6357 3384//6357 3383//6357
f 3381//6358 3379//6358 3375//6358
f 3385//6359 3383//6359 3376//6359
f 3381//6360 3378//6360 3379//6360
f 3372//6361 3368//6361 3365//6361
f 3376//6362 3377//6362 3380//6362
f 3374//6363 3369//6363 3382//6363
f 3372//6364 3382//6364 3368//6364
f 3372//6365 3384//6365 3382//6365
f 3371//6366 3379//6366 3373//6366
f 3371//6367 3375//6367 3379//6367
f 3371//6368 3370//6368 3375//6368
f 3384//6369 3374//6369 3382//6369
f 3385//6370 3374//6370 3384//6370
f 3365//6371 3368//6371 3371//6371
f 3385//6372 3380//6372 3381//6372
f 3372//6373 3376//6373 3383//6373
f 3385//6374 3376//6374 3380//6374
f 3385//6375 3381//6375 3374//6375
f 3386//6376 3387//6376 3388//6376
f 3389//6377 3390//6377 3391//6377
f 3392//6378 3393//6378 3387//6378
f 3394//6379 3395//6379 3396//6379
f 3397//6380 3398//6380 3396//6380
f 3389//6381 3399//6381 3400//6381
f 3401//6382 3395//6382 3394//6382
f 3401//6383 3402//6383 3403//6383
f 3404//6384 3400//6384 3405//6384
f 3393//6385 3406//6385 3387//6385
f 3401//6386 3394//6386 3388//6386
f 3401//6387 3403//6387 3395//6387
f 3407//6388 3408//6388 3395//6388
f 3403//6389 3402//6389 3390//6389
f 3401//6390 3406//6390 3402//6390
f 3409//6391 3410//6391 3411//6391
f 3394//6392 3396//6392 3398//6392
f 3406//6393 3391//6393 3390//6393
f 3392//6394 3388//6394 3393//6394
f 3406//6395 3412//6395 3391//6395
f 3394//6396 3398//6396 3388//6396
f 3389//6397 3413//6397 3403//6397
f 3392//6398 3386//6398 3388//6398
f 3408//6399 3414//6399 3415//6399
f 3416//6400 3417//6400 3418//6400
f 3416//6401 3405//6401 3419//6401
f 3419//6402 3405//6402 3399//6402
f 3420//6403 3415//6403 3419//6403
f 3393//6404 3412//6404 3406//6404
f 3397//6405 3391//6405 3412//6405
f 3406//6406 3390//6406 3402//6406
f 3421//6407 3419//6407 3415//6407
f 3397//6408 3396//6408 3391//6408
f 3393//6409 3397//6409 3412//6409
f 3421//6410 3422//6410 3417//6410
f 3392//6411 3387//6411 3386//6411
f 3420//6412 3408//6412 3415//6412
f 3421//6413 3423//6413 3422//6413
f 3420//6414 3419//6414 3399//6414
f 3424//6415 3395//6415 3408//6415
f 3393//6416 3388//6416 3397//6416
f 3404//6417 3389//6417 3400//6417
f 3400//6418 3399//6418 3405//6418
f 3424//6419 3396//6419 3395//6419
f 3404//6420 3414//6420 3407//6420
f 3424//6421 3391//6421 3396//6421
f 3417//6422 3422//6422 3425//6422
f 3409//6423 3426//6423 3427//6423
f 3409//6424 3411//6424 3426//6424
f 3416//6425 3428//6425 3405//6425
f 3401//6426 3387//6426 3406//6426
f 3407//6427 3403//6427 3413//6427
f 3417//6428 3425//6428 3429//6428
f 3420//6429 3424//6429 3408//6429
f 3420//6430 3399//6430 3389//6430
f 3401//6431 3388//6431 3387//6431
f 3422//6432 3423//6432 3427//6432
f 3420//6433 3391//6433 3424//6433
f 3430//6434 3427//6434 3426//6434
f 3431//6435 3425//6435 3430//6435
f 3410//6436 3432//6436 3433//6436
f 3430//6437 3411//6437 3434//6437
f 3435//6438 3432//6438 3436//6438
f 3420//6439 3389//6439 3391//6439
f 3431//6440 3437//6440 3425//6440
f 3397//6441 3388//6441 3398//6441
f 3410//6442 3434//6442 3411//6442
f 3431//6443 3438//6443 3437//6443
f 3439//6444 3432//6444 3435//6444
f 3416//6445 3418//6445 3440//6445
f 3404//6446 3413//6446 3389//6446
f 3410//6447 3440//6447 3432//6447
f 3429//6448 3436//6448 3418//6448
f 3435//6449 3436//6449 3441//6449
f 3410//6450 3433//6450 3434//6450
f 3407//6451 3395//6451 3403//6451
f 3409//6452 3415//6452 3414//6452
f 3436//6453 3440//6453 3418//6453
f 3389//6454 3403//6454 3390//6454
f 3404//6455 3405//6455 3428//6455
f 3409//6456 3414//6456 3428//6456
f 3436//6457 3432//6457 3440//6457
f 3416//6458 3421//6458 3417//6458
f 3429//6459 3441//6459 3436//6459
f 3425//6460 3438//6460 3429//6460
f 3409//6461 3428//6461 3410//6461
f 3417//6462 3429//6462 3418//6462
f 3430//6463 3426//6463 3411//6463
f 3409//6464 3423//6464 3415//6464
f 3431//6465 3441//6465 3438//6465
f 3404//6466 3407//6466 3413//6466
f 3416//6467 3440//6467 3428//6467
f 3438//6468 3441//6468 3429//6468
f 3421//6469 3415//6469 3423//6469
f 3439//6470 3433//6470 3432//6470
f 3439//6471 3434//6471 3433//6471
f 3416//6472 3419//6472 3421//6472
f 3430//6473 3434//6473 3442//6473
f 3431//6474 3439//6474 3441//6474
f 3407//6475 3414//6475 3408//6475
f 3409//6476 3427//6476 3423//6476
f 3404//6477 3428//6477 3414//6477
f 3430//6478 3422//6478 3427//6478
f 3439//6479 3435//6479 3441//6479
f 3430//6480 3425//6480 3422//6480
f 3410//6481 3428//6481 3440//6481
f 3425//6482 3437//6482 3438//6482
f 3439//6483 3442//6483 3434//6483
f 3431//6484 3442//6484 3439//6484
f 3431//6485 3430//6485 3442//6485
f 3443//6486 3444//6486 3445//6486
f 3444//6487 3446//6487 3445//6487
f 3447//6488 3448//6488 3449//6488
f 3450//6489 3451//6489 3452//6489
f 3453//6490 3446//6490 3454//6490
f 3453//6491 3445//6491 3446//6491
f 3455//6492 3456//6492 3452//6492
f 3457//6493 3458//6493 3455//6493
f 3459//6494 3444//6494 3460//6494
f 3443//6495 3445//6495 3461//6495
f 3455//6496 3462//6496 3460//6496
f 3455//6497 3449//6497 3456//6497
f 3450//6498 3461//6498 3453//6498
f 3454//6499 3462//6499 3458//6499
f 3459//6500 3460//6500 3462//6500
f 3457//6501 3463//6501 3454//6501
f 3447//6502 3456//6502 3464//6502
f 3455//6503 3458//6503 3462//6503
f 3465//6504 3456//6504 3447//6504
f 3449//6505 3460//6505 3444//6505
f 3457//6506 3455//6506 3452//6506
f 3449//6507 3466//6507 3467//6507
f 3450//6508 3463//6508 3451//6508
f 3449//6509 3448//6509 3468//6509
f 3459//6510 3446//6510 3444//6510
f 3469//6511 3447//6511 3464//6511
f 3456//6512 3467//6512 3470//6512
f 3468//6513 3471//6513 3472//6513
f 3453//6514 3461//6514 3445//6514
f 3449//6515 3467//6515 3456//6515
f 3467//6516 3473//6516 3474//6516
f 3456//6517 3470//6517 3464//6517
f 3457//6518 3451//6518 3463//6518
f 3465//6519 3450//6519 3452//6519
f 3475//6520 3464//6520 3476//6520
f 3457//6521 3452//6521 3451//6521
f 3450//6522 3453//6522 3463//6522
f 3467//6523 3466//6523 3468//6523
f 3477//6524 3474//6524 3473//6524
f 3467//6525 3474//6525 3477//6525
f 3464//6526 3470//6526 3476//6526
f 3449//6527 3472//6527 3466//6527
f 3465//6528 3447//6528 3443//6528
f 3457//6529 3454//6529 3458//6529
f 3449//6530 3444//6530 3443//6530
f 3471//6531 3466//6531 3472//6531
f 3453//6532 3454//6532 3463//6532
f 3475//6533 3469//6533 3464//6533
f 3475//6534 3476//6534 3468//6534
f 3465//6535 3461//6535 3450//6535
f 3475//6536 3468//6536 3448//6536
f 3449//6537 3468//6537 3472//6537
f 3475//6538 3448//6538 3447//6538
f 3465//6539 3443//6539 3461//6539
f 3454//6540 3459//6540 3462//6540
f 3447//6541 3449//6541 3443//6541
f 3455//6542 3460//6542 3449//6542
f 3467//6543 3477//6543 3473//6543
f 3454//6544 3446//6544 3459//6544
f 3467//6545 3476//6545 3470//6545
f 3467//6546 3468//6546 3476//6546
f 3468//6547 3466//6547 3471//6547
f 3475//6548 3447//6548 3469//6548
f 3465//6549 3452//6549 3456//6549
f 3478//6550 3479//6550 3480//6550
f 3481//6551 3482//6551 3483//6551
f 3484//6552 3485//6552 3486//6552
f 3487//6553 3488//6553 3489//6553
f 3490//6554 3488//6554 3483//6554
f 3491//6555 3492//6555 3488//6555
f 3481//6556 3493//6556 3482//6556
f 3485//6557 3494//6557 3486//6557
f 3481//6558 3484//6558 3495//6558
f 3481//6559 3495//6559 3493//6559
f 3493//6560 3495//6560 3494//6560
f 3491//6561 3487//6561 3480//6561
f 3485//6562 3496//6562 3494//6562
f 3478//6563 3480//6563 3487//6563
f 3491//6564 3488//6564 3487//6564
f 3491//6565 3480//6565 3497//6565
f 3478//6566 3498//6566 3485//6566
f 3499//6567 3487//6567 3489//6567
f 3484//6568 3486//6568 3495//6568
f 3499//6569 3496//6569 3498//6569
f 3481//6570 3497//6570 3484//6570
f 3483//6571 3488//6571 3492//6571
f 3490//6572 3483//6572 3482//6572
f 3490//6573 3500//6573 3489//6573
f 3478//6574 3485//6574 3479//6574
f 3485//6575 3498//6575 3496//6575
f 3484//6576 3479//6576 3485//6576
f 3490//6577 3493//6577 3500//6577
f 3499//6578 3500//6578 3496//6578
f 3490//6579 3482//6579 3493//6579
f 3499//6580 3489//6580 3500//6580
f 3494//6581 3495//6581 3486//6581
f 3481//6582 3483//6582 3492//6582
f 3490//6583 3489//6583 3488//6583
f 3478//6584 3487//6584 3499//6584
f 3481//6585 3491//6585 3497//6585
f 3481//6586 3492//6586 3491//6586
f 3497//6587 3480//6587 3479//6587
f 3484//6588 3497//6588 3479//6588
f 3493//6589 3494//6589 3500//6589
f 3494//6590 3496//6590 3500//6590
f 3478//6591 3499//6591 3498//6591
f 3501//6592 3502//6592 3503//6592
f 3504//6593 3505//6593 3506//6593
f 3507//6594 3508//6594 3509//6594
f 3501//6595 3510//6595 3502//6595
f 3509//6596 3511//6596 3506//6596
f 3501//6597 3508//6597 3512//6597
f 3501//6598 3512//6598 3510//6598
f 3512//6599 3513//6599 3510//6599
f 3504//6600 3503//6600 3514//6600
f 3507//6601 3515//6601 3516//6601
f 3504//6602 3511//6602 3517//6602
f 3518//6603 3519//6603 3520//6603
f 3521//6604 3514//6604 3503//6604
f 3502//6605 3522//6605 3505//6605
f 3518//6606 3516//6606 3523//6606
f 3518//6607 3507//6607 3516//6607
f 3504//6608 3514//6608 3502//6608
f 3501//6609 3509//6609 3508//6609
f 3524//6610 3525//6610 3523//6610
f 3504//6611 3517//6611 3503//6611
f 3501//6612 3503//6612 3517//6612
f 3526//6613 3527//6613 3528//6613
f 3529//6614 3506//6614 3505//6614
f 3507//6615 3530//6615 3508//6615
f 3531//6616 3532//6616 3515//6616
f 3532//6617 3533//6617 3515//6617
f 3510//6618 3513//6618 3522//6618
f 3521//6619 3503//6619 3502//6619
f 3504//6620 3506//6620 3511//6620
f 3524//6621 3516//6621 3533//6621
f 3512//6622 3531//6622 3513//6622
f 3518//6623 3523//6623 3534//6623
f 3502//6624 3510//6624 3522//6624
f 3518//6625 3534//6625 3519//6625
f 3535//6626 3525//6626 3536//6626
f 3529//6627 3513//6627 3515//6627
f 3526//6628 3520//6628 3519//6628
f 3534//6629 3537//6629 3519//6629
f 3529//6630 3522//6630 3513//6630
f 3529//6631 3505//6631 3522//6631
f 3512//6632 3508//6632 3530//6632
f 3520//6633 3532//6633 3531//6633
f 3507//6634 3529//6634 3515//6634
f 3504//6635 3502//6635 3505//6635
f 3538//6636 3536//6636 3539//6636
f 3507//6637 3509//6637 3529//6637
f 3526//6638 3533//6638 3532//6638
f 3527//6639 3540//6639 3541//6639
f 3526//6640 3537//6640 3527//6640
f 3542//6641 3528//6641 3543//6641
f 3524//6642 3526//6642 3528//6642
f 3530//6643 3520//6643 3531//6643
f 3544//6644 3545//6644 3546//6644
f 3546//6645 3545//6645 3538//6645
f 3547//6646 3548//6646 3549//6646
f 3512//6647 3530//6647 3531//6647
f 3538//6648 3545//6648 3536//6648
f 3524//6649 3523//6649 3516//6649
f 3509//6650 3517//6650 3511//6650
f 3547//6651 3540//6651 3550//6651
f 3526//6652 3532//6652 3520//6652
f 3551//6653 3540//6653 3537//6653
f 3542//6654 3539//6654 3525//6654
f 3542//6655 3552//6655 3539//6655
f 3548//6656 3553//6656 3549//6656
f 3547//6657 3543//6657 3541//6657
f 3501//6658 3517//6658 3509//6658
f 3547//6659 3541//6659 3540//6659
f 3524//6660 3533//6660 3526//6660
f 3546//6661 3554//6661 3555//6661
f 3554//6662 3538//6662 3539//6662
f 3518//6663 3520//6663 3530//6663
f 3542//6664 3525//6664 3524//6664
f 3521//6665 3502//6665 3514//6665
f 3531//6666 3515//6666 3513//6666
f 3535//6667 3523//6667 3525//6667
f 3516//6668 3515//6668 3533//6668
f 3556//6669 3550//6669 3544//6669
f 3529//6670 3509//6670 3506//6670
f 3554//6671 3539//6671 3552//6671
f 3526//6672 3519//6672 3537//6672
f 3556//6673 3546//6673 3548//6673
f 3535//6674 3534//6674 3523//6674
f 3544//6675 3551//6675 3535//6675
f 3554//6676 3552//6676 3555//6676
f 3535//6677 3551//6677 3534//6677
f 3547//6678 3550//6678 3548//6678
f 3551//6679 3550//6679 3540//6679
f 3546//6680 3555//6680 3553//6680
f 3546//6681 3538//6681 3554//6681
f 3544//6682 3535//6682 3545//6682
f 3544//6683 3550//6683 3551//6683
f 3556//6684 3548//6684 3550//6684
f 3546//6685 3553//6685 3548//6685
f 3539//6686 3536//6686 3525//6686
f 3527//6687 3537//6687 3540//6687
f 3535//6688 3536//6688 3545//6688
f 3555//6689 3549//6689 3553//6689
f 3547//6690 3549//6690 3543//6690
f 3543//6691 3528//6691 3527//6691
f 3543//6692 3549//6692 3552//6692
f 3543//6693 3527//6693 3541//6693
f 3555//6694 3552//6694 3549//6694
f 3542//6695 3543//6695 3552//6695
f 3551//6696 3537//6696 3534//6696
f 3518//6697 3530//6697 3507//6697
f 3542//6698 3524//6698 3528//6698
f 3556//6699 3544//6699 3546//6699
f 3557//6700 3558//6700 3559//6700
f 3557//6701 3559//6701 3560//6701
f 3561//6702 3562//6702 3563//6702
f 3563//6703 3564//6703 3565//6703
f 3566//6704 3567//6704 3568//6704
f 3569//6705 3570//6705 3567//6705
f 3571//6706 3572//6706 3573//6706
f 3574//6707 3565//6707 3564//6707
f 3575//6708 3572//6708 3576//6708
f 3569//6709 3567//6709 3577//6709
f 3557//6710 3575//6710 3576//6710
f 3575//6711 3573//6711 3572//6711
f 3557//6712 3578//6712 3575//6712
f 3571//6713 3579//6713 3572//6713
f 3580//6714 3578//6714 3559//6714
f 3561//6715 3565//6715 3579//6715
f 3574//6716 3572//6716 3579//6716
f 3557//6717 3576//6717 3564//6717
f 3563//6718 3562//6718 3558//6718
f 3581//6719 3573//6719 3578//6719
f 3571//6720 3573//6720 3581//6720
f 3561//6721 3579//6721 3566//6721
f 3580//6722 3559//6722 3568//6722
f 3557//6723 3563//6723 3558//6723
f 3574//6724 3576//6724 3572//6724
f 3580//6725 3582//6725 3583//6725
f 3561//6726 3566//6726 3562//6726
f 3562//6727 3559//6727 3558//6727
f 3566//6728 3568//6728 3562//6728
f 3574//6729 3564//6729 3576//6729
f 3557//6730 3560//6730 3578//6730
f 3580//6731 3584//6731 3582//6731
f 3574//6732 3579//6732 3565//6732
f 3575//6733 3578//6733 3573//6733
f 3569//6734 3583//6734 3585//6734
f 3582//6735 3584//6735 3586//6735
f 3569//6736 3585//6736 3587//6736
f 3570//6737 3587//6737 3588//6737
f 3559//6738 3578//6738 3560//6738
f 3562//6739 3568//6739 3559//6739
f 3568//6740 3588//6740 3587//6740
f 3589//6741 3584//6741 3590//6741
f 3568//6742 3587//6742 3585//6742
f 3571//6743 3567//6743 3566//6743
f 3557//6744 3564//6744 3563//6744
f 3569//6745 3577//6745 3580//6745
f 3567//6746 3588//6746 3568//6746
f 3580//6747 3577//6747 3581//6747
f 3580//6748 3581//6748 3578//6748
f 3567//6749 3570//6749 3588//6749
f 3583//6750 3584//6750 3589//6750
f 3571//6751 3581//6751 3577//6751
f 3568//6752 3585//6752 3590//6752
f 3571//6753 3566//6753 3579//6753
f 3571//6754 3577//6754 3567//6754
f 3583//6755 3589//6755 3590//6755
f 3583//6756 3582//6756 3586//6756
f 3580//6757 3590//6757 3584//6757
f 3583//6758 3586//6758 3584//6758
f 3569//6759 3587//6759 3570//6759
f 3569//6760 3580//6760 3583//6760
f 3561//6761 3563//6761 3565//6761
f 3580//6762 3568//6762 3590//6762
f 3583//6763 3590//6763 3585//6763
f 3591//6764 3592//6764 3593//6764
f 3594//6765 3595//6765 3596//6765
f 3597//6766 3598//6766 3599//6766
f 3598//6767 3600//6767 3595//6767
f 3597//6768 3600//6768 3598//6768
f 3601//6769 3602//6769 3603//6769
f 3604//6770 3599//6770 3594//6770
f 3601//6771 3594//6771 3596//6771
f 3605//6772 3606//6772 3591//6772
f 3605//6773 3607//6773 3608//6773
f 3609//6774 3605//6774 3608//6774
f 3609//6775 3595//6775 3600//6775
f 3610//6776 3606//6776 3600//6776
f 3603//6777 3592//6777 3611//6777
f 3609//6778 3612//6778 3595//6778
f 3613//6779 3608//6779 3607//6779
f 3597//6780 3599//6780 3611//6780
f 3601//6781 3603//6781 3604//6781
f 3613//6782 3602//6782 3608//6782
f 3609//6783 3608//6783 3612//6783
f 3601//6784 3604//6784 3594//6784
f 3605//6785 3591//6785 3593//6785
f 3613//6786 3607//6786 3593//6786
f 3613//6787 3593//6787 3592//6787
f 3613//6788 3603//6788 3602//6788
f 3601//6789 3608//6789 3602//6789
f 3598//6790 3594//6790 3599//6790
f 3591//6791 3611//6791 3592//6791
f 3598//6792 3595//6792 3594//6792
f 3601//6793 3596//6793 3612//6793
f 3609//6794 3606//6794 3605//6794
f 3605//6795 3593//6795 3607//6795
f 3612//6796 3596//6796 3595//6796
f 3597//6797 3611//6797 3591//6797
f 3613//6798 3592//6798 3603//6798
f 3597//6799 3610//6799 3600//6799
f 3601//6800 3612//6800 3608//6800
f 3603//6801 3611//6801 3604//6801
f 3604//6802 3611//6802 3599//6802
f 3609//6803 3600//6803 3606//6803
f 3597//6804 3591//6804 3610//6804
f 3591//6805 3606//6805 3610//6805
f 3614//6806 3615//6806 3616//6806
f 3616//6807 3617//6807 3618//6807
f 3619//6808 3614//6808 3620//6808
f 3614//6809 3621//6809 3620//6809
f 3619//6810 3617//6810 3614//6810
f 3616//6811 3622//6811 3617//6811
f 3623//6812 3624//6812 3625//6812
f 3617//6813 3622//6813 3615//6813
f 3616//6814 3618//6814 3626//6814
f 3619//6815 3627//6815 3618//6815
f 3614//6816 3616//6816 3626//6816
f 3619//6817 3623//6817 3627//6817
f 3628//6818 3629//6818 3630//6818
f 3629//6819 3631//6819 3624//6819
f 3628//6820 3632//6820 3629//6820
f 3627//6821 3633//6821 3618//6821
f 3627//6822 3634//6822 3628//6822
f 3614//6823 3617//6823 3615//6823
f 3621//6824 3626//6824 3630//6824
f 3623//6825 3620//6825 3621//6825
f 3633//6826 3630//6826 3626//6826
f 3635//6827 3629//6827 3632//6827
f 3619//6828 3618//6828 3617//6828
f 3623//6829 3630//6829 3624//6829
f 3636//6830 3637//6830 3638//6830
f 3632//6831 3639//6831 3640//6831
f 3628//6832 3634//6832 3632//6832
f 3632//6833 3641//6833 3639//6833
f 3627//6834 3625//6834 3642//6834
f 3614//6835 3626//6835 3621//6835
f 3636//6836 3638//6836 3643//6836
f 3636//6837 3643//6837 3644//6837
f 3618//6838 3633//6838 3626//6838
f 3645//6839 3631//6839 3646//6839
f 3635//6840 3640//6840 3647//6840
f 3625//6841 3631//6841 3645//6841
f 3648//6842 3649//6842 3650//6842
f 3651//6843 3652//6843 3653//6843
f 3635//6844 3632//6844 3640//6844
f 3651//6845 3654//6845 3655//6845
f 3635//6846 3631//6846 3629//6846
f 3651//6847 3647//6847 3640//6847
f 3635//6848 3646//6848 3631//6848
f 3656//6849 3641//6849 3645//6849
f 3657//6850 3658//6850 3659//6850
f 3642//6851 3641//6851 3634//6851
f 3635//6852 3647//6852 3646//6852
f 3660//6853 3643//6853 3638//6853
f 3660//6854 3638//6854 3653//6854
f 3628//6855 3630//6855 3633//6855
f 3642//6856 3625//6856 3645//6856
f 3648//6857 3661//6857 3656//6857
f 3627//6858 3642//6858 3634//6858
f 3662//6859 3639//6859 3661//6859
f 3627//6860 3623//6860 3625//6860
f 3661//6861 3641//6861 3656//6861
f 3619//6862 3620//6862 3623//6862
f 3642//6863 3645//6863 3641//6863
f 3616//6864 3615//6864 3622//6864
f 3659//6865 3663//6865 3649//6865
f 3632//6866 3634//6866 3641//6866
f 3661//6867 3639//6867 3641//6867
f 3657//6868 3652//6868 3655//6868
f 3662//6869 3649//6869 3663//6869
f 3648//6870 3644//6870 3649//6870
f 3664//6871 3653//6871 3652//6871
f 3655//6872 3654//6872 3662//6872
f 3651//6873 3640//6873 3654//6873
f 3653//6874 3638//6874 3637//6874
f 3623//6875 3621//6875 3630//6875
f 3656//6876 3645//6876 3646//6876
f 3657//6877 3655//6877 3658//6877
f 3627//6878 3628//6878 3633//6878
f 3637//6879 3646//6879 3647//6879
f 3660//6880 3653//6880 3664//6880
f 3662//6881 3650//6881 3649//6881
f 3636//6882 3644//6882 3648//6882
f 3636//6883 3648//6883 3656//6883
f 3648//6884 3650//6884 3661//6884
f 3659//6885 3649//6885 3644//6885
f 3625//6886 3624//6886 3631//6886
f 3659//6887 3644//6887 3665//6887
f 3657//6888 3659//6888 3664//6888
f 3636//6889 3646//6889 3637//6889
f 3662//6890 3654//6890 3639//6890
f 3657//6891 3664//6891 3652//6891
f 3629//6892 3624//6892 3630//6892
f 3662//6893 3661//6893 3650//6893
f 3636//6894 3656//6894 3646//6894
f 3655//6895 3662//6895 3663//6895
f 3651//6896 3655//6896 3652//6896
f 3660//6897 3665//6897 3643//6897
f 3659//6898 3660//6898 3664//6898
f 3651//6899 3637//6899 3647//6899
f 3665//6900 3644//6900 3643//6900
f 3651//6901 3653//6901 3637//6901
f 3659//6902 3658//6902 3663//6902
f 3655//6903 3663//6903 3658//6903
f 3659//6904 3665//6904 3660//6904
f 3639//6905 3654//6905 3640//6905
f 3666//6906 3667//6906 3668//6906
f 3669//6907 3670//6907 3671//6907
f 3669//6908 3671//6908 3672//6908
f 3673//6909 3674//6909 3672//6909
f 3675//6910 3672//6910 3674//6910
f 3676//6911 3677//6911 3674//6911
f 3678//6912 3679//6912 3680//6912
f 3671//6913 3670//6913 3673//6913
f 3681//6914 3682//6914 3683//6914
f 3684//6915 3676//6915 3670//6915
f 3685//6916 3686//6916 3672//6916
f 3687//6917 3679//6917 3678//6917
f 3685//6918 3667//6918 3688//6918
f 3684//6919 3670//6919 3678//6919
f 3685//6920 3689//6920 3667//6920
f 3690//6921 3683//6921 3682//6921
f 3670//6922 3691//6922 3678//6922
f 3684//6923 3692//6923 3677//6923
f 3677//6924 3675//6924 3674//6924
f 3690//6925 3668//6925 3667//6925
f 3690//6926 3693//6926 3668//6926
f 3684//6927 3677//6927 3676//6927
f 3666//6928 3694//6928 3667//6928
f 3666//6929 3686//6929 3694//6929
f 3695//6930 3696//6930 3691//6930
f 3687//6931 3697//6931 3695//6931
f 3671//6932 3673//6932 3672//6932
f 3690//6933 3698//6933 3693//6933
f 3685//6934 3675//6934 3681//6934
f 3681//6935 3677//6935 3692//6935
f 3681//6936 3698//6936 3690//6936
f 3685//6937 3694//6937 3686//6937
f 3676//6938 3674//6938 3673//6938
f 3681//6939 3675//6939 3677//6939
f 3676//6940 3673//6940 3670//6940
f 3697//6941 3691//6941 3696//6941
f 3678//6942 3680//6942 3699//6942
f 3679//6943 3699//6943 3700//6943
f 3701//6944 3702//6944 3703//6944
f 3701//6945 3704//6945 3702//6945
f 3690//6946 3689//6946 3683//6946
f 3688//6947 3667//6947 3694//6947
f 3701//6948 3703//6948 3705//6948
f 3681//6949 3690//6949 3682//6949
f 3695//6950 3697//6950 3696//6950
f 3668//6951 3705//6951 3703//6951
f 3695//6952 3691//6952 3670//6952
f 3684//6953 3678//6953 3693//6953
f 3699//6954 3680//6954 3700//6954
f 3666//6955 3695//6955 3670//6955
f 3704//6956 3668//6956 3703//6956
f 3687//6957 3666//6957 3701//6957
f 3690//6958 3667//6958 3689//6958
f 3678//6959 3691//6959 3697//6959
f 3669//6960 3672//6960 3686//6960
f 3666//6961 3668//6961 3704//6961
f 3687//6962 3695//6962 3666//6962
f 3684//6963 3693//6963 3692//6963
f 3693//6964 3698//6964 3692//6964
f 3685//6965 3688//6965 3694//6965
f 3687//6966 3678//6966 3697//6966
f 3693//6967 3699//6967 3679//6967
f 3681//6968 3683//6968 3689//6968
f 3666//6969 3670//6969 3669//6969
f 3701//6970 3705//6970 3679//6970
f 3681//6971 3692//6971 3698//6971
f 3693//6972 3678//6972 3699//6972
f 3693//6973 3679//6973 3705//6973
f 3679//6974 3700//6974 3680//6974
f 3702//6975 3704//6975 3703//6975
f 3666//6976 3669//6976 3686//6976
f 3666//6977 3704//6977 3701//6977
f 3685//6978 3681//6978 3689//6978
f 3693//6979 3705//6979 3668//6979
f 3687//6980 3701//6980 3679//6980
f 3685//6981 3672//6981 3675//6981
f 3706//6982 3707//6982 3708//6982
f 3709//6983 3710//6983 3706//6983
f 3711//6984 3712//6984 3713//6984
f 3714//6985 3715//6985 3710//6985
f 3716//6986 3717//6986 3718//6986
f 3709//6987 3708//6987 3719//6987
f 3716//6988 3707//6988 3720//6988
f 3721//6989 3722//6989 3723//6989
f 3721//6990 3711//6990 3719//6990
f 3711//6991 3713//6991 3715//6991
f 3710//6992 3715//6992 3717//6992
f 3706//6993 3710//6993 3720//6993
f 3724//6994 3718//6994 3713//6994
f 3716//6995 3718//6995 3724//6995
f 3711//6996 3715//6996 3714//6996
f 3721//6997 3719//6997 3725//6997
f 3710//6998 3717//6998 3720//6998
f 3712//6999 3724//6999 3713//6999
f 3709//7000 3706//7000 3708//7000
f 3721//7001 3725//7001 3722//7001
f 3721//7002 3712//7002 3711//7002
f 3721//7003 3723//7003 3712//7003
f 3709//7004 3714//7004 3710//7004
f 3716//7005 3724//7005 3722//7005
f 3706//7006 3720//7006 3707//7006
f 3716//7007 3720//7007 3717//7007
f 3713//7008 3718//7008 3715//7008
f 3722//7009 3724//7009 3723//7009
f 3709//7010 3719//7010 3714//7010
f 3719//7011 3708//7011 3725//7011
f 3722//7012 3725//7012 3707//7012
f 3716//7013 3722//7013 3707//7013
f 3712//7014 3723//7014 3724//7014
f 3725//7015 3708//7015 3707//7015
f 3711//7016 3714//7016 3719//7016
f 3718//7017 3717//7017 3715//7017
f 3726//7018 3727//7018 3728//7018
f 3729//7019 3730//7019 3731//7019
f 3732//7020 3733//7020 3734//7020
f 3735//7021 3736//7021 3737//7021
f 3738//7022 3739//7022 3740//7022
f 3729//7023 3728//7023 3727//7023
f 3741//7024 3742//7024 3732//7024
f 3726//7025 3743//7025 3740//7025
f 3744//7026 3745//7026 3737//7026
f 3728//7027 3740//7027 3743//7027
f 3726//7028 3740//7028 3727//7028
f 3746//7029 3744//7029 3730//7029
f 3729//7030 3747//7030 3730//7030
f 3728//7031 3738//7031 3740//7031
f 3729//7032 3734//7032 3748//7032
f 3726//7033 3728//7033 3743//7033
f 3749//7034 3750//7034 3745//7034
f 3728//7035 3748//7035 3738//7035
f 3734//7036 3751//7036 3748//7036
f 3738//7037 3748//7037 3751//7037
f 3731//7038 3741//7038 3734//7038
f 3735//7039 3752//7039 3736//7039
f 3734//7040 3733//7040 3751//7040
f 3746//7041 3753//7041 3744//7041
f 3735//7042 3754//7042 3752//7042
f 3751//7043 3733//7043 3739//7043
f 3755//7044 3750//7044 3756//7044
f 3731//7045 3744//7045 3741//7045
f 3744//7046 3753//7046 3745//7046
f 3727//7047 3757//7047 3747//7047
f 3741//7048 3736//7048 3742//7048
f 3757//7049 3739//7049 3746//7049
f 3741//7050 3737//7050 3736//7050
f 3735//7051 3737//7051 3758//7051
f 3757//7052 3740//7052 3739//7052
f 3727//7053 3740//7053 3757//7053
f 3738//7054 3751//7054 3739//7054
f 3729//7055 3731//7055 3734//7055
f 3735//7056 3759//7056 3760//7056
f 3746//7057 3732//7057 3753//7057
f 3761//7058 3762//7058 3763//7058
f 3741//7059 3744//7059 3737//7059
f 3764//7060 3765//7060 3766//7060
f 3729//7061 3727//7061 3747//7061
f 3767//7062 3759//7062 3758//7062
f 3731//7063 3730//7063 3744//7063
f 3741//7064 3732//7064 3734//7064
f 3732//7065 3768//7065 3753//7065
f 3749//7066 3752//7066 3769//7066
f 3749//7067 3769//7067 3756//7067
f 3757//7068 3730//7068 3747//7068
f 3757//7069 3746//7069 3730//7069
f 3767//7070 3770//7070 3764//7070
f 3771//7071 3763//7071 3772//7071
f 3773//7072 3769//7072 3774//7072
f 3758//7073 3737//7073 3745//7073
f 3762//7074 3775//7074 3770//7074
f 3755//7075 3773//7075 3763//7075
f 3746//7076 3733//7076 3732//7076
f 3736//7077 3768//7077 3742//7077
f 3765//7078 3775//7078 3766//7078
f 3749//7079 3753//7079 3768//7079
f 3764//7080 3766//7080 3776//7080
f 3749//7081 3768//7081 3752//7081
f 3767//7082 3758//7082 3750//7082
f 3755//7083 3769//7083 3773//7083
f 3777//7084 3776//7084 3778//7084
f 3749//7085 3745//7085 3753//7085
f 3767//7086 3764//7086 3759//7086
f 3735//7087 3758//7087 3759//7087
f 3732//7088 3742//7088 3768//7088
f 3755//7089 3756//7089 3769//7089
f 3735//7090 3760//7090 3754//7090
f 3729//7091 3748//7091 3728//7091
f 3761//7092 3775//7092 3762//7092
f 3767//7093 3762//7093 3770//7093
f 3777//7094 3766//7094 3775//7094
f 3755//7095 3763//7095 3762//7095
f 3752//7096 3754//7096 3774//7096
f 3754//7097 3779//7097 3774//7097
f 3760//7098 3776//7098 3754//7098
f 3777//7099 3780//7099 3779//7099
f 3758//7100 3745//7100 3750//7100
f 3777//7101 3779//7101 3776//7101
f 3761//7102 3771//7102 3775//7102
f 3773//7103 3774//7103 3772//7103
f 3764//7104 3760//7104 3759//7104
f 3771//7105 3772//7105 3780//7105
f 3773//7106 3772//7106 3763//7106
f 3764//7107 3770//7107 3765//7107
f 3746//7108 3739//7108 3733//7108
f 3776//7109 3766//7109 3778//7109
f 3764//7110 3776//7110 3760//7110
f 3765//7111 3770//7111 3775//7111
f 3777//7094 3778//7094 3766//7094
f 3779//7112 3780//7112 3772//7112
f 3767//7113 3755//7113 3762//7113
f 3754//7114 3776//7114 3779//7114
f 3752//7115 3768//7115 3736//7115
f 3761//7116 3763//7116 3771//7116
f 3749//7117 3756//7117 3750//7117
f 3752//7118 3774//7118 3769//7118
f 3771//7119 3780//7119 3775//7119
f 3779//7120 3772//7120 3774//7120
f 3777//7121 3775//7121 3780//7121
f 3767//7122 3750//7122 3755//7122
f 3781//7123 3782//7123 3783//7123
f 3784//7124 3785//7124 3786//7124
f 3787//7125 3788//7125 3789//7125
f 3784//7126 3790//7126 3791//7126
f 3781//7127 3783//7127 3790//7127
f 3787//7128 3791//7128 3790//7128
f 3792//7129 3793//7129 3788//7129
f 3790//7130 3783//7130 3782//7130
f 3794//7131 3795//7131 3796//7131
f 3797//7132 3798//7132 3781//7132
f 3784//7133 3781//7133 3790//7133
f 3789//7134 3799//7134 3794//7134
f 3797//7135 3781//7135 3800//7135
f 3801//7136 3802//7136 3803//7136
f 3792//7137 3804//7137 3805//7137
f 3806//7138 3800//7138 3781//7138
f 3781//7139 3798//7139 3782//7139
f 3807//7140 3802//7140 3799//7140
f 3793//7141 3789//7141 3788//7141
f 3808//7142 3802//7142 3794//7142
f 3801//7143 3795//7143 3794//7143
f 3808//7144 3794//7144 3799//7144
f 3801//7145 3806//7145 3784//7145
f 3793//7146 3805//7146 3807//7146
f 3801//7147 3803//7147 3809//7147
f 3810//7148 3811//7148 3812//7148
f 3789//7149 3794//7149 3796//7149
f 3792//7150 3813//7150 3814//7150
f 3787//7151 3789//7151 3791//7151
f 3791//7152 3795//7152 3786//7152
f 3793//7153 3807//7153 3799//7153
f 3801//7154 3784//7154 3795//7154
f 3797//7155 3815//7155 3787//7155
f 3810//7156 3814//7156 3811//7156
f 3788//7157 3812//7157 3813//7157
f 3816//7158 3817//7158 3818//7158
f 3791//7159 3786//7159 3785//7159
f 3787//7160 3782//7160 3798//7160
f 3787//7161 3790//7161 3782//7161
f 3801//7162 3809//7162 3800//7162
f 3801//7163 3794//7163 3802//7163
f 3788//7164 3810//7164 3812//7164
f 3813//7165 3816//7165 3818//7165
f 3797//7166 3800//7166 3809//7166
f 3801//7167 3800//7167 3806//7167
f 3808//7168 3799//7168 3802//7168
f 3792//7169 3819//7169 3804//7169
f 3792//7170 3805//7170 3819//7170
f 3805//7171 3814//7171 3815//7171
f 3797//7172 3809//7172 3815//7172
f 3792//7173 3805//7173 3793//7173
f 3787//7174 3815//7174 3810//7174
f 3787//7175 3810//7175 3788//7175
f 3814//7176 3813//7176 3811//7176
f 3806//7177 3781//7177 3784//7177
f 3813//7178 3818//7178 3817//7178
f 3784//7179 3786//7179 3795//7179
f 3805//7180 3815//7180 3807//7180
f 3807//7181 3809//7181 3803//7181
f 3812//7182 3817//7182 3816//7182
f 3784//7183 3791//7183 3785//7183
f 3807//7184 3803//7184 3802//7184
f 3792//7185 3788//7185 3813//7185
f 3810//7186 3815//7186 3814//7186
f 3792//7187 3814//7187 3805//7187
f 3793//7188 3799//7188 3789//7188
f 3815//7189 3809//7189 3807//7189
f 3789//7190 3795//7190 3791//7190
f 3813//7191 3812//7191 3816//7191
f 3811//7192 3817//7192 3812//7192
f 3813//7193 3817//7193 3811//7193
f 3789//7194 3796//7194 3795//7194
f 3797//7195 3787//7195 3798//7195
f 3805//7196 3804//7196 3819//7196
f 3820//7197 3821//7197 3822//7197
f 3823//7198 3824//7198 3825//7198
f 3826//7199 3827//7199 3828//7199
f 3829//7200 3830//7200 3831//7200
f 3825//7201 3827//7201 3832//7201
f 3827//7202 3833//7202 3834//7202
f 3821//7203 3824//7203 3822//7203
f 3835//7204 3834//7204 3836//7204
f 3823//7205 3829//7205 3822//7205
f 3820//7206 3837//7206 3838//7206
f 3823//7207 3825//7207 3832//7207
f 3823//7208 3830//7208 3829//7208
f 3826//7209 3835//7209 3839//7209
f 3829//7210 3831//7210 3840//7210
f 3837//7211 3836//7211 3838//7211
f 3821//7212 3825//7212 3824//7212
f 3838//7213 3833//7213 3821//7213
f 3825//7214 3833//7214 3827//7214
f 3820//7215 3838//7215 3821//7215
f 3837//7216 3840//7216 3839//7216
f 3823//7217 3822//7217 3824//7217
f 3821//7218 3833//7218 3825//7218
f 3826//7219 3832//7219 3827//7219
f 3823//7220 3832//7220 3830//7220
f 3826//7221 3828//7221 3835//7221
f 3820//7222 3822//7222 3829//7222
f 3837//7223 3841//7223 3836//7223
f 3839//7224 3840//7224 3831//7224
f 3838//7225 3834//7225 3833//7225
f 3826//7226 3831//7226 3830//7226
f 3835//7227 3828//7227 3834//7227
f 3826//7228 3839//7228 3831//7228
f 3827//7229 3834//7229 3828//7229
f 3838//7230 3836//7230 3834//7230
f 3826//7231 3830//7231 3832//7231
f 3820//7232 3829//7232 3840//7232
f 3835//7233 3836//7233 3841//7233
f 3837//7234 3839//7234 3841//7234
f 3820//7235 3840//7235 3837//7235
f 3835//7236 3841//7236 3839//7236
f 3842//7237 3843//7237 3844//7237
f 3845//7238 3846//7238 3847//7238
f 3848//7239 3849//7239 3850//7239
f 3851//7240 3852//7240 3846//7240
f 3851//7241 3853//7241 3852//7241
f 3854//7242 3843//7242 3855//7242
f 3853//7243 3856//7243 3857//7243
f 3858//7244 3859//7244 3860//7244
f 3855//7245 3857//7245 3856//7245
f 3848//7246 3850//7246 3861//7246
f 3845//7247 3847//7247 3842//7247
f 3851//7248 3846//7248 3856//7248
f 3862//7249 3863//7249 3864//7249
f 3845//7250 3865//7250 3846//7250
f 3866//7251 3844//7251 3843//7251
f 3865//7252 3867//7252 3856//7252
f 3868//7253 3861//7253 3869//7253
f 3854//7254 3867//7254 3865//7254
f 3853//7255 3857//7255 3852//7255
f 3845//7256 3864//7256 3865//7256
f 3851//7257 3856//7257 3853//7257
f 3862//7258 3844//7258 3868//7258
f 3870//7259 3850//7259 3849//7259
f 3854//7260 3865//7260 3864//7260
f 3862//7261 3868//7261 3871//7261
f 3846//7262 3852//7262 3847//7262
f 3846//7263 3865//7263 3856//7263
f 3866//7264 3861//7264 3844//7264
f 3854//7265 3864//7265 3872//7265
f 3855//7266 3843//7266 3873//7266
f 3854//7267 3866//7267 3843//7267
f 3845//7268 3842//7268 3864//7268
f 3862//7269 3864//7269 3874//7269
f 3854//7270 3872//7270 3866//7270
f 3855//7271 3873//7271 3857//7271
f 3855//7272 3856//7272 3867//7272
f 3870//7273 3875//7273 3876//7273
f 3842//7274 3873//7274 3843//7274
f 3842//7275 3847//7275 3873//7275
f 3847//7276 3852//7276 3873//7276
f 3877//7277 3859//7277 3871//7277
f 3848//7278 3861//7278 3866//7278
f 3858//7279 3863//7279 3871//7279
f 3877//7280 3868//7280 3869//7280
f 3870//7281 3878//7281 3875//7281
f 3858//7282 3871//7282 3859//7282
f 3879//7283 3880//7283 3881//7283
f 3882//7284 3850//7284 3876//7284
f 3875//7285 3878//7285 3883//7285
f 3868//7286 3844//7286 3861//7286
f 3848//7287 3872//7287 3863//7287
f 3864//7288 3863//7288 3872//7288
f 3861//7289 3850//7289 3869//7289
f 3873//7290 3852//7290 3857//7290
f 3862//7291 3874//7291 3844//7291
f 3842//7292 3874//7292 3864//7292
f 3879//7293 3881//7293 3877//7293
f 3881//7294 3884//7294 3885//7294
f 3862//7295 3871//7295 3863//7295
f 3858//7296 3849//7296 3848//7296
f 3886//7297 3887//7297 3888//7297
f 3842//7298 3844//7298 3874//7298
f 3858//7299 3860//7299 3849//7299
f 3870//7300 3849//7300 3860//7300
f 3884//7301 3880//7301 3889//7301
f 3860//7302 3859//7302 3885//7302
f 3875//7303 3890//7303 3882//7303
f 3875//7304 3891//7304 3890//7304
f 3892//7305 3886//7305 3893//7305
f 3848//7306 3866//7306 3872//7306
f 3894//7307 3895//7307 3890//7307
f 3860//7308 3885//7308 3893//7308
f 3881//7309 3885//7309 3859//7309
f 3881//7310 3880//7310 3884//7310
f 3875//7311 3883//7311 3891//7311
f 3879//7312 3895//7312 3880//7312
f 3892//7313 3884//7313 3889//7313
f 3891//7314 3894//7314 3890//7314
f 3891//7315 3892//7315 3896//7315
f 3860//7316 3893//7316 3888//7316
f 3896//7317 3889//7317 3880//7317
f 3854//7318 3855//7318 3867//7318
f 3882//7319 3869//7319 3850//7319
f 3892//7320 3887//7320 3886//7320
f 3883//7321 3878//7321 3887//7321
f 3875//7322 3882//7322 3876//7322
f 3892//7323 3889//7323 3896//7323
f 3877//7324 3871//7324 3868//7324
f 3885//7325 3884//7325 3893//7325
f 3879//7326 3877//7326 3869//7326
f 3860//7327 3888//7327 3878//7327
f 3870//7328 3876//7328 3850//7328
f 3891//7329 3883//7329 3887//7329
f 3895//7330 3896//7330 3880//7330
f 3879//7331 3890//7331 3895//7331
f 3891//7332 3896//7332 3894//7332
f 3858//7333 3848//7333 3863//7333
f 3892//7334 3893//7334 3884//7334
f 3877//7335 3881//7335 3859//7335
f 3870//7336 3860//7336 3878//7336
f 3894//7337 3896//7337 3895//7337
f 3879//7338 3869//7338 3882//7338
f 3878//7339 3888//7339 3887//7339
f 3891//7340 3887//7340 3892//7340
f 3879//7341 3882//7341 3890//7341
f 3893//7342 3886//7342 3888//7342
f 3897//7343 3898//7343 3899//7343
f 3900//7344 3901//7344 3902//7344
f 3903//7345 3904//7345 3905//7345
f 3900//7346 3906//7346 3907//7346
f 3908//7347 3909//7347 3910//7347
f 3911//7348 3912//7348 3898//7348
f 3904//7349 3913//7349 3911//7349
f 3914//7350 3905//7350 3899//7350
f 3906//7351 3915//7351 3907//7351
f 3916//7352 3917//7352 3918//7352
f 3915//7353 3919//7353 3920//7353
f 3904//7354 3911//7354 3897//7354
f 3911//7355 3921//7355 3922//7355
f 3898//7356 3912//7356 3923//7356
f 3924//7357 3918//7357 3925//7357
f 3904//7358 3897//7358 3905//7358
f 3925//7359 3902//7359 3908//7359
f 3921//7360 3923//7360 3922//7360
f 3911//7361 3898//7361 3897//7361
f 3925//7362 3908//7362 3923//7362
f 3902//7363 3926//7363 3906//7363
f 3914//7364 3903//7364 3905//7364
f 3908//7365 3899//7365 3898//7365
f 3916//7366 3926//7366 3917//7366
f 3914//7367 3910//7367 3906//7367
f 3913//7368 3921//7368 3911//7368
f 3911//7369 3922//7369 3912//7369
f 3906//7370 3910//7370 3915//7370
f 3924//7371 3925//7371 3913//7371
f 3924//7372 3916//7372 3918//7372
f 3915//7373 3927//7373 3919//7373
f 3905//7374 3897//7374 3899//7374
f 3908//7375 3928//7375 3909//7375
f 3929//7376 3909//7376 3930//7376
f 3902//7377 3917//7377 3926//7377
f 3925//7378 3918//7378 3917//7378
f 3925//7379 3921//7379 3913//7379
f 3903//7380 3916//7380 3904//7380
f 3923//7381 3912//7381 3922//7381
f 3931//7382 3932//7382 3928//7382
f 3908//7383 3910//7383 3899//7383
f 3900//7384 3907//7384 3933//7384
f 3929//7385 3934//7385 3928//7385
f 3915//7386 3909//7386 3929//7386
f 3924//7387 3904//7387 3916//7387
f 3935//7388 3901//7388 3907//7388
f 3929//7389 3928//7389 3932//7389
f 3928//7390 3934//7390 3936//7390
f 3936//7391 3934//7391 3937//7391
f 3929//7392 3930//7392 3937//7392
f 3914//7393 3899//7393 3910//7393
f 3930//7394 3936//7394 3937//7394
f 3914//7395 3926//7395 3903//7395
f 3929//7396 3931//7396 3938//7396
f 3924//7397 3913//7397 3904//7397
f 3935//7398 3907//7398 3915//7398
f 3915//7399 3919//7399 3909//7399
f 3900//7400 3902//7400 3906//7400
f 3914//7401 3906//7401 3926//7401
f 3939//7402 3938//7402 3908//7402
f 3939//7403 3902//7403 3901//7403
f 3909//7404 3928//7404 3936//7404
f 3900//7405 3933//7405 3901//7405
f 3915//7406 3920//7406 3927//7406
f 3935//7407 3915//7407 3929//7407
f 3903//7408 3926//7408 3916//7408
f 3925//7409 3917//7409 3902//7409
f 3935//7410 3929//7410 3938//7410
f 3939//7411 3935//7411 3938//7411
f 3925//7412 3923//7412 3921//7412
f 3929//7413 3932//7413 3931//7413
f 3909//7414 3936//7414 3930//7414
f 3939//7415 3908//7415 3902//7415
f 3919//7416 3927//7416 3920//7416
f 3915//7417 3910//7417 3909//7417
f 3908//7418 3931//7418 3928//7418
f 3939//7419 3901//7419 3935//7419
f 3907//7420 3901//7420 3933//7420
f 3908//7421 3898//7421 3923//7421
f 3929//7422 3937//7422 3934//7422
f 3908//7423 3938//7423 3931//7423
f 3940//7424 3941//7424 3942//7424
f 3943//7425 3944//7425 3945//7425
f 3946//7426 3947//7426 3948//7426
f 3949//7427 3950//7427 3951//7427
f 3952//7428 3942//7428 3953//7428
f 3954//7429 3947//7429 3955//7429
f 3943//7430 3945//7430 3951//7430
f 3940//7431 3955//7431 3941//7431
f 3954//7432 3955//7432 3956//7432
f 3957//7433 3958//7433 3950//7433
f 3959//7434 3947//7434 3944//7434
f 3957//7435 3946//7435 3948//7435
f 3960//7436 3956//7436 3961//7436
f 3957//7437 3950//7437 3962//7437
f 3957//7438 3948//7438 3959//7438
f 3949//7439 3951//7439 3945//7439
f 3940//7440 3956//7440 3955//7440
f 3960//7441 3944//7441 3954//7441
f 3946//7442 3962//7442 3941//7442
f 3943//7443 3951//7443 3958//7443
f 3957//7444 3962//7444 3946//7444
f 3957//7445 3959//7445 3958//7445
f 3946//7446 3955//7446 3947//7446
f 3940//7447 3961//7447 3956//7447
f 3960//7448 3954//7448 3956//7448
f 3952//7449 3940//7449 3942//7449
f 3959//7450 3944//7450 3943//7450
f 3959//7451 3948//7451 3947//7451
f 3954//7452 3944//7452 3947//7452
f 3952//7453 3953//7453 3949//7453
f 3950//7454 3953//7454 3942//7454
f 3949//7455 3945//7455 3960//7455
f 3949//7456 3953//7456 3950//7456
f 3959//7457 3943//7457 3958//7457
f 3952//7458 3949//7458 3960//7458
f 3950//7459 3958//7459 3951//7459
f 3952//7460 3960//7460 3961//7460
f 3950//7461 3942//7461 3962//7461
f 3952//7462 3961//7462 3940//7462
f 3960//7463 3945//7463 3944//7463
f 3941//7464 3962//7464 3942//7464
f 3946//7465 3941//7465 3955//7465
f 3963//7466 3964//7466 3965//7466
f 3966//7467 3965//7467 3967//7467
f 3968//7468 3969//7468 3970//7468
f 3971//7469 3972//7469 3973//7469
f 3974//7470 3965//7470 3966//7470
f 3973//7471 3967//7471 3975//7471
f 3976//7472 3977//7472 3973//7472
f 3978//7473 3979//7473 3975//7473
f 3980//7474 3981//7474 3982//7474
f 3983//7475 3984//7475 3971//7475
f 3965//7476 3964//7476 3967//7476
f 3985//7477 3971//7477 3984//7477
f 3983//7478 3977//7478 3976//7478
f 3966//7479 3967//7479 3973//7479
f 3978//7480 3967//7480 3964//7480
f 3963//7481 3965//7481 3972//7481
f 3985//7482 3980//7482 3979//7482
f 3985//7483 3963//7483 3971//7483
f 3971//7484 3963//7484 3972//7484
f 3978//7485 3964//7485 3979//7485
f 3985//7486 3964//7486 3963//7486
f 3980//7487 3975//7487 3979//7487
f 3971//7488 3973//7488 3977//7488
f 3980//7489 3982//7489 3983//7489
f 3985//7490 3986//7490 3970//7490
f 3978//7491 3975//7491 3967//7491
f 3974//7492 3972//7492 3965//7492
f 3974//7493 3966//7493 3973//7493
f 3980//7494 3970//7494 3987//7494
f 3968//7495 3983//7495 3982//7495
f 3980//7496 3983//7496 3976//7496
f 3969//7497 3987//7497 3970//7497
f 3988//7498 3969//7498 3989//7498
f 3985//7499 3979//7499 3964//7499
f 3976//7500 3973//7500 3975//7500
f 3983//7501 3971//7501 3977//7501
f 3990//7502 3991//7502 3992//7502
f 3968//7503 3982//7503 3993//7503
f 3988//7504 3989//7504 3994//7504
f 3974//7505 3973//7505 3972//7505
f 3995//7506 3992//7506 3991//7506
f 3980//7507 3987//7507 3981//7507
f 3996//7508 3997//7508 3998//7508
f 3988//7509 3999//7509 3981//7509
f 4000//7510 3994//7510 3992//7510
f 4001//7511 3993//7511 4002//7511
f 3999//7512 3993//7512 3982//7512
f 3969//7513 3993//7513 4003//7513
f 4000//7514 3993//7514 3999//7514
f 3989//7515 4004//7515 4005//7515
f 4000//7516 3995//7516 3993//7516
f 3985//7517 3984//7517 3986//7517
f 4006//7518 4007//7518 4008//7518
f 3989//7519 4005//7519 4009//7519
f 3990//7520 3992//7520 3994//7520
f 3999//7521 3982//7521 3981//7521
f 3983//7522 3986//7522 3984//7522
f 4010//7523 4007//7523 4011//7523
f 4010//7524 3991//7524 4007//7524
f 3997//7525 4009//7525 4005//7525
f 3988//7526 4000//7526 3999//7526
f 3990//7527 4008//7527 3991//7527
f 4012//7528 4013//7528 4014//7528
f 3989//7529 3990//7529 3994//7529
f 3968//7530 3986//7530 3983//7530
f 3995//7531 4002//7531 3993//7531
f 4012//7532 3998//7532 4005//7532
f 3980//7533 3976//7533 3975//7533
f 3968//7534 3970//7534 3986//7534
f 3988//7535 3981//7535 3987//7535
f 4010//7536 4011//7536 4002//7536
f 3989//7537 4003//7537 4004//7537
f 4015//7538 4012//7538 4014//7538
f 4001//7539 4002//7539 4011//7539
f 3968//7540 3993//7540 3969//7540
f 3988//7541 3994//7541 4000//7541
f 4007//7542 3991//7542 4008//7542
f 3997//7543 4005//7543 3998//7543
f 4006//7544 4008//7544 4016//7544
f 4001//7545 4012//7545 4004//7545
f 4017//7546 4013//7546 4018//7546
f 3988//7547 3987//7547 3969//7547
f 4017//7548 4014//7548 4013//7548
f 4001//7549 4013//7549 4012//7549
f 3996//7550 4016//7550 3997//7550
f 4011//7551 4018//7551 4013//7551
f 3996//7552 3998//7552 4015//7552
f 4010//7553 4002//7553 3995//7553
f 4004//7554 4012//7554 4005//7554
f 4001//7555 4003//7555 3993//7555
f 3996//7556 4015//7556 4016//7556
f 3997//7557 4008//7557 3990//7557
f 4016//7558 4015//7558 4017//7558
f 4001//7559 4004//7559 4003//7559
f 4010//7560 3995//7560 3991//7560
f 4015//7561 3998//7561 4012//7561
f 4000//7562 3992//7562 3995//7562
f 4006//7563 4019//7563 4007//7563
f 4001//7564 4011//7564 4013//7564
f 4006//7565 4016//7565 4017//7565
f 3997//7566 3990//7566 4009//7566
f 4006//7567 4017//7567 4019//7567
f 4015//7568 4014//7568 4017//7568
f 3989//7569 4009//7569 3990//7569
f 4007//7570 4019//7570 4018//7570
f 4007//7571 4018//7571 4011//7571
f 3969//7572 4003//7572 3989//7572
f 4017//7573 4018//7573 4019//7573
f 3985//7574 3970//7574 3980//7574
f 4016//7575 4008//7575 3997//7575
f 4020//7576 4021//7576 4022//7576
f 4023//7577 4022//7577 4021//7577
f 4024//7578 4025//7578 4026//7578
f 4027//7579 4028//7579 4029//7579
f 4030//7580 4031//7580 4032//7580
f 4025//7581 4033//7581 4032//7581
f 4034//7582 4035//7582 4036//7582
f 4034//7583 4037//7583 4038//7583
f 4027//7584 4039//7584 4030//7584
f 4025//7585 4032//7585 4026//7585
f 4024//7586 4026//7586 4035//7586
f 4035//7587 4038//7587 4040//7587
f 4024//7588 4041//7588 4042//7588
f 4027//7589 4033//7589 4028//7589
f 4024//7590 4043//7590 4029//7590
f 4027//7591 4030//7591 4033//7591
f 4030//7592 4032//7592 4033//7592
f 4034//7593 4044//7593 4045//7593
f 4039//7594 4046//7594 4031//7594
f 4024//7595 4042//7595 4043//7595
f 4020//7596 4046//7596 4023//7596
f 4026//7597 4044//7597 4036//7597
f 4034//7598 4047//7598 4044//7598
f 4020//7599 4022//7599 4042//7599
f 4020//7600 4048//7600 4049//7600
f 4020//7601 4023//7601 4050//7601
f 4034//7602 4038//7602 4035//7602
f 4027//7603 4029//7603 4039//7603
f 4023//7604 4043//7604 4022//7604
f 4051//7605 4038//7605 4037//7605
f 4049//7606 4052//7606 4053//7606
f 4043//7607 4042//7607 4022//7607
f 4020//7608 4031//7608 4046//7608
f 4023//7609 4039//7609 4043//7609
f 4045//7610 4032//7610 4031//7610
f 4023//7611 4046//7611 4039//7611
f 4039//7612 4031//7612 4030//7612
f 4036//7613 4054//7613 4047//7613
f 4023//7614 4021//7614 4050//7614
f 4055//7615 4056//7615 4057//7615
f 4020//7616 4049//7616 4058//7616
f 4053//7617 4052//7617 4059//7617
f 4020//7618 4050//7618 4021//7618
f 4060//7619 4037//7619 4052//7619
f 4049//7620 4040//7620 4060//7620
f 4061//7621 4047//7621 4054//7621
f 4043//7622 4039//7622 4029//7622
f 4045//7623 4031//7623 4058//7623
f 4020//7624 4042//7624 4048//7624
f 4051//7625 4060//7625 4038//7625
f 4034//7626 4045//7626 4056//7626
f 4044//7627 4061//7627 4036//7627
f 4049//7628 4048//7628 4040//7628
f 4049//7629 4053//7629 4058//7629
f 4056//7630 4062//7630 4063//7630
f 4035//7631 4026//7631 4036//7631
f 4041//7632 4040//7632 4048//7632
f 4055//7633 4058//7633 4053//7633
f 4045//7634 4044//7634 4026//7634
f 4045//7635 4058//7635 4057//7635
f 4024//7636 4029//7636 4028//7636
f 4056//7637 4045//7637 4062//7637
f 4059//7638 4064//7638 4065//7638
f 4034//7639 4036//7639 4047//7639
f 4055//7640 4057//7640 4058//7640
f 4020//7641 4058//7641 4031//7641
f 4045//7642 4026//7642 4032//7642
f 4041//7643 4048//7643 4042//7643
f 4049//7644 4060//7644 4052//7644
f 4056//7645 4065//7645 4064//7645
f 4053//7646 4059//7646 4066//7646
f 4045//7647 4057//7647 4062//7647
f 4056//7648 4063//7648 4057//7648
f 4034//7649 4056//7649 4037//7649
f 4044//7650 4047//7650 4061//7650
f 4056//7651 4064//7651 4052//7651
f 4051//7652 4037//7652 4060//7652
f 4056//7653 4053//7653 4066//7653
f 4056//7654 4052//7654 4037//7654
f 4057//7655 4063//7655 4062//7655
f 4024//7656 4035//7656 4041//7656
f 4025//7657 4028//7657 4033//7657
f 4024//7658 4028//7658 4025//7658
f 4036//7659 4061//7659 4054//7659
f 4056//7660 4066//7660 4059//7660
f 4055//7661 4053//7661 4056//7661
f 4056//7662 4059//7662 4065//7662
f 4052//7663 4064//7663 4059//7663
f 4035//7664 4040//7664 4041//7664
f 4060//7665 4040//7665 4038//7665
f 4067//7666 4068//7666 4069//7666
f 4070//7667 4071//7667 4072//7667
f 4073//7668 4074//7668 4075//7668
f 4070//7669 4076//7669 4074//7669
f 4077//7670 4072//7670 4078//7670
f 4070//7671 4072//7671 4076//7671
f 4077//7672 4075//7672 4076//7672
f 4078//7673 4079//7673 4080//7673
f 4077//7674 4081//7674 4075//7674
f 4082//7675 4080//7675 4079//7675
f 4070//7676 4074//7676 4083//7676
f 4082//7677 4084//7677 4080//7677
f 4073//7678 4083//7678 4074//7678
f 4077//7679 4078//7679 4085//7679
f 4086//7680 4071//7680 4069//7680
f 4087//7681 4088//7681 4068//7681
f 4068//7682 4088//7682 4069//7682
f 4067//7683 4083//7683 4068//7683
f 4084//7684 4087//7684 4089//7684
f 4084//7685 4089//7685 4081//7685
f 4072//7686 4086//7686 4079//7686
f 4073//7687 4075//7687 4081//7687
f 4070//7688 4067//7688 4071//7688
f 4082//7689 4086//7689 4069//7689
f 4072//7690 4071//7690 4086//7690
f 4073//7691 4089//7691 4087//7691
f 4067//7692 4069//7692 4071//7692
f 4082//7693 4069//7693 4088//7693
f 4084//7694 4078//7694 4080//7694
f 4077//7695 4076//7695 4072//7695
f 4087//7696 4068//7696 4083//7696
f 4084//7697 4085//7697 4078//7697
f 4084//7698 4088//7698 4087//7698
f 4070//7699 4083//7699 4067//7699
f 4073//7700 4087//7700 4083//7700
f 4078//7701 4072//7701 4079//7701
f 4082//7702 4079//7702 4086//7702
f 4082//7703 4088//7703 4084//7703
f 4075//7704 4074//7704 4076//7704
f 4077//7705 4085//7705 4081//7705
f 4084//7706 4081//7706 4085//7706
f 4073//7707 4081//7707 4089//7707
f 4090//7708 4091//7708 4092//7708
f 4093//7709 4094//7709 4095//7709
f 4093//7710 4096//7710 4094//7710
f 4097//7711 4098//7711 4099//7711
f 4100//7712 4101//7712 4102//7712
f 4100//7713 4099//7713 4103//7713
f 4104//7714 4105//7714 4106//7714
f 4103//7715 4099//7715 4107//7715
f 4100//7716 4103//7716 4101//7716
f 4108//7717 4098//7717 4109//7717
f 4104//7718 4110//7718 4105//7718
f 4100//7719 4111//7719 4106//7719
f 4103//7720 4107//7720 4101//7720
f 4102//7721 4101//7721 4107//7721
f 4102//7722 4107//7722 4099//7722
f 4100//7723 4112//7723 4097//7723
f 4093//7724 4110//7724 4104//7724
f 4100//7725 4106//7725 4112//7725
f 4090//7726 4092//7726 4108//7726
f 4090//7727 4108//7727 4109//7727
f 4093//7728 4095//7728 4110//7728
f 4106//7729 4105//7729 4112//7729
f 4104//7730 4113//7730 4098//7730
f 4104//7731 4098//7731 4108//7731
f 4090//7732 4097//7732 4112//7732
f 4097//7733 4109//7733 4098//7733
f 4114//7734 4115//7734 4116//7734
f 4117//7735 4118//7735 4119//7735
f 4120//7736 4096//7736 4121//7736
f 4090//7737 4110//7737 4091//7737
f 4122//7738 4095//7738 4094//7738
f 4111//7739 4104//7739 4106//7739
f 4123//7740 4122//7740 4120//7740
f 4102//7741 4098//7741 4113//7741
f 4091//7742 4095//7742 4118//7742
f 4096//7743 4124//7743 4121//7743
f 4102//7744 4099//7744 4098//7744
f 4092//7745 4096//7745 4108//7745
f 4093//7746 4108//7746 4096//7746
f 4090//7747 4112//7747 4105//7747
f 4122//7748 4094//7748 4120//7748
f 4111//7749 4113//7749 4104//7749
f 4100//7750 4102//7750 4111//7750
f 4093//7751 4104//7751 4108//7751
f 4120//7752 4121//7752 4116//7752
f 4125//7753 4126//7753 4127//7753
f 4100//7754 4097//7754 4099//7754
f 4114//7755 4128//7755 4115//7755
f 4122//7756 4129//7756 4118//7756
f 4117//7757 4124//7757 4092//7757
f 4119//7758 4118//7758 4129//7758
f 4117//7759 4119//7759 4114//7759
f 4125//7760 4127//7760 4130//7760
f 4131//7761 4132//7761 4133//7761
f 4126//7762 4134//7762 4127//7762
f 4135//7763 4116//7763 4115//7763
f 4129//7764 4130//7764 4136//7764
f 4126//7765 4137//7765 4133//7765
f 4126//7766 4133//7766 4134//7766
f 4091//7767 4110//7767 4095//7767
f 4117//7768 4092//7768 4091//7768
f 4119//7769 4138//7769 4114//7769
f 4122//7770 4118//7770 4095//7770
f 4115//7771 4139//7771 4140//7771
f 4141//7772 4140//7772 4132//7772
f 4114//7773 4138//7773 4128//7773
f 4142//7774 4133//7774 4132//7774
f 4125//7775 4137//7775 4126//7775
f 4117//7776 4114//7776 4121//7776
f 4123//7777 4120//7777 4116//7777
f 4123//7778 4135//7778 4143//7778
f 4144//7779 4130//7779 4129//7779
f 4117//7780 4121//7780 4124//7780
f 4143//7781 4135//7781 4145//7781
f 4146//7782 4138//7782 4134//7782
f 4146//7783 4128//7783 4138//7783
f 4119//7784 4136//7784 4138//7784
f 4142//7785 4146//7785 4133//7785
f 4131//7786 4137//7786 4125//7786
f 4120//7787 4094//7787 4096//7787
f 4142//7788 4139//7788 4146//7788
f 4128//7789 4139//7789 4115//7789
f 4092//7790 4124//7790 4096//7790
f 4114//7791 4116//7791 4121//7791
f 4115//7792 4140//7792 4141//7792
f 4111//7793 4102//7793 4113//7793
f 4147//7794 4132//7794 4140//7794
f 4142//7795 4132//7795 4147//7795
f 4146//7796 4134//7796 4133//7796
f 4135//7797 4115//7797 4141//7797
f 4125//7798 4144//7798 4143//7798
f 4123//7799 4143//7799 4144//7799
f 4136//7800 4134//7800 4138//7800
f 4123//7801 4116//7801 4135//7801
f 4090//7802 4105//7802 4110//7802
f 4131//7803 4145//7803 4141//7803
f 4131//7804 4141//7804 4132//7804
f 4123//7805 4144//7805 4129//7805
f 4125//7806 4143//7806 4145//7806
f 4142//7807 4147//7807 4139//7807
f 4147//7808 4140//7808 4139//7808
f 4125//7809 4130//7809 4144//7809
f 4119//7810 4129//7810 4136//7810
f 4117//7811 4091//7811 4118//7811
f 4131//7812 4133//7812 4137//7812
f 4090//7813 4109//7813 4097//7813
f 4146//7814 4139//7814 4128//7814
f 4135//7815 4141//7815 4145//7815
f 4123//7816 4129//7816 4122//7816
f 4136//7817 4127//7817 4134//7817
f 4136//7818 4130//7818 4127//7818
f 4131//7819 4125//7819 4145//7819
f 4148//7820 4149//7820 4150//7820
f 4151//7821 4152//7821 4153//7821
f 4154//7822 4155//7822 4156//7822
f 4157//7823 4158//7823 4159//7823
f 4160//7824 4161//7824 4162//7824
f 4163//7825 4164//7825 4149//7825
f 4165//7826 4166//7826 4164//7826
f 4148//7827 4163//7827 4149//7827
f 4148//7828 4153//7828 4152//7828
f 4167//7829 4168//7829 4169//7829
f 4170//7830 4171//7830 4166//7830
f 4172//7831 4151//7831 4173//7831
f 4174//7832 4160//7832 4162//7832
f 4167//7833 4175//7833 4176//7833
f 4174//7834 4155//7834 4160//7834
f 4172//7835 4173//7835 4177//7835
f 4165//7836 4178//7836 4166//7836
f 4179//7837 4161//7837 4175//7837
f 4174//7838 4156//7838 4155//7838
f 4179//7839 4162//7839 4161//7839
f 4175//7840 4166//7840 4171//7840
f 4148//7841 4155//7841 4163//7841
f 4160//7842 4180//7842 4161//7842
f 4176//7843 4181//7843 4168//7843
f 4170//7844 4178//7844 4162//7844
f 4170//7845 4166//7845 4178//7845
f 4165//7846 4164//7846 4154//7846
f 4170//7847 4175//7847 4171//7847
f 4167//7848 4169//7848 4159//7848
f 4167//7849 4159//7849 4158//7849
f 4172//7850 4149//7850 4182//7850
f 4176//7851 4152//7851 4151//7851
f 4165//7852 4156//7852 4174//7852
f 4148//7853 4173//7853 4153//7853
f 4148//7854 4150//7854 4173//7854
f 4154//7855 4163//7855 4155//7855
f 4170//7856 4179//7856 4175//7856
f 4170//7857 4162//7857 4179//7857
f 4176//7858 4161//7858 4180//7858
f 4149//7859 4177//7859 4150//7859
f 4160//7860 4155//7860 4148//7860
f 4167//7861 4166//7861 4175//7861
f 4169//7862 4182//7862 4159//7862
f 4154//7863 4164//7863 4163//7863
f 4165//7864 4162//7864 4178//7864
f 4176//7865 4180//7865 4148//7865
f 4177//7866 4173//7866 4150//7866
f 4167//7867 4176//7867 4168//7867
f 4167//7868 4149//7868 4164//7868
f 4169//7869 4168//7869 4183//7869
f 4149//7870 4158//7870 4182//7870
f 4157//7871 4182//7871 4158//7871
f 4167//7872 4158//7872 4149//7872
f 4176//7873 4175//7873 4161//7873
f 4160//7874 4148//7874 4180//7874
f 4165//7875 4174//7875 4162//7875
f 4151//7876 4184//7876 4173//7876
f 4172//7877 4177//7877 4149//7877
f 4169//7878 4183//7878 4181//7878
f 4183//7879 4168//7879 4181//7879
f 4165//7880 4154//7880 4156//7880
f 4176//7881 4169//7881 4181//7881
f 4167//7882 4164//7882 4166//7882
f 4151//7883 4153//7883 4184//7883
f 4172//7884 4169//7884 4176//7884
f 4157//7885 4159//7885 4182//7885
f 4173//7886 4184//7886 4153//7886
f 4176//7887 4148//7887 4152//7887
f 4172//7888 4182//7888 4169//7888
f 4172//7889 4176//7889 4151//7889
f 4185//7890 4186//7890 4187//7890
f 4188//7891 4189//7891 4190//7891
f 4191//7892 4192//7892 4185//7892
f 4188//7893 4190//7893 4193//7893
f 4191//7894 4193//7894 4190//7894
f 4194//7895 4195//7895 4196//7895
f 4194//7896 4187//7896 4195//7896
f 4191//7897 4185//7897 4194//7897
f 4197//7898 4185//7898 4192//7898
f 4191//7899 4196//7899 4193//7899
f 4189//7900 4192//7900 4190//7900
f 4198//7901 4199//7901 4200//7901
f 4200//7902 4199//7902 4201//7902
f 4197//7903 4202//7903 4199//7903
f 4202//7904 4201//7904 4199//7904
f 4198//7905 4195//7905 4186//7905
f 4186//7906 4195//7906 4187//7906
f 4189//7907 4202//7907 4203//7907
f 4197//7908 4192//7908 4203//7908
f 4197//7909 4186//7909 4185//7909
f 4188//7910 4202//7910 4189//7910
f 4198//7911 4204//7911 4195//7911
f 4191//7912 4190//7912 4192//7912
f 4205//7913 4206//7913 4204//7913
f 4188//7914 4193//7914 4206//7914
f 4205//7915 4200//7915 4201//7915
f 4197//7916 4203//7916 4202//7916
f 4205//7917 4204//7917 4198//7917
f 4198//7918 4186//7918 4199//7918
f 4189//7919 4203//7919 4192//7919
f 4205//7920 4188//7920 4206//7920
f 4197//7921 4199//7921 4186//7921
f 4205//7922 4198//7922 4200//7922
f 4196//7923 4195//7923 4204//7923
f 4188//7924 4201//7924 4202//7924
f 4196//7925 4204//7925 4206//7925
f 4185//7926 4187//7926 4194//7926
f 4196//7927 4206//7927 4193//7927
f 4205//7928 4201//7928 4188//7928
f 4191//7929 4194//7929 4196//7929
f 4207//7930 4208//7930 4209//7930
f 4210//7931 4211//7931 4212//7931
f 4213//7932 4214//7932 4215//7932
f 4216//7933 4217//7933 4208//7933
f 4216//7934 4208//7934 4207//7934
f 4209//7935 4213//7935 4218//7935
f 4219//7936 4214//7936 4220//7936
f 4216//7937 4221//7937 4217//7937
f 4222//7938 4223//7938 4224//7938
f 4216//7939 4207//7939 4221//7939
f 4219//7940 4225//7940 4214//7940
f 4214//7941 4225//7941 4215//7941
f 4215//7942 4226//7942 4218//7942
f 4227//7943 4220//7943 4228//7943
f 4221//7944 4207//7944 4226//7944
f 4227//7945 4219//7945 4220//7945
f 4229//7946 4224//7946 4230//7946
f 4214//7947 4231//7947 4220//7947
f 4219//7948 4226//7948 4225//7948
f 4230//7949 4232//7949 4233//7949
f 4215//7950 4225//7950 4226//7950
f 4227//7951 4208//7951 4217//7951
f 4234//7952 4230//7952 4233//7952
f 4235//7953 4236//7953 4210//7953
f 4237//7954 4238//7954 4239//7954
f 4227//7955 4217//7955 4219//7955
f 4207//7956 4209//7956 4218//7956
f 4213//7957 4215//7957 4218//7957
f 4240//7958 4210//7958 4241//7958
f 4222//7959 4224//7959 4231//7959
f 4221//7960 4226//7960 4217//7960
f 4242//7961 4213//7961 4228//7961
f 4209//7962 4228//7962 4213//7962
f 4222//7963 4214//7963 4213//7963
f 4243//7964 4232//7964 4223//7964
f 4234//7965 4244//7965 4245//7965
f 4236//7966 4230//7966 4246//7966
f 4234//7967 4246//7967 4230//7967
f 4229//7968 4236//7968 4242//7968
f 4243//7969 4222//7969 4213//7969
f 4240//7970 4233//7970 4232//7970
f 4229//7971 4230//7971 4236//7971
f 4240//7972 4241//7972 4247//7972
f 4227//7973 4228//7973 4209//7973
f 4207//7974 4218//7974 4226//7974
f 4227//7975 4209//7975 4208//7975
f 4222//7976 4231//7976 4214//7976
f 4248//7977 4249//7977 4238//7977
f 4210//7978 4250//7978 4211//7978
f 4235//7979 4232//7979 4243//7979
f 4240//7980 4247//7980 4233//7980
f 4229//7981 4242//7981 4231//7981
f 4210//7982 4212//7982 4241//7982
f 4240//7983 4232//7983 4235//7983
f 4229//7984 4231//7984 4224//7984
f 4251//7985 4252//7985 4253//7985
f 4210//7986 4246//7986 4250//7986
f 4251//7987 4212//7987 4254//7987
f 4237//7988 4244//7988 4255//7988
f 4251//7989 4253//7989 4256//7989
f 4257//7990 4253//7990 4252//7990
f 4237//7991 4239//7991 4258//7991
f 4250//7992 4259//7992 4211//7992
f 4242//7993 4220//7993 4231//7993
f 4250//7994 4258//7994 4259//7994
f 4234//7995 4255//7995 4244//7995
f 4257//7996 4256//7996 4253//7996
f 4247//7997 4256//7997 4260//7997
f 4219//7998 4217//7998 4226//7998
f 4242//7999 4228//7999 4220//7999
f 4230//8000 4223//8000 4232//8000
f 4235//8001 4242//8001 4236//8001
f 4257//8002 4260//8002 4256//8002
f 4235//8003 4243//8003 4213//8003
f 4248//8004 4238//8004 4252//8004
f 4244//8005 4258//8005 4245//8005
f 4261//8006 4238//8006 4249//8006
f 4210//8007 4236//8007 4246//8007
f 4230//8008 4224//8008 4223//8008
f 4237//8009 4255//8009 4260//8009
f 4254//8010 4211//8010 4259//8010
f 4257//8011 4252//8011 4238//8011
f 4254//8012 4259//8012 4249//8012
f 4247//8013 4241//8013 4251//8013
f 4247//8014 4255//8014 4233//8014
f 4247//8015 4251//8015 4256//8015
f 4261//8016 4258//8016 4239//8016
f 4251//8017 4241//8017 4212//8017
f 4234//8018 4245//8018 4246//8018
f 4234//8019 4233//8019 4255//8019
f 4250//8020 4245//8020 4258//8020
f 4247//8021 4260//8021 4255//8021
f 4237//8022 4258//8022 4244//8022
f 4261//8023 4249//8023 4259//8023
f 4248//8024 4254//8024 4249//8024
f 4261//8025 4239//8025 4238//8025
f 4250//8026 4246//8026 4245//8026
f 4237//8027 4260//8027 4257//8027
f 4240//8028 4235//8028 4210//8028
f 4251//8029 4248//8029 4252//8029
f 4251//8030 4254//8030 4248//8030
f 4254//8031 4212//8031 4211//8031
f 4243//8032 4223//8032 4222//8032
f 4237//8033 4257//8033 4238//8033
f 4261//8034 4259//8034 4258//8034
f 4235//8035 4213//8035 4242//8035
f 4262//8036 4263//8036 4264//8036
f 4265//8037 4266//8037 4267//8037
f 4262//8038 4268//8038 4269//8038
f 4270//8039 4265//8039 4271//8039
f 4262//8040 4272//8040 4270//8040
f 4273//8041 4274//8041 4265//8041
f 4275//8042 4272//8042 4276//8042
f 4277//8043 4278//8043 4279//8043
f 4280//8044 4281//8044 4278//8044
f 4265//8045 4282//8045 4271//8045
f 4275//8046 4279//8046 4278//8046
f 4273//8047 4267//8047 4280//8047
f 4275//8048 4283//8048 4279//8048
f 4264//8049 4284//8049 4285//8049
f 4277//8050 4280//8050 4278//8050
f 4277//8051 4279//8051 4286//8051
f 4263//8052 4286//8052 4283//8052
f 4283//8053 4286//8053 4279//8053
f 4272//8054 4287//8054 4288//8054
f 4267//8055 4266//8055 4289//8055
f 4262//8056 4264//8056 4268//8056
f 4264//8057 4290//8057 4268//8057
f 4273//8058 4265//8058 4267//8058
f 4291//8059 4284//8059 4288//8059
f 4275//8060 4278//8060 4281//8060
f 4292//8061 4269//8061 4268//8061
f 4292//8062 4285//8062 4269//8062
f 4270//8063 4272//8063 4293//8063
f 4277//8064 4286//8064 4263//8064
f 4292//8065 4268//8065 4285//8065
f 4274//8066 4282//8066 4265//8066
f 4294//8067 4269//8067 4285//8067
f 4284//8068 4295//8068 4276//8068
f 4268//8069 4290//8069 4285//8069
f 4272//8070 4288//8070 4276//8070
f 4270//8071 4293//8071 4267//8071
f 4284//8072 4296//8072 4285//8072
f 4273//8073 4263//8073 4274//8073
f 4280//8074 4267//8074 4293//8074
f 4262//8075 4274//8075 4263//8075
f 4291//8076 4297//8076 4287//8076
f 4275//8077 4293//8077 4272//8077
f 4294//8078 4298//8078 4299//8078
f 4262//8079 4294//8079 4291//8079
f 4264//8080 4285//8080 4290//8080
f 4275//8081 4264//8081 4283//8081
f 4299//8082 4298//8082 4300//8082
f 4291//8083 4301//8083 4297//8083
f 4274//8084 4271//8084 4282//8084
f 4277//8085 4263//8085 4273//8085
f 4270//8086 4266//8086 4265//8086
f 4287//8087 4301//8087 4288//8087
f 4294//8088 4285//8088 4296//8088
f 4291//8089 4294//8089 4296//8089
f 4262//8090 4269//8090 4294//8090
f 4294//8091 4299//8091 4269//8091
f 4270//8092 4289//8092 4266//8092
f 4264//8093 4295//8093 4284//8093
f 4269//8094 4299//8094 4300//8094
f 4291//8095 4296//8095 4284//8095
f 4270//8096 4267//8096 4289//8096
f 4280//8097 4293//8097 4281//8097
f 4287//8098 4297//8098 4302//8098
f 4264//8099 4276//8099 4295//8099
f 4291//8100 4288//8100 4301//8100
f 4284//8101 4276//8101 4288//8101
f 4275//8102 4281//8102 4293//8102
f 4294//8103 4300//8103 4298//8103
f 4277//8104 4273//8104 4280//8104
f 4287//8105 4302//8105 4301//8105
f 4291//8106 4287//8106 4272//8106
f 4262//8107 4271//8107 4274//8107
f 4275//8108 4276//8108 4264//8108
f 4262//8109 4291//8109 4272//8109
f 4264//8110 4263//8110 4283//8110
f 4301//8111 4302//8111 4297//8111
f 4294//8112 4269//8112 4300//8112
f 4262//8113 4270//8113 4271//8113
f 4303//8114 4304//8114 4305//8114
f 4306//8115 4307//8115 4308//8115
f 4309//8116 4304//8116 4303//8116
f 4310//8117 4311//8117 4312//8117
f 4313//8118 4314//8118 4312//8118
f 4315//8119 4316//8119 4317//8119
f 4318//8120 4311//8120 4306//8120
f 4318//8121 4319//8121 4312//8121
f 4309//8122 4303//8122 4307//8122
f 4309//8123 4320//8123 4304//8123
f 4321//8124 4311//8124 4322//8124
f 4316//8125 4323//8125 4317//8125
f 4303//8126 4305//8126 4324//8126
f 4315//8127 4305//8127 4304//8127
f 4310//8128 4322//8128 4311//8128
f 4315//8129 4313//8129 4305//8129
f 4321//8130 4323//8130 4309//8130
f 4315//8131 4304//8131 4316//8131
f 4318//8132 4324//8132 4319//8132
f 4315//8133 4314//8133 4313//8133
f 4305//8134 4313//8134 4319//8134
f 4315//8135 4317//8135 4314//8135
f 4318//8136 4308//8136 4324//8136
f 4303//8137 4308//8137 4307//8137
f 4316//8138 4320//8138 4323//8138
f 4303//8139 4324//8139 4308//8139
f 4310//8140 4317//8140 4322//8140
f 4316//8141 4304//8141 4320//8141
f 4321//8142 4307//8142 4306//8142
f 4313//8143 4312//8143 4319//8143
f 4309//8144 4323//8144 4320//8144
f 4310//8145 4314//8145 4317//8145
f 4323//8146 4322//8146 4317//8146
f 4321//8147 4309//8147 4307//8147
f 4310//8148 4312//8148 4314//8148
f 4305//8149 4319//8149 4324//8149
f 4318//8150 4306//8150 4308//8150
f 4321//8151 4306//8151 4311//8151
f 4321//8152 4322//8152 4323//8152
f 4318//8153 4312//8153 4311//8153
f 4325//8154 4326//8154 4327//8154
f 4325//8155 4327//8155 4328//8155
f 4329//8156 4330//8156 4331//8156
f 4332//8157 4328//8157 4327//8157
f 4333//8158 4334//8158 4335//8158
f 4332//8159 4327//8159 4333//8159
f 4325//8160 4328//8160 4326//8160
f 4332//8161 4336//8161 4334//8161
f 4337//8162 4334//8162 4336//8162
f 4338//8163 4327//8163 4326//8163
f 4339//8164 4340//8164 4341//8164
f 4342//8165 4343//8165 4335//8165
f 4339//8166 4333//8166 4344//8166
f 4341//8167 4340//8167 4345//8167
f 4339//8168 4344//8168 4340//8168
f 4346//8169 4331//8169 4330//8169
f 4333//8170 4327//8170 4338//8170
f 4342//8171 4331//8171 4347//8171
f 4342//8172 4340//8172 4344//8172
f 4328//8173 4338//8173 4326//8173
f 4348//8174 4342//8174 4335//8174
f 4333//8175 4335//8175 4343//8175
f 4349//8176 4350//8176 4351//8176
f 4352//8177 4353//8177 4341//8177
f 4333//8178 4343//8178 4344//8178
f 4348//8179 4341//8179 4353//8179
f 4339//8180 4332//8180 4333//8180
f 4349//8181 4354//8181 4350//8181
f 4333//8182 4338//8182 4334//8182
f 4355//8183 4353//8183 4352//8183
f 4329//8184 4348//8184 4353//8184
f 4349//8185 4355//8185 4352//8185
f 4352//8186 4356//8186 4357//8186
f 4337//8187 4348//8187 4335//8187
f 4355//8188 4330//8188 4329//8188
f 4332//8189 4338//8189 4328//8189
f 4349//8190 4352//8190 4357//8190
f 4346//8191 4347//8191 4331//8191
f 4358//8192 4359//8192 4360//8192
f 4339//8193 4341//8193 4336//8193
f 4346//8194 4330//8194 4361//8194
f 4342//8195 4344//8195 4343//8195
f 4329//8196 4331//8196 4348//8196
f 4339//8197 4336//8197 4332//8197
f 4332//8198 4334//8198 4338//8198
f 4346//8199 4361//8199 4356//8199
f 4351//8200 4350//8200 4362//8200
f 4348//8201 4331//8201 4342//8201
f 4357//8202 4356//8202 4360//8202
f 4363//8203 4364//8203 4365//8203
f 4352//8204 4341//8204 4345//8204
f 4363//8205 4366//8205 4367//8205
f 4364//8206 4362//8206 4350//8206
f 4342//8207 4347//8207 4345//8207
f 4368//8208 4351//8208 4362//8208
f 4337//8209 4336//8209 4348//8209
f 4369//8210 4370//8210 4371//8210
f 4369//8211 4360//8211 4370//8211
f 4361//8212 4360//8212 4356//8212
f 4349//8213 4351//8213 4355//8213
f 4372//8214 4373//8214 4374//8214
f 4368//8215 4375//8215 4376//8215
f 4377//8216 4364//8216 4378//8216
f 4345//8217 4347//8217 4356//8217
f 4379//8218 4374//8218 4380//8218
f 4355//8219 4351//8219 4330//8219
f 4358//8220 4360//8220 4361//8220
f 4369//8221 4354//8221 4349//8221
f 4346//8222 4356//8222 4347//8222
f 4371//8223 4378//8223 4354//8223
f 4369//8224 4357//8224 4360//8224
f 4368//8225 4367//8225 4375//8225
f 4342//8226 4345//8226 4340//8226
f 4364//8227 4354//8227 4378//8227
f 4359//8228 4371//8228 4370//8228
f 4379//8229 4381//8229 4367//8229
f 4348//8230 4336//8230 4341//8230
f 4358//8231 4330//8231 4376//8231
f 4352//8232 4345//8232 4356//8232
f 4369//8233 4371//8233 4354//8233
f 4359//8234 4370//8234 4360//8234
f 4375//8235 4381//8235 4382//8235
f 4377//8236 4365//8236 4364//8236
f 4365//8237 4372//8237 4374//8237
f 4355//8238 4329//8238 4353//8238
f 4359//8239 4382//8239 4373//8239
f 4368//8240 4362//8240 4363//8240
f 4371//8241 4383//8241 4378//8241
f 4364//8242 4350//8242 4354//8242
f 4373//8243 4380//8243 4374//8243
f 4377//8244 4383//8244 4372//8244
f 4363//8245 4365//8245 4366//8245
f 4359//8246 4373//8246 4371//8246
f 4368//8247 4376//8247 4351//8247
f 4379//8248 4366//8248 4365//8248
f 4379//8249 4380//8249 4382//8249
f 4358//8250 4361//8250 4330//8250
f 4371//8251 4372//8251 4383//8251
f 4358//8252 4375//8252 4359//8252
f 4359//8253 4375//8253 4382//8253
f 4373//8254 4382//8254 4380//8254
f 4358//8255 4376//8255 4375//8255
f 4379//8256 4382//8256 4381//8256
f 4351//8257 4376//8257 4330//8257
f 4375//8258 4367//8258 4381//8258
f 4363//8259 4362//8259 4364//8259
f 4377//8260 4372//8260 4365//8260
f 4371//8261 4373//8261 4372//8261
f 4369//8262 4349//8262 4357//8262
f 4379//8263 4365//8263 4374//8263
f 4368//8264 4363//8264 4367//8264
f 4337//8265 4335//8265 4334//8265
f 4379//8266 4367//8266 4366//8266
f 4377//8267 4378//8267 4383//8267
f 4384//8268 4385//8268 4386//8268
f 4387//8269 4388//8269 4389//8269
f 4390//8270 4391//8270 4392//8270
f 4393//8271 4394//8271 4386//8271
f 4384//8272 4390//8272 4385//8272
f 4393//8273 4395//8273 4396//8273
f 4397//8274 4398//8274 4399//8274
f 4400//8275 4401//8275 4402//8275
f 4385//8276 4403//8276 4404//8276
f 4405//8277 4397//8277 4399//8277
f 4405//8278 4406//8278 4397//8278
f 4393//8279 4407//8279 4397//8279
f 4384//8280 4386//8280 4394//8280
f 4406//8281 4408//8281 4394//8281
f 4400//8282 4409//8282 4389//8282
f 4395//8283 4389//8283 4396//8283
f 4410//8284 4408//8284 4388//8284
f 4395//8285 4387//8285 4389//8285
f 4384//8286 4391//8286 4390//8286
f 4390//8287 4411//8287 4403//8287
f 4407//8288 4412//8288 4413//8288
f 4400//8289 4389//8289 4414//8289
f 4386//8290 4385//8290 4415//8290
f 4384//8291 4408//8291 4391//8291
f 4400//8292 4407//8292 4413//8292
f 4395//8293 4403//8293 4411//8293
f 4395//8294 4390//8294 4416//8294
f 4392//8295 4387//8295 4416//8295
f 4395//8296 4404//8296 4403//8296
f 4402//8297 4401//8297 4417//8297
f 4415//8298 4385//8298 4404//8298
f 4393//8299 4397//8299 4394//8299
f 4393//8300 4396//8300 4407//8300
f 4399//8301 4398//8301 4418//8301
f 4395//8302 4411//8302 4390//8302
f 4407//8303 4419//8303 4397//8303
f 4412//8304 4396//8304 4409//8304
f 4395//8305 4416//8305 4387//8305
f 4405//8306 4389//8306 4388//8306
f 4389//8307 4409//8307 4396//8307
f 4410//8308 4387//8308 4392//8308
f 4405//8309 4388//8309 4406//8309
f 4420//8310 4409//8310 4413//8310
f 4406//8311 4388//8311 4408//8311
f 4400//8312 4417//8312 4401//8312
f 4412//8313 4420//8313 4413//8313
f 4400//8314 4402//8314 4417//8314
f 4410//8315 4388//8315 4387//8315
f 4393//8316 4404//8316 4395//8316
f 4419//8317 4398//8317 4397//8317
f 4419//8318 4399//8318 4418//8318
f 4419//8319 4418//8319 4398//8319
f 4414//8320 4405//8320 4419//8320
f 4406//8321 4394//8321 4397//8321
f 4393//8322 4386//8322 4415//8322
f 4400//8323 4414//8323 4419//8323
f 4405//8324 4399//8324 4419//8324
f 4400//8325 4419//8325 4407//8325
f 4410//8326 4391//8326 4408//8326
f 4414//8327 4389//8327 4405//8327
f 4410//8328 4392//8328 4391//8328
f 4412//8329 4409//8329 4420//8329
f 4407//8330 4396//8330 4412//8330
f 4409//8331 4402//8331 4413//8331
f 4390//8332 4403//8332 4385//8332
f 4400//8333 4413//8333 4402//8333
f 4390//8334 4392//8334 4416//8334
f 4393//8335 4415//8335 4404//8335
f 4400//8336 4402//8336 4409//8336
f 4384//8337 4394//8337 4408//8337
f 4421//8338 4422//8338 4423//8338
f 4424//8339 4425//8339 4426//8339
f 4427//8340 4425//8340 4428//8340
f 4429//8341 4430//8341 4431//8341
f 4428//8342 4429//8342 4432//8342
f 4433//8343 4424//8343 4426//8343
f 4434//8344 4432//8344 4429//8344
f 4435//8345 4431//8345 4430//8345
f 4427//8346 4436//8346 4437//8346
f 4428//8347 4424//8347 4430//8347
f 4438//8348 4439//8348 4421//8348
f 4427//8349 4440//8349 4436//8349
f 4434//8350 4431//8350 4422//8350
f 4434//8351 4429//8351 4431//8351
f 4421//8352 4439//8352 4422//8352
f 4435//8353 4423//8353 4431//8353
f 4438//8354 4433//8354 4437//8354
f 4427//8355 4432//8355 4440//8355
f 4440//8356 4441//8356 4436//8356
f 4437//8357 4426//8357 4425//8357
f 4421//8358 4423//8358 4435//8358
f 4435//8359 4430//8359 4424//8359
f 4428//8360 4430//8360 4429//8360
f 4438//8361 4436//8361 4441//8361
f 4438//8362 4437//8362 4436//8362
f 4433//8363 4426//8363 4437//8363
f 4423//8364 4422//8364 4431//8364
f 4427//8365 4428//8365 4432//8365
f 4433//8366 4435//8366 4424//8366
f 4427//8367 4437//8367 4425//8367
f 4428//8368 4425//8368 4424//8368
f 4438//8369 4421//8369 4433//8369
f 4438//8370 4441//8370 4439//8370
f 4441//8371 4422//8371 4439//8371
f 4434//8372 4422//8372 4441//8372
f 4433//8373 4421//8373 4435//8373
f 4434//8374 4440//8374 4432//8374
f 4434//8375 4441//8375 4440//8375
f 4442//8376 4443//8376 4444//8376
f 4445//8377 4446//8377 4443//8377
f 4447//8378 4448//8378 4449//8378
f 4450//8379 4446//8379 4445//8379
f 4442//8380 4451//8380 4452//8380
f 4453//8381 4454//8381 4451//8381
f 4447//8382 4455//8382 4456//8382
f 4452//8383 4451//8383 4457//8383
f 4450//8384 4445//8384 4458//8384
f 4459//8385 4444//8385 4460//8385
f 4461//8386 4454//8386 4449//8386
f 4462//8387 4459//8387 4455//8387
f 4462//8388 4455//8388 4447//8388
f 4442//8389 4452//8389 4443//8389
f 4445//8390 4443//8390 4452//8390
f 4456//8391 4455//8391 4459//8391
f 4462//8392 4449//8392 4453//8392
f 4450//8393 4458//8393 4448//8393
f 4442//8394 4453//8394 4451//8394
f 4444//8395 4443//8395 4460//8395
f 4450//8396 4447//8396 4456//8396
f 4461//8397 4457//8397 4451//8397
f 4462//8398 4447//8398 4449//8398
f 4453//8399 4449//8399 4454//8399
f 4450//8400 4456//8400 4446//8400
f 4456//8401 4459//8401 4460//8401
f 4456//8402 4460//8402 4446//8402
f 4461//8403 4451//8403 4454//8403
f 4461//8404 4448//8404 4457//8404
f 4461//8405 4449//8405 4448//8405
f 4462//8406 4453//8406 4459//8406
f 4450//8407 4448//8407 4447//8407
f 4442//8408 4444//8408 4453//8408
f 4458//8409 4457//8409 4448//8409
f 4446//8410 4460//8410 4443//8410
f 4458//8411 4452//8411 4457//8411
f 4458//8412 4445//8412 4452//8412
f 4453//8413 4444//8413 4459//8413
f 4463//8414 4464//8414 4465//8414
f 4466//8415 4467//8415 4468//8415
f 4468//8416 4467//8416 4469//8416
f 4470//8417 4467//8417 4466//8417
f 4468//8418 4471//8418 4472//8418
f 4473//8419 4463//8419 4474//8419
f 4466//8420 4468//8420 4475//8420
f 4463//8421 4472//8421 4474//8421
f 4470//8422 4476//8422 4467//8422
f 4473//8423 4474//8423 4465//8423
f 4475//8424 4468//8424 4472//8424
f 4477//8425 4478//8425 4479//8425
f 4473//8426 4464//8426 4463//8426
f 4480//8427 4481//8427 4482//8427
f 4483//8428 4474//8428 4472//8428
f 4477//8429 4479//8429 4484//8429
f 4470//8430 4483//8430 4471//8430
f 4463//8431 4475//8431 4472//8431
f 4470//8432 4466//8432 4465//8432
f 4468//8433 4469//8433 4482//8433
f 4463//8434 4465//8434 4475//8434
f 4470//8435 4471//8435 4476//8435
f 4485//8436 4486//8436 4487//8436
f 4488//8437 4489//8437 4490//8437
f 4491//8438 4467//8438 4476//8438
f 4492//8439 4471//8439 4468//8439
f 4466//8440 4475//8440 4465//8440
f 4493//8441 4494//8441 4480//8441
f 4476//8442 4471//8442 4495//8442
f 4484//8443 4479//8443 4481//8443
f 4473//8444 4465//8444 4464//8444
f 4491//8445 4494//8445 4493//8445
f 4493//8446 4482//8446 4469//8446
f 4477//8447 4496//8447 4489//8447
f 4470//8448 4465//8448 4474//8448
f 4497//8449 4498//8449 4499//8449
f 4493//8450 4480//8450 4482//8450
f 4477//8451 4484//8451 4500//8451
f 4483//8452 4472//8452 4471//8452
f 4484//8453 4485//8453 4500//8453
f 4492//8454 4482//8454 4481//8454
f 4479//8455 4495//8455 4492//8455
f 4496//8456 4501//8456 4502//8456
f 4503//8457 4504//8457 4505//8457
f 4506//8458 4502//8458 4507//8458
f 4492//8459 4495//8459 4471//8459
f 4503//8460 4480//8460 4494//8460
f 4470//8461 4474//8461 4483//8461
f 4479//8462 4478//8462 4495//8462
f 4508//8463 4509//8463 4510//8463
f 4479//8464 4492//8464 4481//8464
f 4488//8465 4490//8465 4504//8465
f 4491//8466 4495//8466 4478//8466
f 4492//8467 4468//8467 4482//8467
f 4491//8468 4476//8468 4495//8468
f 4484//8469 4503//8469 4485//8469
f 4485//8470 4487//8470 4500//8470
f 4484//8471 4481//8471 4480//8471
f 4485//8472 4498//8472 4486//8472
f 4497//8473 4511//8473 4487//8473
f 4503//8474 4488//8474 4504//8474
f 4498//8475 4504//8475 4512//8475
f 4496//8476 4502//8476 4490//8476
f 4506//8477 4507//8477 4508//8477
f 4489//8478 4496//8478 4490//8478
f 4488//8479 4478//8479 4489//8479
f 4490//8480 4512//8480 4504//8480
f 4485//8481 4505//8481 4498//8481
f 4496//8482 4510//8482 4501//8482
f 4510//8483 4509//8483 4501//8483
f 4493//8484 4469//8484 4467//8484
f 4497//8485 4486//8485 4498//8485
f 4513//8486 4511//8486 4508//8486
f 4497//8487 4487//8487 4486//8487
f 4513//8488 4487//8488 4511//8488
f 4506//8489 4512//8489 4502//8489
f 4477//8490 4513//8490 4496//8490
f 4513//8491 4500//8491 4487//8491
f 4490//8492 4502//8492 4512//8492
f 4507//8493 4502//8493 4501//8493
f 4477//8494 4489//8494 4478//8494
f 4506//8495 4508//8495 4497//8495
f 4491//8496 4493//8496 4467//8496
f 4488//8497 4491//8497 4478//8497
f 4477//8498 4500//8498 4513//8498
f 4503//8499 4505//8499 4485//8499
f 4498//8500 4505//8500 4504//8500
f 4508//8501 4507//8501 4509//8501
f 4484//8502 4480//8502 4503//8502
f 4488//8503 4494//8503 4491//8503
f 4508//8504 4511//8504 4497//8504
f 4506//8505 4499//8505 4498//8505
f 4506//8506 4498//8506 4512//8506
f 4513//8507 4510//8507 4496//8507
f 4503//8508 4494//8508 4488//8508
f 4513//8509 4508//8509 4510//8509
f 4506//8510 4497//8510 4499//8510
f 4507//8511 4501//8511 4509//8511
f 4514//8512 4515//8512 4516//8512
f 4517//8513 4518//8513 4519//8513
f 4520//8514 4521//8514 4522//8514
f 4523//8515 4524//8515 4525//8515
f 4526//8516 4523//8516 4527//8516
f 4528//8517 4529//8517 4530//8517
f 4526//8518 4531//8518 4532//8518
f 4532//8519 4531//8519 4533//8519
f 4534//8520 4532//8520 4535//8520
f 4519//8521 4536//8521 4537//8521
f 4538//8522 4539//8522 4516//8522
f 4540//8523 4541//8523 4539//8523
f 4542//8524 4537//8524 4536//8524
f 4528//8525 4530//8525 4519//8525
f 4543//8526 4541//8526 4529//8526
f 4534//8527 4526//8527 4532//8527
f 4528//8528 4519//8528 4518//8528
f 4535//8529 4544//8529 4545//8529
f 4535//8530 4521//8530 4524//8530
f 4526//8531 4546//8531 4547//8531
f 4517//8532 4519//8532 4537//8532
f 4543//8533 4518//8533 4548//8533
f 4534//8534 4517//8534 4526//8534
f 4549//8535 4519//8535 4530//8535
f 4542//8536 4540//8536 4539//8536
f 4542//8537 4538//8537 4523//8537
f 4543//8538 4548//8538 4534//8538
f 4549//8539 4536//8539 4519//8539
f 4520//8540 4531//8540 4526//8540
f 4540//8541 4530//8541 4529//8541
f 4538//8542 4516//8542 4515//8542
f 4540//8543 4529//8543 4541//8543
f 4526//8544 4527//8544 4546//8544
f 4520//8545 4544//8545 4531//8545
f 4523//8546 4538//8546 4524//8546
f 4550//8547 4551//8547 4547//8547
f 4548//8548 4518//8548 4517//8548
f 4543//8549 4514//8549 4541//8549
f 4543//8550 4529//8550 4528//8550
f 4520//8551 4545//8551 4544//8551
f 4552//8552 4524//8552 4521//8552
f 4543//8553 4534//8553 4514//8553
f 4516//8554 4539//8554 4541//8554
f 4535//8555 4545//8555 4521//8555
f 4542//8556 4523//8556 4537//8556
f 4525//8557 4553//8557 4554//8557
f 4532//8558 4533//8558 4555//8558
f 4522//8559 4521//8559 4545//8559
f 4523//8560 4525//8560 4551//8560
f 4526//8561 4517//8561 4537//8561
f 4523//8562 4551//8562 4527//8562
f 4535//8563 4524//8563 4515//8563
f 4549//8564 4540//8564 4542//8564
f 4552//8565 4547//8565 4551//8565
f 4552//8566 4551//8566 4525//8566
f 4520//8567 4522//8567 4545//8567
f 4532//8568 4555//8568 4544//8568
f 4552//8569 4553//8569 4525//8569
f 4552//8570 4525//8570 4554//8570
f 4520//8571 4547//8571 4552//8571
f 4552//8572 4525//8572 4524//8572
f 4520//8573 4526//8573 4547//8573
f 4542//8574 4539//8574 4538//8574
f 4514//8575 4535//8575 4515//8575
f 4543//8576 4528//8576 4518//8576
f 4550//8577 4547//8577 4527//8577
f 4544//8578 4555//8578 4556//8578
f 4534//8579 4535//8579 4514//8579
f 4550//8580 4527//8580 4551//8580
f 4520//8581 4552//8581 4521//8581
f 4556//8582 4555//8582 4533//8582
f 4549//8583 4542//8583 4536//8583
f 4531//8584 4544//8584 4556//8584
f 4514//8585 4516//8585 4541//8585
f 4526//8586 4537//8586 4523//8586
f 4538//8587 4515//8587 4524//8587
f 4549//8588 4530//8588 4540//8588
f 4547//8589 4546//8589 4527//8589
f 4552//8590 4554//8590 4553//8590
f 4531//8591 4556//8591 4533//8591
f 4532//8592 4544//8592 4535//8592
f 4548//8593 4517//8593 4534//8593
f 4557//8594 4558//8594 4559//8594
f 4560//8595 4561//8595 4559//8595
f 4562//8596 4563//8596 4557//8596
f 4564//8597 4565//8597 4566//8597
f 4567//8598 4568//8598 4569//8598
f 4564//8599 4570//8599 4571//8599
f 4572//8600 4559//8600 4561//8600
f 4571//8601 4570//8601 4573//8601
f 4574//2143 4575//2143 4576//2143
f 4577//2143 4578//2143 4574//2143
f 4569//8602 4570//8602 4577//8602
f 4560//8603 4576//8603 4579//8603
f 4575//8604 4579//8604 4576//8604
f 4580//8605 4581//8605 4582//8605
f 4583//8606 4584//8606 4585//8606
f 4583//8607 4586//8607 4587//8607
f 4588//8608 4589//8608 4590//8608
f 4591//8609 4592//8609 4593//8609
f 4580//8610 4586//8610 4594//8610
f 4583//8611 4594//8611 4586//8611
f 4594//8612 4595//8612 4596//8612
f 4588//8613 4590//8613 4597//8613
f 4580//8614 4598//8614 4599//8614
f 4587//8615 4600//8615 4601//8615
f 4593//8616 4602//8616 4603//8616
f 4583//8617 4585//8617 4604//8617
f 4605//8618 4606//8618 4607//8618
f 4595//8619 4585//8619 4608//8619
f 4588//8620 4609//8620 4589//8620
f 4580//8621 4610//8621 4581//8621
f 4580//8622 4596//8622 4598//8622
f 4607//8623 4611//8623 4602//8623
f 4611//8624 4612//8624 4613//8624
f 4606//8625 4614//8625 4582//8625
f 4593//8626 4615//8626 4602//8626
f 4591//8627 4616//8627 4592//8627
f 4589//8628 4581//8628 4590//8628
f 4617//8629 4613//8629 4618//8629
f 4588//8630 4619//8630 4609//8630
f 4600//8631 4615//8631 4620//8631
f 4589//8632 4609//8632 4621//8632
f 4622//8633 4623//8633 4608//8633
f 4605//8634 4600//8634 4614//8634
f 4589//8635 4624//8635 4606//8635
f 4592//8636 4625//8636 4619//8636
f 4624//8637 4626//8637 4612//8637
f 4592//8638 4616//8638 4625//8638
f 4580//8639 4594//8639 4596//8639
f 4627//8640 4628//8640 4629//8640
f 4607//8641 4624//8641 4611//8641
f 4630//8642 4631//8642 4632//8642
f 4607//8643 4606//8643 4624//8643
f 4605//8644 4614//8644 4606//8644
f 4609//8645 4633//8645 4621//8645
f 4627//8646 4634//8646 4612//8646
f 4634//8647 4613//8647 4612//8647
f 4635//8648 4636//8648 4637//8648
f 4611//8649 4603//8649 4602//8649
f 4638//8650 4639//8650 4640//8650
f 4641//8651 4625//8651 4616//8651
f 4589//8652 4582//8652 4581//8652
f 4626//8653 4621//8653 4642//8653
f 4643//8654 4644//8654 4645//8654
f 4646//8655 4647//8655 4648//8655
f 4593//8656 4620//8656 4615//8656
f 4627//8657 4642//8657 4649//8657
f 4650//8658 4651//8658 4645//8658
f 4652//8659 4625//8659 4653//8659
f 4643//8660 4645//8660 4651//8660
f 4650//8661 4645//8661 4654//8661
f 4655//8662 4593//8662 4592//8662
f 4627//8663 4612//8663 4626//8663
f 4588//8664 4656//8664 4655//8664
f 4652//8665 4631//8665 4657//8665
f 4641//8666 4616//8666 4658//8666
f 4588//8667 4655//8667 4619//8667
f 4617//8668 4658//8668 4591//8668
f 4588//8669 4597//8669 4656//8669
f 4650//8670 4641//8670 4647//8670
f 4659//8671 4660//8671 4628//8671
f 4627//8672 4626//8672 4642//8672
f 4589//8673 4606//8673 4582//8673
f 4611//8674 4613//8674 4603//8674
f 4629//8675 4628//8675 4660//8675
f 4629//8676 4661//8676 4618//8676
f 4605//8677 4607//8677 4602//8677
f 4629//8678 4618//8678 4634//8678
f 4617//8679 4591//8679 4603//8679
f 4641//8680 4653//8680 4625//8680
f 4617//8681 4618//8681 4662//8681
f 4659//8682 4639//8682 4660//8682
f 4591//8683 4658//8683 4616//8683
f 4617//8684 4662//8684 4647//8684
f 4650//8685 4646//8685 4663//8685
f 4617//8686 4603//8686 4613//8686
f 4619//8687 4625//8687 4652//8687
f 4650//8688 4647//8688 4646//8688
f 4652//8689 4653//8689 4631//8689
f 4630//8690 4657//8690 4631//8690
f 4630//8691 4633//8691 4657//8691
f 4635//8692 4628//8692 4649//8692
f 4638//8693 4664//8693 4648//8693
f 4659//8694 4640//8694 4639//8694
f 4642//8695 4621//8695 4633//8695
f 4630//8696 4644//8696 4637//8696
f 4630//8697 4637//8697 4636//8697
f 4630//8698 4636//8698 4633//8698
f 4595//8699 4604//8699 4585//8699
f 4635//8700 4637//8700 4665//8700
f 4630//8701 4645//8701 4644//8701
f 4634//8702 4618//8702 4613//8702
f 4629//8703 4660//8703 4661//8703
f 4635//8704 4649//8704 4636//8704
f 4663//8705 4648//8705 4664//8705
f 4650//8706 4663//8706 4651//8706
f 4609//8707 4619//8707 4652//8707
f 4648//8708 4662//8708 4661//8708
f 4605//8709 4615//8709 4600//8709
f 4655//8710 4666//8710 4601//8710
f 4627//8711 4649//8711 4628//8711
f 4632//8712 4631//8712 4654//8712
f 4643//8713 4651//8713 4667//8713
f 4644//8714 4665//8714 4637//8714
f 4630//8715 4632//8715 4645//8715
f 4661//8716 4662//8716 4618//8716
f 4661//8717 4660//8717 4639//8717
f 4641//8718 4658//8718 4647//8718
f 4643//8719 4667//8719 4664//8719
f 4650//8720 4653//8720 4641//8720
f 4636//8721 4642//8721 4633//8721
f 4635//8722 4665//8722 4640//8722
f 4659//8723 4635//8723 4640//8723
f 4638//8724 4661//8724 4639//8724
f 4659//8725 4628//8725 4635//8725
f 4638//8726 4648//8726 4661//8726
f 4648//8727 4647//8727 4662//8727
f 4609//8728 4657//8728 4633//8728
f 4643//8729 4638//8729 4640//8729
f 4643//8730 4640//8730 4644//8730
f 4663//8731 4667//8731 4651//8731
f 4617//8732 4647//8732 4658//8732
f 4627//8733 4629//8733 4634//8733
f 4654//8734 4631//8734 4653//8734
f 4632//8735 4654//8735 4645//8735
f 4650//8736 4654//8736 4653//8736
f 4649//8737 4642//8737 4636//8737
f 4663//8738 4664//8738 4667//8738
f 4643//8739 4664//8739 4638//8739
f 4663//8740 4646//8740 4648//8740
f 4644//8741 4640//8741 4665//8741
f 4668//8742 4669//8742 4670//8742
f 4671//8743 4672//8743 4673//8743
f 4674//8744 4675//8744 4676//8744
f 4677//8745 4678//8745 4669//8745
f 4679//8746 4680//8746 4681//8746
f 4682//8747 4683//8747 4684//8747
f 4677//8748 4669//8748 4681//8748
f 4679//8749 4681//8749 4669//8749
f 4685//8750 4686//8750 4687//8750
f 4688//8751 4686//8751 4689//8751
f 4690//8752 4691//8752 4692//8752
f 4693//8753 4694//8753 4695//8753
f 4692//8754 4691//8754 4696//8754
f 4695//8755 4694//8755 4697//8755
f 4684//8756 4698//8756 4699//8756
f 4688//8757 4689//8757 4693//8757
f 4690//8758 4700//8758 4698//8758
f 4701//8759 4685//8759 4697//8759
f 4700//8760 4702//8760 4670//8760
f 4703//8761 4693//8761 4689//8761
f 4704//8762 4705//8762 4691//8762
f 4692//8763 4696//8763 4706//8763
f 4686//8764 4707//8764 4687//8764
f 4708//8765 4707//8765 4705//8765
f 4674//8766 4709//8766 4671//8766
f 4690//8767 4698//8767 4710//8767
f 4690//8768 4702//8768 4704//8768
f 4711//8769 4670//8769 4669//8769
f 4690//8770 4692//8770 4700//8770
f 4700//8771 4705//8771 4704//8771
f 4677//8772 4681//8772 4671//8772
f 4674//8773 4682//8773 4712//8773
f 4682//8774 4676//8774 4679//8774
f 4672//1836 4713//1836 4673//1836
f 4674//8775 4712//8775 4709//8775
f 4680//8776 4671//8776 4681//8776
f 4711//8777 4678//8777 4699//8777
f 4668//8778 4683//8778 4679//8778
f 4671//8779 4673//8779 4713//8779
f 4680//8780 4672//8780 4671//8780
f 4671//8781 4672//8781 4675//8781
f 4677//8782 4684//8782 4678//8782
f 4668//8783 4670//8783 4714//8783
f 4684//8784 4699//8784 4678//8784
f 4677//8785 4712//8785 4684//8785
f 4676//8786 4675//8786 4672//8786
f 4684//8787 4710//8787 4698//8787
f 4677//8788 4709//8788 4712//8788
f 4684//8789 4683//8789 4710//8789
f 4711//8790 4669//8790 4678//8790
f 4679//8791 4676//8791 4680//8791
f 4690//8792 4710//8792 4714//8792
f 4674//8793 4676//8793 4682//8793
f 4692//8794 4705//8794 4700//8794
f 4671//8795 4713//8795 4672//8795
f 4715//8796 4707//8796 4686//8796
f 4668//8797 4714//8797 4683//8797
f 4674//8798 4671//8798 4675//8798
f 4690//8799 4670//8799 4702//8799
f 4682//8800 4684//8800 4712//8800
f 4704//8801 4702//8801 4716//8801
f 4680//8802 4676//8802 4672//8802
f 4668//8803 4679//8803 4669//8803
f 4700//8804 4699//8804 4698//8804
f 4682//8805 4679//8805 4683//8805
f 4677//8806 4671//8806 4709//8806
f 4710//8807 4683//8807 4714//8807
f 4595//8808 4717//8808 4718//8808
f 4622//8809 4719//8809 4623//8809
f 4589//8810 4626//8810 4624//8810
f 4622//8811 4584//8811 4587//8811
f 4666//8812 4599//8812 4598//8812
f 4720//8813 4721//8813 4722//8813
f 4723//8814 4724//8814 4725//8814
f 4726//8815 4727//8815 4720//8815
f 4728//8816 4720//8816 4729//8816
f 4730//8817 4731//8817 4732//8817
f 4733//8818 4734//8818 4735//8818
f 4728//8819 4726//8819 4736//8819
f 4737//8820 4738//8820 4739//8820
f 4723//8821 4722//8821 4729//8821
f 4740//8822 4731//8822 4732//8822
f 4730//8823 4737//8823 4739//8823
f 4741//8824 4740//8824 4742//8824
f 4741//8825 4724//8825 4743//8825
f 4732//8826 4731//8826 4744//8826
f 4726//8827 4720//8827 4745//8827
f 4729//8828 4746//8828 4727//8828
f 4720//8829 4736//8829 4745//8829
f 4728//8830 4729//8830 4727//8830
f 4735//8831 4736//8831 4738//8831
f 4735//8832 4736//8832 4726//8832
f 4728//8833 4747//8833 4726//8833
f 4723//8834 4722//8834 4725//8834
f 4741//8835 4742//8835 4731//8835
f 4740//8836 4732//8836 4748//8836
f 4741//8837 4742//8837 4725//8837
f 4722//8838 4721//8838 4746//8838
f 4728//8839 4727//8839 4747//8839
f 4730//8840 4737//8840 4749//8840
f 4730//8841 4739//8841 4731//8841
f 4740//8842 4744//8842 4742//8842
f 4723//8843 4750//8843 4720//8843
f 4733//8844 4737//8844 4738//8844
f 4728//8845 4736//8845 4720//8845
f 4723//8846 4729//8846 4750//8846
f 4727//8847 4746//8847 4721//8847
f 4733//8848 4738//8848 4736//8848
f 4726//8849 4745//8849 4736//8849
f 4720//8850 4750//8850 4729//8850
f 4726//8851 4747//8851 4727//8851
f 4720//8852 4727//8852 4721//8852
f 4733//8853 4735//8853 4738//8853
f 4731//8854 4742//8854 4744//8854
f 4741//8855 4725//8855 4724//8855
f 4741//8856 4731//8856 4740//8856
f 4723//8857 4720//8857 4722//8857
f 4740//8858 4732//8858 4744//8858
f 4733//8859 4736//8859 4735//8859
f 4722//8860 4746//8860 4729//8860
f 4623//8861 4717//8861 4608//8861
f 4751//8862 4752//8862 4559//8862
f 4753//8863 4569//8863 4754//8863
f 4755//8864 4756//8864 4757//8864
f 4758//8865 4561//8865 4759//8865
f 4564//8866 4577//8866 4570//8866
f 4755//8867 4571//8867 4760//8867
f 4755//8868 4761//8868 4572//8868
f 4587//8869 4601//8869 4719//8869
f 4666//8870 4623//8870 4719//8870
f 4589//8871 4621//8871 4626//8871
f 4753//8872 4563//8872 4762//8872
f 4565//8873 4753//8873 4762//8873
f 4763//8874 4576//8874 4558//8874
f 4763//8875 4577//8875 4574//8875
f 4753//8876 4763//8876 4563//8876
f 4562//8877 4759//8877 4560//8877
f 4564//8878 4566//8878 4577//8878
f 4569//8879 4577//8879 4754//8879
f 4701//8880 4703//8880 4764//8880
f 4685//8881 4689//8881 4686//8881
f 4700//8882 4711//8882 4699//8882
f 4703//8883 4689//8883 4764//8883
f 4688//8884 4691//8884 4705//8884
f 4692//8885 4708//8885 4705//8885
f 4690//8886 4714//8886 4670//8886
f 4701//8887 4694//8887 4703//8887
f 4700//8888 4704//8888 4716//8888
f 4703//8889 4694//8889 4693//8889
f 4692//8890 4706//8890 4708//8890
f 4688//8891 4706//8891 4696//8891
f 4700//8892 4670//8892 4711//8892
f 4690//8893 4704//8893 4691//8893
f 4685//8894 4687//8894 4695//8894
f 4701//8895 4764//8895 4685//8895
f 4695//8896 4708//8896 4706//8896
f 4688//8897 4705//8897 4715//8897
f 4688//8898 4693//8898 4706//8898
f 4695//8899 4687//8899 4708//8899
f 4688//8900 4715//8900 4686//8900
f 4715//8901 4705//8901 4707//8901
f 4701//8902 4697//8902 4694//8902
f 4685//8903 4764//8903 4689//8903
f 4685//8904 4695//8904 4697//8904
f 4693//8905 4695//8905 4706//8905
f 4708//8906 4687//8906 4707//8906
f 4688//8907 4696//8907 4691//8907
f 4700//8908 4716//8908 4702//8908
f 4566//8909 4574//8909 4578//8909
f 4563//8910 4558//8910 4557//8910
f 4758//8911 4756//8911 4561//8911
f 4569//8912 4765//8912 4570//8912
f 4755//8913 4757//8913 4571//8913
f 4755//8914 4572//8914 4561//8914
f 4759//8915 4561//8915 4560//8915
f 4562//8916 4762//8916 4563//8916
f 4751//8917 4758//8917 4752//8917
f 4562//8918 4560//8918 4762//8918
f 4751//8919 4559//8919 4761//8919
f 4567//8920 4757//8920 4568//8920
f 4568//8921 4761//8921 4760//8921
f 4568//8922 4765//8922 4569//8922
f 4567//8923 4753//8923 4565//8923
f 4567//8924 4571//8924 4757//8924
f 4763//8925 4754//8925 4577//8925
f 4755//2143 4760//2143 4761//2143
f 4566//8926 4575//8926 4574//8926
f 4566//8927 4560//8927 4579//8927
f 4763//8928 4574//8928 4576//8928
f 4559//8929 4576//8929 4766//8929
f 4558//8930 4576//8930 4559//8930
f 4563//8931 4763//8931 4558//8931
f 4560//8932 4559//8932 4766//8932
f 4560//8933 4766//8933 4576//8933
f 4753//8934 4754//8934 4763//8934
f 4755//8935 4561//8935 4756//8935
f 4752//8936 4557//8936 4559//8936
f 4751//8937 4757//8937 4758//8937
f 4758//8938 4757//8938 4756//8938
f 4751//8939 4761//8939 4568//8939
f 4571//8940 4573//8940 4760//8940
f 4566//8941 4578//8941 4577//8941
f 4752//8942 4759//8942 4562//8942
f 4572//8943 4761//8943 4559//8943
f 4567//8944 4569//8944 4753//8944
f 4573//8945 4570//8945 4760//8945
f 4762//8946 4560//8946 4566//8946
f 4758//8947 4759//8947 4752//8947
f 4765//8948 4760//8948 4570//8948
f 4568//8949 4760//8949 4765//8949
f 4567//8950 4565//8950 4571//8950
f 4751//8951 4568//8951 4757//8951
f 4564//8952 4571//8952 4565//8952
f 4752//8953 4562//8953 4557//8953
f 4566//8954 4579//8954 4575//8954
f 4565//8955 4762//8955 4566//8955
f 4666//8956 4656//8956 4599//8956
f 4622//8957 4587//8957 4719//8957
f 4591//8958 4593//8958 4603//8958
f 4596//8959 4666//8959 4598//8959
f 4583//8960 4587//8960 4584//8960
f 4596//8961 4623//8961 4666//8961
f 4599//8962 4610//8962 4767//8962
f 4581//8963 4597//8963 4590//8963
f 4596//8964 4595//8964 4718//8964
f 4580//8965 4599//8965 4767//8965
f 4599//8966 4597//8966 4610//8966
f 4583//8967 4604//8967 4594//8967
f 4605//8968 4602//8968 4615//8968
f 4596//8969 4718//8969 4623//8969
f 4587//8970 4614//8970 4600//8970
f 4585//8971 4584//8971 4608//8971
f 4622//8972 4608//8972 4584//8972
f 4595//8973 4608//8973 4717//8973
f 4581//8974 4610//8974 4597//8974
f 4655//8975 4592//8975 4619//8975
f 4655//8976 4656//8976 4666//8976
f 4623//8977 4718//8977 4717//8977
f 4655//8978 4620//8978 4593//8978
f 4594//8979 4604//8979 4595//8979
f 4599//8980 4656//8980 4597//8980
f 4586//8981 4614//8981 4587//8981
f 4666//8982 4719//8982 4601//8982
f 4609//8983 4652//8983 4657//8983
f 4600//8984 4620//8984 4601//8984
f 4580//8985 4582//8985 4614//8985
f 4624//8986 4612//8986 4611//8986
f 4580//8987 4767//8987 4610//8987
f 4580//8988 4614//8988 4586//8988
f 4655//8989 4601//8989 4620//8989
f 4768//8990 4769//8990 4770//8990
f 4771//8991 4772//8991 4773//8991
f 4774//8992 4775//8992 4776//8992
f 4777//2143 4778//2143 4779//2143
f 4780//2143 4781//2143 4782//2143
f 4783//8993 4784//8993 4777//8993
f 4783//8994 4785//8994 4784//8994
f 4786//8995 4787//8995 4783//8995
f 4788//8996 4777//8996 4785//8996
f 4789//8997 4790//8997 4791//8997
f 4774//8998 4792//8998 4793//8998
f 4777//8999 4784//8999 4785//8999
f 4770//9000 4771//9000 4773//9000
f 4783//9001 4778//9001 4794//9001
f 4791//9002 4795//9002 4771//9002
f 4788//9003 4796//9003 4777//9003
f 4782//2143 4797//2143 4798//2143
f 4797//9004 4799//9004 4798//9004
f 4771//9005 4800//9005 4801//9005
f 4797//9006 4800//9006 4799//9006
f 4802//9007 4803//9007 4804//9007
f 4805//9008 4806//9008 4807//9008
f 4808//9009 4809//9009 4810//9009
f 4805//9010 4811//9010 4812//9010
f 4802//9011 4813//9011 4803//9011
f 4814//9012 4815//9012 4816//9012
f 4808//9013 4817//9013 4809//9013
f 4818//9014 4805//9014 4812//9014
f 4819//9015 4820//9015 4821//9015
f 4822//9016 4823//9016 4824//9016
f 4813//9017 4825//9017 4811//9017
f 4826//9018 4827//9018 4828//9018
f 4802//9019 4829//9019 4830//9019
f 4823//9020 4831//9020 4832//9020
f 4807//9021 4833//9021 4813//9021
f 4822//9022 4834//9022 4831//9022
f 4835//9023 4836//9023 4837//9023
f 4819//9024 4812//9024 4835//9024
f 4803//9025 4813//9025 4833//9025
f 4838//9026 4803//9026 4833//9026
f 4839//9027 4840//9027 4841//9027
f 4838//9028 4842//9028 4843//9028
f 4844//9029 4845//9029 4846//9029
f 4847//9030 4838//9030 4843//9030
f 4814//9031 4816//9031 4848//9031
f 4823//9032 4848//9032 4824//9032
f 4845//9033 4849//9033 4841//9033
f 4850//9034 4802//9034 4851//9034
f 4814//9035 4848//9035 4852//9035
f 4853//9036 4854//9036 4855//9036
f 4856//9037 4816//9037 4815//9037
f 4822//9038 4857//9038 4834//9038
f 4847//9039 4804//9039 4838//9039
f 4858//9040 4859//9040 4854//9040
f 4850//9041 4823//9041 4832//9041
f 4857//9042 4860//9042 4807//9042
f 4805//9043 4834//9043 4806//9043
f 4861//9044 4862//9044 4863//9044
f 4847//9045 4864//9045 4804//9045
f 4854//9046 4865//9046 4828//9046
f 4804//9047 4803//9047 4838//9047
f 4807//9048 4842//9048 4833//9048
f 4804//9049 4864//9049 4851//9049
f 4855//9050 4854//9050 4828//9050
f 4866//9051 4867//9051 4868//9051
f 4847//9052 4839//9052 4841//9052
f 4844//9053 4846//9053 4869//9053
f 4870//9054 4871//9054 4872//9054
f 4805//9055 4813//9055 4811//9055
f 4814//9056 4873//9056 4844//9056
f 4839//9057 4843//9057 4827//9057
f 4847//9058 4849//9058 4864//9058
f 4874//9059 4863//9059 4875//9059
f 4822//9060 4853//9060 4876//9060
f 4877//9061 4874//9061 4878//9061
f 4857//9062 4876//9062 4860//9062
f 4810//9063 4879//9063 4819//9063
f 4870//9064 4872//9064 4880//9064
f 4860//9065 4842//9065 4807//9065
f 4858//9066 4854//9066 4853//9066
f 4881//9067 4878//9067 4871//9067
f 4827//9068 4860//9068 4876//9068
f 4826//9069 4839//9069 4827//9069
f 4826//9070 4828//9070 4882//9070
f 4883//9071 4874//9071 4875//9071
f 4871//9072 4862//9072 4884//9072
f 4883//9073 4875//9073 4862//9073
f 4881//9074 4877//9074 4878//9074
f 4868//9075 4867//9075 4872//9075
f 4885//9076 4861//9076 4840//9076
f 4814//9077 4844//9077 4869//9077
f 4856//9078 4815//9078 4877//9078
f 4883//9079 4878//9079 4874//9079
f 4886//9080 4824//9080 4848//9080
f 4858//9081 4853//9081 4824//9081
f 4822//9082 4831//9082 4823//9082
f 4814//9083 4852//9083 4873//9083
f 4859//9084 4865//9084 4854//9084
f 4866//9085 4884//9085 4887//9085
f 4871//9086 4878//9086 4883//9086
f 4827//9087 4843//9087 4860//9087
f 4850//9088 4832//9088 4829//9088
f 4827//9089 4876//9089 4855//9089
f 4822//9090 4824//9090 4853//9090
f 4885//9091 4826//9091 4882//9091
f 4866//9092 4882//9092 4880//9092
f 4850//9093 4873//9093 4852//9093
f 4871//9094 4884//9094 4868//9094
f 4858//9095 4824//9095 4886//9095
f 4877//9096 4869//9096 4874//9096
f 4856//9097 4871//9097 4870//9097
f 4871//9098 4883//9098 4862//9098
f 4887//9099 4862//9099 4861//9099
f 4873//9100 4851//9100 4864//9100
f 4877//9101 4815//9101 4869//9101
f 4888//9102 4845//9102 4841//9102
f 4882//9103 4865//9103 4880//9103
f 4853//9104 4855//9104 4876//9104
f 4856//9105 4870//9105 4886//9105
f 4886//9106 4848//9106 4816//9106
f 4885//9107 4887//9107 4861//9107
f 4880//9108 4872//9108 4867//9108
f 4881//9109 4871//9109 4856//9109
f 4840//9110 4888//9110 4841//9110
f 4880//9111 4865//9111 4859//9111
f 4847//9112 4841//9112 4849//9112
f 4874//9113 4846//9113 4863//9113
f 4861//9114 4863//9114 4888//9114
f 4826//9115 4840//9115 4839//9115
f 4888//9116 4846//9116 4845//9116
f 4871//9117 4868//9117 4872//9117
f 4863//9118 4846//9118 4888//9118
f 4858//9119 4870//9119 4859//9119
f 4827//9120 4855//9120 4828//9120
f 4866//9121 4868//9121 4884//9121
f 4881//9122 4856//9122 4877//9122
f 4844//9123 4849//9123 4845//9123
f 4882//9124 4828//9124 4865//9124
f 4858//9125 4886//9125 4870//9125
f 4856//9126 4886//9126 4816//9126
f 4885//9127 4840//9127 4826//9127
f 4866//9128 4887//9128 4885//9128
f 4887//9129 4884//9129 4862//9129
f 4874//9130 4869//9130 4846//9130
f 4862//9131 4875//9131 4863//9131
f 4870//9132 4880//9132 4859//9132
f 4861//9133 4888//9133 4840//9133
f 4866//9134 4885//9134 4882//9134
f 4889//9135 4890//9135 4891//9135
f 4892//9136 4893//9136 4894//9136
f 4895//9137 4896//9137 4897//9137
f 4898//9138 4899//9138 4900//9138
f 4890//9139 4901//9139 4902//9139
f 4903//9140 4899//9140 4904//9140
f 4905//9141 4900//9141 4906//9141
f 4907//9142 4897//9142 4896//9142
f 4908//9143 4909//9143 4910//9143
f 4911//9144 4907//9144 4896//9144
f 4912//9145 4908//9145 4913//9145
f 4914//9146 4915//9146 4916//9146
f 4914//9147 4917//9147 4918//9147
f 4919//9148 4920//9148 4921//9148
f 4922//9149 4923//9149 4924//9149
f 4925//9150 4926//9150 4894//9150
f 4927//9151 4907//9151 4928//9151
f 4915//9152 4917//9152 4929//9152
f 4919//9153 4930//9153 4931//9153
f 4918//9154 4932//9154 4926//9154
f 4912//9155 4909//9155 4908//9155
f 4922//9156 4912//9156 4916//9156
f 4914//9157 4913//9157 4917//9157
f 4889//9158 4905//9158 4906//9158
f 4904//9159 4895//9159 4897//9159
f 4925//9160 4894//9160 4893//9160
f 4927//9161 4933//9161 4934//9161
f 4903//9162 4902//9162 4901//9162
f 4933//9163 4889//9163 4891//9163
f 4903//9164 4900//9164 4899//9164
f 4935//9165 4929//9165 4917//9165
f 4918//9166 4917//9166 4932//9166
f 4915//9167 4929//9167 4936//9167
f 4898//9168 4900//9168 4905//9168
f 4889//9169 4906//9169 4900//9169
f 4904//9170 4899//9170 4895//9170
f 4918//9171 4926//9171 4928//9171
f 4903//9172 4901//9172 4890//9172
f 4915//9173 4936//9173 4916//9173
f 4898//9174 4925//9174 4899//9174
f 4918//9175 4928//9175 4911//9175
f 4932//9176 4911//9176 4892//9176
f 4891//9177 4890//9177 4902//9177
f 4892//9178 4895//9178 4893//9178
f 4927//9179 4934//9179 4897//9179
f 4933//9180 4905//9180 4889//9180
f 4903//9181 4904//9181 4891//9181
f 4899//9182 4925//9182 4893//9182
f 4911//9183 4896//9183 4892//9183
f 4927//9184 4928//9184 4925//9184
f 4903//9185 4890//9185 4889//9185
f 4904//9186 4897//9186 4934//9186
f 4932//9187 4894//9187 4926//9187
f 4927//9188 4925//9188 4898//9188
f 4903//9189 4889//9189 4900//9189
f 4925//9190 4928//9190 4926//9190
f 4927//9191 4898//9191 4933//9191
f 4903//9192 4891//9192 4902//9192
f 4904//9193 4934//9193 4891//9193
f 4933//9194 4891//9194 4934//9194
f 4898//9195 4905//9195 4933//9195
f 4899//9196 4893//9196 4895//9196
f 4817//9197 4837//9197 4809//9197
f 4802//9198 4804//9198 4851//9198
f 4820//9199 4835//9199 4837//9199
f 4937//9200 4821//9200 4938//9200
f 4835//9201 4812//9201 4811//9201
f 4939//9202 4940//9202 4941//9202
f 4942//9203 4943//9203 4944//9203
f 4945//9204 4946//9204 4944//9204
f 4942//9205 4947//9205 4948//9205
f 4945//9206 4949//9206 4950//9206
f 4945//9207 4942//9207 4951//9207
f 4945//9208 4944//9208 4942//9208
f 4945//9209 4952//9209 4946//9209
f 4953//9210 4947//9210 4943//9210
f 4951//9211 4950//9211 4949//9211
f 4954//9212 4943//9212 4947//9212
f 4940//9213 4941//9213 4946//9213
f 4954//9214 4947//9214 4953//9214
f 4955//9215 4956//9215 4957//9215
f 4958//9216 4957//9216 4959//9216
f 4952//9217 4951//9217 4946//9217
f 4958//9218 4957//9218 4960//9218
f 4952//9219 4950//9219 4951//9219
f 4952//9220 4946//9220 4940//9220
f 4954//9221 4961//9221 4953//9221
f 4955//9222 4956//9222 4962//9222
f 4954//9223 4963//9223 4961//9223
f 4955//9224 4964//9224 4965//9224
f 4957//9225 4959//9225 4956//9225
f 4945//9226 4950//9226 4952//9226
f 4955//9227 4962//9227 4964//9227
f 4939//9228 4964//9228 4962//9228
f 4958//9229 4961//9229 4953//9229
f 4944//9230 4946//9230 4951//9230
f 4939//9231 4941//9231 4964//9231
f 4966//9232 4949//9232 4945//9232
f 4941//9233 4962//9233 4964//9233
f 4939//9234 4940//9234 4967//9234
f 4942//9235 4947//9235 4943//9235
f 4939//9236 4962//9236 4941//9236
f 4942//9237 4944//9237 4951//9237
f 4966//9238 4945//9238 4951//9238
f 4966//9239 4951//9239 4949//9239
f 4953//9240 4961//9240 4959//9240
f 4958//9241 4953//9241 4959//9241
f 4954//9242 4953//9242 4943//9242
f 4958//9243 4959//9243 4961//9243
f 4850//9244 4852//9244 4823//9244
f 4810//9245 4830//9245 4879//9245
f 4790//9246 4782//9246 4798//9246
f 4775//9247 4968//9247 4776//9247
f 4969//9248 4970//9248 4971//9248
f 4789//9249 4972//9249 4773//9249
f 4792//9250 4778//9250 4777//9250
f 4768//9251 4785//9251 4787//9251
f 4973//9252 4795//9252 4791//9252
f 4794//2143 4778//2143 4974//2143
f 4774//9253 4975//9253 4775//9253
f 4771//9254 4801//9254 4781//9254
f 4768//9255 4787//9255 4793//9255
f 4792//9256 4972//9256 4976//9256
f 4772//2143 4780//2143 4773//2143
f 4975//9257 4977//9257 4787//9257
f 4789//9258 4976//9258 4972//9258
f 4968//9259 4971//9259 4970//9259
f 4786//9260 4974//9260 4774//9260
f 4969//9261 4971//9261 4775//9261
f 4790//9262 4978//9262 4775//9262
f 4919//9263 4931//9263 4920//9263
f 4911//9264 4928//9264 4907//9264
f 4922//9265 4916//9265 4936//9265
f 4912//9266 4914//9266 4916//9266
f 4927//9267 4897//9267 4907//9267
f 4922//9268 4921//9268 4923//9268
f 4931//9269 4923//9269 4920//9269
f 4919//9270 4908//9270 4930//9270
f 4919//9271 4935//9271 4908//9271
f 4922//9272 4936//9272 4921//9272
f 4915//9273 4932//9273 4917//9273
f 4915//9274 4911//9274 4932//9274
f 4919//9275 4921//9275 4936//9275
f 4914//9276 4918//9276 4911//9276
f 4936//9277 4929//9277 4935//9277
f 4935//9278 4917//9278 4913//9278
f 4932//9279 4892//9279 4894//9279
f 4919//9280 4936//9280 4935//9280
f 4922//9281 4909//9281 4912//9281
f 4908//9282 4935//9282 4913//9282
f 4924//9283 4931//9283 4910//9283
f 4914//9284 4911//9284 4915//9284
f 4912//9285 4913//9285 4914//9285
f 4922//9286 4924//9286 4909//9286
f 4892//9287 4896//9287 4895//9287
f 4931//9288 4930//9288 4910//9288
f 4924//9289 4910//9289 4909//9289
f 4920//9290 4923//9290 4921//9290
f 4924//9291 4923//9291 4931//9291
f 4908//9292 4910//9292 4930//9292
f 4775//9293 4971//9293 4968//9293
f 4789//9294 4780//9294 4790//9294
f 4774//9295 4974//9295 4778//9295
f 4782//9296 4800//9296 4797//9296
f 4789//9297 4773//9297 4780//9297
f 4771//9298 4780//9298 4772//9298
f 4973//9299 4775//9299 4975//9299
f 4786//9300 4776//9300 4968//9300
f 4969//9301 4799//9301 4800//9301
f 4790//9302 4798//9302 4978//9302
f 4792//9303 4777//9303 4796//9303
f 4770//9304 4773//9304 4979//9304
f 4791//9305 4771//9305 4769//9305
f 4770//9306 4796//9306 4788//9306
f 4774//9307 4793//9307 4977//9307
f 4789//9308 4791//9308 4980//9308
f 4972//9309 4796//9309 4773//9309
f 4792//9310 4976//9310 4793//9310
f 4969//9311 4800//9311 4795//9311
f 4786//9312 4774//9312 4776//9312
f 4768//9313 4793//9313 4976//9313
f 4969//9314 4973//9314 4786//9314
f 4973//9315 4791//9315 4790//9315
f 4774//9316 4778//9316 4792//9316
f 4782//9317 4801//9317 4800//9317
f 4969//9318 4795//9318 4973//9318
f 4782//9319 4781//9319 4801//9319
f 4795//9320 4800//9320 4771//9320
f 4973//9321 4975//9321 4786//9321
f 4769//9322 4771//9322 4770//9322
f 4789//9323 4980//9323 4976//9323
f 4786//9324 4975//9324 4787//9324
f 4969//9325 4798//9325 4799//9325
f 4786//9326 4968//9326 4970//9326
f 4969//9327 4978//9327 4798//9327
f 4973//9328 4790//9328 4775//9328
f 4768//9329 4770//9329 4785//9329
f 4787//9330 4977//9330 4793//9330
f 4787//9331 4785//9331 4783//9331
f 4969//9332 4786//9332 4970//9332
f 4786//9333 4794//9333 4974//9333
f 4783//9334 4777//9334 4779//9334
f 4790//9335 4780//9335 4782//9335
f 4786//9336 4783//9336 4794//9336
f 4796//2143 4979//2143 4773//2143
f 4774//9337 4977//9337 4975//9337
f 4791//9338 4769//9338 4980//9338
f 4969//9339 4775//9339 4978//9339
f 4768//9340 4976//9340 4980//9340
f 4783//9341 4779//9341 4778//9341
f 4771//9342 4781//9342 4780//9342
f 4768//9343 4980//9343 4769//9343
f 4770//9344 4979//9344 4796//9344
f 4792//9345 4796//9345 4972//9345
f 4770//9346 4788//9346 4785//9346
f 4817//9347 4937//9347 4938//9347
f 4819//9348 4835//9348 4820//9348
f 4835//9349 4811//9349 4836//9349
f 4830//9350 4829//9350 4981//9350
f 4802//9351 4825//9351 4813//9351
f 4810//9352 4819//9352 4937//9352
f 4820//9353 4837//9353 4938//9353
f 4808//9354 4937//9354 4817//9354
f 4847//9355 4843//9355 4839//9355
f 4819//9356 4818//9356 4812//9356
f 4818//9357 4829//9357 4831//9357
f 4808//9358 4810//9358 4937//9358
f 4810//9359 4809//9359 4830//9359
f 4818//9360 4879//9360 4829//9360
f 4805//9361 4807//9361 4813//9361
f 4820//9362 4938//9362 4821//9362
f 4825//9363 4836//9363 4811//9363
f 4818//9364 4834//9364 4805//9364
f 4802//9365 4836//9365 4825//9365
f 4873//9366 4864//9366 4849//9366
f 4819//9367 4821//9367 4937//9367
f 4822//9368 4876//9368 4857//9368
f 4818//9369 4831//9369 4834//9369
f 4850//9370 4851//9370 4873//9370
f 4817//9371 4938//9371 4837//9371
f 4857//9372 4807//9372 4806//9372
f 4814//9373 4869//9373 4815//9373
f 4830//9374 4981//9374 4879//9374
f 4852//9375 4848//9375 4823//9375
f 4829//9376 4879//9376 4981//9376
f 4829//9377 4832//9377 4831//9377
f 4802//9378 4809//9378 4836//9378
f 4857//9379 4806//9379 4834//9379
f 4860//9380 4843//9380 4842//9380
f 4866//9381 4880//9381 4867//9381
f 4838//9382 4833//9382 4842//9382
f 4802//9383 4830//9383 4809//9383
f 4850//9384 4829//9384 4802//9384
f 4873//9385 4849//9385 4844//9385
f 4819//9386 4879//9386 4818//9386
f 4809//9387 4837//9387 4836//9387
