# Blender 5.0.1
# www.blender.org
mtllib chess_inner_2500.mtl
o chess_inner_2500
v -0.243923 0.021161 0.225228
v -0.243129 0.022213 0.215242
v -0.239285 0.023582 0.234570
v -0.239949 0.020897 0.212191
v -0.241112 0.027301 0.215772
v -0.239976 0.095927 0.216385
v -0.240021 0.096154 0.216385
v -0.239998 0.096041 0.215768
v -0.228498 0.021115 0.242797
v -0.230148 0.026377 0.242041
v -0.204741 0.027651 0.239423
v -0.221460 0.092181 0.237681
v -0.228462 0.100330 0.239444
v -0.219922 0.097885 0.242542
v -0.239026 0.019811 0.230321
v -0.237274 0.024407 0.228252
v -0.212376 0.019684 0.204193
v -0.234580 0.026642 0.233988
v -0.234770 0.042866 0.223026
v -0.220439 0.042731 0.234674
v -0.233878 0.063713 0.223240
v -0.232736 0.091045 0.225663
v -0.233030 0.069768 0.216640
v -0.224074 0.087342 0.232553
v -0.221932 0.062690 0.233988
v -0.236990 0.095973 0.231038
v -0.237000 0.096023 0.230925
v -0.231516 0.096468 0.237005
v -0.224306 0.092591 0.235567
v -0.224962 0.091641 0.232741
v -0.223056 0.091516 0.206976
v -0.216538 0.093408 0.234143
v -0.212349 0.087553 0.230408
v -0.213656 0.091356 0.217858
v -0.237010 0.096072 0.231038
v -0.237268 0.104884 0.227443
v -0.237232 0.110336 0.221618
v -0.236718 0.104120 0.216271
v -0.233934 0.102889 0.231065
v -0.233442 0.104811 0.225131
v -0.233530 0.104867 0.213166
v -0.230910 0.104693 0.231007
v -0.227679 0.107844 0.237539
v -0.224838 0.105068 0.230578
v -0.215251 0.104101 0.236233
v -0.210159 0.099957 0.234829
v -0.232747 0.023511 0.212903
v -0.234310 0.020914 0.209506
v -0.231444 0.023904 0.198003
v -0.226830 0.020640 0.203083
v -0.227632 0.023568 0.207694
v -0.230427 0.023725 0.198033
v -0.225694 0.023825 0.197545
v -0.218425 0.023890 0.194498
v -0.228847 0.042631 0.209006
v -0.225665 0.027922 0.202235
v -0.230427 0.024083 0.197972
v -0.224215 0.035908 0.203390
v -0.222077 0.041884 0.206241
v -0.217724 0.029840 0.197388
v -0.216561 0.046543 0.201804
v -0.231018 0.086845 0.212204
v -0.215983 0.064076 0.203921
v -0.229217 0.090544 0.209652
v -0.215753 0.087359 0.206683
v -0.231105 0.104935 0.210311
v -0.231344 0.105141 0.202713
v -0.225301 0.110680 0.203982
v -0.218755 0.104902 0.210595
v -0.217420 0.104974 0.204994
v -0.215258 0.110386 0.204057
v -0.215426 0.111605 0.203876
v -0.229695 0.025072 0.166254
v -0.216383 0.017054 0.171313
v -0.218371 0.025734 0.170198
v -0.237064 0.018030 0.158768
v -0.231617 0.018174 0.149286
v -0.233601 0.016443 0.160897
v -0.227361 0.024919 0.144852
v -0.222267 0.017206 0.139617
v -0.208368 0.017373 0.146176
v -0.224870 0.034175 0.157410
v -0.222722 0.034263 0.160689
v -0.220857 0.041536 0.157565
v -0.219160 0.050769 0.159070
v -0.215975 0.032561 0.151212
v -0.215263 0.034498 0.160301
v -0.217682 0.044752 0.156246
v -0.231166 0.065976 0.153582
v -0.225692 0.063495 0.165823
v -0.224158 0.069171 0.161626
v -0.227275 0.069258 0.154917
v -0.221747 0.054080 0.158088
v -0.221422 0.049463 0.156121
v -0.222816 0.057404 0.153270
v -0.228499 0.065697 0.149738
v -0.218148 0.068729 0.148199
v -0.219658 0.062925 0.144053
v -0.217070 0.068806 0.162668
v -0.216107 0.053065 0.156523
v -0.217141 0.056808 0.153505
v -0.215680 0.062817 0.143613
v -0.225569 0.075080 0.158785
v -0.222893 0.076320 0.152185
v -0.216966 0.074675 0.162488
v -0.210053 0.020414 0.243307
v -0.210193 0.023066 0.244795
v -0.201616 0.023493 0.238975
v -0.199456 0.020345 0.234564
v -0.194197 0.019946 0.219298
v -0.195160 0.023204 0.227190
v -0.203653 0.047067 0.222049
v -0.218047 0.042320 0.234638
v -0.203677 0.041783 0.222273
v -0.199984 0.027817 0.227606
v -0.199711 0.033947 0.218141
v -0.195167 0.024765 0.211741
v -0.212016 0.070620 0.231445
v -0.204020 0.057175 0.222223
v -0.203914 0.070332 0.219300
v -0.206882 0.093869 0.234410
v -0.206975 0.090078 0.228574
v -0.204653 0.090081 0.218587
v -0.201209 0.094034 0.216653
v -0.212367 0.102110 0.233720
v -0.206719 0.103322 0.229771
v -0.205504 0.102018 0.222286
v -0.203393 0.099359 0.234351
v -0.206717 0.098705 0.232354
v -0.202353 0.099102 0.220813
v -0.201363 0.096197 0.209602
v -0.201099 0.105515 0.227143
v -0.200788 0.102812 0.226233
v -0.204602 0.105424 0.211963
v -0.201022 0.105029 0.209973
v -0.208423 0.020795 0.198589
v -0.203753 0.021357 0.201940
v -0.198573 0.020567 0.207277
v -0.214760 0.038315 0.209850
v -0.212431 0.046640 0.205998
v -0.210241 0.025579 0.198076
v -0.207495 0.038819 0.214052
v -0.202300 0.024830 0.204743
v -0.213681 0.093020 0.203989
v -0.213221 0.095943 0.201119
v -0.213160 0.096018 0.198135
v -0.212302 0.090209 0.206612
v -0.212421 0.092429 0.204167
v -0.212421 0.093610 0.203812
v -0.207482 0.092284 0.212903
v -0.209025 0.096287 0.201212
v -0.196415 0.095971 0.214047
v -0.210505 0.105170 0.203981
v -0.211577 0.018058 0.166721
v -0.207785 0.018050 0.160466
v -0.212397 0.025987 0.144941
v -0.203817 0.017672 0.153298
v -0.203440 0.019047 0.148717
v -0.215939 0.036330 0.153588
v -0.207945 0.025595 0.155060
v -0.207090 0.062672 0.165206
v -0.213578 0.058434 0.160810
v -0.212969 0.068003 0.153822
v -0.209971 0.063008 0.146972
v -0.211475 0.067947 0.159642
v -0.207282 0.062998 0.158848
v -0.213093 0.075044 0.152929
v -0.174871 0.019292 0.223789
v -0.173917 0.020503 0.218419
v -0.170514 0.021137 0.229016
v -0.173428 0.023882 0.225080
v -0.168027 0.019557 0.206465
v -0.173086 0.029964 0.232067
v -0.176905 0.029775 0.225083
v -0.174103 0.029005 0.213969
v -0.173545 0.045492 0.216234
v -0.171469 0.035442 0.227556
v -0.170271 0.044878 0.225821
v -0.171568 0.042319 0.222581
v -0.166154 0.033049 0.240198
v -0.167325 0.037928 0.218073
v -0.171161 0.022967 0.212689
v -0.168767 0.024091 0.208599
v -0.170883 0.044968 0.209907
v -0.165936 0.038464 0.208930
v -0.167409 0.018104 0.168625
v -0.173839 0.017589 0.160353
v -0.170113 0.017779 0.151167
v -0.165851 0.020738 0.143839
v -0.170496 0.025595 0.155753
v -0.149594 0.029607 0.240447
v -0.150013 0.033061 0.240136
v -0.155508 0.061005 0.244195
v -0.158406 0.068641 0.243967
v -0.149864 0.083966 0.232335
v -0.158517 0.082522 0.241705
v -0.155664 0.088076 0.239449
v -0.155547 0.081573 0.243510
v -0.161434 0.020970 0.233451
v -0.152746 0.020033 0.238308
v -0.150181 0.024307 0.236660
v -0.142421 0.018808 0.224483
v -0.145011 0.020589 0.231821
v -0.164301 0.044559 0.234747
v -0.164640 0.039580 0.233145
v -0.164305 0.049576 0.219489
v -0.150707 0.041884 0.231434
v -0.152023 0.047443 0.236423
v -0.148557 0.038638 0.231834
v -0.156123 0.046368 0.235835
v -0.145269 0.044916 0.232971
v -0.147170 0.047606 0.219804
v -0.142402 0.032523 0.234888
v -0.138940 0.026027 0.223247
v -0.144124 0.040582 0.223688
v -0.164344 0.065353 0.218584
v -0.165062 0.065301 0.225504
v -0.160313 0.051563 0.225940
v -0.163067 0.053483 0.206834
v -0.155311 0.052478 0.237844
v -0.156410 0.073968 0.214410
v -0.146045 0.048174 0.225564
v -0.146732 0.053907 0.213877
v -0.165826 0.078091 0.231476
v -0.163830 0.096337 0.223391
v -0.155948 0.082654 0.219192
v -0.157807 0.089502 0.217910
v -0.155969 0.095168 0.235366
v -0.158914 0.100460 0.231398
v -0.156085 0.093765 0.213510
v -0.159443 0.107008 0.218025
v -0.158320 0.093782 0.212533
v -0.155931 0.104827 0.229119
v -0.152905 0.110626 0.209846
v -0.150514 0.104348 0.218730
v -0.144802 0.018716 0.208512
v -0.154969 0.023385 0.206742
v -0.153644 0.020666 0.204577
v -0.146855 0.020133 0.203216
v -0.146985 0.025034 0.205179
v -0.143698 0.024961 0.211073
v -0.166290 0.041053 0.208779
v -0.162562 0.049639 0.206590
v -0.165299 0.045200 0.203815
v -0.160969 0.030097 0.200625
v -0.170919 0.029872 0.203545
v -0.159563 0.026589 0.207080
v -0.153720 0.047143 0.207078
v -0.151585 0.044658 0.203386
v -0.151988 0.038629 0.205665
v -0.152064 0.031180 0.199997
v -0.150232 0.047881 0.212450
v -0.148683 0.033034 0.200425
v -0.144917 0.044650 0.212172
v -0.153474 0.072222 0.214075
v -0.153900 0.061841 0.205909
v -0.148916 0.055394 0.210103
v -0.161771 0.095862 0.198303
v -0.160117 0.089070 0.192623
v -0.156485 0.090369 0.202883
v -0.152115 0.095833 0.201561
v -0.156112 0.088855 0.192395
v -0.152333 0.092771 0.194071
v -0.162748 0.100062 0.204379
v -0.159193 0.111217 0.210087
v -0.162169 0.107736 0.208758
v -0.152268 0.101624 0.205552
v -0.150126 0.104822 0.211244
v -0.162440 0.021492 0.171418
v -0.158470 0.017921 0.171920
v -0.151208 0.020866 0.170775
v -0.146980 0.018172 0.168461
v -0.162012 0.029002 0.164883
v -0.156499 0.017653 0.144116
v -0.143743 0.016638 0.157621
v -0.140959 0.018145 0.150218
v -0.165364 0.030284 0.158652
v -0.159957 0.035189 0.156181
v -0.154891 0.036367 0.159715
v -0.157642 0.048201 0.155998
v -0.159656 0.035784 0.152591
v -0.156080 0.042793 0.158549
v -0.155689 0.047982 0.153663
v -0.154334 0.036168 0.153983
v -0.144935 0.025052 0.147764
v -0.146985 0.028410 0.161556
v -0.165264 0.062005 0.163504
v -0.167395 0.066358 0.156447
v -0.161443 0.053535 0.156821
v -0.163912 0.070488 0.156622
v -0.163250 0.059410 0.152819
v -0.159088 0.059748 0.165167
v -0.156201 0.067150 0.165888
v -0.160359 0.063158 0.144852
v -0.159388 0.067389 0.148633
v -0.155861 0.057912 0.148735
v -0.157252 0.054755 0.158700
v -0.155731 0.074125 0.160778
v -0.153198 0.055352 0.156577
v -0.152349 0.065320 0.165982
v -0.147046 0.063026 0.159891
v -0.150265 0.074319 0.156077
v -0.149905 0.062985 0.148639
v -0.147101 0.062982 0.156372
v -0.160322 0.075205 0.152138
v -0.155806 0.028657 0.144053
v -0.141472 0.019895 0.215971
v -0.138321 0.020810 0.225210
v -0.141176 0.044984 0.222845
v -0.140842 0.044789 0.216363
v -0.142492 0.039068 0.216678
v -0.137049 0.032556 0.230649
v -0.137058 0.032116 0.213321
v -0.098364 0.017840 0.240734
v -0.097189 0.030315 0.240036
v -0.114346 0.019952 0.217517
v -0.106196 0.020616 0.230559
v -0.101953 0.018334 0.234034
v -0.104193 0.024739 0.231131
v -0.093964 0.017943 0.204401
v -0.094656 0.024257 0.237001
v -0.111943 0.030565 0.231148
v -0.112280 0.025556 0.221002
v -0.112115 0.032100 0.209916
v -0.106978 0.030228 0.235841
v -0.098238 0.040448 0.227858
v -0.103108 0.046987 0.226670
v -0.099205 0.041832 0.221559
v -0.103222 0.051330 0.221099
v -0.098193 0.058994 0.218722
v -0.101686 0.087713 0.220824
v -0.102450 0.084175 0.216111
v -0.102200 0.087048 0.213198
v -0.097372 0.086882 0.228269
v -0.094344 0.082111 0.221973
v -0.096181 0.081202 0.215562
v -0.105713 0.108647 0.224419
v -0.106335 0.105279 0.220655
v -0.101787 0.114210 0.222119
v -0.102448 0.105528 0.215690
v -0.096040 0.100197 0.225050
v -0.093645 0.124548 0.222064
v -0.095175 0.095828 0.222813
v -0.098159 0.121699 0.221976
v -0.095878 0.108635 0.219810
v -0.101914 0.100704 0.215327
v -0.092176 0.109553 0.230527
v -0.093783 0.123788 0.218478
v -0.109609 0.020827 0.210761
v -0.100307 0.022073 0.201927
v -0.108812 0.028881 0.206869
v -0.100904 0.041424 0.212183
v -0.101996 0.030437 0.199949
v -0.103986 0.046752 0.212377
v -0.098683 0.041416 0.210863
v -0.086440 0.047612 0.209674
v -0.096433 0.056762 0.213149
v -0.096074 0.087146 0.207806
v -0.099665 0.110689 0.209789
v -0.092291 0.104190 0.208549
v -0.104906 0.018074 0.167951
v -0.097494 0.017430 0.173107
v -0.099162 0.026340 0.168199
v -0.108411 0.020914 0.164583
v -0.108076 0.021198 0.148890
v -0.103129 0.019840 0.144461
v -0.080359 0.019669 0.146637
v -0.092835 0.037333 0.158474
v -0.094057 0.044805 0.155934
v -0.097910 0.034245 0.155309
v -0.105019 0.065995 0.147654
v -0.104882 0.066002 0.146982
v -0.103311 0.066408 0.156456
v -0.102401 0.056002 0.154251
v -0.102342 0.063159 0.149045
v -0.104746 0.066009 0.147654
v -0.099014 0.053272 0.159212
v -0.100152 0.062416 0.162407
v -0.098287 0.076274 0.159499
v -0.098596 0.068642 0.151011
v -0.094012 0.060762 0.165726
v -0.094048 0.049540 0.155291
v -0.094370 0.062936 0.146618
v -0.097787 0.074926 0.151994
v -0.096904 0.018184 0.141234
v -0.097298 0.024179 0.141853
v -0.086624 0.016656 0.206539
v -0.088176 0.018286 0.233832
v -0.085455 0.024971 0.233226
v -0.082152 0.020599 0.232888
v -0.078488 0.017553 0.205532
v -0.079220 0.025076 0.227728
v -0.075010 0.020510 0.225800
v -0.094939 0.041988 0.228780
v -0.090925 0.041124 0.227550
v -0.087234 0.047537 0.228362
v -0.086553 0.042401 0.220134
v -0.088197 0.030214 0.239896
v -0.085477 0.042198 0.214894
v -0.078104 0.030579 0.232969
v -0.073268 0.032511 0.219463
v -0.075857 0.025471 0.216675
v -0.090769 0.057156 0.223352
v -0.095729 0.070410 0.219070
v -0.092868 0.067315 0.216040
v -0.087172 0.051682 0.219660
v -0.089971 0.064476 0.220653
v -0.093145 0.075694 0.219083
v -0.094482 0.089092 0.211984
v -0.087888 0.088088 0.224258
v -0.092943 0.096760 0.215688
v -0.085811 0.087015 0.220820
v -0.091957 0.106720 0.228928
v -0.090034 0.101472 0.217923
v -0.093212 0.113244 0.217586
v -0.083575 0.111776 0.224548
v -0.087396 0.117561 0.222088
v -0.081247 0.108134 0.221363
v -0.083230 0.110799 0.218009
v -0.093000 0.131101 0.218999
v -0.093486 0.135260 0.218897
v -0.092325 0.135321 0.218900
v -0.090097 0.018431 0.198706
v -0.085713 0.023895 0.204845
v -0.083137 0.018006 0.200959
v -0.075085 0.020733 0.212863
v -0.087159 0.040824 0.211791
v -0.092124 0.030060 0.200974
v -0.079088 0.030137 0.203769
v -0.089324 0.054150 0.213746
v -0.091603 0.086703 0.212957
v -0.087599 0.112306 0.211288
v -0.085443 0.017592 0.166961
v -0.089410 0.026958 0.168365
v -0.078008 0.020484 0.160023
v -0.078166 0.021706 0.151664
v -0.091925 0.032683 0.160909
v -0.091228 0.034769 0.153994
v -0.082119 0.023221 0.163913
v -0.084888 0.028645 0.150911
v -0.089905 0.072504 0.163294
v -0.091355 0.068720 0.150456
v -0.089487 0.054663 0.160219
v -0.091019 0.052827 0.149978
v -0.090822 0.066303 0.163228
v -0.086457 0.066474 0.157918
v -0.086500 0.063154 0.149727
v -0.084555 0.063083 0.161959
v -0.084277 0.063076 0.158663
v -0.086855 0.075517 0.155550
v -0.093008 0.018069 0.138476
v -0.085865 0.018692 0.141595
v -0.053683 0.021024 0.219399
v -0.053797 0.020266 0.212675
v -0.050457 0.019742 0.233587
v -0.051698 0.026082 0.224689
v -0.057557 0.033121 0.217744
v -0.054303 0.033136 0.225824
v -0.051124 0.026458 0.212490
v -0.049670 0.031712 0.236970
v -0.047489 0.025518 0.232628
v -0.052636 0.032935 0.204960
v -0.044261 0.026042 0.204908
v -0.043975 0.032568 0.198875
v -0.047450 0.018214 0.086858
v -0.032221 0.026151 0.240972
v -0.026747 0.019970 0.242383
v -0.023131 0.020694 0.239419
v -0.034968 0.032048 0.244335
v -0.038285 0.024058 0.236548
v -0.031058 0.034951 0.244028
v -0.025757 0.032637 0.242871
v -0.025735 0.027006 0.237974
v -0.044856 0.019570 0.205903
v -0.040017 0.020740 0.237745
v -0.037671 0.019247 0.199659
v -0.043527 0.044859 0.229873
v -0.046129 0.048761 0.226850
v -0.045226 0.044791 0.220352
v -0.044578 0.045173 0.211757
v -0.028639 0.046039 0.233736
v -0.032444 0.052480 0.230851
v -0.019116 0.046924 0.220408
v -0.041818 0.053546 0.218000
v -0.034678 0.054290 0.229001
v -0.038623 0.064925 0.219125
v -0.029867 0.069129 0.227831
v -0.020568 0.054034 0.221328
v -0.023441 0.066431 0.220794
v -0.036577 0.092314 0.217763
v -0.035658 0.080165 0.216703
v -0.033942 0.090543 0.216195
v -0.030181 0.078538 0.225612
v -0.032967 0.085170 0.220639
v -0.027626 0.082846 0.222588
v -0.028183 0.091761 0.222363
v -0.042673 0.116215 0.214777
v -0.038947 0.114124 0.228377
v -0.041998 0.114263 0.222639
v -0.039366 0.109098 0.222687
v -0.038660 0.110265 0.217456
v -0.032686 0.118047 0.230921
v -0.024351 0.113596 0.231338
v -0.030232 0.121602 0.228766
v -0.027153 0.101015 0.225145
v -0.027686 0.120763 0.226402
v -0.025379 0.109676 0.227210
v -0.022798 0.108733 0.215595
v -0.022740 0.119277 0.218500
v -0.037035 0.144109 0.230357
v -0.042705 0.139995 0.223880
v -0.036097 0.125106 0.220330
v -0.035723 0.125735 0.216006
v -0.035862 0.143816 0.209180
v -0.031400 0.127040 0.225592
v -0.030178 0.143893 0.233664
v -0.029921 0.136840 0.231316
v -0.025934 0.126813 0.223014
v -0.026603 0.126607 0.216725
v -0.019779 0.142172 0.219070
v -0.043308 0.144564 0.223519
v -0.036909 0.161309 0.223380
v -0.035193 0.155364 0.219799
v -0.038133 0.165483 0.219059
v -0.032773 0.168199 0.221856
v -0.030566 0.147139 0.221082
v -0.027308 0.154605 0.220234
v -0.029386 0.166611 0.221850
v -0.028480 0.160415 0.216644
v -0.023100 0.159119 0.221694
v -0.025777 0.168261 0.219134
v -0.032344 0.020729 0.197963
v -0.028117 0.026781 0.199935
v -0.029575 0.053781 0.208379
v -0.027729 0.050855 0.206348
v -0.036182 0.033031 0.195053
v -0.035461 0.043943 0.204412
v -0.030842 0.044211 0.205484
v -0.021793 0.048666 0.208446
v -0.030322 0.060939 0.210216
v -0.030350 0.072545 0.213003
v -0.029743 0.086070 0.216270
v -0.039015 0.119817 0.212719
v -0.033283 0.100701 0.213376
v -0.032779 0.110216 0.209979
v -0.033342 0.116695 0.208783
v -0.032879 0.143953 0.208475
v -0.029559 0.122538 0.212894
v -0.025117 0.144309 0.213933
v -0.045296 0.020549 0.096763
v -0.042486 0.022205 0.105918
v -0.038617 0.016683 0.108919
v -0.032772 0.017713 0.108088
v -0.025242 0.021667 0.107860
v -0.040393 0.030570 0.092758
v -0.029838 0.027937 0.104609
v -0.030716 0.036168 0.094707
v -0.020826 0.028496 0.093325
v -0.040013 0.062832 0.099746
v -0.038869 0.058707 0.096118
v -0.034988 0.064648 0.103445
v -0.033772 0.073072 0.099173
v -0.031365 0.049146 0.096432
v -0.027673 0.055851 0.099063
v -0.027263 0.062494 0.102838
v -0.026275 0.073328 0.098636
v -0.023982 0.062256 0.099697
v -0.030897 0.077744 0.093248
v -0.045801 0.022934 0.088275
v -0.042569 0.018035 0.081318
v -0.036342 0.017983 0.075127
v -0.029111 0.017537 0.078297
v -0.032558 0.035919 0.089935
v -0.031667 0.028312 0.081729
v -0.030071 0.043114 0.092162
v -0.026650 0.034661 0.089954
v -0.039965 0.063320 0.088937
v -0.038879 0.069206 0.092664
v -0.039105 0.073334 0.091463
v -0.033340 0.054067 0.089942
v -0.031993 0.049282 0.092944
v -0.032944 0.062938 0.084764
v -0.027185 0.062917 0.083886
v -0.026595 0.053762 0.092750
v -0.031087 0.067678 0.086345
v -0.026220 0.072992 0.088848
v -0.022353 0.063446 0.094656
v -0.023610 0.063935 0.089606
v -0.018766 0.033055 0.239734
v -0.015416 0.020475 0.229173
v -0.010173 0.019661 0.221718
v -0.017065 0.026270 0.233077
v -0.018199 0.042709 0.230872
v -0.015082 0.027646 0.217126
v -0.011665 0.033027 0.236782
v -0.013318 0.027235 0.227780
v -0.015930 0.044553 0.216345
v -0.008932 0.032962 0.225987
v -0.007516 0.033931 0.212158
v -0.020866 0.113883 0.225593
v -0.019438 0.114891 0.217706
v -0.023348 0.144126 0.224678
v -0.020960 0.157045 0.218927
v -0.011457 0.020376 0.215216
v -0.021791 0.044119 0.210529
v -0.020059 0.032804 0.197845
v -0.014688 0.033229 0.202621
v -0.018485 0.027614 0.206479
v -0.021770 0.113876 0.210129
v -0.020789 0.021921 0.105670
v -0.017588 0.017910 0.083170
v -0.017444 0.022345 0.093408
v -0.017677 0.016341 0.086916
v -0.242576 0.021150 -0.216060
v -0.240206 0.020396 -0.209279
v -0.241281 0.020027 -0.228526
v -0.239818 0.023062 -0.233480
v -0.225224 0.017840 -0.140816
v -0.216764 0.026855 -0.146240
v -0.237223 0.018055 -0.154154
v -0.233329 0.016952 -0.145026
v -0.232479 0.025560 -0.157572
v -0.233991 0.018112 -0.165316
v -0.215366 0.021865 -0.140363
v -0.225228 0.016321 -0.172354
v -0.224302 0.025040 -0.149768
v -0.202726 0.017042 -0.148658
v -0.227015 0.030143 -0.156423
v -0.224612 0.030041 -0.149938
v -0.220415 0.030692 -0.145948
v -0.221388 0.035467 -0.153203
v -0.222640 0.039322 -0.156454
v -0.221466 0.032862 -0.159807
v -0.218867 0.044308 -0.158057
v -0.215585 0.036294 -0.155706
v -0.216731 0.034132 -0.160512
v -0.227503 0.062425 -0.150889
v -0.230245 0.063109 -0.156340
v -0.225188 0.056679 -0.149970
v -0.225131 0.071209 -0.150844
v -0.224625 0.065298 -0.162325
v -0.220279 0.063039 -0.147238
v -0.221585 0.049844 -0.154918
v -0.221595 0.054055 -0.162953
v -0.222636 0.056988 -0.160551
v -0.220312 0.062136 -0.164511
v -0.217312 0.049256 -0.158615
v -0.212228 0.062613 -0.146438
v -0.217278 0.057405 -0.151597
v -0.217865 0.067183 -0.149252
v -0.216414 0.053609 -0.153373
v -0.219634 0.075849 -0.150466
v -0.219026 0.077866 -0.158976
v -0.228716 0.017794 -0.170682
v -0.220488 0.026006 -0.170257
v -0.215825 0.017758 -0.170997
v -0.234724 0.019607 -0.201240
v -0.236032 0.024238 -0.200747
v -0.230662 0.018503 -0.198017
v -0.225305 0.018096 -0.197820
v -0.209923 0.019195 -0.201885
v -0.213890 0.020847 -0.194514
v -0.237728 0.027043 -0.211517
v -0.242074 0.025917 -0.224782
v -0.233760 0.041654 -0.213460
v -0.229169 0.027690 -0.199148
v -0.219304 0.041874 -0.203696
v -0.218621 0.047838 -0.204241
v -0.216080 0.026553 -0.194506
v -0.214831 0.030958 -0.199747
v -0.231043 0.087615 -0.211637
v -0.217983 0.086569 -0.206276
v -0.228125 0.095953 -0.200885
v -0.228125 0.096042 -0.201152
v -0.227060 0.095998 -0.201019
v -0.231765 0.090208 -0.213744
v -0.212623 0.090471 -0.206454
v -0.237064 0.102034 -0.213126
v -0.234208 0.105195 -0.209227
v -0.233323 0.106802 -0.216773
v -0.228087 0.105306 -0.203989
v -0.209716 0.104554 -0.204875
v -0.219348 0.110710 -0.204063
v -0.209415 0.104981 -0.202802
v -0.215480 0.110316 -0.203624
v -0.215490 0.111628 -0.203864
v -0.236902 0.018666 -0.233267
v -0.225281 0.021479 -0.245335
v -0.208064 0.019147 -0.242146
v -0.233721 0.041727 -0.227365
v -0.233900 0.023576 -0.240269
v -0.221818 0.041968 -0.235805
v -0.230977 0.087255 -0.228019
v -0.227928 0.073724 -0.231730
v -0.230936 0.089999 -0.222554
v -0.223024 0.089716 -0.230688
v -0.219177 0.090073 -0.233775
v -0.209275 0.089673 -0.227417
v -0.238156 0.104190 -0.230986
v -0.233994 0.110974 -0.218547
v -0.233989 0.110838 -0.222331
v -0.233987 0.111094 -0.222332
v -0.233590 0.101443 -0.231641
v -0.234694 0.105133 -0.231589
v -0.233389 0.103599 -0.225074
v -0.227868 0.105028 -0.233896
v -0.224714 0.107899 -0.233204
v -0.224578 0.113890 -0.233909
v -0.224131 0.102416 -0.237940
v -0.220237 0.110249 -0.237431
v -0.218363 0.102399 -0.232604
v -0.218006 0.107265 -0.237103
v -0.217632 0.022248 -0.246685
v -0.229606 0.026377 -0.242686
v -0.206048 0.027803 -0.240775
v -0.210075 0.018223 -0.143353
v -0.203995 0.016882 -0.163160
v -0.203347 0.020711 -0.155683
v -0.211939 0.027541 -0.147023
v -0.207670 0.027408 -0.162378
v -0.209583 0.067202 -0.157263
v -0.212140 0.071016 -0.155462
v -0.210162 0.062637 -0.160544
v -0.214678 0.057611 -0.159910
v -0.206630 0.017726 -0.168212
v -0.203348 0.021008 -0.200374
v -0.207098 0.019414 -0.210221
v -0.201369 0.019710 -0.212664
v -0.197910 0.023605 -0.212735
v -0.194211 0.021592 -0.215331
v -0.208230 0.026224 -0.197693
v -0.203895 0.041714 -0.212677
v -0.203962 0.047863 -0.213479
v -0.202613 0.026253 -0.205537
v -0.194458 0.027063 -0.220900
v -0.214369 0.086333 -0.206671
v -0.203456 0.083772 -0.216722
v -0.207368 0.092967 -0.205693
v -0.204051 0.096363 -0.204057
v -0.203727 0.093636 -0.206996
v -0.206977 0.089855 -0.213032
v -0.201027 0.096012 -0.209798
v -0.201064 0.095873 -0.210124
v -0.204020 0.101998 -0.206989
v -0.204005 0.102000 -0.207041
v -0.204043 0.104889 -0.209516
v -0.204000 0.110780 -0.215631
v -0.204056 0.111149 -0.215626
v -0.203990 0.102003 -0.206989
v -0.200989 0.096151 -0.210124
v -0.200856 0.104776 -0.212960
v -0.197365 0.018669 -0.221875
v -0.194948 0.020939 -0.227687
v -0.198801 0.021279 -0.234963
v -0.207031 0.042177 -0.231698
v -0.211324 0.087025 -0.232103
v -0.213313 0.090469 -0.234437
v -0.210743 0.093082 -0.236998
v -0.209391 0.092475 -0.236800
v -0.209391 0.093688 -0.237197
v -0.203309 0.086822 -0.218986
v -0.211517 0.101891 -0.226069
v -0.211775 0.103634 -0.236685
v -0.211585 0.099498 -0.237134
v -0.205052 0.102222 -0.219111
v -0.204288 0.106160 -0.226054
v -0.205677 0.098315 -0.236506
v -0.203947 0.111101 -0.219627
v -0.200746 0.105007 -0.228028
v -0.200732 0.098995 -0.226644
v -0.204781 0.023812 -0.242919
v -0.214024 0.023803 -0.248564
v -0.174006 0.017939 -0.158958
v -0.171355 0.016923 -0.153576
v -0.166330 0.017648 -0.164969
v -0.167851 0.021626 -0.145112
v -0.174440 0.019300 -0.210662
v -0.174515 0.021029 -0.220324
v -0.170693 0.024736 -0.209277
v -0.166064 0.018370 -0.206701
v -0.169251 0.018104 -0.233529
v -0.177404 0.032536 -0.213867
v -0.171950 0.044788 -0.214215
v -0.170978 0.027157 -0.220846
v -0.166127 0.045571 -0.207787
v -0.168114 0.041858 -0.214688
v -0.166741 0.020161 -0.236912
v -0.175743 0.032936 -0.221816
v -0.170978 0.039793 -0.218469
v -0.171073 0.045017 -0.228490
v -0.170230 0.025770 -0.232305
v -0.168629 0.032684 -0.238539
v -0.168757 0.048411 -0.218275
v -0.168520 0.040784 -0.225710
v -0.153338 0.020803 -0.139835
v -0.145469 0.020825 -0.144445
v -0.165766 0.026477 -0.165488
v -0.157581 0.017934 -0.142876
v -0.156307 0.016881 -0.172005
v -0.141454 0.018056 -0.149686
v -0.159766 0.035514 -0.157199
v -0.157545 0.047908 -0.155720
v -0.155736 0.039794 -0.153325
v -0.157363 0.038100 -0.158494
v -0.155778 0.033905 -0.151695
v -0.155963 0.048813 -0.158408
v -0.149671 0.029913 -0.149437
v -0.153892 0.038549 -0.156972
v -0.149274 0.030427 -0.162841
v -0.165061 0.062917 -0.159548
v -0.165109 0.065698 -0.150875
v -0.162365 0.075161 -0.153083
v -0.160907 0.069033 -0.160992
v -0.160232 0.054790 -0.154008
v -0.159575 0.062911 -0.166344
v -0.156059 0.062837 -0.146899
v -0.156351 0.068555 -0.150143
v -0.155576 0.049148 -0.153437
v -0.156260 0.056065 -0.161644
v -0.151926 0.065720 -0.163981
v -0.153964 0.056518 -0.152045
v -0.147125 0.063070 -0.151638
v -0.149921 0.053855 -0.156356
v -0.151655 0.059189 -0.163326
v -0.152595 0.074852 -0.162063
v -0.144361 0.063494 -0.155615
v -0.160445 0.073097 -0.161888
v -0.155407 0.076681 -0.152342
v -0.149217 0.073615 -0.153712
v -0.159166 0.020735 -0.171016
v -0.150596 0.018441 -0.172174
v -0.159972 0.092575 -0.191678
v -0.152042 0.093101 -0.191727
v -0.164258 0.023899 -0.205371
v -0.162209 0.020752 -0.203391
v -0.151033 0.020212 -0.203019
v -0.151423 0.024952 -0.204632
v -0.137668 0.019213 -0.220536
v -0.144863 0.027023 -0.208518
v -0.138551 0.020410 -0.214073
v -0.165161 0.030346 -0.199400
v -0.165117 0.034044 -0.199916
v -0.163805 0.038836 -0.206844
v -0.164818 0.044998 -0.204717
v -0.158339 0.041216 -0.205951
v -0.151715 0.045325 -0.206917
v -0.146117 0.033071 -0.199891
v -0.151429 0.041769 -0.208963
v -0.144514 0.044560 -0.209297
v -0.143142 0.031251 -0.202973
v -0.144681 0.039223 -0.211552
v -0.145490 0.049273 -0.214461
v -0.162336 0.050638 -0.210707
v -0.168105 0.053025 -0.214989
v -0.158423 0.068780 -0.210659
v -0.159687 0.063023 -0.206045
v -0.150779 0.049963 -0.207061
v -0.150149 0.053716 -0.207369
v -0.163144 0.095589 -0.207479
v -0.156004 0.089116 -0.195594
v -0.156130 0.075659 -0.216566
v -0.156046 0.090615 -0.213565
v -0.149890 0.096233 -0.204052
v -0.148790 0.098333 -0.218718
v -0.160991 0.110528 -0.210497
v -0.158793 0.099506 -0.196474
v -0.157638 0.106551 -0.203393
v -0.155577 0.110721 -0.206370
v -0.156299 0.112147 -0.215112
v -0.148828 0.101108 -0.215107
v -0.152329 0.111140 -0.209688
v -0.162287 0.025641 -0.237194
v -0.153428 0.025237 -0.239588
v -0.154300 0.018755 -0.237931
v -0.145931 0.020671 -0.236417
v -0.164747 0.041660 -0.228185
v -0.166638 0.045775 -0.230387
v -0.158306 0.040826 -0.233314
v -0.162611 0.030338 -0.240362
v -0.160346 0.044246 -0.231131
v -0.153657 0.030306 -0.241141
v -0.148413 0.040816 -0.227157
v -0.151786 0.049448 -0.228966
v -0.146707 0.046791 -0.226353
v -0.143822 0.041139 -0.222626
v -0.165268 0.074536 -0.227195
v -0.167125 0.050261 -0.226581
v -0.160529 0.049437 -0.234286
v -0.163362 0.085347 -0.232460
v -0.158821 0.070488 -0.243092
v -0.156416 0.051679 -0.239484
v -0.147392 0.062093 -0.220815
v -0.161266 0.097142 -0.224295
v -0.162673 0.083976 -0.229265
v -0.156286 0.082614 -0.219738
v -0.155615 0.086879 -0.218615
v -0.155845 0.097474 -0.235255
v -0.149651 0.085754 -0.231678
v -0.157159 0.108481 -0.220212
v -0.160550 0.098789 -0.229012
v -0.155477 0.103457 -0.228035
v -0.155954 0.068397 -0.243233
v -0.156703 0.085043 -0.239900
v -0.155889 0.078068 -0.243080
v -0.140888 0.021943 -0.149532
v -0.141597 0.021424 -0.165364
v -0.140640 0.017874 -0.166239
v -0.141128 0.026587 -0.217040
v -0.137447 0.032624 -0.209219
v -0.141247 0.045195 -0.215507
v -0.142013 0.036834 -0.222558
v -0.143730 0.026620 -0.230808
v -0.141666 0.020495 -0.228963
v -0.145645 0.030718 -0.234064
v -0.139835 0.044890 -0.225266
v -0.138408 0.027765 -0.226151
v -0.136519 0.033118 -0.223584
v -0.104805 0.017245 -0.143696
v -0.108998 0.016946 -0.146609
v -0.108148 0.017547 -0.168217
v -0.105588 0.016273 -0.165691
v -0.084568 0.017101 -0.172031
v -0.108119 0.025253 -0.157165
v -0.098487 0.031109 -0.147692
v -0.099662 0.032702 -0.149908
v -0.100596 0.026433 -0.167870
v -0.096965 0.035166 -0.155237
v -0.095766 0.043422 -0.156273
v -0.094294 0.032802 -0.158415
v -0.102768 0.063029 -0.153432
v -0.103369 0.063477 -0.158050
v -0.098684 0.062113 -0.149446
v -0.099646 0.057115 -0.155622
v -0.098452 0.070710 -0.162044
v -0.095830 0.050240 -0.156835
v -0.097035 0.063226 -0.164569
v -0.097111 0.077964 -0.155721
v -0.094011 0.017803 -0.170903
v -0.113640 0.020503 -0.216036
v -0.110253 0.021495 -0.212333
v -0.108289 0.018061 -0.207729
v -0.100735 0.018220 -0.226181
v -0.101961 0.017768 -0.199961
v -0.101291 0.024218 -0.204608
v -0.114235 0.030285 -0.213301
v -0.112631 0.025286 -0.216666
v -0.107893 0.030188 -0.206051
v -0.102951 0.030549 -0.200464
v -0.099582 0.042373 -0.211828
v -0.101292 0.042655 -0.213862
v -0.093228 0.030070 -0.199091
v -0.097240 0.057683 -0.218838
v -0.101860 0.087148 -0.213154
v -0.107883 0.108223 -0.215947
v -0.104385 0.103337 -0.217065
v -0.101124 0.108260 -0.212483
v -0.097940 0.121354 -0.217257
v -0.093755 0.107696 -0.209193
v -0.093322 0.099948 -0.213341
v -0.111010 0.020214 -0.225221
v -0.107336 0.024992 -0.230286
v -0.106858 0.019310 -0.233656
v -0.103367 0.021494 -0.236447
v -0.093280 0.020569 -0.240875
v -0.096602 0.025279 -0.237225
v -0.113988 0.030472 -0.218948
v -0.104899 0.036815 -0.230775
v -0.106380 0.047223 -0.222628
v -0.102834 0.026913 -0.235358
v -0.110626 0.030590 -0.234550
v -0.101542 0.041656 -0.226034
v -0.097973 0.043150 -0.230095
v -0.088369 0.039884 -0.228735
v -0.096294 0.030094 -0.236840
v -0.102741 0.051983 -0.221513
v -0.093849 0.068398 -0.218372
v -0.096406 0.075922 -0.221862
v -0.096274 0.057236 -0.224199
v -0.101829 0.087923 -0.219325
v -0.099285 0.083957 -0.222622
v -0.099119 0.088568 -0.228590
v -0.095673 0.086768 -0.231442
v -0.103553 0.104656 -0.226823
v -0.101923 0.114646 -0.227284
v -0.098299 0.096480 -0.220569
v -0.102390 0.116517 -0.219938
v -0.099062 0.120122 -0.221276
v -0.098840 0.116844 -0.225476
v -0.096419 0.109973 -0.232495
v -0.097887 0.113930 -0.220271
v -0.093361 0.124052 -0.219211
v -0.095913 0.125408 -0.221511
v -0.095974 0.126522 -0.221838
v -0.096035 0.125408 -0.222164
v -0.093459 0.020602 -0.140257
v -0.085811 0.018010 -0.144981
v -0.089010 0.021261 -0.141628
v -0.077696 0.018087 -0.148753
v -0.081027 0.017961 -0.162142
v -0.082969 0.024009 -0.169079
v -0.080822 0.026957 -0.154719
v -0.092778 0.036472 -0.153471
v -0.092779 0.040360 -0.159361
v -0.092606 0.049449 -0.155994
v -0.089384 0.031791 -0.153252
v -0.094998 0.072139 -0.148835
v -0.093623 0.049548 -0.153349
v -0.087620 0.066494 -0.153323
v -0.091645 0.054919 -0.160737
v -0.091949 0.063031 -0.167837
v -0.088578 0.062307 -0.149114
v -0.092177 0.056900 -0.151806
v -0.085959 0.072345 -0.153982
v -0.090166 0.066327 -0.162266
v -0.087294 0.053966 -0.155395
v -0.086935 0.061192 -0.160121
v -0.089663 0.072644 -0.162542
v -0.087501 0.076408 -0.157594
v -0.089533 0.019007 -0.201311
v -0.090017 0.024409 -0.203261
v -0.088535 0.016730 -0.229319
v -0.075208 0.017895 -0.223193
v -0.084004 0.020626 -0.205982
v -0.079529 0.020377 -0.210580
v -0.076607 0.024956 -0.216120
v -0.089851 0.044928 -0.210075
v -0.086670 0.041226 -0.212027
v -0.088134 0.030417 -0.202009
v -0.084308 0.046241 -0.217958
v -0.082104 0.030389 -0.207321
v -0.073592 0.030109 -0.214331
v -0.088466 0.049065 -0.211218
v -0.087988 0.087531 -0.213084
v -0.090836 0.117994 -0.215852
v -0.081542 0.108490 -0.215361
v -0.081067 0.105244 -0.216498
v -0.084606 0.018513 -0.238922
v -0.089297 0.024810 -0.237096
v -0.083675 0.023989 -0.229905
v -0.078707 0.017841 -0.235402
v -0.074423 0.020532 -0.219171
v -0.078349 0.024838 -0.223358
v -0.075224 0.017980 -0.228395
v -0.089647 0.046857 -0.232029
v -0.081638 0.030074 -0.237671
v -0.083933 0.044596 -0.225880
v -0.085472 0.041232 -0.225812
v -0.077906 0.030131 -0.232273
v -0.074783 0.032130 -0.227205
v -0.092993 0.058494 -0.219203
v -0.090242 0.072923 -0.222131
v -0.092668 0.050641 -0.230118
v -0.091134 0.056029 -0.222757
v -0.091617 0.082188 -0.220186
v -0.086501 0.083989 -0.223091
v -0.086068 0.087791 -0.229301
v -0.095391 0.098392 -0.225940
v -0.088781 0.098750 -0.220515
v -0.084518 0.112627 -0.222597
v -0.082025 0.108539 -0.221641
v -0.089956 0.116702 -0.228227
v -0.084707 0.103974 -0.219595
v -0.093103 0.134316 -0.219070
v -0.093652 0.135512 -0.218901
v -0.092554 0.135512 -0.219238
v -0.048729 0.018083 -0.154058
v -0.047685 0.018113 -0.157878
v -0.054054 0.020951 -0.215490
v -0.057982 0.032919 -0.218052
v -0.054259 0.032832 -0.208752
v -0.051969 0.033296 -0.204189
v -0.047225 0.025599 -0.210454
v -0.053739 0.027371 -0.218221
v -0.052339 0.021651 -0.220095
v -0.053155 0.033404 -0.228642
v -0.047020 0.033606 -0.239910
v -0.039611 0.017533 -0.143845
v -0.027783 0.017853 -0.141569
v -0.046204 0.017934 -0.146345
v -0.044511 0.023006 -0.165285
v -0.042864 0.025395 -0.147559
v -0.039330 0.018154 -0.168784
v -0.033482 0.017157 -0.172285
v -0.029968 0.021998 -0.171400
v -0.036981 0.024891 -0.146654
v -0.014551 0.016673 -0.159693
v -0.035807 0.031841 -0.151597
v -0.036233 0.033472 -0.158082
v -0.032649 0.035782 -0.152005
v -0.032984 0.043120 -0.153708
v -0.033442 0.043105 -0.159109
v -0.032188 0.034851 -0.160939
v -0.029501 0.031994 -0.149079
v -0.028186 0.037898 -0.156092
v -0.033042 0.046947 -0.156718
v -0.039209 0.060120 -0.153002
v -0.039314 0.069569 -0.154584
v -0.038418 0.062784 -0.162865
v -0.036002 0.061955 -0.149145
v -0.034885 0.052323 -0.155724
v -0.031848 0.073899 -0.163083
v -0.034221 0.063339 -0.165251
v -0.035157 0.076779 -0.152872
v -0.034067 0.067713 -0.162650
v -0.027732 0.064350 -0.148380
v -0.032687 0.070858 -0.149199
v -0.029425 0.051384 -0.152868
v -0.031482 0.055545 -0.152072
v -0.027891 0.054294 -0.158913
v -0.025335 0.071723 -0.161379
v -0.026454 0.060970 -0.162894
v -0.023253 0.057649 -0.153098
v -0.025475 0.068638 -0.153128
v -0.023645 0.071816 -0.158457
v -0.036759 0.075329 -0.158059
v -0.026052 0.075804 -0.153313
v -0.045923 0.020854 -0.207464
v -0.040153 0.020528 -0.202080
v -0.037871 0.019646 -0.199308
v -0.035290 0.020914 -0.197548
v -0.028613 0.019455 -0.241234
v -0.044675 0.032752 -0.200925
v -0.044806 0.044274 -0.211743
v -0.040746 0.025728 -0.203783
v -0.037024 0.033932 -0.197703
v -0.034050 0.026624 -0.199519
v -0.032326 0.046067 -0.205281
v -0.029408 0.033809 -0.194611
v -0.014714 0.025545 -0.206446
v -0.047931 0.048456 -0.218684
v -0.041511 0.054781 -0.215505
v -0.039096 0.066739 -0.216106
v -0.032970 0.052739 -0.209242
v -0.032219 0.068064 -0.212146
v -0.021518 0.053819 -0.218918
v -0.023678 0.063518 -0.218309
v -0.038333 0.081468 -0.218463
v -0.035312 0.108043 -0.214814
v -0.029717 0.089415 -0.215843
v -0.026934 0.076231 -0.216076
v -0.039425 0.114112 -0.210429
v -0.039692 0.121663 -0.218594
v -0.030787 0.112497 -0.209875
v -0.033331 0.118068 -0.210192
v -0.032261 0.107895 -0.214946
v -0.026140 0.113815 -0.210002
v -0.028540 0.119143 -0.215665
v -0.042379 0.144100 -0.216380
v -0.042035 0.139562 -0.217946
v -0.035445 0.126323 -0.215516
v -0.032802 0.126657 -0.213324
v -0.030197 0.144205 -0.206591
v -0.029517 0.137128 -0.209832
v -0.023160 0.131457 -0.217453
v -0.033148 0.146507 -0.221391
v -0.045333 0.025520 -0.232087
v -0.033717 0.021512 -0.239041
v -0.031562 0.024722 -0.238639
v -0.045629 0.045369 -0.228553
v -0.044536 0.029606 -0.238969
v -0.040423 0.033120 -0.243137
v -0.036032 0.050217 -0.234412
v -0.021937 0.027083 -0.237162
v -0.032012 0.053554 -0.229460
v -0.029651 0.070935 -0.227787
v -0.028523 0.050162 -0.229667
v -0.028949 0.085530 -0.221733
v -0.038252 0.076534 -0.218678
v -0.036399 0.091585 -0.219525
v -0.036474 0.084743 -0.221432
v -0.035524 0.096441 -0.222553
v -0.030263 0.089490 -0.225510
v -0.027123 0.101197 -0.222496
v -0.041906 0.114326 -0.224789
v -0.039506 0.108849 -0.225632
v -0.037855 0.105413 -0.223257
v -0.041692 0.114119 -0.228537
v -0.030118 0.121649 -0.230934
v -0.026187 0.108148 -0.223346
v -0.042515 0.144161 -0.220493
v -0.039194 0.134840 -0.221991
v -0.033753 0.126189 -0.225478
v -0.030137 0.131371 -0.228555
v -0.030401 0.140595 -0.231230
v -0.028722 0.126693 -0.224583
v -0.020316 0.125836 -0.218758
v -0.023847 0.143905 -0.225690
v -0.039371 0.160055 -0.218972
v -0.036275 0.154971 -0.218987
v -0.036185 0.164717 -0.221586
v -0.035279 0.165598 -0.218022
v -0.028043 0.144059 -0.232185
v -0.029800 0.155433 -0.219204
v -0.029637 0.161993 -0.219198
v -0.027350 0.164307 -0.219310
v -0.027923 0.165939 -0.219177
v -0.027180 0.155059 -0.221977
v -0.026992 0.156493 -0.221954
v -0.026777 0.165939 -0.219444
v -0.026804 0.155059 -0.221932
v -0.030238 0.032943 -0.246050
v -0.032833 0.042126 -0.237444
v -0.024323 0.016986 -0.140800
v -0.019689 0.017701 -0.144665
v -0.016906 0.022941 -0.149857
v -0.018587 0.021182 -0.166152
v -0.014556 0.016545 -0.154075
v -0.013753 0.020735 -0.153048
v -0.022783 0.023297 -0.171449
v -0.025204 0.033106 -0.156439
v -0.017412 0.062839 -0.153561
v -0.020433 0.063112 -0.158450
v -0.023073 0.020863 -0.201439
v -0.015485 0.019534 -0.203843
v -0.012358 0.020556 -0.209503
v -0.008999 0.020787 -0.220795
v -0.022373 0.032971 -0.198566
v -0.019213 0.044900 -0.210874
v -0.012438 0.030891 -0.203761
v -0.008986 0.032588 -0.215188
v -0.020222 0.113821 -0.221101
v -0.020014 0.118822 -0.218938
v -0.020350 0.144311 -0.214434
v -0.012162 0.019828 -0.228628
v -0.019786 0.020782 -0.235872
v -0.013824 0.026645 -0.228730
v -0.020302 0.033105 -0.241898
v -0.012753 0.032334 -0.237023
v -0.019373 0.046688 -0.225581
v -0.008963 0.032837 -0.230015
v -0.005879 0.033236 -0.224590
v -0.022996 0.114669 -0.229192
v -0.019488 0.144248 -0.217648
v 0.019931 0.032859 0.240332
v 0.008358 0.020749 0.225103
v 0.009983 0.020997 0.217877
v 0.013632 0.020842 0.230289
v 0.021118 0.024180 0.233587
v 0.022940 0.020690 0.234545
v 0.010018 0.033461 0.231063
v 0.015409 0.034055 0.235797
v 0.011958 0.032967 0.218147
v 0.014300 0.026887 0.227135
v 0.019146 0.044161 0.222310
v 0.014860 0.027022 0.219142
v 0.021231 0.044398 0.216145
v 0.024966 0.026897 0.236398
v 0.022750 0.048079 0.227537
v 0.017692 0.049081 0.219525
v 0.019354 0.049741 0.215685
v 0.025540 0.055328 0.218317
v 0.020589 0.116811 0.215896
v 0.023007 0.115181 0.222201
v 0.014579 0.141486 0.226715
v 0.017224 0.138009 0.230530
v 0.020148 0.135694 0.219358
v 0.023290 0.136394 0.225965
v 0.024010 0.137426 0.233350
v 0.021967 0.133736 0.228720
v 0.024861 0.120818 0.215425
v 0.012395 0.021283 0.209228
v 0.015997 0.020265 0.201051
v 0.041814 0.020934 0.199165
v 0.014964 0.033453 0.203260
v 0.016657 0.024989 0.206887
v 0.017178 0.027562 0.208419
v 0.022791 0.033333 0.201000
v 0.025665 0.049024 0.209929
v 0.034069 0.026995 0.203985
v 0.020733 0.114230 0.213069
v 0.021860 0.114356 0.213508
v 0.021860 0.114104 0.212630
v 0.020110 0.020835 0.168466
v 0.015254 0.016802 0.153232
v 0.014749 0.017913 0.147129
v 0.017964 0.017941 0.164955
v 0.016592 0.019794 0.157432
v 0.018461 0.022776 0.143212
v 0.035243 0.016532 0.141598
v 0.023069 0.030683 0.156414
v 0.020977 0.066010 0.159145
v 0.022589 0.064384 0.162938
v 0.026254 0.056347 0.158110
v 0.023315 0.062244 0.151800
v 0.023943 0.067609 0.152801
v 0.034089 0.020866 0.243374
v 0.038693 0.021377 0.240213
v 0.023966 0.035695 0.241053
v 0.040566 0.034788 0.240261
v 0.044141 0.020828 0.232082
v 0.044665 0.027156 0.227472
v 0.049617 0.020730 0.209376
v 0.049838 0.020818 0.223517
v 0.027806 0.044310 0.230782
v 0.026788 0.050384 0.232493
v 0.030275 0.049912 0.234145
v 0.034729 0.044667 0.232071
v 0.040091 0.027732 0.234545
v 0.040866 0.049590 0.230883
v 0.042604 0.044477 0.217085
v 0.046869 0.034292 0.228289
v 0.043511 0.044514 0.222718
v 0.048436 0.026787 0.218604
v 0.025398 0.056932 0.221783
v 0.032892 0.057442 0.224019
v 0.033019 0.070368 0.225392
v 0.036328 0.065228 0.222305
v 0.033212 0.056421 0.214886
v 0.036412 0.055896 0.222631
v 0.044692 0.049297 0.218627
v 0.026112 0.088318 0.218872
v 0.030094 0.078374 0.224930
v 0.029655 0.088778 0.225129
v 0.033096 0.102773 0.219070
v 0.032428 0.081757 0.216119
v 0.035213 0.084938 0.219929
v 0.035474 0.081981 0.218063
v 0.026281 0.113998 0.231108
v 0.026281 0.114038 0.230067
v 0.026488 0.114432 0.226481
v 0.027735 0.101939 0.222260
v 0.028117 0.120932 0.223689
v 0.027993 0.114018 0.230587
v 0.031402 0.117301 0.229522
v 0.031368 0.110384 0.219375
v 0.030078 0.108050 0.221974
v 0.034875 0.120298 0.218916
v 0.036513 0.114051 0.227752
v 0.035963 0.110715 0.216600
v 0.042147 0.114642 0.219414
v 0.025237 0.134725 0.230148
v 0.025978 0.125143 0.224038
v 0.025304 0.126418 0.215221
v 0.028952 0.139305 0.221186
v 0.030141 0.142935 0.222783
v 0.029465 0.142981 0.218061
v 0.032006 0.135194 0.226729
v 0.039444 0.130404 0.219417
v 0.034264 0.134892 0.215600
v 0.039394 0.134655 0.220051
v 0.028550 0.148242 0.220542
v 0.034126 0.147411 0.219919
v 0.043827 0.020615 0.202027
v 0.029827 0.044429 0.208512
v 0.031661 0.048714 0.205413
v 0.035141 0.044776 0.209045
v 0.041062 0.032851 0.199618
v 0.037708 0.035323 0.200254
v 0.042236 0.048064 0.213177
v 0.041024 0.027928 0.207839
v 0.045433 0.026861 0.213628
v 0.046708 0.032879 0.206702
v 0.030722 0.055636 0.214253
v 0.037181 0.050091 0.209577
v 0.029122 0.114947 0.213939
v 0.032457 0.114560 0.209962
v 0.038412 0.113858 0.214660
v 0.024545 0.135041 0.210934
v 0.027959 0.021474 0.171472
v 0.037780 0.020417 0.172466
v 0.041854 0.021240 0.168830
v 0.026064 0.028039 0.167554
v 0.048084 0.017872 0.164602
v 0.039809 0.028563 0.152076
v 0.047641 0.018337 0.158402
v 0.046208 0.018325 0.147213
v 0.031639 0.036044 0.155003
v 0.026181 0.023797 0.140235
v 0.033124 0.042845 0.158720
v 0.031522 0.048292 0.156341
v 0.030659 0.053013 0.155124
v 0.033933 0.034912 0.159712
v 0.033857 0.036225 0.154998
v 0.041812 0.028110 0.161304
v 0.031229 0.062707 0.165112
v 0.029549 0.054128 0.162758
v 0.032089 0.065613 0.153559
v 0.027346 0.062695 0.149274
v 0.036498 0.075390 0.160048
v 0.033142 0.049728 0.157771
v 0.035950 0.062534 0.150306
v 0.037338 0.068587 0.152050
v 0.033779 0.055715 0.161311
v 0.035601 0.067766 0.160173
v 0.037757 0.063003 0.162594
v 0.036355 0.055873 0.157182
v 0.042988 0.062979 0.157448
v 0.026772 0.075264 0.161984
v 0.026693 0.072517 0.153154
v 0.031448 0.077112 0.152975
v 0.029964 0.017672 0.137631
v 0.037952 0.017874 0.141965
v 0.053885 0.020948 0.215924
v 0.071793 0.020969 0.225324
v 0.071707 0.019817 0.216100
v 0.052556 0.032860 0.214612
v 0.051555 0.036599 0.214875
v 0.068852 0.030594 0.219551
v 0.068871 0.029919 0.215542
v 0.076090 0.018087 0.230364
v 0.072006 0.024034 0.215663
v 0.074975 0.018675 0.208731
v 0.079152 0.024309 0.231811
v 0.086636 0.017790 0.240463
v 0.086121 0.016678 0.218261
v 0.087534 0.024808 0.237405
v 0.092131 0.018115 0.234895
v 0.097431 0.024340 0.234294
v 0.072449 0.029995 0.232798
v 0.075154 0.024685 0.226497
v 0.079350 0.040769 0.213930
v 0.077275 0.046926 0.222620
v 0.082400 0.032294 0.239324
v 0.079539 0.041814 0.224792
v 0.088674 0.041609 0.230231
v 0.100157 0.030262 0.237884
v 0.093119 0.048313 0.230094
v 0.093192 0.040866 0.229762
v 0.082484 0.053474 0.221819
v 0.086553 0.058108 0.221431
v 0.089591 0.057487 0.223136
v 0.092877 0.056914 0.216121
v 0.082979 0.086915 0.228326
v 0.082826 0.088565 0.223671
v 0.087839 0.086983 0.227733
v 0.089975 0.078520 0.219232
v 0.091074 0.083787 0.225777
v 0.094184 0.082813 0.220276
v 0.074810 0.105147 0.225237
v 0.078474 0.108734 0.224902
v 0.078513 0.110531 0.216640
v 0.080240 0.113680 0.221605
v 0.087066 0.102123 0.210231
v 0.085624 0.101685 0.226115
v 0.083897 0.100340 0.223520
v 0.085944 0.116452 0.222003
v 0.087691 0.097149 0.218591
v 0.091377 0.096302 0.221227
v 0.092799 0.118979 0.222114
v 0.099531 0.111975 0.226185
v 0.091081 0.111886 0.219738
v 0.093177 0.098015 0.215474
v 0.095737 0.114924 0.224742
v 0.089763 0.134948 0.222198
v 0.089610 0.134435 0.221002
v 0.089916 0.135462 0.221002
v 0.080351 0.020587 0.204316
v 0.082372 0.025052 0.204980
v 0.087327 0.019465 0.201081
v 0.089464 0.024655 0.201388
v 0.094248 0.020808 0.199688
v 0.101477 0.017831 0.208428
v 0.097419 0.024281 0.205796
v 0.086929 0.030602 0.200546
v 0.092030 0.049577 0.208403
v 0.089354 0.039142 0.206413
v 0.093470 0.041174 0.209280
v 0.080621 0.086958 0.210281
v 0.080621 0.087010 0.209815
v 0.081195 0.086984 0.210048
v 0.086421 0.084037 0.212058
v 0.083303 0.087148 0.216120
v 0.086992 0.086999 0.204006
v 0.087017 0.087001 0.204018
v 0.087017 0.086997 0.203995
v 0.093063 0.084069 0.212765
v 0.087579 0.111340 0.209554
v 0.093207 0.108834 0.208778
v 0.088000 0.017594 0.172702
v 0.097058 0.018298 0.171281
v 0.084061 0.026367 0.165252
v 0.078169 0.017557 0.158907
v 0.077358 0.020597 0.153033
v 0.080638 0.020924 0.162717
v 0.077967 0.017987 0.150048
v 0.082300 0.018532 0.149959
v 0.086207 0.021037 0.140782
v 0.087730 0.030826 0.163078
v 0.091035 0.033567 0.151778
v 0.093005 0.045557 0.159223
v 0.092828 0.041885 0.153863
v 0.087481 0.030014 0.148880
v 0.091932 0.036133 0.157480
v 0.098013 0.034944 0.155214
v 0.103157 0.021561 0.144276
v 0.084658 0.063443 0.153587
v 0.084837 0.062867 0.161395
v 0.088799 0.068044 0.158981
v 0.088362 0.063027 0.147192
v 0.090160 0.056782 0.161836
v 0.089836 0.054301 0.158641
v 0.093911 0.073577 0.149129
v 0.093896 0.049926 0.158969
v 0.092935 0.050987 0.152849
v 0.094568 0.056983 0.151819
v 0.094154 0.072267 0.162427
v 0.096581 0.050935 0.153877
v 0.100795 0.062867 0.148665
v 0.089341 0.075946 0.158420
v 0.096001 0.075931 0.152040
v 0.098984 0.020006 0.233845
v 0.105587 0.019407 0.230974
v 0.103007 0.024618 0.231230
v 0.107579 0.020820 0.225002
v 0.099090 0.041190 0.221825
v 0.102055 0.047540 0.217386
v 0.103843 0.029565 0.233831
v 0.101718 0.044913 0.215343
v 0.109260 0.031848 0.225149
v 0.106616 0.024764 0.213019
v 0.100701 0.041352 0.215744
v 0.096898 0.087186 0.220591
v 0.102314 0.087033 0.224824
v 0.099159 0.104257 0.213077
v 0.102933 0.107751 0.224246
v 0.101987 0.107608 0.218355
v 0.100927 0.020645 0.205181
v 0.105359 0.019843 0.209505
v 0.096260 0.030124 0.202516
v 0.108043 0.030152 0.208294
v 0.104966 0.021073 0.168589
v 0.091225 0.019227 0.141398
v 0.107050 0.018526 0.162263
v 0.104925 0.018396 0.143767
v 0.108683 0.024269 0.161011
v 0.107497 0.020765 0.151528
v 0.111000 0.021071 0.158725
v 0.096012 0.045453 0.156163
v 0.100972 0.032000 0.156354
v 0.099258 0.064986 0.164354
v 0.098248 0.057173 0.157355
v 0.105108 0.062984 0.157088
v 0.099606 0.054135 0.156121
v 0.105075 0.063248 0.152678
v 0.141342 0.020858 0.222378
v 0.140901 0.020716 0.209193
v 0.143805 0.018790 0.230920
v 0.142623 0.025130 0.227966
v 0.143689 0.018414 0.211596
v 0.135996 0.032781 0.218718
v 0.139539 0.029839 0.225898
v 0.143517 0.039545 0.215785
v 0.143456 0.045286 0.215403
v 0.143039 0.025233 0.209160
v 0.143636 0.031574 0.203244
v 0.143465 0.017144 0.168057
v 0.142255 0.023716 0.164621
v 0.145032 0.027253 0.152497
v 0.158980 0.020740 0.239845
v 0.155652 0.029619 0.240252
v 0.162021 0.031361 0.241306
v 0.157324 0.066948 0.244232
v 0.159347 0.056996 0.241989
v 0.159746 0.072182 0.244190
v 0.158445 0.082101 0.240453
v 0.148905 0.020207 0.234123
v 0.155299 0.018510 0.237358
v 0.174154 0.019068 0.210250
v 0.165337 0.020285 0.234627
v 0.167141 0.025106 0.231108
v 0.145555 0.030121 0.236581
v 0.145034 0.045178 0.231975
v 0.148227 0.024950 0.233326
v 0.147420 0.037395 0.226268
v 0.148713 0.041044 0.227890
v 0.148588 0.033248 0.237057
v 0.151631 0.039541 0.231455
v 0.150945 0.047477 0.228605
v 0.157207 0.044918 0.237387
v 0.158990 0.042037 0.233542
v 0.159634 0.024836 0.237751
v 0.158977 0.047863 0.237372
v 0.158538 0.038108 0.233947
v 0.167839 0.045107 0.231135
v 0.172152 0.041573 0.222306
v 0.166561 0.041999 0.226945
v 0.168175 0.032401 0.236678
v 0.148580 0.049808 0.213677
v 0.149987 0.066413 0.221588
v 0.153543 0.051291 0.226855
v 0.163849 0.047946 0.230484
v 0.168223 0.064923 0.222650
v 0.170028 0.051169 0.217340
v 0.151420 0.083913 0.230914
v 0.152751 0.102145 0.215584
v 0.152279 0.098500 0.223997
v 0.158177 0.092945 0.214593
v 0.158673 0.091558 0.236815
v 0.156990 0.084020 0.221367
v 0.160087 0.077958 0.216021
v 0.158984 0.087880 0.219286
v 0.161620 0.081652 0.220495
v 0.165738 0.086481 0.231027
v 0.165245 0.092810 0.224572
v 0.166739 0.100778 0.217410
v 0.155816 0.111435 0.214361
v 0.159190 0.104872 0.227784
v 0.158551 0.101933 0.233362
v 0.162193 0.111406 0.210165
v 0.149374 0.020459 0.203926
v 0.159232 0.025850 0.201720
v 0.157586 0.019554 0.200233
v 0.167225 0.020082 0.205461
v 0.168889 0.026810 0.208332
v 0.147822 0.039290 0.210024
v 0.148126 0.044967 0.207816
v 0.153787 0.038434 0.206948
v 0.152685 0.047591 0.205367
v 0.152726 0.044901 0.202985
v 0.155227 0.030424 0.199563
v 0.160923 0.034050 0.199582
v 0.165613 0.039667 0.206165
v 0.164760 0.047776 0.205394
v 0.164825 0.044989 0.203085
v 0.163204 0.041556 0.205618
v 0.168010 0.041706 0.213814
v 0.173121 0.033349 0.201947
v 0.152312 0.053382 0.206596
v 0.157673 0.072539 0.212700
v 0.158740 0.067320 0.208620
v 0.159627 0.060176 0.203609
v 0.153329 0.096157 0.198585
v 0.157414 0.093184 0.208910
v 0.157728 0.088600 0.197412
v 0.154740 0.091588 0.191535
v 0.161736 0.093089 0.196579
v 0.162164 0.091852 0.191704
v 0.153639 0.111148 0.210503
v 0.152728 0.099578 0.204151
v 0.159293 0.107342 0.201894
v 0.162353 0.097997 0.202270
v 0.161769 0.108014 0.204038
v 0.158650 0.098207 0.196851
v 0.150025 0.026232 0.166847
v 0.160496 0.018051 0.169792
v 0.167158 0.019112 0.168546
v 0.144603 0.018001 0.154751
v 0.147051 0.018274 0.142235
v 0.149664 0.016553 0.140972
v 0.171495 0.017429 0.146600
v 0.165499 0.026630 0.146614
v 0.151551 0.033897 0.152672
v 0.153267 0.039284 0.153129
v 0.156547 0.027477 0.142866
v 0.158367 0.035803 0.160662
v 0.156127 0.037644 0.159767
v 0.155348 0.047656 0.155294
v 0.159332 0.036264 0.154078
v 0.168134 0.026064 0.163515
v 0.158832 0.043361 0.155596
v 0.164018 0.032103 0.153142
v 0.146360 0.064221 0.156267
v 0.147191 0.063103 0.148864
v 0.149387 0.063109 0.165483
v 0.151903 0.057432 0.161889
v 0.148155 0.072469 0.156266
v 0.152792 0.068437 0.147732
v 0.156932 0.076081 0.162347
v 0.153096 0.050489 0.159168
v 0.153108 0.057501 0.152701
v 0.154932 0.063195 0.165396
v 0.159211 0.066413 0.162398
v 0.157442 0.056813 0.159719
v 0.160087 0.052542 0.153533
v 0.160606 0.058014 0.156218
v 0.158150 0.057983 0.152476
v 0.160977 0.067676 0.151124
v 0.166326 0.062873 0.162281
v 0.165754 0.064682 0.155202
v 0.162238 0.062699 0.146398
v 0.155977 0.078671 0.153491
v 0.162149 0.073388 0.151716
v 0.192392 0.095938 0.243122
v 0.173616 0.019616 0.229984
v 0.176177 0.025503 0.218298
v 0.177070 0.020727 0.215936
v 0.174572 0.032011 0.233811
v 0.173630 0.045567 0.218377
v 0.173931 0.024843 0.226533
v 0.177104 0.030731 0.229071
v 0.173529 0.037748 0.221544
v 0.176727 0.044963 0.222124
v 0.179941 0.031780 0.216997
v 0.169971 0.044927 0.211939
v 0.177034 0.032805 0.208935
v 0.170734 0.016849 0.151744
v 0.208991 0.023496 0.243224
v 0.213805 0.024775 0.239520
v 0.212460 0.027234 0.243038
v 0.209783 0.096292 0.243265
v 0.210255 0.095419 0.240855
v 0.211791 0.098940 0.240362
v 0.198142 0.021153 0.231402
v 0.197223 0.020881 0.225165
v 0.198159 0.020072 0.211679
v 0.201001 0.023996 0.236999
v 0.201484 0.020145 0.226302
v 0.203208 0.023114 0.226457
v 0.203746 0.020744 0.233023
v 0.203220 0.024456 0.234321
v 0.208205 0.025274 0.238070
v 0.218285 0.025144 0.233730
v 0.201000 0.024001 0.237001
v 0.201001 0.024001 0.236997
v 0.195463 0.023713 0.219608
v 0.205906 0.026669 0.232647
v 0.206087 0.042757 0.223804
v 0.202073 0.036396 0.221133
v 0.205258 0.041011 0.220049
v 0.211658 0.038791 0.211638
v 0.206867 0.087241 0.225796
v 0.195685 0.096010 0.229909
v 0.202925 0.094374 0.222266
v 0.204745 0.092198 0.215942
v 0.216470 0.093922 0.231142
v 0.208428 0.092541 0.217597
v 0.218782 0.095666 0.237139
v 0.211479 0.093233 0.233838
v 0.203514 0.099157 0.230313
v 0.201027 0.105135 0.226559
v 0.199776 0.096263 0.216158
v 0.203365 0.098223 0.235660
v 0.203981 0.096098 0.221558
v 0.205847 0.105073 0.233180
v 0.206231 0.102357 0.228919
v 0.209071 0.105416 0.227515
v 0.203532 0.109012 0.222625
v 0.205288 0.109324 0.215107
v 0.209302 0.104955 0.203354
v 0.211847 0.099492 0.234082
v 0.215696 0.110452 0.234102
v 0.217803 0.106378 0.236516
v 0.199297 0.023563 0.205951
v 0.206337 0.024007 0.198538
v 0.221706 0.020371 0.194780
v 0.212508 0.023861 0.195295
v 0.215238 0.028192 0.196218
v 0.208973 0.047651 0.205768
v 0.219040 0.036212 0.201134
v 0.210780 0.045654 0.204231
v 0.219037 0.041243 0.204642
v 0.210014 0.074657 0.207227
v 0.203866 0.095977 0.204368
v 0.204073 0.096024 0.203689
v 0.204280 0.096071 0.204368
v 0.206296 0.096016 0.201520
v 0.207234 0.096111 0.197021
v 0.209381 0.090553 0.209828
v 0.209490 0.095615 0.196800
v 0.212746 0.081454 0.207381
v 0.211347 0.096075 0.200079
v 0.204193 0.105053 0.209633
v 0.210046 0.104828 0.208540
v 0.212902 0.114135 0.204509
v 0.214278 0.113105 0.206131
v 0.213885 0.108866 0.203744
v 0.213089 0.027293 0.168393
v 0.203016 0.018083 0.161263
v 0.203592 0.016431 0.158964
v 0.211493 0.017597 0.149408
v 0.210035 0.018548 0.165889
v 0.213733 0.025514 0.145963
v 0.220420 0.016344 0.139681
v 0.207503 0.028729 0.155196
v 0.215140 0.037469 0.156898
v 0.210905 0.063027 0.161596
v 0.213714 0.058521 0.154416
v 0.208965 0.065879 0.153693
v 0.212763 0.072759 0.155161
v 0.217529 0.074227 0.162407
v 0.215756 0.053628 0.158509
v 0.220273 0.057169 0.160071
v 0.214426 0.065863 0.146955
v 0.216478 0.078646 0.156408
v 0.218466 0.023339 0.243239
v 0.231206 0.024022 0.244178
v 0.233226 0.023737 0.241126
v 0.227599 0.026569 0.236132
v 0.232246 0.027450 0.241673
v 0.225378 0.096090 0.240085
v 0.219934 0.099476 0.239028
v 0.225710 0.020408 0.232533
v 0.239536 0.020628 0.234673
v 0.232184 0.023689 0.234136
v 0.239745 0.023024 0.235646
v 0.219810 0.043125 0.235058
v 0.222585 0.042706 0.235080
v 0.235397 0.042367 0.221741
v 0.235049 0.042758 0.217892
v 0.222092 0.078061 0.233980
v 0.228195 0.069703 0.227841
v 0.234509 0.073331 0.215843
v 0.219303 0.089685 0.232293
v 0.224557 0.089919 0.231480
v 0.229138 0.086797 0.222429
v 0.229843 0.091450 0.225766
v 0.233427 0.096189 0.237061
v 0.233821 0.090349 0.216588
v 0.237934 0.095724 0.232072
v 0.236725 0.092762 0.223602
v 0.237845 0.096422 0.235611
v 0.241270 0.095990 0.233388
v 0.239823 0.096472 0.218633
v 0.217524 0.099100 0.235869
v 0.223605 0.104972 0.220637
v 0.220259 0.104881 0.230488
v 0.223605 0.105013 0.220634
v 0.223604 0.104996 0.217518
v 0.230171 0.104446 0.236645
v 0.225379 0.107940 0.237140
v 0.224391 0.113947 0.234029
v 0.225667 0.104997 0.224139
v 0.227924 0.109970 0.236900
v 0.227967 0.114168 0.237216
v 0.228674 0.105247 0.233434
v 0.227973 0.114113 0.235895
v 0.225920 0.113998 0.234187
v 0.225920 0.113897 0.233871
v 0.229293 0.104987 0.216019
v 0.231161 0.105283 0.221802
v 0.233296 0.105902 0.227595
v 0.233612 0.104476 0.215126
v 0.236983 0.100989 0.228804
v 0.236989 0.113850 0.228096
v 0.237516 0.101856 0.218115
v 0.236983 0.114132 0.218762
v 0.238446 0.105136 0.227847
v 0.237680 0.108320 0.216013
v 0.229943 0.021408 0.197617
v 0.243496 0.019921 0.214406
v 0.237703 0.024355 0.200594
v 0.235877 0.027960 0.201418
v 0.227956 0.024085 0.194727
v 0.223061 0.041846 0.205757
v 0.227962 0.065361 0.208567
v 0.222488 0.096217 0.198086
v 0.225001 0.089666 0.210160
v 0.234340 0.089764 0.213148
v 0.236878 0.095994 0.204157
v 0.236951 0.096002 0.203980
v 0.237023 0.096010 0.204157
v 0.218320 0.108483 0.203623
v 0.228131 0.105208 0.203957
v 0.225042 0.113970 0.207003
v 0.236909 0.104990 0.209563
v 0.226026 0.018126 0.171519
v 0.226285 0.016466 0.170273
v 0.224660 0.017623 0.140591
v 0.232817 0.022360 0.149001
v 0.231384 0.021373 0.160846
v 0.234195 0.021081 0.151077
v 0.219279 0.039479 0.156217
v 0.221602 0.034817 0.152344
v 0.219884 0.024697 0.140617
v 0.217685 0.032247 0.163246
v 0.223294 0.032016 0.154937
v 0.228842 0.026997 0.164222
v 0.218828 0.054011 0.161705
v 0.222591 0.059732 0.162597
v 0.219153 0.066288 0.163699
v 0.220560 0.050165 0.155851
v 0.220456 0.057827 0.146248
v 0.222845 0.069204 0.150627
v 0.223372 0.074739 0.160979
v 0.219283 0.053101 0.151453
v 0.222345 0.072363 0.150259
v 0.224986 0.066637 0.159609
v 0.225182 0.056812 0.149470
v 0.222703 0.062638 0.144417
v 0.225613 0.059792 0.152276
v 0.232665 0.062813 0.161830
v 0.229551 0.063309 0.153509
v 0.242981 0.023604 0.229270
v 0.245452 0.025653 0.221013
v 0.243204 0.028898 0.218660
v 0.244152 0.023698 0.212447
v 0.020083 0.026734 -0.023902
v 0.014444 0.017341 -0.030600
v 0.016343 0.020275 -0.027658
v 0.023150 0.024278 -0.042540
v 0.023962 0.030926 -0.039391
v 0.024180 0.061428 -0.024542
v 0.025108 0.071657 -0.026674
v 0.023377 0.072127 -0.034725
v 0.012905 0.020880 -0.212510
v 0.019946 0.020898 -0.200856
v 0.015991 0.027100 -0.217372
v 0.027225 0.019226 -0.201899
v 0.023203 0.026825 -0.204632
v 0.014313 0.033052 -0.204967
v 0.022196 0.043522 -0.212962
v 0.019112 0.033265 -0.201182
v 0.019729 0.048405 -0.213423
v 0.027238 0.042070 -0.207454
v 0.025302 0.048245 -0.206261
v 0.027467 0.054049 -0.215150
v 0.025329 0.113637 -0.210131
v 0.019750 0.126206 -0.217092
v 0.023408 0.131037 -0.212636
v 0.011115 0.018891 -0.221817
v 0.012295 0.020605 -0.228861
v 0.012084 0.024552 -0.222741
v 0.017059 0.020538 -0.238196
v 0.034025 0.019925 -0.236732
v 0.027271 0.024540 -0.236492
v 0.008802 0.033383 -0.218160
v 0.008901 0.033001 -0.222472
v 0.013355 0.032938 -0.230080
v 0.018361 0.044251 -0.220096
v 0.015324 0.047883 -0.219085
v 0.020629 0.044390 -0.224804
v 0.018359 0.048092 -0.223756
v 0.016929 0.025531 -0.229056
v 0.014434 0.029142 -0.226324
v 0.019582 0.033086 -0.240436
v 0.023153 0.026357 -0.231447
v 0.024060 0.049748 -0.231930
v 0.030611 0.027499 -0.237463
v 0.023722 0.054155 -0.222512
v 0.024139 0.067384 -0.224091
v 0.023864 0.054548 -0.230599
v 0.023953 0.060817 -0.227776
v 0.020034 0.113916 -0.223052
v 0.023896 0.114023 -0.228400
v 0.035937 0.016699 -0.018097
v 0.033584 0.025085 -0.018100
v 0.039370 0.017301 -0.017904
v 0.042360 0.021578 -0.023408
v 0.025753 0.027649 -0.021486
v 0.027431 0.033316 -0.027462
v 0.045381 0.024688 -0.029674
v 0.029252 0.059572 -0.023518
v 0.030650 0.067090 -0.022920
v 0.039211 0.063152 -0.023934
v 0.026279 0.018003 -0.040047
v 0.027100 0.023355 -0.045167
v 0.038711 0.016638 -0.045546
v 0.042461 0.024795 -0.040656
v 0.031612 0.036392 -0.033134
v 0.030744 0.043034 -0.029872
v 0.033309 0.032288 -0.031915
v 0.032866 0.035891 -0.028705
v 0.033458 0.032452 -0.038439
v 0.033035 0.049052 -0.031715
v 0.033171 0.045819 -0.033018
v 0.028767 0.054568 -0.033991
v 0.021916 0.063494 -0.038334
v 0.027066 0.066361 -0.038839
v 0.029995 0.050880 -0.029008
v 0.038818 0.062862 -0.039323
v 0.032839 0.073989 -0.025941
v 0.028497 0.072543 -0.038861
v 0.037730 0.067883 -0.030421
v 0.039735 0.056833 -0.030334
v 0.037074 0.074733 -0.030278
v 0.036643 0.067217 -0.036093
v 0.029560 0.079001 -0.032274
v 0.031538 0.075876 -0.036056
v 0.030996 0.023985 -0.203346
v 0.044986 0.020169 -0.204006
v 0.039626 0.025523 -0.205436
v 0.030306 0.030578 -0.199197
v 0.036162 0.028527 -0.201777
v 0.034809 0.043218 -0.207199
v 0.039244 0.033718 -0.199874
v 0.044594 0.027112 -0.212824
v 0.044988 0.035698 -0.204283
v 0.042368 0.043752 -0.216091
v 0.042469 0.048522 -0.214734
v 0.050843 0.033706 -0.214419
v 0.026771 0.075870 -0.215919
v 0.026648 0.083553 -0.216329
v 0.030202 0.086994 -0.215953
v 0.032553 0.102296 -0.215784
v 0.029885 0.109404 -0.217076
v 0.030031 0.120514 -0.215268
v 0.030803 0.114356 -0.210971
v 0.040974 0.113801 -0.213990
v 0.036510 0.100726 -0.215616
v 0.027112 0.132432 -0.209238
v 0.031563 0.133673 -0.216237
v 0.029914 0.135251 -0.219081
v 0.032024 0.124023 -0.214185
v 0.031081 0.147663 -0.216374
v 0.045732 0.020859 -0.234361
v 0.047975 0.019440 -0.232029
v 0.047908 0.020850 -0.221361
v 0.028115 0.044302 -0.231992
v 0.034084 0.042277 -0.233451
v 0.037654 0.033038 -0.243049
v 0.040683 0.048816 -0.231561
v 0.038653 0.027343 -0.234155
v 0.042305 0.044131 -0.225133
v 0.044543 0.027333 -0.229180
v 0.050257 0.032950 -0.235268
v 0.043276 0.032988 -0.239788
v 0.047730 0.026334 -0.223025
v 0.024164 0.072111 -0.221847
v 0.027300 0.054756 -0.225470
v 0.034064 0.064270 -0.218181
v 0.029512 0.064184 -0.221688
v 0.026709 0.079313 -0.221313
v 0.038280 0.053652 -0.220024
v 0.031066 0.074492 -0.218865
v 0.035255 0.066867 -0.219647
v 0.034809 0.054255 -0.226320
v 0.036493 0.072993 -0.219199
v 0.036406 0.064028 -0.222272
v 0.038595 0.054011 -0.222983
v 0.026784 0.102027 -0.219141
v 0.026901 0.096143 -0.222113
v 0.031839 0.089405 -0.218439
v 0.024666 0.111388 -0.219398
v 0.025889 0.119732 -0.219996
v 0.030272 0.119157 -0.226349
v 0.029337 0.101577 -0.220728
v 0.027458 0.114125 -0.224768
v 0.033662 0.111156 -0.227877
v 0.033810 0.101269 -0.222175
v 0.035842 0.109462 -0.219200
v 0.035896 0.120138 -0.221187
v 0.041564 0.113869 -0.220287
v 0.040034 0.114484 -0.228697
v 0.029645 0.142220 -0.220646
v 0.032777 0.132094 -0.226309
v 0.034433 0.144455 -0.222140
v 0.035730 0.124649 -0.224902
v 0.036065 0.132026 -0.227243
v 0.027230 0.147101 -0.218654
v 0.029581 0.149959 -0.220035
v 0.072424 0.030602 -0.214455
v 0.071521 0.021153 -0.219849
v 0.054291 0.033075 -0.221832
v 0.080888 0.017564 -0.088912
v 0.079761 0.017701 -0.104839
v 0.083168 0.016876 -0.080022
v 0.082761 0.026782 -0.087241
v 0.082683 0.016219 -0.102968
v 0.098164 0.025953 -0.081158
v 0.090412 0.034712 -0.091110
v 0.090082 0.039968 -0.096262
v 0.093894 0.048411 -0.092939
v 0.093487 0.047724 -0.095542
v 0.093875 0.035950 -0.090150
v 0.096119 0.040782 -0.094174
v 0.087327 0.067684 -0.090264
v 0.083885 0.062708 -0.095894
v 0.088961 0.062877 -0.083522
v 0.089799 0.053943 -0.090635
v 0.091162 0.075595 -0.089317
v 0.094349 0.069165 -0.087235
v 0.091162 0.057684 -0.089376
v 0.093040 0.062073 -0.083883
v 0.096756 0.053461 -0.089970
v 0.095800 0.075392 -0.098861
v 0.094832 0.017730 -0.107932
v 0.085678 0.028720 -0.101395
v 0.093062 0.035468 -0.098345
v 0.089857 0.032025 -0.099936
v 0.093132 0.054885 -0.098175
v 0.089309 0.072444 -0.099367
v 0.086633 0.064813 -0.100275
v 0.092722 0.062802 -0.105042
v 0.096078 0.069181 -0.099298
v 0.072943 0.020727 -0.213425
v 0.083516 0.018796 -0.200486
v 0.084254 0.022417 -0.199797
v 0.100380 0.025780 -0.203121
v 0.096890 0.020279 -0.200874
v 0.075435 0.030671 -0.205892
v 0.071929 0.026585 -0.218755
v 0.070890 0.031953 -0.220331
v 0.078057 0.030179 -0.200365
v 0.080181 0.026951 -0.202067
v 0.082192 0.040493 -0.209448
v 0.081464 0.044260 -0.211192
v 0.094785 0.041457 -0.207135
v 0.086362 0.045392 -0.206883
v 0.096760 0.033126 -0.198200
v 0.087017 0.052156 -0.209888
v 0.087743 0.055992 -0.220577
v 0.087188 0.056725 -0.215619
v 0.086542 0.081385 -0.215540
v 0.090298 0.057335 -0.213286
v 0.098854 0.051305 -0.212520
v 0.094079 0.056335 -0.215652
v 0.093245 0.080487 -0.215343
v 0.078025 0.089471 -0.213136
v 0.077987 0.090426 -0.212880
v 0.078064 0.090426 -0.213391
v 0.081011 0.087036 -0.212074
v 0.085549 0.092816 -0.217939
v 0.087046 0.095808 -0.213406
v 0.090483 0.091145 -0.213907
v 0.090626 0.097851 -0.213091
v 0.095527 0.086971 -0.208726
v 0.094603 0.098564 -0.215569
v 0.077169 0.106031 -0.210193
v 0.077067 0.107278 -0.213752
v 0.083104 0.102694 -0.209717
v 0.084362 0.116315 -0.212891
v 0.087168 0.095899 -0.218482
v 0.087841 0.111064 -0.206105
v 0.086418 0.114248 -0.216597
v 0.099395 0.102021 -0.209835
v 0.090616 0.120559 -0.212520
v 0.092839 0.119931 -0.215818
v 0.095942 0.114746 -0.211759
v 0.087435 0.122047 -0.215654
v 0.089950 0.126594 -0.216386
v 0.073603 0.018535 -0.219664
v 0.076199 0.020923 -0.229861
v 0.078826 0.025987 -0.228315
v 0.080603 0.019857 -0.234496
v 0.087424 0.024864 -0.235422
v 0.093024 0.020734 -0.236738
v 0.097825 0.025147 -0.232667
v 0.076493 0.030535 -0.227345
v 0.081944 0.041655 -0.222293
v 0.078657 0.047115 -0.221296
v 0.082741 0.029425 -0.234107
v 0.082692 0.045289 -0.225595
v 0.087061 0.030451 -0.238592
v 0.086800 0.040924 -0.225361
v 0.087822 0.047750 -0.229435
v 0.093555 0.047718 -0.228347
v 0.097679 0.041756 -0.224192
v 0.087138 0.069290 -0.219408
v 0.092980 0.065880 -0.219274
v 0.089317 0.086407 -0.225158
v 0.080691 0.087174 -0.222550
v 0.090579 0.081008 -0.217904
v 0.091936 0.092973 -0.220026
v 0.093251 0.095570 -0.221815
v 0.094600 0.086722 -0.225158
v 0.081603 0.108025 -0.222737
v 0.087011 0.109269 -0.228652
v 0.089441 0.113163 -0.218806
v 0.090199 0.115150 -0.223949
v 0.090802 0.100933 -0.224402
v 0.098993 0.112115 -0.219489
v 0.102238 0.107682 -0.219833
v 0.089883 0.134165 -0.218012
v 0.089973 0.138067 -0.218934
v 0.089883 0.134177 -0.219303
v 0.105002 0.017049 -0.079858
v 0.108188 0.024788 -0.094508
v 0.096679 0.053746 -0.093118
v 0.096956 0.032138 -0.095894
v 0.101349 0.065870 -0.086735
v 0.096954 0.074586 -0.090274
v 0.099728 0.072680 -0.096402
v 0.102846 0.065427 -0.098336
v 0.103894 0.016826 -0.108619
v 0.099238 0.024081 -0.108178
v 0.101386 0.026326 -0.101395
v 0.098169 0.060769 -0.102829
v 0.105371 0.018693 -0.227197
v 0.105187 0.019801 -0.203657
v 0.107768 0.020678 -0.215885
v 0.105892 0.024259 -0.211718
v 0.106500 0.030095 -0.210270
v 0.099366 0.041201 -0.220983
v 0.100315 0.045536 -0.210028
v 0.111034 0.030501 -0.218643
v 0.100471 0.087117 -0.214976
v 0.103306 0.111378 -0.214734
v 0.104453 0.104404 -0.210293
v 0.100549 0.020694 -0.233112
v 0.107851 0.020669 -0.225795
v 0.099724 0.046886 -0.225943
v 0.100591 0.030044 -0.236691
v 0.105761 0.025880 -0.223322
v 0.106191 0.030411 -0.227183
v 0.098417 0.088430 -0.219617
v 0.098837 0.087001 -0.224989
v 0.101389 0.087240 -0.221824
v 0.099159 0.087004 -0.224914
v 0.099159 0.086997 -0.225063
v 0.097271 0.107737 -0.228366
v 0.096248 0.115679 -0.224942
v 0.141103 0.018006 -0.152771
v 0.138984 0.017346 -0.160221
v 0.143800 0.018037 -0.146852
v 0.145594 0.025735 -0.165922
v 0.142370 0.018781 -0.214684
v 0.136465 0.032737 -0.216364
v 0.140923 0.031566 -0.208816
v 0.144886 0.024720 -0.211508
v 0.144338 0.044995 -0.212586
v 0.139725 0.019750 -0.224064
v 0.145079 0.020554 -0.231568
v 0.137935 0.030552 -0.226508
v 0.140559 0.044965 -0.220175
v 0.140469 0.025337 -0.219701
v 0.139879 0.031060 -0.233408
v 0.144380 0.045389 -0.226335
v 0.145407 0.029860 -0.237023
v 0.147106 0.021535 -0.142644
v 0.152695 0.017984 -0.140476
v 0.162363 0.019813 -0.140497
v 0.168300 0.016386 -0.143309
v 0.149457 0.017817 -0.170673
v 0.156065 0.016271 -0.172048
v 0.162064 0.032862 -0.152640
v 0.144122 0.026706 -0.152791
v 0.151955 0.033175 -0.152197
v 0.159638 0.033859 -0.151571
v 0.155615 0.042768 -0.153327
v 0.155058 0.033984 -0.162034
v 0.154522 0.050047 -0.155355
v 0.156153 0.041868 -0.157484
v 0.157760 0.041664 -0.155572
v 0.149906 0.063127 -0.147208
v 0.149388 0.059240 -0.156615
v 0.150209 0.069026 -0.154115
v 0.148617 0.065679 -0.160826
v 0.157306 0.056634 -0.149830
v 0.152195 0.054247 -0.156539
v 0.154497 0.062418 -0.164797
v 0.153319 0.062510 -0.143726
v 0.156931 0.069823 -0.149336
v 0.158460 0.057499 -0.159332
v 0.155998 0.071778 -0.162874
v 0.158197 0.049936 -0.155848
v 0.159094 0.053906 -0.159067
v 0.161863 0.063095 -0.147934
v 0.164504 0.060897 -0.152037
v 0.159702 0.063676 -0.165846
v 0.164860 0.063230 -0.159064
v 0.150044 0.075385 -0.152751
v 0.158438 0.077194 -0.159205
v 0.158944 0.074122 -0.149847
v 0.156235 0.019882 -0.173162
v 0.159797 0.025637 -0.169287
v 0.145233 0.020660 -0.207761
v 0.153462 0.018646 -0.203443
v 0.151830 0.024741 -0.205532
v 0.164846 0.020726 -0.203269
v 0.160020 0.026561 -0.206961
v 0.167140 0.025910 -0.210441
v 0.147528 0.032009 -0.200818
v 0.148252 0.045163 -0.205931
v 0.142773 0.039335 -0.220029
v 0.150145 0.047173 -0.216528
v 0.144466 0.042667 -0.217801
v 0.151300 0.039085 -0.207417
v 0.151862 0.047793 -0.208745
v 0.153256 0.032854 -0.200689
v 0.164127 0.041450 -0.209295
v 0.168465 0.045068 -0.207010
v 0.165957 0.049671 -0.209904
v 0.167076 0.033708 -0.204082
v 0.153331 0.055058 -0.209524
v 0.159406 0.061326 -0.206322
v 0.158441 0.068836 -0.211423
v 0.165615 0.051451 -0.215527
v 0.165655 0.070785 -0.223748
v 0.151036 0.097028 -0.211446
v 0.152878 0.097070 -0.222626
v 0.154189 0.092539 -0.194299
v 0.155727 0.096021 -0.194522
v 0.158502 0.090046 -0.198349
v 0.158701 0.076567 -0.216961
v 0.162558 0.093289 -0.193370
v 0.161928 0.092663 -0.201271
v 0.161649 0.096401 -0.229861
v 0.152880 0.112035 -0.213044
v 0.156011 0.105878 -0.203528
v 0.162985 0.112803 -0.211844
v 0.164550 0.099144 -0.207315
v 0.161886 0.104512 -0.206828
v 0.162519 0.111344 -0.206884
v 0.146422 0.025079 -0.233287
v 0.151485 0.019324 -0.237784
v 0.154363 0.024340 -0.236543
v 0.168489 0.019638 -0.234769
v 0.162212 0.020434 -0.237380
v 0.167792 0.027115 -0.233168
v 0.147444 0.048172 -0.226749
v 0.150816 0.045196 -0.236148
v 0.150521 0.029799 -0.239607
v 0.146327 0.038991 -0.226389
v 0.155207 0.048705 -0.236848
v 0.155924 0.030212 -0.243120
v 0.154891 0.041823 -0.233683
v 0.161894 0.044953 -0.237123
v 0.166221 0.040324 -0.232321
v 0.166242 0.047487 -0.225648
v 0.148376 0.076928 -0.229895
v 0.156235 0.071544 -0.244310
v 0.157866 0.053854 -0.241056
v 0.160719 0.050315 -0.232455
v 0.150285 0.086066 -0.228814
v 0.153266 0.104519 -0.223984
v 0.158629 0.093787 -0.236984
v 0.158792 0.090756 -0.217885
v 0.158066 0.084328 -0.222552
v 0.157885 0.085742 -0.239796
v 0.165276 0.083994 -0.232154
v 0.156190 0.104981 -0.227955
v 0.158862 0.100638 -0.233797
v 0.158813 0.110841 -0.220214
v 0.159383 0.029802 -0.242905
v 0.158716 0.064348 -0.242930
v 0.159324 0.077719 -0.243511
v 0.170995 0.017695 -0.150383
v 0.170200 0.024985 -0.157551
v 0.166462 0.018170 -0.165541
v 0.171815 0.020906 -0.161356
v 0.175983 0.018247 -0.222824
v 0.172367 0.020111 -0.210321
v 0.177200 0.020740 -0.215585
v 0.168278 0.040218 -0.213930
v 0.173549 0.026657 -0.213798
v 0.170915 0.045603 -0.211583
v 0.173363 0.032486 -0.206863
v 0.177470 0.030503 -0.215485
v 0.176440 0.023746 -0.226261
v 0.176560 0.020303 -0.230353
v 0.169869 0.039221 -0.225062
v 0.168168 0.045031 -0.234527
v 0.175050 0.030488 -0.231791
v 0.167998 0.033041 -0.240134
v 0.174711 0.045129 -0.218545
v 0.173853 0.044933 -0.228294
v 0.179315 0.029600 -0.225609
v 0.207255 0.016953 -0.143361
v 0.208677 0.017649 -0.140752
v 0.214137 0.027434 -0.143949
v 0.205128 0.024744 -0.149442
v 0.206779 0.023561 -0.165702
v 0.213409 0.035302 -0.156035
v 0.215128 0.034237 -0.151821
v 0.215960 0.046053 -0.153055
v 0.218166 0.032012 -0.164219
v 0.206383 0.065650 -0.154098
v 0.209531 0.056766 -0.155359
v 0.211927 0.060451 -0.158999
v 0.212430 0.069883 -0.149767
v 0.210944 0.060091 -0.152339
v 0.209218 0.068578 -0.162414
v 0.215501 0.065386 -0.167169
v 0.215000 0.065605 -0.146312
v 0.217780 0.057302 -0.149837
v 0.216111 0.050836 -0.153014
v 0.215569 0.076704 -0.151901
v 0.212130 0.018185 -0.170904
v 0.194774 0.023999 -0.212859
v 0.197880 0.023928 -0.206728
v 0.197980 0.019218 -0.210610
v 0.197413 0.020642 -0.216692
v 0.200991 0.020756 -0.203889
v 0.202797 0.019715 -0.214997
v 0.199907 0.023233 -0.217689
v 0.204234 0.018484 -0.209967
v 0.213795 0.018681 -0.211619
v 0.211689 0.024582 -0.199416
v 0.215484 0.020061 -0.195586
v 0.198580 0.026835 -0.209902
v 0.203719 0.025924 -0.205802
v 0.205171 0.039503 -0.215964
v 0.206516 0.041075 -0.214410
v 0.213026 0.023905 -0.207367
v 0.222064 0.040769 -0.203261
v 0.206803 0.067488 -0.212918
v 0.212769 0.096372 -0.200784
v 0.208341 0.087198 -0.211647
v 0.212072 0.089684 -0.214071
v 0.200588 0.104954 -0.210118
v 0.200923 0.110951 -0.213105
v 0.206681 0.102312 -0.206365
v 0.207260 0.100455 -0.212806
v 0.206217 0.103572 -0.214705
v 0.208901 0.104275 -0.200424
v 0.214088 0.106299 -0.202040
v 0.228739 0.099086 -0.207166
v 0.229770 0.103702 -0.218836
v 0.200738 0.020210 -0.224871
v 0.203926 0.020172 -0.232139
v 0.206802 0.018260 -0.233034
v 0.207826 0.026600 -0.237644
v 0.216016 0.019768 -0.237155
v 0.206434 0.041417 -0.217206
v 0.206014 0.088203 -0.220697
v 0.207003 0.087280 -0.223475
v 0.218512 0.089782 -0.232329
v 0.201126 0.106383 -0.220658
v 0.200996 0.111101 -0.227045
v 0.200990 0.105039 -0.228333
v 0.201165 0.109617 -0.220409
v 0.203964 0.102091 -0.222595
v 0.212910 0.105047 -0.231157
v 0.212270 0.112804 -0.233311
v 0.212791 0.105199 -0.234254
v 0.212084 0.114090 -0.237695
v 0.215973 0.107760 -0.237254
v 0.224288 0.018624 -0.139382
v 0.230294 0.017952 -0.145635
v 0.220564 0.034566 -0.151417
v 0.210098 0.017031 -0.169211
v 0.233828 0.018285 -0.161122
v 0.230943 0.026747 -0.157224
v 0.231385 0.017289 -0.168972
v 0.234845 0.020796 -0.154030
v 0.217703 0.047952 -0.156557
v 0.217687 0.037169 -0.158388
v 0.220559 0.047769 -0.155581
v 0.221452 0.037388 -0.157474
v 0.226664 0.030861 -0.159380
v 0.221990 0.065151 -0.146014
v 0.221946 0.056383 -0.159158
v 0.220056 0.076313 -0.160772
v 0.223793 0.056793 -0.156342
v 0.223401 0.059374 -0.164661
v 0.225698 0.064335 -0.149779
v 0.227431 0.063040 -0.157979
v 0.225175 0.074926 -0.156329
v 0.220419 0.065185 -0.165842
v 0.223297 0.025431 -0.168985
v 0.221807 0.020467 -0.195801
v 0.224428 0.024873 -0.204945
v 0.225607 0.024010 -0.211455
v 0.222887 0.019082 -0.214327
v 0.229122 0.020887 -0.200529
v 0.233749 0.024261 -0.212279
v 0.237684 0.018984 -0.215780
v 0.234143 0.021031 -0.204103
v 0.237878 0.021815 -0.210265
v 0.218114 0.025738 -0.194762
v 0.219871 0.029507 -0.196689
v 0.222282 0.051046 -0.203937
v 0.235246 0.041198 -0.218107
v 0.241187 0.025348 -0.210356
v 0.220455 0.086866 -0.206508
v 0.223507 0.088129 -0.206585
v 0.223798 0.095588 -0.200357
v 0.230571 0.088472 -0.211652
v 0.234447 0.086577 -0.213732
v 0.224824 0.100629 -0.198527
v 0.215438 0.112111 -0.200443
v 0.217194 0.109170 -0.204370
v 0.227190 0.104465 -0.207069
v 0.222148 0.110652 -0.203994
v 0.226982 0.105867 -0.200863
v 0.231917 0.099166 -0.203087
v 0.235966 0.101657 -0.224261
v 0.233316 0.105023 -0.206525
v 0.235697 0.104398 -0.215357
v 0.237648 0.104885 -0.209674
v 0.237129 0.108273 -0.212970
v 0.215643 0.026288 -0.239237
v 0.230443 0.018816 -0.237260
v 0.228690 0.024937 -0.239473
v 0.232654 0.021593 -0.242027
v 0.241432 0.019321 -0.224243
v 0.236728 0.028990 -0.221310
v 0.240148 0.020725 -0.232420
v 0.222186 0.042776 -0.233260
v 0.219441 0.036268 -0.236510
v 0.224981 0.041356 -0.234948
v 0.235516 0.035890 -0.219996
v 0.234549 0.027951 -0.238086
v 0.221865 0.075487 -0.234105
v 0.222228 0.062240 -0.234080
v 0.225886 0.054169 -0.233782
v 0.219936 0.090131 -0.237296
v 0.221919 0.086972 -0.233318
v 0.230652 0.090245 -0.231033
v 0.228297 0.092825 -0.234454
v 0.229536 0.089070 -0.228843
v 0.233971 0.086943 -0.225597
v 0.236778 0.096005 -0.230008
v 0.236490 0.096031 -0.231080
v 0.237067 0.095980 -0.231080
v 0.216821 0.104985 -0.234006
v 0.226776 0.101948 -0.224242
v 0.219699 0.114242 -0.233696
v 0.221856 0.104986 -0.236959
v 0.219707 0.109074 -0.237524
v 0.227851 0.104405 -0.233295
v 0.224849 0.107962 -0.237003
v 0.229014 0.104604 -0.237249
v 0.233329 0.111804 -0.222778
v 0.234367 0.102264 -0.230109
v 0.236134 0.109052 -0.218755
v 0.235061 0.107756 -0.225377
v 0.236996 0.111065 -0.227709
v 0.238907 0.110686 -0.221822
v 0.236526 0.102807 -0.229168
v 0.240661 0.021221 -0.215313
v 0.243869 0.020964 -0.225893
vn -0.0603 -0.9966 -0.0566
vn -0.0414 -0.9895 0.1383
vn -0.9344 0.2362 -0.2665
vn -0.5498 0.8327 -0.0663
vn -0.6160 -0.0806 0.7836
vn -0.4941 0.8164 0.2989
vn -0.8298 0.3058 0.4668
vn -0.5078 0.5859 0.6315
vn -0.6307 -0.0205 0.7757
vn -0.6727 -0.0121 0.7399
vn -0.9358 -0.2057 0.2863
vn -0.1515 0.9470 -0.2831
vn 0.0208 0.9998 -0.0033
vn 0.1785 0.0636 0.9819
vn -0.1782 0.9719 -0.1540
vn 0.3932 0.6700 0.6297
vn 0.0229 -0.9973 0.0693
vn 0.8257 0.5642 -0.0034
vn -0.7817 0.2286 0.5802
vn 0.3273 -0.5724 -0.7518
vn -0.2314 0.8675 -0.4403
vn 0.1688 0.2257 0.9595
vn -0.1828 0.0244 -0.9828
vn -0.0027 -0.7335 -0.6797
vn 0.0141 -0.5899 -0.8074
vn 0.2156 0.8704 -0.4426
vn -0.4310 0.8015 -0.4145
vn -0.4334 0.7248 -0.5357
vn -0.2386 0.1937 -0.9516
vn -0.6399 0.1825 -0.7464
vn -0.0000 0.1704 0.9854
vn -0.9825 0.1433 -0.1192
vn -0.2716 0.7255 -0.6323
vn 0.1978 0.7881 -0.5830
vn -0.3869 -0.3531 -0.8518
vn -0.3412 0.1182 -0.9325
vn -0.2903 -0.4502 -0.8444
vn 0.1173 0.9893 -0.0868
vn -0.6755 0.4480 -0.5857
vn -0.0030 0.9996 0.0273
vn -0.0020 -0.9996 -0.0271
vn 0.0016 0.9991 0.0425
vn -0.0032 0.1466 0.9892
vn 0.0032 -0.1466 -0.9892
vn -0.3310 0.0452 0.9426
vn -0.5825 -0.2218 0.7820
vn -0.3091 -0.9315 -0.1917
vn -0.4877 -0.2903 0.8233
vn -0.2932 -0.9370 -0.1898
vn 0.0231 -0.9995 -0.0235
vn -0.7744 0.6014 0.1966
vn -0.2594 0.7402 0.6204
vn -0.7684 0.4086 0.4925
vn -0.0440 0.6770 -0.7347
vn -0.4405 0.4817 -0.7576
vn -0.4317 0.2535 -0.8657
vn -0.8030 -0.5413 0.2493
vn -0.6726 0.6667 0.3212
vn -0.9833 -0.1254 0.1319
vn -0.5532 -0.6174 -0.5593
vn -0.6731 -0.3294 0.6621
vn 0.0495 0.4495 0.8919
vn 0.3138 0.4870 0.8150
vn -0.2066 -0.1896 -0.9599
vn -0.0817 -0.8424 -0.5325
vn -0.0726 0.5921 -0.8026
vn -0.8616 0.4308 -0.2685
vn -0.3594 0.3333 0.8716
vn -0.0283 0.9844 0.1735
vn -0.0427 -0.4907 0.8703
vn 0.5295 -0.3937 0.7514
vn 0.0314 0.7443 0.6672
vn 0.5237 0.3080 0.7943
vn 0.5318 -0.5443 0.6488
vn 0.0093 -0.9996 0.0257
vn 0.8275 -0.4762 0.2975
vn 0.6526 0.0293 0.7572
vn 0.5107 0.6477 0.5654
vn 0.9097 -0.0217 -0.4147
vn 0.7738 0.5472 0.3192
vn 0.9052 0.2987 0.3023
vn 0.6636 0.6626 0.3473
vn 0.9265 0.3030 0.2230
vn 0.6926 0.7177 0.0722
vn 0.1961 0.0686 0.9782
vn 0.9724 0.0431 0.2293
vn 0.9730 0.0446 0.2263
vn 0.8581 -0.4367 0.2701
vn 0.0798 -0.3905 -0.9171
vn 0.6490 0.7450 0.1544
vn -0.3968 0.4692 -0.7890
vn -0.3334 0.9401 0.0713
vn 0.9935 0.1139 0.0013
vn -0.0988 -0.8948 -0.4354
vn 0.1714 -0.9824 -0.0739
vn 0.2038 -0.4576 -0.8655
vn 0.4020 -0.8346 -0.3765
vn 0.3913 0.0501 -0.9189
vn 0.4649 -0.4757 -0.7467
vn 0.3195 0.7019 -0.6366
vn 0.6434 0.1642 -0.7477
vn 0.5672 0.5918 -0.5727
vn 0.6890 0.1859 -0.7006
vn 0.7105 0.0613 -0.7011
vn -0.0000 0.2883 0.9575
vn -0.2469 0.9606 -0.1277
vn -0.6141 0.3739 -0.6951
vn 0.0823 -0.9963 -0.0234
vn 0.8978 0.0177 -0.4400
vn 0.5029 -0.6916 -0.5184
vn 0.4078 -0.8704 -0.2758
vn -0.0823 0.9963 0.0234
vn 0.0944 0.9951 -0.0277
vn 0.0395 -0.9992 -0.0067
vn 0.4481 -0.8478 0.2835
vn 0.4366 0.0756 -0.8965
vn 0.8318 0.3349 0.4428
vn 0.3663 -0.8786 0.3063
vn -0.0025 -0.6354 0.7722
vn 0.3000 -0.8343 -0.4625
vn 0.6108 0.6285 -0.4815
vn 0.5908 -0.7993 -0.1102
vn 0.7296 0.6637 -0.1647
vn 0.1221 0.9886 0.0877
vn 0.7288 -0.0735 -0.6808
vn 0.1321 0.5243 -0.8412
vn -0.7781 0.0692 0.6243
vn -0.6683 -0.6914 -0.2746
vn -0.7750 -0.4574 0.4361
vn -0.9430 0.0649 0.3263
vn -0.8474 -0.4999 -0.1790
vn -0.7496 0.6425 -0.1591
vn -0.4565 0.8643 0.2113
vn -0.8975 -0.0208 -0.4406
vn -0.8699 0.0865 -0.4855
vn -0.6636 -0.7150 -0.2200
vn -0.7913 0.5801 -0.1934
vn -0.8797 0.2077 -0.4277
vn -0.4821 0.1371 0.8653
vn 0.0090 0.0333 0.9994
vn 0.8898 0.0169 0.4561
vn -0.4625 -0.5026 0.7304
vn -0.8272 -0.1203 0.5489
vn -0.7592 -0.6452 -0.0860
vn -0.4078 -0.4022 0.8197
vn -0.2363 0.9525 0.1920
vn -0.3328 0.8798 0.3393
vn -0.3260 -0.2836 0.9018
vn -0.1852 -0.8560 0.4827
vn 0.0981 0.7196 0.6874
vn 0.0904 0.1805 0.9794
vn 0.1665 -0.3124 0.9353
vn -0.0618 -0.5757 0.8153
vn 0.0015 0.8300 0.5578
vn 0.0877 -0.7141 0.6945
vn 0.1230 -0.6154 0.7785
vn -0.2483 -0.0453 0.9676
vn 0.8118 -0.4843 0.3262
vn -0.9946 -0.0112 -0.1032
vn -0.8345 -0.2733 0.4785
vn -0.8594 0.2016 0.4698
vn -0.9949 -0.0096 -0.1003
vn -0.9037 -0.2589 0.3409
vn -0.8680 -0.3093 0.3885
vn -0.9218 -0.0051 0.3877
vn 0.9942 0.1072 -0.0059
vn -0.7129 0.3670 -0.5976
vn -0.7688 -0.1869 -0.6116
vn -0.2742 0.4746 0.8364
vn 0.8166 0.3139 0.4844
vn 0.4490 -0.7231 -0.5248
vn 0.1791 0.4672 -0.8658
vn 0.9082 0.3370 -0.2480
vn -0.8366 0.4783 0.2673
vn -0.1010 0.4101 -0.9064
vn -0.1499 0.5700 -0.8079
vn -0.0151 -0.9999 0.0080
vn -0.1188 -0.9697 -0.2134
vn 0.4550 -0.8883 -0.0627
vn -0.7754 0.6262 -0.0811
vn 0.1500 -0.8547 -0.4970
vn -0.1894 0.5980 -0.7788
vn -0.2111 -0.3333 -0.9189
vn 0.0714 -0.8698 -0.4882
vn -0.1288 0.6013 -0.7886
vn -0.1899 -0.7199 -0.6676
vn -0.2261 0.5913 -0.7741
vn 0.4260 0.8453 -0.3224
vn 0.3399 -0.4261 -0.8384
vn 0.7473 -0.1894 -0.6369
vn 0.1736 0.4428 -0.8796
vn -0.1402 0.0443 -0.9891
vn 0.2744 0.9125 -0.3035
vn 0.3650 -0.3353 -0.8686
vn 0.8401 -0.4015 -0.3647
vn -0.1472 0.6132 -0.7761
vn 0.2636 -0.7423 -0.6160
vn 0.7894 -0.5927 0.1598
vn 0.6858 -0.7165 0.1278
vn 0.1304 0.9164 -0.3784
vn -0.6804 -0.7109 -0.1780
vn -0.7801 0.5626 0.2736
vn 0.1842 0.8222 -0.5386
vn 0.8924 0.4451 0.0744
vn 0.9674 -0.2509 0.0342
vn 0.8333 0.2849 -0.4737
vn -0.3394 -0.2499 0.9069
vn -0.2604 -0.8331 -0.4879
vn 0.0004 -0.9998 0.0186
vn -0.0672 -0.9977 -0.0115
vn 0.0697 -0.9846 0.1601
vn 0.3661 -0.1172 -0.9231
vn -0.7255 0.5049 0.4678
vn -0.4288 0.7658 -0.4794
vn -0.6609 0.5388 0.5224
vn -0.7338 0.4692 0.4912
vn -0.9832 0.1742 -0.0537
vn -0.6525 0.7545 0.0702
vn -0.8032 0.2263 -0.5511
vn -0.5503 0.7100 -0.4394
vn -0.7207 0.2897 -0.6299
vn 0.9765 0.1967 0.0881
vn 0.2529 0.0028 -0.9675
vn 0.1769 0.7204 0.6706
vn 0.2122 0.4155 0.8845
vn 0.7488 0.6609 -0.0496
vn 0.3154 -0.0253 -0.9486
vn 0.6294 0.4347 0.6441
vn 0.9291 0.2070 0.3064
vn -0.6198 0.5467 -0.5630
vn -0.8532 -0.2788 -0.4408
vn -0.0390 -0.7962 0.6038
vn -0.7143 -0.4229 -0.5576
vn -0.5047 -0.3908 -0.7698
vn -0.4317 -0.7457 -0.5075
vn 0.4529 -0.6388 0.6219
vn -0.5032 0.2455 0.8286
vn 0.2476 0.5617 0.7894
vn 0.4445 -0.6390 0.6278
vn 0.6353 0.1967 0.7468
vn 0.2498 0.5368 -0.8059
vn 0.6291 -0.7430 -0.2283
vn 0.3631 0.4170 -0.8332
vn 0.3636 -0.8677 0.3389
vn 0.6261 0.7358 0.2580
vn 0.8133 -0.4823 0.3254
vn 0.6573 0.3324 0.6763
vn 0.7997 0.5976 0.0570
vn 0.9584 -0.2852 0.0068
vn 0.4737 0.8593 -0.1930
vn 0.0954 -0.9819 -0.1639
vn -0.6813 -0.5735 0.4550
vn -0.8803 -0.0972 0.4644
vn -0.5702 0.1654 0.8047
vn -0.9990 0.0443 0.0113
vn -0.4233 0.7542 0.5020
vn -0.2892 0.6928 0.6606
vn -0.9795 0.1035 0.1730
vn -0.4669 0.8460 0.2576
vn -0.6658 0.5818 0.4671
vn -0.3054 0.6094 0.7317
vn -0.2980 -0.7396 0.6035
vn -0.2652 0.9619 -0.0660
vn -0.5447 -0.5782 0.6074
vn -0.2860 0.7370 -0.6124
vn -0.6542 -0.7496 0.1007
vn -0.3140 0.9283 -0.1993
vn -0.4232 -0.0746 -0.9029
vn -0.6798 0.3167 -0.6614
vn 0.0324 -0.9938 -0.1060
vn -0.3636 -0.8215 -0.4392
vn -0.7216 0.5374 -0.4363
vn -0.9698 -0.0214 -0.2430
vn -0.7955 -0.5166 -0.3167
vn -0.6501 0.7435 0.1569
vn -0.8630 -0.5014 0.0612
vn -0.6406 -0.2817 -0.7143
vn -0.6461 -0.2968 -0.7031
vn -0.3579 0.7104 -0.6060
vn -0.8469 0.4977 -0.1871
vn -0.6980 0.5610 -0.4451
vn -0.1805 0.1708 -0.9686
vn -0.2888 0.9052 -0.3116
vn -0.5758 0.7304 0.3673
vn -0.5180 0.3363 0.7865
vn -0.5040 0.3263 0.7997
vn -0.3426 -0.9345 -0.0962
vn -0.0327 -0.9965 -0.0774
vn -0.7895 0.2260 0.5706
vn -0.4108 0.2399 0.8796
vn -0.4236 -0.5306 -0.7342
vn -0.2448 0.4711 -0.8474
vn -0.8630 0.4840 -0.1445
vn 0.5488 0.1602 0.8205
vn 0.3834 -0.0726 0.9207
vn 0.3826 -0.8348 0.3960
vn 0.2262 -0.9687 0.1025
vn 0.0090 -0.4450 0.8955
vn 0.2332 -0.2531 0.9389
vn 0.7820 -0.4976 0.3753
vn 0.9580 -0.2008 0.2046
vn 0.3399 0.7226 0.6020
vn 0.4719 -0.5885 0.6566
vn 0.5117 -0.6447 0.5680
vn 0.8728 -0.4176 0.2527
vn 0.8723 -0.4200 0.2504
vn 0.5211 0.7987 0.3008
vn -0.5122 0.0845 0.8547
vn 0.7993 0.1293 0.5868
vn 0.9875 0.1396 0.0735
vn -0.0634 0.9871 0.1470
vn -0.0545 0.9924 0.1105
vn 0.8797 0.1878 -0.4369
vn -0.5474 0.2697 -0.7922
vn 0.4963 -0.8680 -0.0192
vn -0.0372 -0.4934 0.8690
vn -0.4750 -0.1440 -0.8681
vn -0.4623 0.0499 -0.8853
vn 0.7985 -0.5760 0.1748
vn 0.6883 0.6169 0.3818
vn 0.4214 -0.7877 0.4493
vn 0.5616 0.0999 -0.8213
vn 0.5935 -0.3603 0.7197
vn 0.8409 0.5400 -0.0363
vn 0.5768 -0.2968 0.7610
vn -0.5249 0.8365 -0.1571
vn -0.0038 0.0242 0.9997
vn -0.4109 -0.8414 -0.3510
vn 0.0452 0.7300 -0.6820
vn 0.0853 -0.9793 -0.1837
vn 0.5852 0.6088 -0.5356
vn 0.9866 0.1630 -0.0029
vn 0.0736 0.9265 -0.3690
vn 0.1323 0.6570 -0.7421
vn 0.4168 0.7257 -0.5474
vn 0.6592 0.6679 -0.3455
vn 0.1584 0.2107 -0.9646
vn 0.8800 0.3009 -0.3675
vn 0.2814 0.5937 -0.7539
vn 0.8766 0.4647 -0.1251
vn 0.6447 0.5688 -0.5107
vn 0.6672 0.6806 -0.3027
vn 0.1958 0.9635 -0.1825
vn 0.0820 0.2758 -0.9577
vn 0.2348 0.9699 0.0649
vn 0.7703 -0.2470 -0.5879
vn 0.4529 0.0585 0.8896
vn -0.0267 -0.9966 -0.0786
vn 0.0022 -0.9949 -0.1011
vn -0.0440 -0.9208 0.3876
vn 0.6841 -0.0090 0.7293
vn 0.3577 -0.9338 -0.0059
vn -0.0601 0.7818 0.6206
vn -0.2013 0.1308 -0.9708
vn 0.2927 0.6433 -0.7075
vn -0.3938 0.0486 0.9179
vn 0.7688 -0.1203 0.6281
vn 0.7426 -0.6697 0.0090
vn 0.8147 -0.1130 -0.5688
vn 0.3657 -0.1822 -0.9127
vn 0.4625 0.8858 0.0370
vn 0.6448 0.5336 0.5473
vn 0.7082 0.6529 -0.2685
vn 0.0042 0.9843 -0.1766
vn -0.5761 0.0465 -0.8160
vn 0.0407 -0.9883 0.1470
vn 0.0424 -0.9939 0.1014
vn 0.2736 0.6053 -0.7475
vn -0.9633 0.1361 0.2313
vn -0.8602 -0.3736 0.3471
vn -0.7398 -0.6705 -0.0555
vn -0.7654 -0.5278 0.3683
vn -0.6851 0.7282 -0.0193
vn -0.7030 0.2841 -0.6519
vn -0.3330 -0.0805 0.9395
vn -0.3535 -0.5823 0.7321
vn 0.1686 -0.4280 0.8879
vn -0.3760 0.3366 0.8633
vn -0.3309 -0.2855 0.8994
vn -0.3783 0.5703 0.7291
vn -0.4079 -0.4712 0.7820
vn -0.2617 0.2615 0.9291
vn -0.4583 0.8559 0.2395
vn -0.3570 0.4116 0.8385
vn -0.8088 0.3020 0.5045
vn -0.7310 0.1392 0.6680
vn -0.5041 0.2291 0.8327
vn 0.6233 0.0261 0.7816
vn 0.6344 0.5955 0.4928
vn -0.9003 0.1685 0.4013
vn -0.6677 -0.5426 -0.5096
vn 0.5841 0.2048 0.7855
vn -0.0383 0.5891 0.8071
vn -0.3419 0.0023 0.9397
vn 0.9546 0.0523 -0.2932
vn -0.8690 -0.4449 -0.2165
vn -0.8109 -0.5804 -0.0746
vn -0.8430 0.5006 0.1967
vn -0.5942 0.7318 0.3337
vn -0.8098 -0.4089 0.4207
vn -0.9805 -0.1165 -0.1582
vn -0.2004 -0.2875 0.9366
vn -0.2974 -0.1633 0.9407
vn 0.1782 0.4172 0.8912
vn 0.9421 -0.1882 0.2775
vn 0.9414 -0.2476 0.2292
vn -0.5916 -0.4258 0.6846
vn -0.4220 -0.3001 0.8555
vn 0.0216 0.5073 0.8615
vn -0.5338 -0.3650 0.7628
vn 0.6779 0.4736 0.5623
vn 0.4113 0.3518 0.8409
vn 0.3491 -0.5113 0.7853
vn 0.7868 -0.1690 0.5937
vn 0.7939 -0.1681 0.5844
vn 0.7954 -0.1947 0.5740
vn 0.8901 0.4425 -0.1091
vn -0.2259 0.9597 -0.1674
vn -0.0667 -0.1456 0.9871
vn -0.0037 -0.5262 -0.8503
vn -0.2118 0.9345 0.2862
vn 0.2739 0.9333 0.2323
vn -0.0480 -0.9988 -0.0035
vn -0.3670 0.3191 -0.8738
vn 0.0019 -0.9999 0.0165
vn -0.6057 -0.0662 -0.7929
vn -0.4292 0.6378 -0.6395
vn -0.1930 -0.6615 -0.7247
vn 0.1385 0.6395 -0.7562
vn 0.2249 0.0212 -0.9741
vn -0.9232 0.2287 0.3090
vn -0.6013 0.1005 -0.7927
vn 0.7540 0.2360 -0.6130
vn 0.7937 0.1438 -0.5910
vn 0.8085 0.1630 -0.5655
vn 0.3237 -0.0288 -0.9457
vn 0.4541 0.6833 -0.5717
vn 0.7854 0.1118 -0.6088
vn -0.7743 -0.1760 -0.6079
vn -0.4143 -0.5910 -0.6921
vn -0.5417 0.0715 -0.8375
vn -0.7738 -0.1794 -0.6075
vn -0.2440 -0.2446 -0.9384
vn 0.0716 -0.1751 -0.9819
vn 0.2134 0.4660 -0.8586
vn -0.7384 0.6525 -0.1704
vn -0.1396 0.5390 -0.8306
vn -0.2004 -0.3474 -0.9161
vn 0.1096 -0.3943 -0.9124
vn 0.1442 0.9528 -0.2673
vn -0.4986 -0.8132 0.3001
vn -0.8495 -0.4265 0.3106
vn 0.1860 -0.3004 0.9355
vn -0.8552 0.4881 0.1742
vn -0.4918 0.6476 0.5820
vn -0.6314 0.4213 0.6510
vn -0.3439 -0.6319 0.6946
vn 0.6119 -0.4190 0.6708
vn 0.9113 0.2219 0.3469
vn 0.0180 0.7808 0.6245
vn -0.9472 0.2896 0.1378
vn -0.6748 0.4182 -0.6081
vn 0.1844 -0.9636 0.1936
vn -0.6167 0.4796 -0.6243
vn -0.0020 -0.9909 -0.1349
vn -0.4607 0.6689 -0.5834
vn -0.5179 0.8411 0.1560
vn 0.1581 0.7326 -0.6620
vn 0.7744 0.1530 0.6140
vn 0.7018 0.5772 0.4175
vn -0.9670 -0.2542 -0.0158
vn -0.9838 0.1792 0.0038
vn -0.7988 0.5051 0.3267
vn -0.7728 -0.5810 -0.2554
vn -0.8047 -0.4611 -0.3741
vn -0.4791 -0.4264 -0.7672
vn 0.3295 -0.4334 -0.8388
vn -0.1327 -0.4952 -0.8586
vn 0.6290 -0.7641 -0.1432
vn 0.2621 -0.6625 -0.7017
vn -0.1393 0.3618 -0.9218
vn 0.8548 -0.4312 0.2887
vn 0.8873 0.4246 -0.1798
vn 0.8145 -0.3756 -0.4422
vn -0.1933 0.5574 -0.8074
vn 0.9610 0.2765 -0.0041
vn 0.3566 0.3936 0.8473
vn 0.7844 -0.1772 0.5945
vn 0.8781 0.4626 -0.1225
vn 0.4793 0.3789 0.7916
vn 0.3536 -0.6130 0.7065
vn 0.3498 -0.6100 0.7110
vn 0.2960 -0.6302 0.7178
vn 0.8202 -0.1402 0.5547
vn 0.7571 0.6257 0.1879
vn 0.7569 0.6264 0.1860
vn 0.8043 -0.1301 0.5798
vn 0.7778 0.6164 0.1229
vn 0.5824 0.7138 0.3889
vn 0.8208 -0.5251 0.2250
vn 0.6875 -0.7255 0.0317
vn 0.9172 -0.3893 -0.0848
vn 0.4064 0.9122 -0.0514
vn 0.8491 0.3576 0.3888
vn 0.1866 -0.9513 -0.2454
vn 0.4490 -0.3720 -0.8124
vn 0.4112 0.7427 -0.5285
vn 0.6823 -0.3042 -0.6648
vn 0.5819 0.6524 -0.4856
vn 0.5581 -0.8109 -0.1759
vn 0.5122 0.7744 -0.3714
vn 0.8862 -0.4089 -0.2180
vn 0.3636 -0.6544 0.6630
vn 0.3708 -0.8715 0.3209
vn 0.9237 -0.2974 0.2417
vn 0.9990 -0.0444 0.0051
vn 0.8570 0.4683 -0.2150
vn -0.8310 0.5069 0.2292
vn -0.9643 0.0369 -0.2622
vn -0.6987 0.6111 0.3719
vn -0.2613 -0.9619 -0.0806
vn -0.3469 0.7932 0.5005
vn 0.0225 -0.9861 0.1648
vn -0.4491 0.6255 0.6379
vn 0.0059 -0.9997 0.0248
vn -0.9369 -0.0463 0.3464
vn -0.5605 0.7726 -0.2982
vn -0.5281 -0.5517 0.6455
vn -0.5712 0.1744 -0.8021
vn -0.6037 0.6395 -0.4761
vn 0.1119 0.8369 0.5358
vn 0.9019 0.2705 -0.3367
vn -0.8577 0.2292 0.4603
vn -0.8699 -0.2863 0.4017
vn -0.6516 0.6624 -0.3698
vn -0.4482 -0.0378 0.8932
vn -0.4559 0.1185 0.8821
vn -0.9628 -0.2399 -0.1246
vn -0.6151 -0.3509 -0.7060
vn -0.6407 0.1159 -0.7590
vn -0.4635 -0.7851 -0.4109
vn -0.0630 0.4657 0.8827
vn 0.1113 -0.6370 -0.7628
vn -0.6447 0.7529 0.1324
vn -0.8509 0.4509 -0.2697
vn -0.5257 -0.7056 -0.4751
vn -0.0246 -0.9377 -0.3465
vn -0.8785 0.4101 0.2451
vn -0.3017 0.1646 0.9391
vn -0.4697 0.5597 0.6828
vn -0.0351 0.3272 0.9443
vn -0.9289 0.0403 0.3682
vn -0.0000 -0.9489 -0.3154
vn -0.0929 0.1786 0.9795
vn -0.1842 -0.9825 0.0292
vn -0.6512 -0.4612 -0.6027
vn -0.8842 0.4671 -0.0000
vn -0.5083 0.7705 -0.3847
vn -0.6423 0.4483 -0.6217
vn -0.7104 0.0327 -0.7030
vn -0.3604 0.1703 -0.9171
vn 0.0099 0.9997 -0.0228
vn 0.0093 0.9996 -0.0257
vn -0.0981 0.0946 -0.9907
vn -0.1073 0.1062 -0.9885
vn -0.2514 -0.8749 -0.4140
vn -0.8053 0.5807 0.1193
vn 0.7938 -0.5846 0.1676
vn -0.2751 0.9579 -0.0825
vn -0.5217 -0.8502 -0.0707
vn 0.9763 -0.2043 0.0710
vn 1.0000 -0.0044 0.0016
vn 0.9484 0.2933 -0.1208
vn 0.9503 0.2859 -0.1229
vn -0.1531 -0.0693 0.9858
vn -0.5171 0.1907 -0.8344
vn 0.6644 0.0725 0.7438
vn -0.2346 -0.9393 0.2506
vn 0.1391 -0.0048 -0.9903
vn -0.1961 0.3268 -0.9245
vn 0.0770 -0.9453 0.3171
vn 0.9081 0.3356 -0.2506
vn -0.0032 0.7619 0.6477
vn 0.8045 0.5522 0.2189
vn 0.6390 0.2331 0.7330
vn 0.7462 -0.6569 0.1082
vn 0.6285 0.7456 0.2216
vn 0.4517 0.2630 -0.8525
vn 0.7441 0.6183 -0.2530
vn 0.1942 -0.8985 -0.3936
vn 0.2820 0.2427 -0.9282
vn 0.0549 -0.9798 -0.1925
vn 0.4123 0.5023 -0.7601
vn 0.0189 -0.9967 0.0794
vn 0.8795 -0.3907 -0.2717
vn 0.3775 0.1435 0.9148
vn -0.0694 0.3141 0.9469
vn 0.4857 0.0054 0.8741
vn 0.4188 0.5681 0.7084
vn 0.8477 0.2787 0.4513
vn 0.6080 -0.5291 0.5919
vn 0.4971 -0.0001 0.8677
vn 0.7011 -0.3292 0.6326
vn 0.6387 0.0465 0.7681
vn 0.0929 -0.1786 -0.9795
vn -0.3571 0.6647 -0.6562
vn -0.9659 0.2590 -0.0002
vn 0.9659 -0.2590 0.0002
vn 0.1199 -0.9794 0.1627
vn 0.6973 -0.6125 0.3723
vn 0.5949 -0.5202 -0.6128
vn 0.8033 0.5838 -0.1182
vn 0.8195 0.3947 -0.4155
vn 0.9982 -0.0149 -0.0587
vn 0.9986 -0.0093 0.0525
vn 0.8283 0.2480 -0.5024
vn 0.8619 0.1752 -0.4759
vn -0.0000 0.3110 0.9504
vn 0.8757 0.2599 0.4071
vn -0.4367 0.7377 0.5148
vn -0.2434 -0.9477 0.2065
vn -0.9685 0.2467 0.0333
vn -0.2369 -0.9348 0.2646
vn -0.4674 0.7901 0.3967
vn 0.4821 0.5292 -0.6982
vn 0.8816 0.1078 0.4595
vn 0.8922 -0.0994 -0.4406
vn 0.2247 -0.9447 0.2390
vn 0.3181 0.9479 0.0168
vn 0.5296 -0.8482 -0.0091
vn -0.0185 0.8970 -0.4417
vn -0.1319 -0.9839 -0.1208
vn -0.8311 0.5462 0.1043
vn -0.4213 0.0598 0.9049
vn -0.5468 0.7366 0.3980
vn -0.5479 0.7329 0.4033
vn -0.9318 -0.0619 -0.3577
vn -0.6968 -0.7069 -0.1211
vn -0.7422 -0.6434 -0.1875
vn -0.2374 0.8029 -0.5468
vn -0.7662 0.6182 -0.1755
vn -0.8645 0.4891 -0.1156
vn -0.9123 -0.1368 -0.3860
vn -0.5275 0.8472 -0.0631
vn -0.7702 0.5423 -0.3358
vn -0.8368 -0.5442 -0.0602
vn -0.1712 -0.9756 -0.1376
vn 0.3779 -0.6671 0.6420
vn -0.7630 0.6318 -0.1366
vn -0.2342 0.6281 0.7421
vn -0.7596 0.6347 -0.1422
vn -0.7724 0.1745 0.6107
vn -0.6241 0.2019 -0.7548
vn 0.9017 0.1094 0.4184
vn 0.2025 0.6982 0.6867
vn 0.8818 0.4696 0.0441
vn 0.4115 0.5775 0.7051
vn 0.3870 0.5396 -0.7477
vn -0.2253 0.4720 0.8523
vn -0.2657 -0.1226 0.9562
vn -0.5743 -0.4018 0.7133
vn -0.8186 -0.1844 -0.5439
vn -0.0084 0.6571 -0.7538
vn -0.3644 -0.1606 -0.9173
vn 0.4195 -0.4855 0.7670
vn 0.6404 -0.7680 0.0020
vn 0.7250 0.6220 0.2957
vn 0.3213 -0.0812 -0.9435
vn 0.6322 -0.6827 0.3665
vn 0.7363 -0.0372 -0.6756
vn -0.2169 0.9460 -0.2407
vn 0.4359 0.8990 -0.0430
vn -0.6441 -0.0038 -0.7649
vn -0.0811 0.1908 -0.9783
vn 0.0563 0.6095 -0.7908
vn 0.2220 -0.8625 -0.4547
vn -0.0408 0.6683 -0.7428
vn -0.6642 0.0373 0.7466
vn -0.1217 -0.9923 0.0243
vn 0.0290 -0.9996 -0.0014
vn -0.8860 -0.2508 0.3901
vn -0.4776 -0.7089 0.5190
vn -0.4586 -0.6376 0.6190
vn -0.4164 0.7827 0.4626
vn 0.0059 0.9835 0.1810
vn 0.0134 -0.6784 0.7346
vn 0.4622 0.7596 0.4576
vn 0.1996 -0.3866 0.9004
vn -0.6445 0.6818 0.3462
vn -0.5160 0.6019 0.6095
vn 0.1845 0.0495 0.9816
vn -0.0425 0.5226 0.8515
vn 0.8066 -0.0875 0.5846
vn -0.6626 -0.7489 -0.0098
vn 0.7120 -0.7006 -0.0469
vn -0.9133 0.3251 0.2454
vn -0.9017 0.3690 0.2252
vn -0.8273 0.2233 0.5155
vn -0.1657 0.9710 0.1722
vn -0.6175 0.6843 -0.3878
vn 0.1420 0.6816 0.7178
vn 0.7764 0.5651 0.2791
vn 0.7676 0.5560 0.3189
vn 0.8046 0.0257 0.5932
vn 0.0449 -0.9990 0.0046
vn 0.2309 -0.2700 -0.9348
vn -0.4834 0.8068 0.3397
vn -0.2499 -0.5436 -0.8013
vn -0.3329 0.7707 -0.5433
vn -0.4860 0.3540 -0.7991
vn -0.4477 -0.5394 -0.7132
vn -0.0688 0.5757 -0.8147
vn 0.4016 0.6509 -0.6443
vn 0.4841 0.6499 -0.5859
vn 0.4534 -0.0096 -0.8912
vn 0.5650 0.4457 -0.6943
vn 0.6698 -0.2443 -0.7012
vn 0.4890 0.6552 -0.5759
vn -0.9626 0.2336 -0.1371
vn -0.7548 -0.2001 -0.6247
vn -0.2226 -0.5120 -0.8296
vn -0.7171 -0.2186 -0.6617
vn 0.4652 -0.4477 -0.7637
vn -0.9751 0.0692 -0.2108
vn -0.8901 0.3166 0.3278
vn -0.9009 -0.3821 0.2059
vn -0.7072 0.2898 -0.6448
vn 0.8730 -0.2478 0.4200
vn 0.6877 0.4320 0.5835
vn 0.8595 0.3370 -0.3842
vn -0.9875 0.1223 -0.0990
vn -0.9861 0.1285 -0.1050
vn -0.5116 0.6688 -0.5395
vn -0.5164 0.6721 -0.5307
vn -0.7270 0.3094 -0.6130
vn 0.7522 0.4683 -0.4635
vn 0.4565 0.7901 -0.4091
vn 0.8229 0.4547 -0.3406
vn 0.8181 0.4669 -0.3358
vn 0.8339 0.4033 -0.3767
vn -0.2407 -0.5542 -0.7968
vn -0.7170 0.2473 -0.6518
vn -0.6483 0.2519 -0.7185
vn 0.6908 0.3652 -0.6241
vn -0.0375 0.0160 -0.9992
vn 0.7509 -0.1349 0.6465
vn 0.5358 0.5831 0.6107
vn 0.9880 -0.1458 0.0502
vn 0.4969 0.3316 -0.8019
vn 0.8056 0.4935 0.3278
vn 0.6807 0.6006 0.4195
vn 0.5817 -0.7237 0.3713
vn 0.5931 -0.7479 0.2981
vn 0.6602 0.7479 0.0684
vn 0.7204 -0.5479 -0.4252
vn 0.9130 0.4048 0.0498
vn 0.9960 -0.0594 0.0670
vn 0.6668 0.2693 -0.6949
vn 0.2655 0.9641 0.0083
vn 0.8605 0.1428 -0.4890
vn 0.9091 0.2807 0.3077
vn 0.4633 -0.7837 -0.4136
vn 0.1776 0.0812 -0.9808
vn 0.6677 -0.2463 -0.7025
vn 0.7469 0.0542 -0.6628
vn 0.7529 -0.6427 0.1417
vn -0.5313 0.4492 0.7183
vn -0.5819 0.4819 0.6551
vn -0.3735 0.4101 0.8320
vn -0.5017 0.8245 -0.2617
vn -0.8143 0.5600 -0.1531
vn 0.0383 0.8168 -0.5757
vn -0.8721 -0.4848 0.0664
vn -0.8259 0.2736 0.4931
vn -0.7500 -0.4521 0.4828
vn -0.5375 -0.6150 -0.5769
vn -0.7354 0.3540 0.5778
vn -0.6592 0.4402 0.6096
vn -0.1270 -0.9916 -0.0230
vn -0.6255 -0.5637 0.5395
vn -0.7487 0.0950 0.6561
vn -0.6715 0.3345 0.6612
vn -0.6134 -0.5388 0.5774
vn -0.6266 -0.5626 0.5394
vn -0.0658 0.7011 0.7100
vn -0.4199 0.3993 0.8150
vn -0.3924 -0.4511 0.8016
vn -0.4069 -0.4633 0.7873
vn -0.3492 0.3948 0.8498
vn -0.8843 0.3085 -0.3504
vn -0.3341 -0.9404 -0.0637
vn -0.1109 -0.9924 -0.0539
vn -0.9604 -0.2738 -0.0509
vn -0.9223 -0.3300 -0.2013
vn -0.3895 -0.6919 -0.6079
vn -0.7018 -0.1898 -0.6866
vn -0.6305 0.7204 -0.2890
vn 0.0112 0.5110 -0.8595
vn -0.1608 -0.1257 -0.9790
vn -0.6941 0.3889 0.6057
vn -0.6958 0.3877 0.6046
vn -0.6038 0.1572 0.7815
vn -0.6642 0.7255 -0.1802
vn -0.5647 0.3977 -0.7231
vn -0.7730 0.6046 0.1923
vn -0.8576 0.4827 -0.1774
vn -0.9060 0.1292 -0.4031
vn -0.7353 0.6778 -0.0025
vn -0.7761 -0.6127 -0.1490
vn -0.4626 0.8517 -0.2463
vn -0.6530 0.0717 -0.7540
vn 0.4849 0.7979 0.3580
vn -0.1800 0.7632 -0.6206
vn 0.0714 -0.8212 0.5661
vn 0.0393 -0.9983 0.0423
vn 0.0395 -0.9982 0.0457
vn 0.3784 -0.4576 0.8046
vn 0.5741 -0.8076 -0.1353
vn 0.9408 -0.0767 -0.3301
vn 0.5418 0.5921 0.5965
vn -0.1072 0.7793 0.6174
vn -0.3755 0.8989 0.2256
vn -0.4282 0.1735 0.8869
vn 0.4630 0.3734 0.8039
vn 0.9998 -0.0153 -0.0102
vn 0.0703 0.8050 -0.5891
vn 0.4448 0.8619 -0.2434
vn -0.0212 -0.4343 0.9005
vn -0.0318 -0.0491 0.9983
vn 0.6863 0.4315 0.5855
vn -0.5635 -0.1701 -0.8084
vn 0.2339 -0.0777 -0.9692
vn -0.2457 0.8667 -0.4341
vn 0.4951 -0.0429 0.8678
vn 0.6079 -0.7496 0.2620
vn 0.7763 -0.6049 0.1772
vn 0.6588 -0.4344 -0.6142
vn 0.9217 -0.2906 -0.2570
vn 0.6890 -0.4626 -0.5580
vn 0.9855 -0.0705 0.1543
vn -0.1191 0.2971 -0.9474
vn 0.9177 -0.0049 -0.3973
vn -0.1864 0.1961 -0.9627
vn -0.0950 0.2648 -0.9596
vn 0.0490 -0.9954 0.0827
vn 0.5525 0.3264 0.7670
vn 0.5509 -0.7336 0.3980
vn 0.4870 -0.3219 0.8119
vn 0.5951 0.4845 0.6412
vn 0.5543 0.5168 0.6524
vn 0.3800 -0.6372 0.6705
vn -0.1806 -0.9511 -0.2504
vn 0.6538 0.6149 -0.4410
vn -0.0025 -0.9830 -0.1835
vn 0.8569 0.0709 0.5106
vn 0.8365 0.3688 -0.4052
vn 0.9111 0.4122 0.0040
vn 0.0946 -0.9954 -0.0165
vn 0.0953 -0.9951 -0.0277
vn 0.5874 0.7489 -0.3068
vn 0.5017 0.8514 -0.1530
vn 0.8113 0.1588 -0.5626
vn -0.0536 0.6302 0.7746
vn 0.8653 -0.0641 0.4971
vn 0.3386 0.7242 -0.6007
vn -0.3119 0.2181 -0.9248
vn 0.8243 0.3610 -0.4361
vn -0.0028 0.9976 0.0687
vn -0.0088 -0.9517 -0.3069
vn 0.2277 -0.9497 -0.2148
vn 0.1649 0.8732 0.4587
vn 0.5322 -0.3807 -0.7561
vn 0.1602 0.8666 0.4725
vn 0.5966 -0.0657 -0.7999
vn 0.6694 -0.4135 -0.6172
vn 0.9827 0.1699 -0.0743
vn 0.4832 -0.2618 -0.8355
vn 0.9830 -0.0000 -0.1834
vn 0.0690 0.5056 0.8600
vn 0.2936 -0.0000 0.9559
vn -0.2936 -0.0000 -0.9559
vn 0.0544 0.6353 -0.7704
vn -0.6789 0.2490 0.6907
vn -0.6616 -0.7041 0.2582
vn -0.6170 -0.6893 0.3797
vn -0.9261 -0.1084 -0.3614
vn -0.8568 -0.0414 -0.5139
vn -0.7951 0.5026 -0.3394
vn -0.3236 0.2913 0.9002
vn -0.7344 -0.3775 -0.5641
vn -0.0354 -0.9992 -0.0175
vn -0.2958 -0.9271 -0.2302
vn -0.0420 -0.9988 0.0248
vn -0.0446 -0.9987 -0.0229
vn -0.0471 -0.9989 -0.0015
vn -0.7742 0.6328 -0.0133
vn -0.5864 0.5330 0.6100
vn -0.1467 0.2173 0.9650
vn -0.9551 0.2852 0.0803
vn 0.6558 0.3485 -0.6697
vn -0.5944 0.0869 -0.7995
vn -0.2827 0.5757 -0.7673
vn 0.7307 0.4289 0.5311
vn 0.6598 0.2568 -0.7062
vn 0.1702 0.1531 0.9734
vn 0.5450 0.7215 0.4271
vn -0.9959 -0.0257 -0.0867
vn -0.7870 0.0933 0.6098
vn -0.8854 -0.4261 -0.1860
vn -0.6690 0.2169 0.7109
vn -0.5980 0.2274 0.7686
vn -0.7868 0.2425 -0.5676
vn -0.1049 0.0451 0.9935
vn -0.4472 0.1023 0.8886
vn -0.4788 -0.3874 0.7878
vn -0.4203 0.0236 -0.9071
vn 0.2059 -0.1416 -0.9683
vn 0.1513 -0.1130 0.9820
vn 0.2241 -0.4565 0.8611
vn 0.5285 0.4896 0.6935
vn 0.6231 -0.4952 -0.6055
vn -0.8719 0.4699 0.1379
vn 0.0039 0.9628 -0.2703
vn 0.9260 0.0841 0.3681
vn 0.3820 0.8379 -0.3900
vn -0.0448 0.2111 -0.9764
vn 0.0997 -0.9886 -0.1130
vn 0.0045 -0.9979 -0.0652
vn -0.6422 0.3978 0.6552
vn -0.2950 -0.9536 -0.0608
vn -0.5866 -0.5645 0.5807
vn -0.4041 -0.5296 0.7458
vn -0.5451 0.2041 0.8131
vn -0.3176 -0.3484 0.8819
vn 0.4302 0.6488 0.6277
vn -0.4674 0.4243 0.7756
vn -0.5531 0.1812 0.8132
vn 0.3771 0.4994 0.7800
vn 0.6374 0.0940 0.7648
vn -0.5156 0.1614 0.8415
vn -0.4517 0.2033 0.8687
vn 0.5005 0.0904 0.8610
vn -0.0583 0.0300 0.9978
vn 0.0411 -0.0428 0.9982
vn 0.4253 0.7421 0.5180
vn -0.7033 0.2814 0.6528
vn 0.2687 -0.3796 0.8853
vn 0.7177 0.1992 0.6673
vn 0.4136 -0.0487 0.9092
vn 0.5244 -0.4129 0.7446
vn -0.4618 -0.8389 -0.2879
vn -0.5282 -0.7018 -0.4779
vn 0.0576 0.0857 -0.9947
vn -0.5872 0.7234 -0.3632
vn -0.8087 0.1643 -0.5649
vn 0.0302 0.0917 -0.9953
vn 0.4359 0.4942 -0.7522
vn -0.5223 -0.2026 0.8284
vn 0.9784 0.2067 -0.0087
vn 0.8890 -0.1251 -0.4404
vn -0.8971 -0.4160 0.1488
vn -0.9172 -0.3972 -0.0305
vn -0.7201 -0.6545 0.2305
vn -0.9175 -0.2055 0.3404
vn -0.0162 -0.4879 -0.8728
vn 0.9760 -0.1084 0.1887
vn 0.7139 -0.6277 -0.3106
vn -0.9958 -0.0864 0.0317
vn -0.9363 0.3437 -0.0725
vn -0.6785 -0.1255 -0.7238
vn -0.6900 0.7127 -0.1268
vn -0.4734 0.4959 -0.7280
vn -0.6755 -0.1325 -0.7254
vn 0.1980 -0.5989 -0.7760
vn 0.0334 0.7791 -0.6260
vn 0.3576 -0.0207 0.9337
vn 0.6083 0.4590 -0.6475
vn 0.4846 0.6300 -0.6068
vn -0.1236 -0.0782 0.9892
vn -0.6138 0.2079 -0.7616
vn 0.4612 0.8268 -0.3219
vn 0.2265 -0.0000 0.9740
vn -0.2265 -0.0000 -0.9740
vn 0.2012 0.9679 -0.1504
vn 0.2170 0.9691 -0.1172
vn -0.4195 -0.4465 -0.7904
vn -0.2249 -0.6242 -0.7482
vn -0.2013 0.6390 -0.7424
vn -0.0545 -0.8563 -0.5136
vn 0.0712 0.8057 0.5881
vn 0.9823 -0.1872 -0.0035
vn 0.7062 0.6395 -0.3040
vn 0.3789 -0.3500 0.8567
vn 0.4369 0.5544 0.7084
vn 0.7476 -0.6198 -0.2386
vn 0.5395 -0.7916 -0.2868
vn 0.6532 -0.3653 -0.6632
vn 0.1364 -0.8877 0.4398
vn 0.9229 0.2644 0.2799
vn 0.3051 -0.6637 0.6830
vn 0.3337 0.3433 0.8780
vn 0.3674 0.5562 0.7454
vn 0.2478 -0.5731 0.7811
vn 0.4533 0.6547 0.6049
vn 0.7813 0.5383 0.3159
vn 0.4476 0.6599 0.6034
vn 0.6920 0.0896 -0.7163
vn 0.2422 -0.9700 0.0210
vn 0.8967 0.2128 -0.3881
vn 0.5008 0.4481 -0.7405
vn 0.3010 0.7244 -0.6202
vn 0.7009 0.7089 0.0786
vn 0.3728 -0.6340 -0.6776
vn 0.9168 -0.3989 0.0169
vn 0.6562 0.6274 -0.4193
vn 0.6625 -0.7437 0.0897
vn 0.5882 -0.7966 0.1394
vn 0.9629 0.2689 0.0222
vn 0.6073 -0.3051 0.7336
vn 0.9305 -0.2632 0.2546
vn 0.9536 0.0487 -0.2971
vn 0.8552 -0.2524 -0.4528
vn 0.4073 -0.0059 0.9133
vn -0.0457 -0.9969 0.0644
vn -0.6435 0.4088 0.6471
vn -0.5190 0.4398 0.7329
vn -0.8079 0.5715 -0.1439
vn -0.7154 0.6644 -0.2164
vn -0.8411 0.0559 0.5380
vn -0.6298 0.7638 -0.1413
vn -0.6156 0.7053 -0.3516
vn 0.4868 0.8574 -0.1673
vn -0.6740 -0.7384 -0.0234
vn 0.4604 0.8328 -0.3072
vn -0.8867 -0.4558 0.0770
vn -0.5013 -0.8535 -0.1421
vn -0.6818 -0.6998 -0.2133
vn -0.0141 -0.9998 0.0156
vn -0.8002 0.5826 -0.1425
vn -0.9352 0.3007 -0.1870
vn -0.8537 -0.4856 -0.1882
vn -0.2051 -0.6912 -0.6929
vn -0.0000 0.9613 -0.2757
vn -0.8581 -0.2871 -0.4256
vn -0.9593 0.2529 0.1254
vn -0.7841 0.6201 0.0270
vn -0.0011 -0.9953 0.0969
vn -0.8597 0.5108 -0.0058
vn -0.3739 0.7843 0.4951
vn -0.9079 0.1771 -0.3798
vn -0.8325 0.4856 -0.2668
vn -0.6202 -0.0314 0.7838
vn -0.5585 -0.0644 0.8270
vn 0.2715 -0.9308 0.2448
vn 0.7898 0.3170 0.5251
vn -0.4383 0.7626 0.4757
vn 0.0515 -0.5194 0.8530
vn -0.6646 -0.3037 0.6827
vn -0.1525 0.7845 0.6010
vn -0.4047 -0.6122 0.6793
vn 0.0557 0.6578 0.7511
vn 0.8048 0.2867 0.5198
vn 0.8359 -0.3100 0.4530
vn 0.8124 0.2978 0.5013
vn 0.7872 0.4738 0.3948
vn 0.5826 -0.5921 0.5568
vn 0.8695 -0.3124 0.3826
vn 0.9239 -0.3534 -0.1466
vn -0.2863 0.0055 0.9581
vn -0.9986 0.0182 -0.0491
vn -0.3296 -0.0661 0.9418
vn -0.6178 0.0239 -0.7859
vn 0.6008 -0.0903 0.7943
vn 0.2882 -0.1304 0.9486
vn 0.1884 0.8267 0.5301
vn 0.6666 0.7206 0.1909
vn 0.9545 0.0189 0.2975
vn -0.8678 -0.0461 0.4948
vn -0.8694 -0.0192 0.4937
vn -0.3195 0.0883 -0.9435
vn 0.5092 0.2339 0.8283
vn 0.7150 0.0977 0.6922
vn 0.9713 -0.0599 0.2304
vn 0.5300 0.1014 -0.8419
vn -0.6623 0.4297 0.6138
vn -0.5049 -0.8627 -0.0293
vn -0.0000 -0.9993 -0.0383
vn -0.6434 0.4326 0.6316
vn -0.1220 -0.6159 0.7783
vn 0.4609 0.8463 0.2673
vn 0.9923 0.1156 -0.0447
vn 0.5853 0.6787 0.4436
vn -0.1954 -0.5380 0.8200
vn -0.1150 0.9031 0.4138
vn 0.4099 0.8261 0.3867
vn 0.3479 0.8678 -0.3548
vn 0.6629 -0.1029 0.7416
vn 0.6538 0.1192 -0.7472
vn 0.7072 -0.6987 -0.1081
vn -0.0385 0.4207 -0.9064
vn 0.0167 -0.9923 -0.1226
vn 0.0122 -0.9999 0.0101
vn 0.0111 -0.9999 0.0070
vn -0.6220 -0.3470 -0.7019
vn -0.1203 0.6078 -0.7850
vn -0.0777 -0.5346 -0.8415
vn -0.0703 0.1580 -0.9849
vn 0.0282 0.6848 -0.7282
vn 0.7133 -0.2068 -0.6697
vn 0.5783 0.6342 -0.5131
vn 0.1934 -0.7137 -0.6732
vn 0.3707 -0.7975 -0.4759
vn 0.4929 0.7036 -0.5118
vn 0.6362 0.6830 -0.3587
vn 0.5804 -0.5985 -0.5522
vn 0.5514 -0.7270 -0.4093
vn -0.4079 0.6973 -0.5894
vn 0.6197 -0.1610 -0.7682
vn 0.4848 0.8094 -0.3314
vn 0.8974 -0.2797 -0.3412
vn 0.2299 0.0544 -0.9717
vn 0.5341 0.0576 -0.8434
vn -0.2015 0.1003 -0.9743
vn -0.7260 -0.3822 -0.5717
vn 0.2392 0.7869 -0.5688
vn 0.5419 0.6498 -0.5330
vn 0.5159 0.6512 -0.5566
vn 0.3989 -0.6862 -0.6082
vn -0.3252 0.9146 -0.2405
vn -0.3560 0.4010 0.8440
vn 0.4188 -0.6814 -0.6003
vn -0.4260 0.8479 0.3157
vn -0.4359 0.8036 0.4053
vn -0.8852 -0.0589 0.4615
vn -0.9031 -0.0552 0.4259
vn -0.0025 0.0070 -1.0000
vn 0.4065 0.5838 -0.7028
vn 0.2379 0.7575 0.6080
vn 0.3083 0.5403 0.7829
vn -0.5358 0.2150 -0.8165
vn -0.3024 -0.5380 0.7868
vn -0.3564 -0.5952 0.7203
vn -0.6949 -0.6576 -0.2909
vn 0.0896 0.7743 -0.6264
vn 0.7867 -0.0826 0.6117
vn 0.3514 -0.3450 0.8703
vn -0.7060 0.0986 0.7014
vn 0.4599 -0.3198 -0.8284
vn 0.6118 -0.5498 -0.5687
vn -0.6833 0.6989 -0.2112
vn 0.0303 0.9759 0.2160
vn -0.0850 0.0493 -0.9952
vn 0.7366 0.5514 -0.3916
vn -0.5136 -0.2652 -0.8160
vn -0.3734 0.1580 -0.9141
vn 0.3925 -0.6022 -0.6953
vn 0.4006 0.5920 -0.6993
vn 0.7530 0.5145 0.4102
vn 0.8217 0.4647 0.3300
vn -0.8305 -0.5191 0.2020
vn -0.8807 -0.4677 0.0745
vn 0.0425 -0.9991 0.0056
vn 0.6247 -0.6783 -0.3870
vn -0.6337 -0.7669 0.1017
vn -0.6952 0.1804 0.6958
vn -0.6962 0.4542 0.5559
vn -0.0775 -0.9957 0.0516
vn -0.5261 0.3954 0.7529
vn 0.6891 0.2136 0.6925
vn 0.1066 -0.9932 0.0472
vn -0.7100 0.7020 -0.0552
vn -0.5670 -0.7335 0.3748
vn -0.9212 -0.3854 0.0531
vn -0.4591 -0.5026 0.7326
vn -0.5043 0.1387 0.8523
vn 0.1354 0.6570 0.7416
vn -0.6255 0.5584 -0.5450
vn -0.4283 0.3013 0.8519
vn -0.4145 0.4311 0.8015
vn -0.3554 0.4743 0.8055
vn 0.1943 0.9809 0.0109
vn -0.9843 -0.1741 -0.0295
vn -0.7849 -0.6187 -0.0327
vn 0.5810 -0.6790 0.4487
vn 0.1398 0.9687 0.2049
vn -0.6843 0.7132 0.1518
vn -0.0383 0.1316 0.9906
vn -0.9211 0.3812 0.0785
vn -0.2478 -0.7830 0.5706
vn -0.1770 0.4418 0.8795
vn -0.3932 -0.8798 0.2670
vn -0.0133 -0.9572 -0.2891
vn -0.9584 0.2853 -0.0000
vn 0.9584 -0.2853 -0.0000
vn -0.4275 -0.5144 -0.7434
vn -0.0297 -0.9863 -0.1621
vn 0.3638 0.7158 -0.5960
vn -0.6628 0.3947 -0.6363
vn -0.5781 0.4580 -0.6753
vn -0.6340 -0.0928 -0.7677
vn -0.5444 0.2897 -0.7872
vn -0.4436 -0.3082 -0.8416
vn -0.0000 -0.9940 -0.1092
vn -0.7679 -0.6318 -0.1055
vn -0.0000 0.9871 -0.1599
vn 0.1369 0.8954 -0.4237
vn 0.7228 -0.6559 -0.2176
vn -0.6143 -0.0237 -0.7887
vn -0.1638 -0.0632 -0.9845
vn -0.1478 -0.8548 -0.4975
vn -0.2247 0.5702 0.7902
vn -0.9711 -0.2386 0.0105
vn -0.8984 0.3270 0.2932
vn 0.1236 -0.9910 -0.0509
vn -0.6759 0.7367 0.0229
vn -0.1064 0.7378 -0.6666
vn -0.5631 -0.7044 -0.4320
vn -0.7596 0.1879 0.6227
vn 0.0681 -0.9967 -0.0443
vn -0.7773 0.6287 -0.0223
vn -0.5669 0.7809 -0.2623
vn -0.9912 0.1223 -0.0510
vn -0.9787 0.1943 0.0665
vn -0.4712 0.7348 -0.4878
vn 0.1374 0.6579 -0.7404
vn 0.3579 0.3485 -0.8663
vn -0.7060 -0.6041 -0.3695
vn -0.7464 0.4777 -0.4634
vn -0.2447 0.5572 0.7935
vn -0.7328 -0.6804 -0.0027
vn -0.8384 0.1378 -0.5274
vn -0.3444 -0.7675 -0.5406
vn -0.6509 -0.5662 0.5057
vn 0.0357 -0.9837 -0.1760
vn 0.2608 -0.2319 -0.9371
vn 0.0918 -0.5442 -0.8339
vn 0.1183 0.1188 -0.9859
vn -0.5917 0.0974 0.8003
vn -0.2770 -0.8905 -0.3610
vn 0.0797 0.5866 -0.8059
vn 0.4057 0.1568 0.9004
vn 0.1097 -0.9927 0.0494
vn 0.8384 0.3969 0.3735
vn 0.4771 0.0802 0.8752
vn 0.9339 -0.2864 0.2141
vn 0.6958 0.4568 0.5542
vn 0.8081 -0.5681 0.1556
vn 0.6306 0.7532 0.1872
vn 0.2352 -0.9127 -0.3341
vn 0.7261 -0.6872 0.0226
vn 0.7059 -0.7081 -0.0170
vn 0.7406 0.6582 -0.1348
vn 0.4919 -0.6150 -0.6163
vn 0.5882 0.6489 -0.4826
vn 0.4782 0.6817 -0.5537
vn 0.3279 -0.6705 -0.6655
vn -0.0044 -0.9995 -0.0302
vn 0.7687 0.4945 -0.4057
vn 0.6786 -0.0329 0.7337
vn 0.6315 0.6983 -0.3370
vn 0.3754 0.6377 0.6726
vn 0.3458 -0.0188 0.9381
vn 0.4494 0.1648 -0.8780
vn 0.7227 0.5822 -0.3724
vn 0.2383 0.7617 0.6025
vn 0.4266 0.7393 0.5210
vn 0.4859 -0.0983 0.8685
vn 0.6426 -0.7418 0.1919
vn 0.6308 -0.0533 -0.7741
vn 0.5496 -0.7635 -0.3392
vn 0.5650 0.3946 -0.7246
vn -0.6516 -0.7580 0.0300
vn -0.9955 -0.0043 0.0947
vn -0.9505 0.3102 -0.0193
vn -0.8655 -0.2957 -0.4043
vn -0.5117 0.2433 0.8240
vn -0.6794 -0.7335 0.0184
vn -0.4307 0.0893 0.8981
vn -0.6690 0.4202 0.6131
vn 0.2637 -0.8788 0.3978
vn 0.6279 0.2917 0.7215
vn -0.0093 -0.9996 -0.0270
vn -0.6853 -0.6072 0.4020
vn -0.5256 -0.7870 0.3230
vn -0.7751 -0.0061 0.6318
vn -0.6043 0.7670 0.2155
vn -0.2966 -0.6138 0.7316
vn -0.1454 0.9172 0.3709
vn -0.7112 0.6270 0.3180
vn -0.2077 -0.8266 0.5230
vn -0.2887 -0.6214 0.7283
vn -0.2417 0.3322 0.9117
vn -0.1234 0.7017 0.7017
vn 0.4889 -0.2899 0.8227
vn 0.6401 0.0587 0.7660
vn 0.4000 -0.6347 0.6612
vn 0.5667 -0.5444 0.6184
vn 0.5589 -0.5518 0.6190
vn 0.4004 -0.7902 0.4640
vn -0.9129 -0.1840 0.3644
vn -0.9487 -0.0668 0.3090
vn -0.7579 0.6155 0.2161
vn -0.8942 -0.2180 0.3910
vn 0.9138 -0.0363 0.4045
vn 0.9251 -0.0401 0.3776
vn 0.8442 0.2858 -0.4535
vn -0.9984 0.0406 -0.0384
vn -0.8868 0.2718 -0.3738
vn -0.7775 0.3778 -0.5028
vn -0.8327 -0.2602 -0.4888
vn 0.4027 -0.5868 -0.7025
vn -0.2210 0.5792 -0.7847
vn 0.2368 0.7079 -0.6655
vn 0.7120 0.2371 0.6610
vn 0.7528 -0.3789 -0.5383
vn 0.8398 0.2913 -0.4580
vn 0.8260 0.2618 -0.4991
vn 0.3094 -0.6671 -0.6777
vn -0.7986 0.4844 0.3572
vn 0.7103 0.2298 0.6653
vn 0.2499 0.8932 0.3738
vn 0.7764 0.5165 0.3611
vn -0.5082 0.2344 -0.8287
vn -0.2925 -0.8476 -0.4427
vn -0.3629 0.3030 -0.8812
vn 0.0223 -0.9996 0.0193
vn 0.4504 0.2539 -0.8560
vn -0.5590 0.6974 -0.4486
vn -0.6731 0.5950 -0.4393
vn -0.2390 0.7109 -0.6614
vn -0.3973 0.3858 -0.8326
vn -0.3102 -0.6138 -0.7259
vn -0.2416 0.7130 -0.6583
vn 0.0501 -0.5158 -0.8552
vn -0.0301 -0.3137 -0.9491
vn 0.1730 -0.2920 -0.9406
vn 0.1693 -0.2611 -0.9504
vn 0.5610 0.0486 -0.8264
vn 0.9296 -0.2220 0.2944
vn 0.4177 -0.7586 -0.5000
vn -0.9033 0.2445 -0.3526
vn -0.6163 0.6300 -0.4725
vn -0.6364 0.3901 -0.6654
vn 0.0044 -0.1407 -0.9900
vn 0.8489 0.2876 -0.4434
vn -0.0192 0.5726 -0.8196
vn -0.8371 -0.5157 0.1827
vn -0.2057 0.5763 -0.7910
vn 0.8203 -0.5232 0.2309
vn 0.8537 0.5177 -0.0564
vn -0.9959 0.0883 -0.0176
vn -0.8339 -0.5447 0.0891
vn -0.8498 -0.5139 0.1171
vn -0.6788 0.3938 -0.6198
vn -0.7536 0.5206 -0.4013
vn 0.6099 -0.7841 -0.1148
vn 0.8055 0.2420 -0.5410
vn -0.4302 0.4593 -0.7771
vn 0.9425 0.2604 -0.2094
vn -0.1101 0.2089 0.9717
vn -0.0047 0.6278 -0.7783
vn -0.9741 -0.0099 -0.2260
vn -0.9814 -0.0013 -0.1920
vn -0.5130 -0.8527 -0.0988
vn -0.5891 -0.7971 -0.1326
vn 0.0498 -0.9982 0.0332
vn 0.1860 -0.9677 0.1699
vn 0.3938 0.2580 -0.8822
vn -0.5602 0.5657 -0.6052
vn 0.0661 0.5003 0.8634
vn 0.2565 0.2194 -0.9413
vn 0.2920 0.1707 -0.9411
vn 0.9883 0.0380 0.1474
vn 0.1422 0.8598 -0.4904
vn 0.1544 0.5649 0.8106
vn 0.6752 0.7217 0.1523
vn 0.6729 0.7245 0.1492
vn -0.7777 -0.6286 0.0077
vn 0.0215 -0.5280 0.8490
vn 0.5053 0.1237 0.8540
vn -0.1435 0.0123 0.9896
vn 0.7520 -0.3465 0.5607
vn -0.0778 -0.2704 -0.9596
vn 0.8206 0.1871 -0.5401
vn 0.3301 0.6926 -0.6413
vn 0.5180 -0.8360 0.1814
vn 0.7490 0.1800 0.6377
vn 0.6773 -0.5899 -0.4396
vn 0.6305 -0.0491 -0.7747
vn 0.7098 0.5712 -0.4122
vn 0.9681 0.0609 0.2429
vn 0.2984 0.7722 0.5609
vn 0.5288 0.8049 0.2691
vn 0.5104 0.4522 0.7314
vn 0.4530 -0.5474 0.7036
vn 0.8338 0.3798 -0.4007
vn 0.8299 -0.5267 0.1842
vn 0.5204 -0.6742 0.5241
vn 0.7453 0.6260 0.2295
vn 0.7041 0.5384 0.4631
vn 0.6730 -0.6327 -0.3830
vn 0.7206 -0.2041 -0.6626
vn 0.7077 -0.6111 -0.3547
vn 0.5378 0.8250 -0.1739
vn 0.5421 0.8051 -0.2409
vn 0.7713 -0.5342 -0.3460
vn 0.6257 0.7696 -0.1277
vn 0.9784 0.0121 0.2066
vn 0.9847 0.0801 0.1548
vn 0.7086 -0.4403 0.5514
vn -0.3516 0.9361 0.0110
vn -0.8446 0.4778 0.2417
vn 0.2204 -0.8146 0.5365
vn -0.0037 -1.0000 0.0058
vn -0.9643 -0.0025 -0.2647
vn -0.3951 0.7618 0.5133
vn -0.5606 -0.5886 0.5825
vn -0.7707 0.3366 0.5410
vn -0.9163 0.3469 0.2003
vn -0.8288 0.5545 -0.0748
vn -0.7035 0.3387 -0.6248
vn -0.9772 0.0076 0.2123
vn -0.6338 0.0652 0.7707
vn -0.3345 -0.9351 -0.1168
vn -0.0208 -0.9977 0.0643
vn -0.8519 0.3687 -0.3720
vn -0.6014 -0.7582 -0.2519
vn -0.2001 -0.7272 0.6566
vn 0.3980 0.8583 -0.3238
vn -0.3673 0.9255 -0.0922
vn -0.0218 0.9645 0.2633
vn 0.3984 0.8723 -0.2835
vn 0.6272 -0.5918 -0.5064
vn -0.7376 0.6683 0.0962
vn -0.9366 0.2510 -0.2444
vn -0.5668 -0.7170 0.4058
vn -0.1047 0.7409 0.6634
vn -0.4648 0.4455 0.7651
vn 0.3745 0.8814 -0.2880
vn -0.3647 0.5372 0.7605
vn 0.2997 0.6279 -0.7183
vn 0.3477 -0.6067 -0.7149
vn 0.1849 -0.9797 -0.0774
vn 0.2236 0.6527 -0.7239
vn -0.9554 -0.1266 -0.2668
vn -0.3346 -0.8107 -0.4805
vn -0.5087 0.7012 -0.4997
vn -0.4733 0.7835 -0.4026
vn -0.6886 0.4243 -0.5881
vn -0.4118 0.4307 -0.8031
vn -0.9726 0.0617 -0.2243
vn -0.9789 0.0485 -0.1987
vn -0.9873 -0.0135 -0.1582
vn -0.3010 0.1423 -0.9430
vn -0.0859 0.0570 -0.9947
vn 0.0419 0.9990 0.0186
vn -0.0061 0.9998 0.0198
vn -0.6506 0.7512 0.1118
vn -0.0148 0.1410 -0.9899
vn -0.7654 -0.0621 -0.6405
vn -0.2376 -0.8449 0.4793
vn -0.7274 -0.2633 -0.6336
vn -0.7336 0.5685 0.3724
vn -0.8407 -0.5415 0.0110
vn -0.6774 -0.4910 -0.5479
vn -0.6975 -0.4763 -0.5353
vn -0.8136 0.3500 0.4642
vn -0.0150 -0.9390 -0.3437
vn 0.0442 -0.9916 0.1217
vn 0.0576 0.4266 0.9026
vn 0.0498 0.5794 0.8135
vn -0.0415 -0.8885 -0.4571
vn 0.1567 0.0695 0.9852
vn -0.1475 -0.1838 0.9718
vn 0.5802 -0.3495 0.7357
vn 0.1397 -0.9892 0.0450
vn 0.0248 -0.9218 -0.3870
vn 0.0572 0.4263 0.9028
vn -0.5045 -0.8596 0.0811
vn 0.8069 0.4698 0.3580
vn -0.0032 0.0311 0.9995
vn 0.7212 0.0356 0.6918
vn 0.3700 0.4657 0.8039
vn 0.2331 -0.9542 0.1876
vn -0.5300 -0.0041 0.8480
vn 0.0463 -0.9981 0.0399
vn 0.7098 0.0009 0.7044
vn -0.0036 0.9667 0.2557
vn 0.7040 -0.4812 0.5224
vn 0.0315 -0.9922 0.1210
vn 0.8987 0.1816 -0.3993
vn 0.0088 -0.9999 -0.0063
vn 0.8175 0.5405 0.1988
vn 0.3690 0.3211 -0.8722
vn -0.1396 0.3003 0.9436
vn 0.3921 -0.8997 -0.1920
vn 0.3421 -0.7218 -0.6016
vn 0.0175 -0.9998 -0.0034
vn 1.0000 0.0067 -0.0002
vn -0.9999 0.0106 -0.0051
vn 0.1472 -0.9414 -0.3035
vn -0.0000 0.9532 -0.3022
vn 0.8615 -0.0317 -0.5068
vn -0.7895 -0.5075 0.3452
vn -0.9072 0.4206 0.0133
vn -0.5103 -0.8559 -0.0838
vn -0.3887 0.9203 0.0450
vn -0.9047 0.4130 -0.1042
vn 0.9444 -0.3283 0.0204
vn 0.9908 0.1323 -0.0285
vn 0.9957 -0.0507 -0.0780
vn -0.0021 -0.9998 -0.0206
vn 0.3311 -0.5678 -0.7536
vn 0.2050 -0.9465 -0.2493
vn -0.0375 0.0488 -0.9981
vn -0.0392 0.2318 -0.9720
vn 0.1400 0.5664 -0.8121
vn 0.1686 0.7533 -0.6357
vn 0.4657 -0.4663 -0.7521
vn 0.4612 0.4132 -0.7852
vn 0.6473 0.6951 -0.3129
vn 0.0934 0.0822 -0.9922
vn 0.7124 -0.0650 -0.6988
vn 0.0359 0.2719 -0.9616
vn 0.0341 -0.9922 0.1200
vn 0.0788 0.9847 -0.1555
vn 0.7881 -0.0917 -0.6087
vn 0.0253 0.9997 -0.0052
vn 0.0078 0.9995 -0.0306
vn -0.0168 0.1188 -0.9928
vn -0.0187 0.9998 0.0094
vn -0.0302 -0.4971 0.8672
vn 0.1942 0.3309 -0.9235
vn 0.0064 0.9998 0.0178
vn -0.6196 0.7252 -0.3003
vn -0.3645 -0.8824 -0.2975
vn 0.8763 -0.4029 0.2642
vn -0.2313 0.7038 0.6717
vn -0.3960 0.7231 -0.5660
vn 0.7857 0.3334 0.5211
vn 0.8741 0.1114 0.4727
vn 0.7011 0.7122 -0.0339
vn 0.9289 0.2642 0.2594
vn -0.1498 -0.2398 0.9592
vn -0.3531 -0.1842 -0.9173
vn 0.8945 -0.2032 0.3982
vn 0.5749 -0.0238 0.8179
vn 0.6896 -0.6823 0.2429
vn 0.9613 0.2197 -0.1664
vn 0.2605 -0.7433 -0.6161
vn 0.4182 -0.4871 -0.7667
vn 0.6338 -0.7520 0.1812
vn 0.6430 0.7631 0.0648
vn 0.6736 0.5002 -0.5442
vn 0.4708 0.8734 -0.1242
vn 0.1733 0.1207 -0.9774
vn 0.5510 0.3749 -0.7455
vn 0.8466 -0.4998 0.1829
vn 0.8506 0.5161 -0.1010
vn -0.0578 -0.9398 0.3368
vn 0.8701 0.4351 -0.2314
vn -0.4553 -0.4659 0.7587
vn -0.5126 -0.5255 -0.6790
vn -0.9610 0.2052 -0.1852
vn -0.9740 0.0755 0.2138
vn -0.4411 -0.8566 0.2679
vn -0.1965 -0.9647 0.1751
vn -0.6465 0.7065 0.2878
vn -0.7500 -0.3246 0.5763
vn -0.9708 0.1901 0.1461
vn -0.9807 0.1470 -0.1286
vn -0.0264 -0.9936 -0.1095
vn -0.2431 0.8323 -0.4982
vn -0.6603 -0.7492 0.0513
vn -0.6052 -0.7925 -0.0755
vn -0.6461 0.6419 0.4129
vn -0.7568 0.5964 0.2676
vn -0.6953 -0.5956 -0.4023
vn -0.6927 0.6490 -0.3146
vn -0.7852 -0.0777 -0.6144
vn -0.6697 0.6134 -0.4186
vn -0.8300 -0.3810 0.4073
vn -0.5835 -0.6304 0.5120
vn -0.7295 -0.4720 -0.4949
vn -0.6793 0.6156 -0.3996
vn -0.6785 -0.6050 -0.4166
vn -0.3752 0.3803 -0.8453
vn -0.3401 -0.8662 -0.3662
vn -0.7508 0.6603 0.0190
vn -0.5993 -0.7671 0.2290
vn -0.4604 -0.2318 0.8569
vn -0.0537 -0.0148 0.9984
vn 0.5869 0.4532 0.6710
vn -0.0539 0.7321 0.6791
vn 0.5779 0.5851 0.5689
vn -0.2112 -0.0384 0.9767
vn -0.3756 -0.6099 -0.6978
vn 0.2179 0.4261 -0.8780
vn 0.9178 -0.2002 0.3430
vn -0.6956 0.7066 -0.1295
vn -0.0658 0.7899 -0.6096
vn 0.4304 -0.5704 0.6996
vn 0.2013 0.2160 0.9554
vn 0.9221 0.3143 -0.2256
vn 0.9462 -0.1530 -0.2852
vn 0.9962 0.0070 0.0867
vn -0.4151 0.2215 0.8824
vn -0.3127 0.4110 -0.8563
vn -0.8893 -0.4440 -0.1093
vn -0.7885 -0.0075 -0.6150
vn -0.8812 -0.4571 -0.1210
vn 0.7214 0.0726 0.6887
vn 0.7128 0.2877 -0.6396
vn 0.3404 -0.7644 -0.5475
vn 0.4016 -0.4838 0.7776
vn -0.7628 0.6149 0.1999
vn -0.5063 0.6553 -0.5607
vn -0.1615 0.7176 -0.6774
vn 0.5312 0.7684 -0.3570
vn 0.9753 0.0975 -0.1984
vn 0.1039 0.2130 0.9715
vn -0.7362 -0.3434 0.5832
vn -0.0656 0.5899 0.8048
vn 0.2235 -0.4497 0.8648
vn 0.2878 -0.5884 0.7556
vn 0.7531 -0.1948 0.6284
vn 0.7901 0.2092 0.5762
vn 0.4528 0.7802 0.4317
vn 0.6617 -0.4897 0.5678
vn 0.0496 0.5757 0.8162
vn -0.0441 -0.0043 0.9990
vn 0.1389 -0.7792 0.6112
vn 0.1886 -0.7478 -0.6365
vn -0.5988 0.4610 -0.6549
vn -0.6198 -0.4542 -0.6400
vn -0.1072 0.6488 -0.7534
vn -0.1127 -0.6309 -0.7677
vn 0.2080 -0.8130 -0.5439
vn 0.6646 -0.5141 -0.5423
vn 0.5218 0.5894 -0.6167
vn 0.3944 -0.7905 -0.4685
vn 0.3038 -0.8252 -0.4762
vn 0.8217 0.2610 -0.5067
vn 0.5993 0.2272 0.7676
vn 0.4111 0.0050 0.9116
vn -0.0389 0.0807 -0.9960
vn -0.0479 0.6676 -0.7430
vn 0.9072 -0.2100 0.3645
vn 0.8458 0.2544 0.4690
vn 0.9708 0.2031 0.1281
vn 0.6556 0.1950 -0.7295
vn 0.2758 0.7900 0.5475
vn 0.9998 -0.0189 -0.0078
vn -0.9984 0.0087 -0.0567
vn -0.1531 0.0503 0.9869
vn -0.7200 0.3008 -0.6254
vn 0.5233 -0.1588 0.8372
vn 0.8590 -0.0590 0.5085
vn 0.0863 0.0917 0.9920
vn -0.5141 0.7806 -0.3556
vn -0.5172 0.7434 -0.4241
vn -0.5031 0.1337 0.8538
vn -0.4321 0.3996 -0.8085
vn -0.7779 -0.2951 -0.5548
vn -0.2832 -0.9097 0.3035
vn -0.5443 -0.3298 -0.7713
vn -0.0117 -0.2180 -0.9759
vn 0.8912 -0.4139 0.1855
vn 0.8829 -0.2681 -0.3856
vn 0.9186 -0.0879 -0.3853
vn 0.7923 0.6097 -0.0223
vn 0.2209 0.9748 0.0312
vn -0.4798 -0.6951 0.5354
vn -0.7373 -0.4908 -0.4643
vn 0.5881 -0.5241 0.6160
vn 0.9250 0.1208 0.3603
vn 0.9421 0.0619 0.3295
vn 0.6385 -0.4751 -0.6054
vn -0.4513 0.6610 0.5995
vn -0.3274 0.0717 -0.9422
vn 0.3049 -0.7861 -0.5376
vn 0.8101 0.4759 -0.3423
vn 0.6689 -0.6969 0.2588
vn 0.7115 0.6462 0.2759
vn 0.6795 -0.5823 -0.4464
vn 0.6935 0.6877 -0.2146
vn -0.9552 0.1475 0.2565
vn -0.9799 0.1862 0.0709
vn 0.0077 -0.9996 0.0284
vn -0.2608 0.6148 0.7443
vn -0.9163 0.3987 0.0380
vn -0.3950 0.5149 0.7608
vn -0.7091 -0.6383 0.2997
vn -0.6695 -0.0061 0.7428
vn -0.4124 -0.6377 0.6506
vn -0.3908 0.8964 -0.2089
vn 0.0303 -0.9995 0.0066
vn -0.1241 -0.8231 -0.5541
vn -0.2002 0.1011 -0.9745
vn -0.8611 0.4965 -0.1095
vn -0.5608 0.8012 -0.2086
vn -0.0004 0.4199 -0.9076
vn -0.2858 0.4223 -0.8602
vn -0.3106 0.2222 -0.9242
vn 0.4946 -0.0597 -0.8671
vn -0.9421 0.3339 -0.0305
vn -0.8873 -0.1973 -0.4169
vn 0.0574 0.0981 -0.9935
vn -0.2658 0.7185 -0.6427
vn -0.9008 0.4331 0.0303
vn 0.0502 -0.1966 0.9792
vn -0.7404 -0.5556 0.3783
vn -0.8729 0.2370 0.4265
vn -0.7235 -0.6276 0.2875
vn -0.6728 0.1996 0.7124
vn 0.0115 -0.5526 0.8334
vn 0.2005 0.3712 0.9067
vn -0.6621 0.3568 0.6590
vn -0.6926 0.6926 0.2015
vn -0.5233 0.6739 0.5216
vn -0.5977 -0.0182 0.8015
vn 0.4840 0.7451 0.4589
vn 0.5318 0.0075 0.8469
vn -0.9888 -0.0000 -0.1491
vn -0.1027 -0.5912 0.8000
vn -0.0186 -0.1205 0.9925
vn 0.5907 -0.6687 0.4516
vn -0.5101 0.5337 0.6745
vn -0.4960 0.8683 0.0038
vn -0.3050 -0.8160 0.4911
vn -0.4272 0.5681 0.7034
vn 0.0160 0.1180 -0.9929
vn -0.0095 -0.3916 0.9201
vn 0.3681 0.4442 0.8168
vn 0.6745 0.6610 0.3287
vn -0.5333 0.4137 0.7378
vn -0.7804 -0.6111 0.1321
vn -0.7285 -0.6022 -0.3265
vn -0.7723 0.5144 -0.3726
vn -0.0181 -0.9951 -0.0973
vn -0.1817 0.0661 -0.9811
vn -0.7800 -0.3105 -0.5433
vn -0.7771 -0.2781 -0.5646
vn -0.6493 0.7562 0.0809
vn -0.6435 0.4650 -0.6081
vn -0.7324 -0.2396 -0.6374
vn -0.8464 -0.5254 0.0867
vn -0.5113 -0.5179 -0.6858
vn -0.6023 -0.4232 -0.6769
vn 0.1603 -0.4873 -0.8584
vn 0.2382 -0.4675 -0.8513
vn 0.1100 0.7804 -0.6156
vn -0.6534 0.2435 -0.7168
vn -0.9914 -0.0862 -0.0983
vn 0.6060 -0.2203 -0.7644
vn 0.0756 0.0908 -0.9930
vn 0.9789 0.0364 -0.2011
vn 0.1110 0.8202 -0.5613
vn -0.7108 -0.7033 0.0124
vn -0.8862 0.4631 -0.0128
vn -0.2258 -0.8353 -0.5013
vn -0.3720 -0.7744 -0.5118
vn 0.0827 0.1029 -0.9913
vn 0.9749 -0.0473 0.2175
vn -0.3105 -0.0042 -0.9506
vn 0.6997 0.1738 -0.6930
vn 0.5213 0.7757 0.3557
vn 0.3015 -0.8231 -0.4812
vn -0.7576 -0.4964 -0.4238
vn -0.5820 0.5287 -0.6178
vn -0.6266 0.7365 -0.2551
vn -0.6134 0.6686 -0.4204
vn -0.4099 -0.5553 -0.7236
vn 0.1098 0.9433 -0.3133
vn -0.4675 -0.3287 -0.8206
vn 0.9102 0.2605 -0.3219
vn -0.4258 -0.5435 -0.7234
vn -0.0456 -0.4701 -0.8814
vn -0.0230 0.9336 0.3575
vn 0.7975 0.3854 0.4641
vn 0.9997 -0.0231 -0.0001
vn 0.9058 -0.0731 0.4174
vn 0.8784 -0.0100 0.4779
vn 0.9213 0.3885 0.0127
vn 0.8839 -0.4634 -0.0636
vn 0.1398 0.4322 0.8909
vn 0.5678 0.8231 0.0010
vn 0.7173 0.4904 -0.4950
vn 0.9019 -0.4307 -0.0314
vn 0.1411 0.9257 -0.3510
vn 0.5409 0.7577 -0.3651
vn 0.7969 -0.5409 -0.2689
vn 0.4590 0.3335 -0.8235
vn 0.3221 0.1757 0.9303
vn 0.5040 -0.8626 0.0445
vn 0.8028 -0.2209 0.5538
vn 0.7088 0.6695 0.2221
vn 0.5919 0.7233 0.3557
vn 0.2252 0.4339 0.8724
vn 0.3835 0.8650 0.3235
vn 0.3784 0.4278 0.8209
vn 0.1722 -0.1795 0.9686
vn 0.5135 0.5194 0.6830
vn 0.2218 -0.8545 -0.4698
vn 0.6598 -0.3598 -0.6597
vn 0.9293 0.3692 0.0074
vn 0.0173 0.7316 -0.6815
vn 0.9937 -0.1024 -0.0456
vn 0.6702 0.6131 -0.4183
vn 0.6647 0.6410 -0.3838
vn 0.7068 -0.6995 -0.1057
vn 0.7801 -0.4470 -0.4377
vn 0.3161 0.7789 -0.5417
vn 0.7633 0.6268 -0.1568
vn 0.3808 0.9201 0.0918
vn 0.1053 0.9276 -0.3585
vn 0.5020 0.6664 -0.5512
vn -0.0000 0.9992 -0.0403
vn 0.4165 0.9063 0.0721
vn 0.5750 -0.7444 -0.3394
vn 0.4326 -0.8850 0.1721
vn 0.9754 0.0208 -0.2193
vn 0.6677 0.5293 -0.5235
vn -0.8681 0.3021 0.3939
vn -0.9186 0.3193 0.2330
vn -0.9616 -0.0775 0.2631
vn -0.8844 -0.4659 -0.0278
vn -0.8821 0.4177 -0.2178
vn -0.8710 0.1133 0.4781
vn -0.7626 0.6108 -0.2128
vn -0.9163 0.3787 0.1300
vn -0.5515 0.7575 -0.3493
vn -0.8215 -0.4490 -0.3515
vn -0.3054 -0.9395 -0.1552
vn -0.0787 0.4263 0.9012
vn -0.4288 -0.8809 0.2000
vn -0.7060 0.0780 -0.7039
vn -0.2784 -0.9057 -0.3198
vn 0.5771 0.1090 -0.8094
vn -0.8205 0.5560 -0.1331
vn -0.5738 0.6490 0.4995
vn -0.0417 0.6136 0.7885
vn 0.7481 0.4364 0.5000
vn 0.5160 0.5898 0.6211
vn 0.5523 0.7699 -0.3199
vn 0.5510 0.7033 -0.4493
vn -0.9945 -0.0655 0.0819
vn -0.9708 0.2016 0.1297
vn -0.6580 -0.4657 -0.5918
vn -0.4543 0.6871 0.5670
vn -0.6761 -0.2844 0.6797
vn -0.8711 -0.4903 -0.0273
vn -0.7996 -0.2955 0.5228
vn 0.1336 0.0259 0.9907
vn 0.7607 -0.0617 -0.6461
vn 0.2133 0.1420 -0.9666
vn -0.3468 -0.1298 -0.9289
vn -0.0733 0.1516 0.9857
vn 0.5198 -0.5316 0.6687
vn 0.9237 0.2883 0.2522
vn 0.6574 -0.7245 -0.2073
vn 0.5920 -0.6382 -0.4922
vn 0.7583 0.3432 -0.5543
vn -0.9597 -0.0825 0.2688
vn 0.0336 0.9501 0.3101
vn 0.9047 0.4170 0.0880
vn -0.4100 0.3139 -0.8564
vn 0.5458 -0.2702 -0.7932
vn -0.1293 0.6076 -0.7837
vn -0.4187 0.1919 0.8876
vn -0.4078 -0.8245 0.3924
vn -0.0152 -0.9999 0.0029
vn -0.5671 0.7028 0.4295
vn -0.8271 0.0457 0.5601
vn 0.2585 -0.5283 0.8088
vn 0.1706 -0.1524 0.9735
vn -0.0341 0.7283 0.6844
vn 0.0412 -0.5683 0.8218
vn -0.0479 0.7596 0.6486
vn 0.2309 -0.5510 0.8019
vn 0.2423 -0.5587 0.7932
vn -0.7470 0.3545 0.5623
vn -0.6140 0.2059 0.7620
vn -0.6805 -0.7237 -0.1148
vn 0.5960 -0.8027 -0.0204
vn 0.6144 -0.7889 0.0135
vn -0.1050 0.9566 0.2717
vn 0.1425 0.6654 0.7327
vn 0.6709 0.6446 0.3665
vn 0.9125 -0.4070 -0.0405
vn 0.7093 0.2937 0.6408
vn 0.9936 -0.0915 0.0664
vn -0.7011 -0.0617 -0.7104
vn -0.0239 -0.9992 -0.0329
vn 0.0124 0.2333 -0.9723
vn -0.6146 -0.7259 0.3089
vn -0.2432 0.7462 -0.6197
vn -0.6349 0.7345 0.2396
vn -0.3594 -0.6208 -0.6967
vn -0.2978 0.7369 -0.6069
vn -0.6035 -0.1771 -0.7774
vn -0.4905 -0.8160 -0.3057
vn -0.3168 0.3950 -0.8623
vn -0.4425 0.6643 -0.6024
vn -0.3828 -0.6421 -0.6642
vn -0.0808 -0.6498 -0.7558
vn 0.0430 0.6324 -0.7735
vn 0.3419 0.6585 -0.6705
vn 0.2916 -0.8273 -0.4801
vn 0.1760 0.7397 -0.6495
vn 0.3343 -0.5098 -0.7927
vn -0.9457 -0.2323 0.2272
vn -0.9693 0.0576 0.2391
vn -0.8648 0.2231 0.4498
vn 0.9259 -0.1221 -0.3574
vn 0.8238 0.3190 0.4686
vn 0.9562 -0.1162 -0.2687
vn 0.9612 -0.1279 -0.2443
vn -0.8146 0.2330 -0.5311
vn -0.6215 0.0372 0.7826
vn -0.7898 0.2715 -0.5500
vn -0.7889 0.2665 -0.5537
vn 0.7031 0.3988 -0.5888
vn 0.9113 0.0582 -0.4077
vn 0.6744 0.4722 0.5676
vn 0.8218 0.3225 0.4698
vn 0.9237 0.2110 0.3198
vn -0.9878 0.1097 -0.1102
vn -0.9865 0.0218 -0.1625
vn 0.8822 0.1737 -0.4377
vn 0.7432 0.4665 -0.4797
vn 0.1094 0.4619 -0.8802
vn -0.7579 -0.1850 -0.6256
vn 0.0301 -0.1781 -0.9835
vn 0.9360 -0.1339 -0.3256
vn 0.7498 0.5174 0.4124
vn 0.2272 -0.9694 -0.0928
vn 0.9587 0.2456 0.1435
vn 0.5621 -0.8042 -0.1932
vn 0.6819 0.5691 0.4594
vn 0.5474 -0.5449 0.6352
vn 0.7028 0.2306 0.6729
vn 0.7144 -0.5261 0.4613
vn 0.2108 -0.9470 -0.2425
vn 0.6921 0.5997 -0.4015
vn 0.4331 -0.7004 -0.5673
vn 0.4435 -0.6806 -0.5832
vn 0.5449 -0.6674 -0.5076
vn 0.4531 0.2269 -0.8621
vn 0.7139 0.6970 0.0679
vn 0.6274 0.6049 -0.4905
vn 0.6563 0.6646 -0.3572
vn -0.9078 -0.4070 -0.1011
vn -0.6606 0.0661 -0.7478
vn -0.4522 0.7051 -0.5462
vn -0.5976 -0.3849 0.7034
vn -0.8777 0.4676 -0.1043
vn -0.6957 -0.6775 0.2389
vn -0.5236 0.7974 -0.3000
vn -0.8332 -0.3621 0.4178
vn -0.8162 -0.5748 -0.0585
vn -0.8050 -0.3875 0.4493
vn -0.0984 -0.9709 -0.2181
vn 0.8175 -0.2372 0.5249
vn 0.1470 -0.6113 0.7776
vn -0.6220 0.3246 -0.7125
vn -0.2893 0.8491 -0.4420
vn -0.2911 0.4635 0.8369
vn -0.3431 0.7291 0.5922
vn -0.8308 0.5231 0.1899
vn -0.6283 -0.2829 0.7247
vn -0.5979 0.1630 0.7848
vn -0.5471 0.5691 0.6139
vn -0.3910 -0.0288 0.9199
vn -0.3673 -0.0485 0.9289
vn -0.2028 0.8225 0.5313
vn 0.6451 0.3116 0.6977
vn -0.9493 -0.3143 0.0053
vn -0.8007 -0.4117 0.4352
vn -0.3995 0.9044 -0.1495
vn -0.5370 0.8292 0.1552
vn 0.1806 -0.4999 -0.8470
vn -0.8154 -0.5612 0.1420
vn -0.2905 -0.9568 0.0127
vn -0.5890 -0.7670 -0.2544
vn -0.4930 -0.3737 -0.7857
vn -0.8972 0.3223 -0.3020
vn -0.8011 0.5908 0.0957
vn -0.9155 0.3218 -0.2413
vn -0.8826 0.3485 -0.3155
vn -0.8957 0.2060 -0.3940
vn -0.8004 0.1520 -0.5799
vn -0.1768 0.3215 -0.9302
vn -0.7074 -0.0871 -0.7014
vn -0.1775 0.9825 -0.0573
vn -0.4935 0.7575 -0.4274
vn -0.9762 0.2160 -0.0205
vn 0.7686 0.0398 -0.6385
vn 0.9996 -0.0100 -0.0277
vn 0.8034 0.5839 -0.1165
vn -0.0360 0.9840 -0.1744
vn -0.1680 0.9440 0.2841
vn 0.0435 -0.9991 0.0018
vn 0.0107 -0.9924 0.1225
vn 0.8055 0.5024 -0.3143
vn 0.7033 -0.6959 0.1455
vn -0.5244 0.1433 -0.8393
vn -0.1695 0.4880 -0.8562
vn 0.3806 0.2783 0.8819
vn 0.9841 0.0537 0.1692
vn 0.7783 0.5178 0.3552
vn 0.4131 0.7231 -0.5536
vn 0.6838 0.5623 0.4650
vn 0.8652 0.4206 -0.2730
vn -0.0652 -0.4084 0.9105
vn 0.1752 -0.4702 0.8650
vn -0.2525 -0.5919 -0.7654
vn 0.2532 0.4079 -0.8772
vn -0.3601 -0.7204 -0.5927
vn -0.0087 0.4501 0.8929
vn 0.7518 0.2935 -0.5904
vn 0.5494 -0.6231 0.5566
vn 0.8104 -0.3312 -0.4834
vn 0.2574 -0.0640 -0.9642
vn 0.9707 0.1593 0.1800
vn 0.5777 -0.7715 -0.2666
vn 0.7544 0.2651 -0.6005
vn 0.4259 0.5874 0.6882
vn 0.6942 0.4031 0.5963
vn 0.6727 0.2255 -0.7047
vn 0.0163 -0.8351 -0.5498
vn 0.5961 0.5913 -0.5432
vn 0.2546 -0.5879 0.7678
vn 0.2545 -0.5877 0.7680
vn -0.2612 -0.8382 -0.4787
vn -0.2224 -0.9104 -0.3490
vn -0.2534 -0.7402 -0.6228
vn 0.0540 -0.9886 0.1408
vn 0.0445 -0.9893 0.1392
vn 0.5567 0.2424 0.7946
vn 0.6913 -0.6387 0.3378
vn -0.0045 0.0714 0.9974
vn 0.7476 -0.0507 0.6623
vn 0.5506 0.0413 0.8338
vn 0.5534 0.2655 0.7895
vn -0.0988 0.0847 0.9915
vn -0.0215 -0.9872 -0.1578
vn -0.1754 0.7489 -0.6391
vn 0.4270 0.7560 0.4962
vn -0.0532 0.4092 -0.9109
vn -0.0175 0.9975 -0.0685
vn 0.2094 0.3250 0.9222
vn 0.4419 -0.3842 0.8106
vn 0.5556 0.1369 0.8201
vn 0.3246 -0.9162 -0.2351
vn 0.6967 -0.4796 -0.5334
vn -0.0651 0.9940 -0.0879
vn 0.7411 -0.6350 0.2178
vn 0.9382 -0.1564 -0.3087
vn -0.0618 -0.8848 -0.4619
vn -0.0056 -0.9999 0.0097
vn 0.3450 -0.8718 -0.3478
vn -0.2380 0.5124 -0.8251
vn 0.8327 0.2411 -0.4986
vn 0.9245 0.2389 -0.2969
vn 0.5852 0.7265 -0.3602
vn 0.0820 0.0004 -0.9966
vn 0.9919 0.0052 0.1272
vn -0.6582 -0.7139 -0.2389
vn 0.5241 0.6101 0.5942
vn 0.0613 0.9976 0.0310
vn 0.5179 0.0848 -0.8512
vn -0.1521 -0.8366 -0.5263
vn -0.0891 -0.9960 -0.0000
vn -0.0500 -0.9976 -0.0469
vn -0.0390 -0.0933 -0.9949
vn 0.1549 -0.5878 0.7940
vn 0.3793 0.5511 -0.7432
vn -0.0305 -0.9396 -0.3408
vn -0.4342 0.4482 0.7814
vn -0.0216 -0.9873 -0.1576
vn -0.0317 -0.9950 -0.0946
vn -0.1964 0.9594 -0.2025
vn -0.4701 0.5488 0.6913
vn -0.8307 -0.5054 0.2336
vn 0.9314 -0.3392 0.1325
vn 0.0891 0.9960 -0.0000
vn -0.0812 0.5424 -0.8362
vn 0.5642 -0.7963 0.2182
vn 0.7882 0.5728 0.2251
vn -0.4828 -0.8661 -0.1297
vn -0.9278 0.3714 -0.0346
vn -0.9813 -0.1924 -0.0000
vn -0.5496 0.5081 0.6631
vn -0.2195 -0.9745 -0.0472
vn -0.5534 -0.6393 0.5339
vn 0.0056 -0.9999 0.0106
vn -0.5335 0.7730 0.3433
vn -0.9173 0.2187 0.3328
vn -0.9131 0.2209 0.3427
vn -0.9990 0.0429 -0.0131
vn -0.9952 0.0435 -0.0878
vn 0.0214 0.0360 0.9991
vn -0.9954 0.0489 -0.0829
vn -0.6207 -0.0312 0.7834
vn 0.6449 0.1001 0.7577
vn -0.0675 0.9977 -0.0098
vn -0.5782 -0.4253 0.6963
vn 0.1921 0.0736 0.9786
vn 0.1315 -0.7535 0.6442
vn -0.9803 -0.1974 -0.0003
vn -0.9980 -0.0428 -0.0462
vn 0.9803 0.1974 0.0003
vn 0.2224 -0.9749 -0.0062
vn -0.7755 0.2461 0.5815
vn 0.0760 -0.0954 0.9925
vn 0.2832 0.9250 -0.2532
vn -0.0407 0.7267 0.6858
vn -0.1362 0.2336 -0.9627
vn -0.1130 -0.9633 -0.2435
vn -0.3638 0.8055 -0.4678
vn -0.0636 -0.9975 -0.0314
vn -0.2103 -0.8282 -0.5195
vn -0.8011 0.4880 -0.3466
vn -0.4937 -0.7167 -0.4926
vn -0.5351 -0.5559 -0.6361
vn -0.6475 0.2230 -0.7287
vn -0.0000 -0.1704 -0.9854
vn -0.2816 0.4934 -0.8230
vn -0.9610 0.1250 -0.2466
vn -0.5461 0.2163 -0.8093
vn -0.5447 0.4175 -0.7273
vn 0.5138 0.2127 -0.8311
vn -0.9209 -0.0327 -0.3885
vn -0.8934 -0.0114 -0.4491
vn -0.5140 0.0367 -0.8570
vn 0.0917 0.1164 -0.9890
vn -0.9857 0.0772 -0.1499
vn -0.9282 0.3048 -0.2136
vn -0.1857 0.9800 -0.0715
vn -0.2987 -0.4391 -0.8474
vn -0.0322 0.0140 -0.9994
vn 0.9813 0.1924 -0.0000
vn -0.0096 -0.9998 -0.0150
vn 0.0275 -0.9996 -0.0062
vn -0.8479 0.2169 -0.4838
vn -0.7803 0.5672 -0.2632
vn -0.8255 0.1767 0.5361
vn -0.8032 0.0509 0.5935
vn -0.2347 0.8042 -0.5461
vn 0.0110 0.7469 0.6649
vn 0.0357 0.3866 0.9215
vn -0.4905 -0.0516 0.8699
vn 0.9723 0.2336 0.0108
vn -0.5126 0.1601 -0.8435
vn -0.7356 0.5199 0.4343
vn 0.1791 -0.1558 -0.9714
vn -0.6883 -0.6594 -0.3022
vn -0.6601 -0.6279 -0.4123
vn -0.2876 0.6051 -0.7424
vn -0.0849 0.6071 0.7901
vn 0.6993 -0.1558 0.6976
vn 0.7173 -0.0500 0.6949
vn -0.0346 -0.6331 -0.7733
vn -0.0675 -0.8482 -0.5253
vn -0.9069 -0.0140 0.4212
vn -0.5899 0.0545 -0.8056
vn -0.1437 0.0329 0.9891
vn -0.7190 -0.0033 -0.6950
vn -0.0340 0.5458 -0.8372
vn -0.1189 0.1045 0.9874
vn 0.0210 -0.9992 0.0334
vn 0.8739 -0.0738 0.4805
vn 0.0767 0.3713 0.9253
vn 0.0782 0.3726 0.9247
vn 0.8120 0.4789 0.3336
vn 0.6327 0.5867 -0.5054
vn 0.9725 0.2318 0.0230
vn 0.6681 -0.0587 0.7418
vn 0.9417 -0.0291 -0.3352
vn -0.5092 0.8410 -0.1826
vn 0.2366 -0.6579 0.7150
vn 0.8417 0.0006 -0.5399
vn 0.2953 0.0641 0.9533
vn 0.5015 -0.7291 0.4657
vn 0.7838 -0.5937 0.1821
vn 0.5215 0.3824 0.7628
vn -0.9859 -0.0820 -0.1458
vn 0.0537 0.9192 -0.3901
vn -0.5271 0.4147 0.7417
vn -0.7197 -0.6291 -0.2937
vn -0.4992 0.8271 -0.2584
vn -0.9802 -0.1458 -0.1337
vn 0.0082 0.7591 0.6510
vn 0.3784 0.7092 -0.5948
vn 0.2725 -0.9528 -0.1338
vn -0.0470 -0.9730 -0.2261
vn 0.1189 -0.9590 -0.2574
vn 0.0817 -0.9934 -0.0810
vn 0.8738 -0.3513 -0.3362
vn 0.4444 0.6881 -0.5736
vn 0.3008 0.3878 -0.8713
vn 0.5491 0.5947 -0.5872
vn 0.6317 0.6287 -0.4535
vn 0.4993 0.4081 -0.7643
vn 0.7149 0.2331 -0.6593
vn 0.5416 0.0102 -0.8406
vn -0.1178 0.1181 -0.9860
vn -0.0000 -0.2883 -0.9575
vn 0.8000 -0.0443 -0.5983
vn 0.6717 -0.5228 0.5249
vn 0.0092 -0.9916 -0.1292
vn -0.2792 -0.9044 -0.3228
vn 0.2435 0.9439 -0.2231
vn 0.6438 0.2407 0.7264
vn 0.7582 0.4631 0.4590
vn 0.0446 -0.9989 0.0134
vn 0.6427 -0.6591 0.3906
vn 0.8866 0.4177 0.1985
vn 0.4171 -0.8794 -0.2296
vn 0.9759 0.2145 -0.0397
vn 0.7604 0.3888 0.5202
vn 0.7798 0.3266 0.5341
vn 0.7936 0.6026 0.0845
vn 0.6541 0.3990 -0.6427
vn 0.7023 0.6529 -0.2837
vn 0.6577 0.7063 -0.2620
vn 0.0933 -0.6476 0.7562
vn 0.9029 -0.0896 -0.4205
vn 0.2613 0.8308 -0.4914
vn 0.5737 -0.8169 -0.0592
vn 0.3747 0.8021 0.4651
vn 0.7355 0.6525 -0.1825
vn 0.5560 -0.8215 -0.1266
vn 0.7637 0.6455 0.0100
vn 0.4779 0.0185 0.8782
vn 0.7938 0.5035 0.3411
vn 0.9685 -0.0145 -0.2487
vn 0.4251 0.0694 -0.9025
vn -0.9417 0.3228 -0.0945
vn -0.7434 0.5420 0.3918
vn -0.9538 0.1671 0.2499
vn -0.6560 0.7233 -0.2155
vn -0.8507 -0.3751 0.3682
vn -0.8270 -0.3373 -0.4498
vn -0.8448 0.4997 -0.1914
vn -0.9018 -0.4108 -0.1346
vn -0.8812 -0.3658 -0.2995
vn -0.3305 0.9190 -0.2151
vn -0.5614 -0.6532 -0.5081
vn -0.9143 0.1706 -0.3674
vn 0.0037 0.0902 0.9959
vn -0.3298 0.4958 0.8034
vn -0.2637 -0.8194 0.5090
vn -0.0165 -0.9970 0.0760
vn 0.6437 -0.0937 0.7595
vn 0.3434 -0.8777 0.3342
vn -0.7138 0.5836 0.3872
vn -0.6998 0.5657 0.4362
vn -0.6931 0.2146 0.6881
vn -0.3733 0.5202 0.7681
vn 0.0492 -0.6687 0.7419
vn 0.5687 0.1420 0.8102
vn 0.4322 0.7116 0.5539
vn -0.2064 0.4353 -0.8763
vn 0.7404 0.1900 0.6448
vn 0.4692 0.8254 0.3139
vn -0.7856 -0.2537 0.5643
vn -0.9946 -0.0049 -0.1032
vn -0.8642 -0.3164 0.3911
vn -0.0563 -0.3052 0.9506
vn 0.7958 0.3886 0.4643
vn 0.6259 -0.4565 0.6323
vn 0.8945 0.0109 0.4468
vn -0.8276 0.0838 0.5550
vn -0.7818 0.3963 -0.4815
vn -0.8330 0.2977 0.4662
vn -0.8778 0.2239 0.4235
vn -0.6817 -0.3092 -0.6630
vn -0.2563 0.4739 0.8424
vn 0.8165 0.3163 0.4830
vn 0.8894 0.1614 -0.4278
vn 0.8376 0.3466 -0.4223
vn 0.8720 -0.2522 -0.4195
vn -0.8224 -0.4807 -0.3042
vn -0.6827 0.6452 0.3430
vn -0.1526 0.5371 0.8296
vn 0.8152 0.3123 0.4877
vn -0.2081 0.9452 0.2517
vn 0.8481 0.3126 0.4278
vn 0.6556 0.6885 0.3101
vn -0.0337 -0.9990 -0.0286
vn 0.0083 -0.8885 -0.4587
vn 0.8412 0.3292 -0.4290
vn 0.9345 0.1535 -0.3211
vn -0.7012 -0.6486 -0.2962
vn -0.9772 -0.1428 -0.1569
vn -0.5079 0.8590 -0.0644
vn -0.6071 -0.5459 -0.5774
vn -0.1907 -0.6854 -0.7027
vn -0.5669 0.6588 -0.4946
vn -0.1374 -0.0930 -0.9861
vn -0.0503 -0.7615 -0.6463
vn -0.3212 -0.0990 -0.9418
vn -0.2252 0.6603 -0.7165
vn 0.0157 0.8338 -0.5519
vn -0.1641 -0.1322 -0.9775
vn 0.4590 0.7900 -0.4066
vn 0.7666 -0.2713 -0.5820
vn 0.5043 0.8449 -0.1784
vn 0.7123 -0.2406 -0.6593
vn -0.9836 -0.1209 -0.1335
vn -0.7399 0.4313 -0.5162
vn -0.4754 0.4369 -0.7636
vn 0.3549 -0.3013 -0.8850
vn 0.2636 0.5897 -0.7634
vn -0.0222 0.4142 -0.9099
vn 0.7647 -0.3104 -0.5647
vn 0.9607 -0.2228 -0.1658
vn -0.3734 -0.8946 0.2454
vn -0.0451 -0.9890 0.1411
vn -0.1408 -0.9415 0.3062
vn 0.7875 -0.5782 0.2134
vn -0.9203 0.3904 0.0241
vn -0.9577 -0.0847 0.2750
vn -0.8977 -0.4037 0.1766
vn -0.9681 -0.2501 0.0172
vn 0.0236 0.4940 -0.8691
vn 0.1005 0.8777 0.4685
vn 0.8293 -0.5275 0.1843
vn -0.5499 0.5774 0.6036
vn 0.0075 0.5676 -0.8233
vn 0.7845 0.3658 -0.5007
vn 0.0677 0.2123 0.9749
vn 0.0795 0.6518 0.7543
vn 0.2782 -0.3362 0.8998
vn -0.0292 0.4169 -0.9085
vn 0.0699 -0.9975 0.0078
vn -0.0387 -0.9980 0.0497
vn 0.9287 -0.2082 0.3068
vn -0.6708 0.5597 0.4866
vn -0.4873 0.7658 0.4197
vn -0.4837 0.7556 0.4417
vn -0.5779 0.0409 0.8151
vn -0.6938 0.1335 0.7077
vn 0.9723 0.1170 0.2021
vn 0.1027 0.7859 -0.6097
vn 0.7036 0.7093 0.0438
vn 0.4281 0.6891 -0.5847
vn 0.8656 0.5007 0.0067
vn -0.8678 -0.4950 -0.0433
vn 0.6331 -0.6728 0.3827
vn -0.9327 -0.3490 -0.0910
vn -0.5933 0.6077 -0.5278
vn -0.4113 -0.6717 0.6161
vn -0.7380 -0.5200 -0.4300
vn -0.8384 0.1365 -0.5277
vn -0.2577 0.0064 0.9662
vn -0.2970 -0.3488 0.8889
vn -0.0593 -0.0739 0.9955
vn 0.4738 -0.3596 0.8038
vn 0.9507 -0.2475 -0.1867
vn 0.9162 -0.1653 -0.3650
vn 0.7671 0.5780 0.2783
vn 0.7016 -0.5720 -0.4250
vn 0.9113 0.2457 -0.3303
vn 0.9031 -0.3895 0.1809
vn -0.5591 0.5142 0.6504
vn -0.5293 0.7604 0.3763
vn 0.0492 0.9940 0.0982
vn 0.0272 -0.0075 -0.9996
vn 0.4470 -0.8922 -0.0641
vn 0.9467 -0.0089 -0.3220
vn 0.5064 0.7350 0.4510
vn -0.8143 0.1024 0.5713
vn 0.4683 0.8657 -0.1769
vn 0.4276 -0.7293 0.5342
vn 0.3895 0.7750 0.4978
vn 0.7573 0.6528 -0.0169
vn 0.9127 0.0062 -0.4085
vn 0.8727 0.0451 -0.4862
vn 0.9285 0.0527 -0.3675
vn 0.7002 -0.2389 -0.6728
vn 0.5028 0.7302 -0.4626
vn 0.7285 -0.5464 -0.4131
vn 0.7480 -0.6194 -0.2381
vn -0.0032 0.9995 -0.0302
vn 0.5723 0.6734 -0.4680
vn -0.6101 -0.7431 0.2750
vn -0.1073 -0.9941 -0.0158
vn -0.3880 0.6206 0.6814
vn -0.5196 -0.6928 0.5000
vn -0.5544 -0.7388 0.3831
vn -0.5736 0.8166 0.0637
vn -0.3971 -0.7054 0.5872
vn -0.3302 -0.5296 0.7813
vn -0.4779 0.7569 0.4457
vn -0.7055 -0.6909 0.1579
vn -0.5532 -0.7591 0.3431
vn -0.9885 0.1412 0.0543
vn -0.5160 0.5889 -0.6221
vn -0.7857 -0.0406 -0.6172
vn -0.7757 0.6117 0.1553
vn -0.3650 -0.3535 0.8613
vn -0.3962 0.4215 0.8157
vn -0.5320 -0.4670 0.7063
vn -0.0451 0.0408 0.9982
vn -0.1083 -0.9940 -0.0161
vn -0.4377 -0.6858 -0.5814
vn -0.4949 -0.2561 -0.8304
vn -0.9969 0.0514 0.0603
vn -0.1159 0.1630 -0.9798
vn -0.8209 0.3913 -0.4159
vn -0.0569 -0.9788 -0.1966
vn -0.8807 -0.0622 -0.4697
vn -0.4496 -0.3537 -0.8202
vn -0.7043 0.5945 0.3880
vn -0.6133 -0.7894 -0.0273
vn -0.5073 0.8617 0.0047
vn -0.5272 0.6687 -0.5242
vn -0.8195 0.5206 0.2397
vn -0.9927 -0.0654 -0.1011
vn 0.0533 -0.9986 -0.0000
vn -0.0533 0.9986 -0.0000
vn -0.8581 -0.2613 0.4421
vn -0.9123 -0.1597 0.3771
vn -0.7052 0.6109 -0.3600
vn -0.6103 -0.7920 -0.0191
vn -0.7796 0.1936 -0.5956
vn -0.5784 0.3285 -0.7467
vn -0.4461 0.0629 -0.8928
vn -0.1663 -0.9858 -0.0230
vn 0.0871 -0.9941 0.0643
vn 0.1428 0.0316 0.9892
vn 0.1175 -0.9909 0.0659
vn 0.6664 0.3327 0.6672
vn 0.0191 0.6921 0.7215
vn 0.3245 -0.6743 0.6634
vn 0.3615 0.7411 0.5658
vn 0.4771 -0.8690 0.1317
vn 0.6019 0.4015 0.6903
vn 0.5293 0.7954 0.2954
vn 0.7622 0.5958 0.2532
vn -0.1110 0.2269 0.9676
vn -0.6314 0.1594 -0.7589
vn -0.1105 0.4269 0.8975
vn 0.0886 0.3361 0.9377
vn 0.8763 0.4325 0.2122
vn 0.9844 0.1757 0.0006
vn 0.3648 -0.6492 0.6674
vn -0.1809 0.0859 0.9798
vn 0.4790 -0.7131 0.5119
vn 0.7685 -0.1644 0.6183
vn -0.3831 -0.8929 -0.2367
vn 0.6357 -0.6477 0.4200
vn 0.4149 0.4777 0.7744
vn 0.1770 0.5861 -0.7907
vn 0.8254 0.5631 -0.0405
vn 0.0038 -0.0242 -0.9997
vn 0.7352 0.6569 -0.1675
vn 0.2774 0.6108 -0.7416
vn 0.2127 -0.3514 -0.9118
vn 0.5855 0.6092 -0.5349
vn 0.5990 0.5588 -0.5736
vn 0.7012 -0.7128 -0.0164
vn 0.0929 -0.2113 -0.9730
vn 0.0610 -0.3030 -0.9510
vn 0.0933 0.6876 -0.7201
vn 0.5620 0.5692 -0.6001
vn 0.8952 -0.2164 -0.3896
vn 0.5929 -0.6984 -0.4009
vn 0.9254 -0.2174 -0.3103
vn 0.9420 0.2254 -0.2487
vn 0.5242 -0.6794 -0.5134
vn 0.5954 -0.6903 -0.4112
vn -0.2604 -0.6570 -0.7075
vn -0.1006 0.9671 -0.2336
vn -0.0546 -0.4003 0.9148
vn 0.7227 -0.5108 -0.4656
vn 0.8266 -0.0853 -0.5563
vn -0.0451 0.4755 0.8785
vn 0.5596 0.1140 0.8209
vn 0.8914 -0.4412 -0.1033
vn 0.6166 0.7805 0.1025
vn 0.7932 -0.6002 -0.1027
vn -0.2402 0.8377 0.4904
vn -0.6211 0.2647 0.7377
vn -0.5939 0.1702 0.7863
vn -0.1785 0.7840 -0.5946
vn 0.9436 0.2783 0.1791
vn 0.9507 0.2273 0.2108
vn 0.5895 0.7244 0.3574
vn 0.7334 0.6269 0.2630
vn 0.6578 0.7346 0.1664
vn 0.2729 0.6430 -0.7156
vn 0.7034 0.6967 0.1408
vn 0.0534 0.3847 0.9215
vn -0.5164 -0.3391 0.7864
vn -0.4196 -0.6452 -0.6385
vn -0.0771 0.1638 -0.9835
vn -0.2786 -0.3848 -0.8799
vn -0.0686 0.5762 -0.8144
vn 0.0177 -0.6628 0.7486
vn 0.0283 -0.7059 0.7077
vn 0.4228 -0.4142 0.8061
vn -0.8208 0.1890 0.5391
vn -0.0326 -0.9995 -0.0005
vn 0.3276 0.3980 -0.8569
vn 0.3086 0.2375 0.9211
vn 0.8436 0.4960 -0.2056
vn 0.2502 0.4691 -0.8470
vn 0.8994 0.1474 0.4116
vn 0.2049 0.8822 0.4240
vn -0.6914 -0.7165 0.0925
vn -0.8727 -0.3731 0.3151
vn -0.7516 0.5866 0.3016
vn -0.9189 0.3932 -0.0311
vn -0.7670 0.4672 0.4398
vn -0.9180 0.3955 -0.0289
vn -0.7933 -0.5312 -0.2976
vn -0.5622 -0.6794 -0.4716
vn -0.7195 0.6328 -0.2862
vn -0.4836 -0.5826 -0.6532
vn 0.1632 -0.1159 0.9798
vn 0.3185 0.4700 0.8232
vn -0.0860 -0.9962 -0.0112
vn 0.0037 -0.9999 0.0160
vn -0.7428 0.5518 0.3792
vn -0.6956 0.7085 0.1190
vn -0.8739 -0.4593 0.1592
vn -0.2872 0.4540 0.8434
vn -0.3575 -0.6172 0.7009
vn -0.3701 0.5757 0.7291
vn -0.2328 0.6884 0.6870
vn -0.6114 0.5307 0.5870
vn 0.3993 -0.6007 0.6926
vn -0.9922 -0.0962 -0.0791
vn -0.8797 0.4343 -0.1937
vn -0.3573 0.4145 0.8370
vn 0.6213 0.0457 0.7823
vn 0.7558 0.1224 0.6432
vn -0.1760 -0.7146 0.6770
vn -0.7303 0.1336 0.6699
vn -0.4717 0.1136 0.8744
vn 0.9475 0.2616 -0.1840
vn -0.6760 -0.1152 -0.7278
vn -0.4715 -0.3195 0.8220
vn -0.3394 -0.2360 0.9106
vn 0.6352 0.6162 0.4656
vn 0.7338 0.5824 0.3497
vn 0.9560 -0.2921 0.0280
vn -0.9172 -0.3752 -0.1339
vn -0.5314 -0.4231 0.7339
vn -0.6825 0.4874 0.5447
vn -0.7494 0.4136 0.5171
vn 0.8507 0.0469 0.5236
vn -0.7376 -0.0441 0.6738
vn -0.9604 -0.2788 0.0027
vn -0.0009 0.9977 0.0672
vn -0.1453 0.9569 0.2514
vn 0.6599 -0.2386 0.7125
vn -0.5856 0.4938 0.6428
vn -0.3182 -0.1607 -0.9343
vn 0.2151 0.4618 -0.8605
vn -0.0684 -0.1447 0.9871
vn -0.0668 0.3227 -0.9441
vn -0.1663 -0.1598 0.9730
vn 0.3724 -0.5812 0.7235
vn 0.0250 -0.5219 -0.8527
vn -0.6564 -0.0554 -0.7524
vn -0.4266 0.6336 -0.6454
vn -0.4736 0.5581 -0.6813
vn -0.2035 0.4684 -0.8598
vn -0.3756 0.6176 -0.6910
vn -0.2796 0.4683 -0.8381
vn -0.2424 -0.7719 -0.5878
vn 0.1400 0.6389 -0.7564
vn 0.1422 -0.4888 -0.8607
vn -0.4928 0.6186 -0.6119
vn -0.3251 0.2201 -0.9197
vn -0.6138 0.1356 -0.7777
vn -0.3037 0.2365 -0.9229
vn -0.0292 -0.0440 -0.9986
vn -0.0890 0.4160 0.9050
vn 0.4269 -0.3241 -0.8442
vn 0.2909 -0.1174 -0.9495
vn 0.6298 0.6839 -0.3682
vn 0.2508 -0.7281 -0.6379
vn -0.8804 -0.1517 -0.4493
vn -0.8728 0.4880 -0.0046
vn -0.8737 -0.1777 -0.4529
vn -0.1697 0.6382 -0.7509
vn -0.0087 0.6887 -0.7250
vn 0.6750 0.1825 -0.7149
vn 0.5717 -0.1744 -0.8017
vn -0.0979 0.9690 -0.2269
vn 0.1979 -0.9589 0.2033
vn -0.3234 0.8210 0.4704
vn -0.4047 0.3136 -0.8590
vn -0.2614 -0.6773 0.6877
vn -0.2971 -0.2025 0.9331
vn -0.0683 -0.4898 0.8692
vn 0.0487 0.4461 0.8937
vn 0.2780 0.9352 0.2195
vn 0.3493 0.1607 0.9231
vn -0.0659 -0.9969 -0.0428
vn -0.0609 -0.9972 -0.0425
vn 0.3929 0.3624 -0.8452
vn 0.3537 0.3590 -0.8637
vn -0.8502 0.4914 0.1887
vn -0.5910 0.5586 -0.5820
vn -0.5547 0.6116 -0.5641
vn -0.9157 0.2104 0.3424
vn 0.0617 0.2756 -0.9593
vn 0.5150 0.7311 0.4475
vn -0.9679 0.0199 0.2506
vn -0.7831 -0.6108 0.1173
vn 0.6936 -0.7186 -0.0503
vn 0.7742 -0.5495 0.3141
vn 0.9026 -0.3445 -0.2582
vn 0.4181 0.0445 -0.9073
vn 0.5503 0.6921 -0.4671
vn -0.8145 0.1205 0.5675
vn -0.1247 0.5628 -0.8171
vn -0.5008 0.7811 0.3730
vn 0.7030 0.7109 -0.0204
vn 0.5350 0.3920 0.7484
vn 0.4603 -0.8097 0.3640
vn 0.6009 -0.6305 0.4914
vn 0.3450 0.5970 0.7243
vn 0.3665 0.8737 0.3199
vn 0.3135 0.5843 0.7486
vn 0.6421 -0.6930 0.3280
vn 0.3870 0.6565 0.6475
vn 0.8069 -0.5530 0.2076
vn 0.7985 0.5010 0.3338
vn -0.1749 -0.1342 0.9754
vn 0.7606 0.2029 0.6167
vn 0.8085 0.0898 0.5815
vn 0.6982 -0.5979 0.3937
vn 0.7983 0.5620 0.2164
vn 0.4500 0.3606 0.8170
vn 0.3550 0.1695 -0.9193
vn 0.4144 0.9085 -0.0527
vn 0.6037 -0.3036 -0.7371
vn 0.1207 -0.9839 -0.1320
vn 0.5649 -0.1290 -0.8150
vn 0.3576 0.6901 -0.6292
vn 0.4458 -0.6917 -0.5681
vn 0.4583 -0.7682 -0.4470
vn 0.8741 0.4690 -0.1266
vn 0.8324 0.4853 -0.2676
vn 0.4774 0.6985 -0.5331
vn 0.6046 -0.6864 -0.4041
vn 0.7849 0.5418 -0.3004
vn 0.7328 0.6073 -0.3069
vn 0.6466 -0.1715 -0.7433
vn 0.3212 0.6108 0.7238
vn 0.4698 0.7797 0.4139
vn 0.8492 -0.5047 0.1554
vn 0.1881 -0.9075 -0.3755
vn 0.5422 0.6621 -0.5174
vn 0.6948 0.2986 -0.6543
vn 0.8476 0.4694 0.2475
vn -0.8378 0.4269 0.3402
vn -0.9927 -0.0722 -0.0966
vn 0.1567 -0.4807 0.8628
vn -0.8659 0.4342 -0.2485
vn -0.1951 -0.9802 -0.0352
vn -0.3479 0.7839 0.5143
vn -0.5124 0.7259 -0.4588
vn -0.5654 0.6469 -0.5117
vn -0.6625 0.2386 0.7100
vn -0.5712 0.5223 0.6332
vn -0.7397 0.6102 0.2837
vn -0.9681 -0.2288 0.1018
vn -0.4247 0.0045 0.9053
vn -0.5769 0.6446 0.5016
vn -0.6448 0.2565 -0.7200
vn 0.2118 0.6694 0.7121
vn -0.1757 -0.1871 0.9665
vn 0.7582 0.1226 -0.6404
vn -0.1947 0.1912 -0.9620
vn -0.2920 0.7869 -0.5436
vn -0.9197 -0.3175 -0.2310
vn -0.6759 -0.7137 -0.1838
vn -0.6264 -0.2775 -0.7284
vn 0.0345 0.4206 0.9066
vn 0.2175 -0.5222 0.8246
vn -0.1093 -0.6440 0.7572
vn 0.1379 -0.5320 0.8354
vn 0.2196 -0.3720 0.9019
vn 0.9535 -0.2909 0.0783
vn 0.0123 0.6362 -0.7715
vn -0.1566 0.1056 0.9820
vn -0.2150 0.3398 -0.9156
vn -0.5583 0.5895 -0.5838
vn -0.2883 0.3353 -0.8969
vn 0.1179 0.1547 -0.9809
vn -0.8051 -0.2828 0.5213
vn -0.6425 -0.2582 0.7214
vn -0.0643 -0.9662 -0.2498
vn 0.3665 -0.9039 -0.2204
vn 0.1442 -0.9462 0.2896
vn -0.9335 0.2828 0.2206
vn -0.9175 0.2859 0.2764
vn -0.4378 0.5360 0.7218
vn -0.3167 0.1664 0.9338
vn -0.1507 0.7742 0.6148
vn -0.5558 0.1385 0.8197
vn -0.5351 0.0531 0.8431
vn -0.2763 0.5585 0.7821
vn -0.3806 -0.0142 0.9246
vn -0.3188 0.4752 0.8201
vn 0.0165 0.9967 -0.0791
vn -0.0000 0.9489 0.3154
vn -0.0301 -0.9781 0.2061
vn -0.4055 -0.9132 0.0402
vn -0.7052 -0.4925 -0.5100
vn -0.2512 -0.9669 0.0455
vn -0.0085 -0.9995 0.0299
vn -0.5121 -0.5845 -0.6294
vn 0.0081 -0.9996 -0.0278
vn -0.8064 0.3479 -0.4782
vn -0.4922 0.5453 -0.6785
vn 0.0518 0.3815 -0.9229
vn -0.9992 0.0410 -0.0026
vn -0.5783 -0.0066 -0.8158
vn -0.9736 0.2068 -0.0965
vn -0.9960 0.0591 -0.0672
vn -0.3924 0.8232 -0.4103
vn -0.0633 0.9973 0.0361
vn -0.0524 -0.5807 -0.8124
vn -0.6531 0.7526 0.0838
vn -1.0000 0.0044 -0.0016
vn -0.1623 -0.0345 -0.9861
vn 0.6671 -0.7370 0.1087
vn -0.3140 0.1180 0.9421
vn -0.2924 -0.9035 0.3133
vn -0.5748 0.3343 -0.7469
vn 0.4047 0.5472 0.7327
vn 0.6028 0.5174 0.6074
vn -0.0746 -0.9529 -0.2940
vn -0.0123 -0.8376 -0.5462
vn -0.5022 0.0240 -0.8644
vn -0.3758 -0.2171 -0.9009
vn 0.0225 -0.9997 0.0091
vn 0.5936 0.2291 0.7714
vn 0.8587 0.3290 -0.3929
vn 0.7461 0.6150 0.2552
vn 0.9962 0.0016 -0.0872
vn 0.3460 0.7295 0.5900
vn 0.6043 0.4255 0.6736
vn 0.1504 0.0680 0.9863
vn 0.4693 0.7581 -0.4529
vn 0.3443 0.6515 -0.6760
vn 0.7234 0.6623 0.1954
vn 0.6896 0.1255 0.7132
vn 0.7904 0.3979 -0.4659
vn 0.9263 -0.2480 0.2835
vn 0.5051 -0.2855 -0.8145
vn 0.2843 0.5355 -0.7952
vn 0.3484 -0.4188 -0.8386
vn 0.4231 0.7925 0.4394
vn 0.6156 -0.7687 0.1734
vn 0.9644 -0.2236 0.1409
vn 0.1860 -0.9326 0.3091
vn -0.0174 -0.9993 -0.0322
vn 0.2524 -0.9657 0.0602
vn 0.3204 -0.6693 0.6704
vn 0.2951 0.6956 0.6550
vn 0.5036 0.0212 0.8637
vn 0.7700 0.3190 0.5526
vn 0.7378 0.4182 0.5299
vn 0.8380 0.2755 0.4710
vn 0.6592 0.5508 0.5120
vn 0.8473 -0.0596 -0.5277
vn 0.1118 0.0503 0.9925
vn 0.1020 -0.0952 0.9902
vn 0.3571 -0.6647 0.6562
vn 0.7652 0.0537 0.6415
vn 0.0301 0.9781 -0.2061
vn 0.1813 -0.9834 -0.0000
vn -0.1813 0.9834 -0.0000
vn 0.1156 0.9905 0.0744
vn 0.8027 0.3870 -0.4537
vn -0.1507 -0.8736 0.4627
vn 0.6820 -0.7314 -0.0020
vn 0.2197 0.5316 -0.8180
vn 0.9834 0.1073 0.1466
vn 0.7697 0.4742 -0.4275
vn 0.2673 0.0169 -0.9635
vn 0.3626 0.1245 0.9236
vn 0.9859 -0.0357 -0.1634
vn 0.0147 0.9998 -0.0150
vn -0.0273 0.9914 0.1282
vn 0.8513 0.0768 -0.5190
vn -0.0000 -0.3110 -0.9504
vn 0.5368 0.8382 -0.0964
vn -0.2659 -0.9419 0.2053
vn 0.3199 0.6305 0.7072
vn 0.0896 0.1116 -0.9897
vn 0.0961 0.0503 -0.9941
vn -0.2263 0.9714 -0.0715
vn 0.1273 0.1128 -0.9854
vn -0.9887 -0.1478 -0.0250
vn 0.1304 0.9400 -0.3153
vn -0.2110 -0.9622 0.1722
vn 0.9887 0.1478 0.0250
vn 0.0286 -0.7963 -0.6042
vn 0.4649 -0.4532 -0.7605
vn 0.4418 0.5295 -0.7242
vn -0.9000 -0.0949 0.4254
vn -0.8544 0.5039 0.1265
vn -0.8294 0.1853 0.5270
vn -0.7823 0.6086 -0.1328
vn -0.7140 -0.6887 -0.1265
vn -0.7735 -0.6333 0.0261
vn -0.5963 -0.7966 0.0996
vn -0.7699 0.6371 -0.0371
vn -0.8011 -0.0067 -0.5985
vn -0.3322 -0.4093 0.8498
vn -0.6167 -0.0069 -0.7872
vn -0.3853 -0.7296 0.5650
vn 0.0307 -0.9980 0.0548
vn 0.2152 -0.8422 0.4944
vn 0.0340 -0.9990 0.0300
vn -0.7729 0.6080 0.1817
vn -0.4434 0.7212 0.5321
vn -0.7170 0.0455 0.6955
vn 0.0171 0.5064 -0.8621
vn -0.7628 0.0208 0.6463
vn -0.2343 0.0385 -0.9714
vn 0.7173 0.6968 -0.0078
vn 0.2319 0.6529 -0.7211
vn 0.1800 0.6783 0.7123
vn -0.3426 -0.5160 0.7851
vn -0.8895 -0.4365 0.1350
vn -0.8333 0.5251 -0.1731
vn -0.9270 0.1939 -0.3211
vn -0.6161 -0.6596 -0.4306
vn -0.6055 -0.6285 -0.4882
vn -0.7272 0.3552 -0.5873
vn 0.4291 -0.5262 -0.7342
vn -0.8417 -0.2484 -0.4794
vn 0.0632 -0.5439 -0.8368
vn -0.0666 0.2003 -0.9775
vn 0.4049 0.4667 0.7863
vn 0.6113 -0.2740 0.7425
vn 0.8201 0.3283 -0.4687
vn 0.7779 0.2663 0.5691
vn 0.5668 -0.8202 -0.0781
vn 0.2999 0.2304 0.9257
vn -0.9722 0.0607 -0.2263
vn -0.1673 0.2697 0.9483
vn -0.1611 0.2752 0.9478
vn -0.1794 0.9484 -0.2614
vn -0.0509 0.4009 0.9147
vn -0.5716 -0.2213 -0.7901
vn -0.5218 -0.0346 0.8523
vn -0.0583 -0.7769 0.6269
vn 0.0947 0.6817 0.7254
vn 0.0904 -0.9880 0.1253
vn 0.6629 0.0039 0.7487
vn 0.1964 -0.9590 0.2045
vn -0.7504 -0.2984 0.5898
vn -0.7520 0.0998 0.6515
vn -0.9039 -0.2646 0.3360
vn -0.0116 -0.3280 0.9446
vn 0.0058 0.1380 0.9904
vn 0.2819 -0.2381 0.9294
vn 0.1664 -0.0364 0.9854
vn 0.3887 -0.4356 0.8118
vn 0.1000 -0.5497 0.8294
vn -0.7213 0.6398 -0.2654
vn 0.3389 -0.6297 0.6990
vn 0.4042 0.3243 0.8552
vn 0.4920 -0.7591 0.4262
vn -0.6475 -0.3793 0.6610
vn -0.6289 -0.1525 0.7624
vn -0.3037 -0.2781 0.9113
vn 0.5392 0.4515 0.7110
vn -0.2949 0.0890 0.9514
vn 0.5253 0.4468 0.7242
vn -0.6091 -0.7904 -0.0646
vn 0.0522 -0.7216 0.6903
vn -0.0330 0.5724 0.8193
vn 0.7214 -0.6900 -0.0592
vn 0.7302 -0.6817 -0.0458
vn -0.4728 0.6547 0.5897
vn 0.0343 0.9868 0.1582
vn 0.7171 -0.1205 0.6865
vn 0.9954 -0.0702 0.0647
vn -0.1382 -0.7973 -0.5876
vn -0.0801 0.0138 -0.9967
vn -0.2641 -0.2054 -0.9424
vn 0.2553 -0.9417 -0.2193
vn -0.4785 0.7443 -0.4658
vn -0.3088 -0.6452 -0.6988
vn -0.8489 0.3369 0.4074
vn -0.2269 -0.5385 -0.8115
vn -0.4277 -0.5256 -0.7354
vn -0.0290 0.5657 -0.8241
vn -0.6059 0.1386 -0.7834
vn 0.2927 -0.0852 -0.9524
vn 0.4869 0.3896 -0.7818
vn -0.9921 0.0733 -0.1014
vn -0.9887 0.1409 0.0503
vn -0.6559 0.4458 -0.6091
vn -0.9056 0.0262 -0.4234
vn 0.1684 -0.9466 -0.2749
vn 0.9218 -0.0825 -0.3788
vn 0.8718 0.3152 0.3751
vn 0.9153 -0.0616 -0.3980
vn 0.9249 -0.0821 -0.3713
vn 0.5398 0.8113 -0.2245
vn -0.7046 0.4622 0.5385
vn 0.5722 0.6494 0.5008
vn -0.6465 -0.7497 -0.1415
vn 0.7140 0.3036 0.6308
vn -0.7547 -0.0536 0.6539
vn -0.8326 -0.1155 0.5417
vn 0.8150 0.2554 0.5201
vn 0.7850 -0.4641 0.4103
vn 0.7888 -0.4664 0.4003
vn 0.7367 0.1915 -0.6485
vn 0.9099 0.2416 0.3371
vn -0.6898 0.6039 -0.3994
vn -0.0838 -0.2953 -0.9517
vn 0.6550 -0.1941 -0.7303
vn -0.1997 -0.2092 -0.9573
vn 0.8991 -0.1193 -0.4211
vn 0.8768 0.0017 -0.4809
vn 0.0581 -0.9982 0.0139
vn 0.9610 0.2717 -0.0519
vn -0.0914 -0.8821 -0.4620
vn 0.6735 0.6050 0.4248
vn 0.8987 0.1829 -0.3985
vn 0.5873 -0.7761 0.2297
vn 0.9124 0.3856 0.1375
vn 0.6476 0.7300 -0.2186
vn 0.5531 0.8316 -0.0497
vn 0.7227 -0.6796 0.1257
vn 0.6549 -0.3743 -0.6565
vn 0.5536 0.8315 -0.0463
vn 0.9344 -0.3529 0.0482
vn -0.9976 0.0577 -0.0376
vn -0.4121 -0.9102 -0.0415
vn -0.6850 0.5984 -0.4154
vn -0.7705 0.5305 0.3534
vn -0.6466 -0.5406 0.5382
vn -0.6017 -0.5668 -0.5628
vn -0.7117 0.0998 -0.6953
vn 0.1462 0.9863 0.0768
vn -0.7737 -0.4985 0.3909
vn -0.8579 0.4185 -0.2982
vn -0.8266 0.2784 0.4892
vn -0.6851 0.7277 -0.0330
vn -0.6723 0.4774 0.5657
vn -0.0238 -0.9995 -0.0183
vn -0.5812 0.6439 0.4976
vn -0.5613 0.6125 0.5566
vn -0.1425 -0.5680 0.8106
vn -0.4012 -0.4675 0.7877
vn -0.3294 -0.9420 -0.0647
vn -0.9471 0.1634 -0.2763
vn -0.8719 0.1934 -0.4500
vn -0.7053 0.3167 -0.6342
vn -0.3977 -0.4121 -0.8198
vn -0.3322 0.4201 -0.8445
vn -0.7475 0.2393 0.6196
vn -0.7269 -0.6319 -0.2689
vn -0.7131 0.6761 -0.1854
vn -0.6841 0.7154 -0.1420
vn -0.7249 0.0382 -0.6878
vn -0.7690 0.1979 -0.6078
vn -0.7311 -0.6786 0.0708
vn -0.2287 0.2134 -0.9498
vn 0.1287 -0.0343 -0.9911
vn -0.2632 0.0937 -0.9602
vn -0.0929 0.6785 -0.7287
vn -0.4256 0.5019 -0.7530
vn -0.9838 0.0154 -0.1785
vn -0.5837 0.3418 -0.7365
vn -0.8642 -0.4987 -0.0670
vn -0.8968 -0.3376 -0.2858
vn -0.6795 -0.5713 -0.4603
vn -0.8199 -0.5539 -0.1448
vn -0.2879 -0.4910 -0.8222
vn -0.4125 -0.6773 0.6091
vn -0.1811 -0.1910 -0.9647
vn -0.4862 -0.7062 -0.5147
vn -0.1689 0.6385 -0.7509
vn -0.5380 0.8362 -0.1061
vn -0.9830 -0.0000 0.1834
vn 0.3215 -0.5079 0.7991
vn 0.1469 0.6173 0.7729
vn 0.0453 -0.9960 0.0771
vn 0.0478 -0.9985 0.0282
vn 0.9698 0.0341 -0.2416
vn -0.0628 -0.0133 0.9979
vn -0.1024 0.7271 -0.6789
vn 0.6839 0.4696 -0.5584
vn 0.9674 -0.2114 -0.1397
vn -0.5139 0.3067 -0.8012
vn 0.3946 0.7263 0.5628
vn 0.4186 0.5143 0.7485
vn 0.4381 0.8642 -0.2473
vn 0.9592 0.2123 -0.1870
vn 0.1613 -0.2330 0.9590
vn -0.8410 0.0367 0.5397
vn -0.4495 -0.5979 -0.6637
vn 0.0348 -0.6581 -0.7521
vn 0.3448 -0.0684 -0.9362
vn 0.4606 -0.2682 0.8461
vn 0.6846 0.3749 0.6252
vn 0.5689 -0.5935 -0.5693
vn 0.8259 0.3281 -0.4585
vn 0.9129 -0.0901 -0.3982
vn 0.8629 0.4369 -0.2538
vn 0.6008 -0.4557 0.6568
vn 0.2394 0.7762 0.5833
vn 0.3446 0.6933 0.6329
vn -0.0087 0.3947 -0.9188
vn -0.1058 0.5885 0.8016
vn 0.1080 -0.9906 0.0844
vn 0.0674 0.3440 0.9365
vn 0.2131 -0.9422 0.2584
vn 0.6818 0.3453 0.6450
vn -0.0826 -0.6211 0.7794
vn 0.0758 0.7358 0.6729
vn -0.0297 -0.4861 0.8734
vn 0.3637 0.6063 0.7072
vn 0.6204 -0.3416 0.7060
vn 0.5578 0.0423 0.8289
vn 0.8683 0.1502 0.4728
vn 0.5671 0.5173 0.6409
vn 0.8590 -0.4825 -0.1709
vn -0.4680 0.7323 0.4948
vn -0.3651 0.3798 0.8500
vn -0.2516 0.3351 0.9080
vn 0.7992 -0.2484 0.5474
vn 0.0807 0.5250 0.8473
vn 0.3870 0.4208 0.8205
vn -0.1849 -0.3488 0.9188
vn -0.0586 -0.9936 -0.0970
vn -0.1264 -0.9094 -0.3962
vn 0.3901 0.7686 -0.5071
vn 0.6084 -0.7129 0.3487
vn 0.5518 0.6422 -0.5321
vn 0.8142 0.5433 -0.2048
vn 0.0226 0.0783 -0.9967
vn 0.2407 0.3272 -0.9138
vn 0.2416 -0.8163 -0.5247
vn -0.0418 0.6570 -0.7527
vn -0.0567 -0.0266 -0.9980
vn 0.9352 -0.3446 0.0811
vn 0.7410 -0.3507 -0.5726
vn 0.9028 -0.4106 0.1280
vn 0.2713 0.7432 -0.6115
vn 0.4792 -0.7475 -0.4600
vn 0.5299 0.6964 -0.4839
vn 0.5870 -0.7049 -0.3983
vn 0.6524 0.7557 0.0570
vn 0.6516 0.7563 0.0584
vn 0.6694 -0.5753 -0.4699
vn 0.6919 -0.7068 -0.1476
vn -0.2171 -0.9758 -0.0253
vn 0.0172 0.1242 -0.9921
vn 0.8599 0.5000 0.1030
vn 0.0996 -0.0746 0.9922
vn 0.7192 0.0039 0.6948
vn 0.2746 0.0212 -0.9613
vn 0.6981 0.6763 -0.2352
vn 0.7537 0.6251 0.2030
vn 0.0192 -0.8036 0.5949
vn -0.0280 0.9918 0.1243
vn 0.7502 0.6578 0.0674
vn 0.2695 0.4790 0.8354
vn 0.0607 0.9979 0.0232
vn 0.2014 -0.8416 -0.5011
vn 0.0231 0.8578 -0.5135
vn 0.4834 -0.8002 0.3550
vn 0.9897 0.0807 0.1185
vn 0.5443 -0.0329 -0.8383
vn 0.2201 -0.9299 0.2946
vn -0.0375 0.7645 -0.6435
vn 0.5741 -0.4732 -0.6682
vn 0.7852 -0.5698 -0.2423
vn 0.7876 0.3642 -0.4970
vn 0.6313 -0.5942 -0.4984
vn -0.5875 0.5446 -0.5986
vn 0.2978 0.4638 -0.8344
vn -0.7074 0.6450 0.2892
vn -0.7005 0.6539 0.2860
vn -0.6921 0.3110 0.6514
vn -0.6983 -0.5480 0.4605
vn -0.7449 -0.5585 -0.3650
vn -0.7353 -0.5679 -0.3699
vn -0.7704 0.4876 -0.4107
vn -0.1859 0.3557 0.9159
vn -0.9406 0.2241 -0.2551
vn -0.8556 0.4300 0.2883
vn -0.0609 -0.9981 0.0006
vn -0.0304 -0.9992 -0.0267
vn -0.3584 0.2633 -0.8957
vn -0.1907 0.1054 0.9760
vn -0.0889 0.5044 0.8589
vn 0.1771 0.7179 0.6732
vn -0.7803 0.6253 -0.0118
vn -0.0739 0.5863 0.8067
vn -0.5792 0.7808 0.2343
vn -0.5457 0.7231 -0.4235
vn -0.9560 0.2635 0.1290
vn -0.9794 -0.1840 0.0837
vn -0.1939 0.4936 0.8478
vn 0.6060 0.2060 0.7683
vn 0.6931 0.3275 -0.6422
vn 0.5164 0.7493 0.4146
vn 0.5651 0.2958 0.7702
vn 0.5647 0.4035 -0.7200
vn -0.1165 0.6148 -0.7800
vn 0.4692 0.7720 -0.4288
vn -0.4113 -0.5462 0.7297
vn -0.2283 -0.6290 -0.7432
vn 0.0303 -0.3974 0.9171
vn 0.8463 -0.3212 -0.4249
vn 0.8050 -0.5880 -0.0787
vn 0.6090 0.0733 0.7898
vn 0.0964 -0.5250 -0.8456
vn -0.1105 0.5109 -0.8525
vn 0.7007 -0.6959 -0.1572
vn 0.3167 0.0999 -0.9432
vn -0.7249 -0.0904 -0.6829
vn 0.0993 0.5542 0.8264
vn 0.4921 0.0620 0.8683
vn 0.0916 0.9658 -0.2427
vn -0.4047 0.4402 -0.8015
vn 0.4159 -0.6363 -0.6497
vn -0.6683 0.1616 0.7261
vn 0.2944 0.2541 0.9213
vn -0.3311 -0.7100 0.6216
vn -0.3997 0.1054 0.9106
vn -0.6998 0.2335 0.6752
vn -0.4107 0.6833 0.6036
vn -0.6489 0.3703 0.6647
vn -0.3426 0.5895 0.7316
vn -0.3560 -0.3593 0.8627
vn -0.2967 0.5858 0.7542
vn -0.7017 0.4249 0.5719
vn -0.4643 0.4185 0.7806
vn -0.5146 0.1464 0.8448
vn -0.6306 -0.2156 0.7456
vn -0.4458 0.6499 0.6156
vn -0.1690 -0.6499 0.7410
vn -0.0069 -0.7394 0.6732
vn 0.0099 0.0612 0.9981
vn -0.7170 0.0316 -0.6964
vn -0.6422 0.0819 0.7621
vn -0.6169 -0.1658 0.7694
vn 0.5990 -0.2851 0.7482
vn -0.1545 0.9711 0.1819
vn 0.1984 -0.9607 -0.1941
vn -0.3815 -0.9203 -0.0872
vn -0.6726 0.7356 0.0808
vn -0.8012 -0.5984 0.0002
vn -0.7310 -0.5471 -0.4078
vn -0.7282 -0.5489 -0.4103
vn -0.2929 0.6818 -0.6703
vn -0.5523 0.0920 -0.8285
vn 0.1003 0.2007 -0.9745
vn 0.0255 0.4533 -0.8910
vn -0.5666 0.7484 -0.3448
vn -0.8606 0.1974 0.4694
vn 0.8883 0.1703 -0.4266
vn -0.3470 0.8838 -0.3139
vn 0.5027 0.4705 -0.7252
vn 0.9696 0.2397 0.0487
vn -0.5600 -0.1520 -0.8144
vn 0.8188 0.0957 -0.5661
vn -0.1457 -0.2537 -0.9563
vn -0.9810 0.0620 -0.1840
vn -0.9482 -0.0017 -0.3177
vn -0.8978 0.1274 -0.4216
vn -0.5277 -0.0384 -0.8486
vn -0.4308 0.1753 0.8852
vn 0.9751 -0.1041 0.1959
vn -0.1550 0.2851 -0.9459
vn 0.9616 0.0645 -0.2669
vn -0.9739 0.1499 0.1705
vn -0.9554 -0.0212 0.2944
vn -0.7546 -0.2439 -0.6092
vn -0.9193 -0.2129 0.3311
vn 0.1563 -0.1904 -0.9692
vn 0.0874 -0.6883 -0.7201
vn 0.6148 -0.6646 0.4246
vn 0.0812 -0.1317 -0.9880
vn -0.0259 -0.2668 -0.9634
vn 0.8064 0.0826 0.5856
vn -0.9075 -0.2720 -0.3200
vn -0.8754 -0.4619 -0.1425
vn -0.8361 -0.5462 0.0502
vn -0.7669 0.5761 -0.2829
vn -0.3716 -0.2684 -0.8887
vn 0.7348 -0.2959 -0.6103
vn 0.0194 -0.2780 -0.9604
vn 0.8077 -0.2627 -0.5279
vn -0.2409 0.9703 0.0223
vn -0.8079 0.5862 0.0606
vn 0.0979 -0.0627 0.9932
vn 0.8255 -0.0663 0.5605
vn 0.3398 -0.0076 -0.9405
vn -0.2590 0.9083 -0.3285
vn 0.0962 0.9863 0.1342
vn 0.1570 0.9873 0.0228
vn -0.1191 -0.0000 0.9929
vn 0.1191 -0.0000 -0.9929
vn -0.2732 0.2977 -0.9147
vn -0.2848 0.6721 -0.6835
vn 0.3056 -0.6384 -0.7064
vn 0.2663 0.6981 -0.6646
vn 0.5374 0.4321 0.7242
vn 0.4033 -0.8554 0.3251
vn 0.7427 0.6696 0.0083
vn 0.8855 0.3414 -0.3150
vn 0.7436 0.6189 -0.2532
vn 0.6905 0.6946 0.2020
vn 0.5516 -0.7194 -0.4222
vn 0.5804 0.0540 -0.8125
vn 0.5896 -0.6997 -0.4035
vn 0.5447 0.7668 -0.3396
vn 0.1632 -0.5498 0.8192
vn -0.0043 -1.0000 0.0036
vn 0.3375 0.3373 0.8788
vn 0.8625 0.1039 0.4952
vn 0.5269 -0.8384 0.1396
vn 0.3041 -0.5278 0.7931
vn 0.7831 0.5466 0.2965
vn 0.2735 -0.9508 0.1453
vn 0.2593 0.7558 0.6013
vn 0.4456 -0.6978 -0.5608
vn 0.0288 -0.9996 -0.0080
vn 0.7270 0.6838 0.0628
vn 0.5189 0.0022 -0.8548
vn 0.7151 0.1641 -0.6795
vn -0.8729 -0.4784 -0.0962
vn 0.6643 0.6287 -0.4043
vn 0.4479 0.6744 -0.5869
vn 0.6994 -0.6222 -0.3518
vn 0.4999 0.6668 -0.5527
vn 0.8580 -0.2335 0.4574
vn 0.5376 -0.7313 0.4197
vn 0.9446 0.0966 -0.3138
vn 0.5413 0.4401 -0.7165
vn 0.8382 -0.2679 -0.4749
vn -0.7534 0.6408 -0.1475
vn -0.4152 0.0329 0.9091
vn -0.7116 0.7016 -0.0380
vn -0.5312 -0.6651 0.5249
vn -0.9629 -0.1696 0.2100
vn -0.6487 0.1463 0.7468
vn -0.4923 -0.6598 0.5677
vn -0.4716 0.7634 0.4413
vn -0.8527 -0.4244 -0.3047
vn -0.5093 0.5579 0.6552
vn -0.4538 0.7689 0.4504
vn -0.6641 -0.3018 0.6840
vn -0.8433 -0.3326 -0.4221
vn -0.8044 0.2499 0.5390
vn -0.7590 -0.6479 -0.0644
vn -0.2549 0.6202 0.7419
vn -0.3363 -0.6585 0.6732
vn -0.7168 0.5794 -0.3879
vn -0.1899 0.7735 -0.6046
vn -0.8643 -0.4571 -0.2098
vn -0.6984 0.6948 -0.1717
vn -0.7367 0.6413 -0.2144
vn -0.2111 -0.6877 -0.6947
vn -0.4145 0.7831 -0.4636
vn -0.1985 0.5308 -0.8239
vn -0.6624 -0.2921 -0.6899
vn -0.0000 -0.9613 0.2757
vn -0.8746 -0.4847 -0.0032
vn -0.9679 0.1374 0.2104
vn -0.8983 0.3596 0.2525
vn -0.7473 0.6402 0.1779
vn -0.7961 0.5048 0.3338
vn -0.8596 -0.4863 0.1569
vn -0.8787 -0.4761 -0.0357
vn 0.0300 -0.2862 0.9577
vn 0.2190 0.8614 0.4584
vn 0.0077 -0.9999 0.0102
vn 0.0073 -0.9999 0.0070
vn 0.0076 -1.0000 0.0061
vn 0.1286 -0.6295 0.7663
vn -0.1605 -0.2925 0.9427
vn 0.0717 0.6614 0.7466
vn 0.7277 -0.4607 0.5082
vn 0.5223 0.7056 0.4789
vn 0.8089 0.4631 0.3622
vn 0.6415 0.7594 -0.1084
vn -0.5255 0.8005 0.2881
vn -0.1566 0.8115 0.5630
vn -0.2784 -0.0988 0.9554
vn 0.3801 0.0357 0.9243
vn 0.9241 -0.0051 -0.3821
vn 0.9373 -0.0399 -0.3464
vn 0.5081 0.6231 0.5947
vn -0.7713 0.0761 0.6319
vn -0.2676 0.1423 -0.9530
vn -0.5233 0.2639 -0.8103
vn 0.6887 0.0152 0.7249
vn 0.8075 0.1832 0.5606
vn -0.4356 -0.8775 0.2007
vn -0.7297 0.5400 0.4194
vn -0.0000 0.9993 0.0383
vn -0.3037 0.1604 0.9392
vn -0.5231 0.1613 -0.8369
vn -0.0903 -0.8908 0.4454
vn 0.7911 0.1228 0.5993
vn 0.2295 -0.9355 0.2685
vn 0.4736 0.6602 0.5829
vn 0.4416 -0.8653 0.2371
vn 0.6118 -0.7019 -0.3649
vn -0.0437 -0.7718 0.6344
vn 0.8155 0.5569 -0.1574
vn -0.3939 0.9147 0.0904
vn -0.6486 0.7204 0.2456
vn -0.4393 0.7150 -0.5439
vn -0.7198 -0.4119 0.5588
vn 0.1997 0.8365 0.5103
vn 0.3258 -0.0601 -0.9435
vn 0.5277 -0.2673 0.8063
vn 0.4165 -0.5062 0.7552
vn 0.5358 -0.2816 0.7960
vn 0.3070 -0.0919 -0.9473
vn -0.9633 -0.2316 0.1358
vn 0.1629 0.4249 0.8905
vn -0.0748 0.5604 -0.8248
vn -0.2054 0.6347 -0.7450
vn 0.1183 -0.6148 -0.7798
vn 0.2939 0.6612 -0.6902
vn 0.4932 0.8321 -0.2539
vn 0.6095 0.6231 -0.4901
vn 0.4384 0.7299 -0.5245
vn 0.5427 -0.7217 -0.4297
vn 0.7368 0.3330 -0.5885
vn 0.1803 0.7483 -0.6383
vn -0.5843 -0.2963 -0.7555
vn -0.3575 -0.8376 -0.4130
vn 0.7122 0.6561 -0.2498
vn 0.5791 0.6991 -0.4193
vn -0.2959 -0.7883 -0.5394
vn 0.2070 -0.9772 -0.0478
vn 0.3955 -0.3807 -0.8359
vn 0.3535 -0.3347 -0.8735
vn 0.2326 0.8585 -0.4570
vn -0.1460 -0.7585 0.6351
vn -0.0329 0.5052 0.8624
vn -0.2103 -0.6874 0.6951
vn 0.0154 -0.9987 0.0496
vn 0.0015 -0.9509 0.3096
vn 0.6255 0.2160 0.7497
vn 0.4109 0.5878 -0.6969
vn 0.8557 0.5170 -0.0223
vn 0.8393 0.5328 -0.1081
vn 0.7217 0.6919 -0.0199
vn -0.5305 0.7384 -0.4163
vn -0.2765 0.8639 -0.4209
vn -0.9020 -0.0381 0.4302
vn -0.0651 0.7798 -0.6226
vn 0.9946 0.1030 0.0127
vn 0.3083 -0.5922 0.7445
vn 0.4112 0.6744 0.6133
vn 0.6504 0.5628 0.5101
vn 0.8060 0.5735 -0.1467
vn -0.7748 -0.5678 0.2782
vn -0.6796 -0.2972 -0.6707
vn -0.3895 -0.5703 -0.7232
vn 0.2294 0.6674 -0.7084
vn -0.1447 0.8491 0.5081
vn 0.0969 0.0173 -0.9951
vn 0.0947 -0.4909 -0.8661
vn -0.1704 -0.1899 -0.9669
vn 0.9407 0.1153 -0.3189
vn 0.7947 -0.3694 0.4816
vn -0.1085 -0.9816 -0.1570
vn 0.5205 -0.5977 -0.6098
vn -0.4326 0.3399 -0.8351
vn 0.2834 0.5333 0.7970
vn 0.7490 -0.4877 0.4485
vn 0.5786 -0.5622 0.5909
vn 0.5812 0.5621 0.5884
vn 0.5843 0.7854 0.2043
vn 0.7105 0.0396 -0.7026
vn -0.9316 0.3494 -0.1003
vn -0.2103 0.1654 0.9635
vn 0.1826 0.2982 0.9369
vn 0.9741 -0.1114 0.1970
vn -0.6602 -0.6275 -0.4128
vn 0.3866 0.5526 -0.7384
vn 0.8603 -0.3261 0.3918
vn 0.9090 0.2183 0.3551
vn 0.5728 0.7170 -0.3973
vn 0.6283 0.6848 -0.3690
vn 0.7790 0.2491 -0.5754
vn -0.3452 -0.9385 -0.0077
vn -0.9975 0.0708 0.0005
vn -0.1609 -0.9868 -0.0185
vn -0.6793 0.1682 0.7143
vn 0.2895 -0.1554 0.9445
vn -0.7572 0.6273 0.1823
vn -0.7134 -0.6559 0.2466
vn -0.7562 0.6115 0.2330
vn -0.3619 -0.5565 0.7479
vn -0.5088 0.6708 0.5396
vn -0.3178 0.7633 0.5625
vn 0.0548 -0.2125 0.9756
vn 0.2198 -0.5776 0.7861
vn 0.1814 0.6217 0.7620
vn 0.0962 -0.0435 0.9944
vn -0.6599 0.4515 -0.6006
vn -0.4158 0.4290 0.8019
vn -0.3848 0.6897 -0.6134
vn 0.6754 0.5926 0.4389
vn 0.6726 0.6934 0.2585
vn 0.0274 0.9424 0.3334
vn 0.1153 -0.4309 0.8950
vn -0.0970 -0.7674 0.6338
vn 0.0567 0.9819 -0.1807
vn -0.2899 -0.7572 0.5853
vn -0.2096 0.5150 0.8312
vn -0.7979 -0.5424 -0.2630
vn -0.1068 0.3428 -0.9333
vn -0.0856 0.1672 0.9822
vn -0.8376 -0.5306 0.1302
vn 0.7116 0.0621 -0.6999
vn -0.9126 0.0225 -0.4082
vn -0.0376 -0.9860 -0.1626
vn -0.3625 0.2955 -0.8839
vn -0.4297 0.2286 -0.8735
vn -0.2226 0.1487 -0.9635
vn -0.7230 0.6807 -0.1180
vn -0.6519 -0.3610 -0.6669
vn -0.6712 0.4191 -0.6114
vn -0.4205 0.5918 -0.6877
vn 0.5677 0.0114 -0.8231
vn 0.2022 0.5148 -0.8331
vn 0.2038 -0.0514 -0.9777
vn 0.5874 0.0162 -0.8091
vn 0.2760 0.5515 -0.7872
vn 0.4362 -0.3730 -0.8189
vn -0.6288 0.5025 -0.5934
vn 0.6533 0.4108 -0.6360
vn -0.0000 0.9940 0.1092
vn -0.0000 -0.9871 0.1598
vn 0.0708 -0.7735 -0.6299
vn 0.0578 0.8135 -0.5787
vn 0.8375 -0.5047 -0.2095
vn -0.3838 0.8344 -0.3957
vn 0.1452 0.9841 -0.1026
vn 0.2822 -0.5675 -0.7735
vn 0.2786 -0.4397 -0.8538
vn -0.8128 -0.0597 0.5794
vn -0.0475 -0.9904 -0.1298
vn 0.0700 -0.9964 -0.0472
vn -0.8660 0.4148 0.2793
vn -0.6945 0.5338 -0.4825
vn -0.7944 0.6070 -0.0207
vn 0.4160 0.1358 -0.8992
vn 0.4893 -0.8718 -0.0229
vn -0.7779 0.6251 0.0639
vn -0.1870 -0.0927 0.9780
vn -0.4784 -0.1046 0.8719
vn -0.8275 0.0961 0.5532
vn -0.3815 0.8333 -0.4001
vn -0.7419 0.4647 -0.4834
vn 0.3102 0.6121 -0.7274
vn 0.2781 -0.5849 0.7619
vn 0.1631 -0.0437 0.9856
vn 0.8121 0.0034 0.5835
vn 0.9790 -0.1569 -0.1303
vn 0.4945 -0.5468 0.6756
vn 0.3519 0.9171 -0.1871
vn 0.5327 0.7314 0.4257
vn 0.9397 -0.2410 0.2426
vn 0.5309 0.7068 0.4675
vn 0.8305 -0.3627 0.4228
vn 0.7465 0.6476 0.1532
vn 0.7223 -0.4839 0.4941
vn 0.1842 -0.3705 0.9104
vn 0.0031 0.9995 0.0323
vn 0.5633 0.3609 -0.7433
vn 0.1974 -0.2732 0.9415
vn 0.2594 -0.4825 0.8366
vn 0.8455 -0.5196 -0.1231
vn 0.2917 0.8714 -0.3945
vn 0.1052 -0.9933 0.0478
vn 0.0984 -0.9144 -0.3928
vn 0.5163 0.6011 -0.6100
vn 0.4903 -0.6158 -0.6168
vn 0.6462 -0.2651 -0.7156
vn 0.5993 -0.2981 -0.7430
vn 0.3663 0.5513 -0.7496
vn 0.5580 0.3832 -0.7360
vn 0.7929 0.5979 -0.1174
vn 0.9566 -0.2885 -0.0400
vn 0.6225 0.5320 -0.5741
vn 0.7336 0.6224 0.2729
vn 0.7112 0.3552 -0.6066
vn 0.0866 0.5554 0.8271
vn 0.0748 0.5876 0.8057
vn 0.4288 -0.7802 0.4554
vn -0.0630 -0.9979 0.0143
vn 0.9111 -0.1780 0.3718
vn 0.8062 -0.5850 -0.0885
vn 0.4230 -0.8904 -0.1681
vn 0.3426 0.5398 0.7690
vn 0.6944 -0.2066 0.6893
vn 0.7603 0.5532 -0.3406
vn 0.6718 0.6635 -0.3292
vn 0.3956 -0.6406 0.6581
vn 0.5329 -0.6017 0.5949
vn 0.5113 -0.1174 0.8513
vn 0.7063 0.5136 -0.4873
vn 0.7254 0.5984 0.3401
vn 0.6076 0.4002 -0.6860
vn -0.8073 0.2466 0.5362
vn 0.4435 -0.8037 -0.3967
vn 0.6444 -0.7630 -0.0506
vn 0.3529 0.8609 0.3664
vn 0.1797 0.2534 -0.9505
vn -0.9629 -0.0566 0.2639
vn -0.6972 -0.7151 0.0509
vn -0.8645 0.1382 0.4832
vn -0.8320 -0.5544 -0.0215
vn -0.9035 0.4278 0.0256
vn -0.6951 0.6037 -0.3903
vn -0.9684 -0.2293 -0.0976
vn 0.3271 -0.1440 0.9340
vn -0.4831 -0.1919 0.8542
vn 0.6216 0.2756 0.7333
vn 0.2988 -0.7121 0.6353
vn -0.6730 0.2056 0.7105
vn -0.6870 -0.1365 0.7137
vn -0.5433 0.7593 0.3580
vn -0.9143 0.1584 0.3728
vn -0.6748 0.5862 0.4484
vn -0.5432 0.0630 0.8372
vn -0.2647 -0.7867 0.5577
vn -0.5412 0.7636 0.3521
vn -0.3430 0.9385 0.0388
vn -0.3285 0.1773 0.9277
vn -0.4040 0.6764 0.6158
vn -0.3538 0.1854 0.9168
vn -0.1143 0.6908 0.7140
vn -0.3118 0.1329 0.9408
vn -0.6808 0.4122 0.6055
vn -0.0160 -0.4739 0.8804
vn 0.2955 0.7697 0.5658
vn 0.6569 0.0022 0.7540
vn 0.2955 0.7643 0.5731
vn 0.5001 0.7862 0.3631
vn -0.9471 -0.0871 0.3089
vn -0.7224 -0.2884 0.6285
vn -0.5851 0.6319 0.5082
vn 0.7785 -0.3080 0.5469
vn 0.9092 -0.0695 0.4104
vn 0.9180 -0.0804 0.3884
vn -0.7684 0.2078 0.6053
vn -0.7562 0.2507 0.6045
vn -0.5713 -0.3998 -0.7168
vn -0.8225 0.3107 -0.4764
vn -0.7553 -0.3886 -0.5278
vn -0.3276 -0.3117 -0.8919
vn 0.6614 0.3389 0.6692
vn 0.8481 0.2704 -0.4556
vn 0.7558 -0.4378 -0.4869
vn 0.8459 0.2751 -0.4569
vn -0.0923 0.8852 0.4560
vn 0.7617 0.5544 0.3354
vn 0.8486 0.3325 0.4115
vn -0.3052 -0.8393 -0.4499
vn 0.0179 -0.9968 -0.0781
vn 0.4244 -0.5383 -0.7281
vn -0.8012 -0.0483 -0.5965
vn -0.8443 -0.1544 -0.5131
vn -0.0033 0.6504 -0.7595
vn -0.6165 0.5167 -0.5941
vn -0.2898 -0.6382 -0.7133
vn -0.2438 0.3876 -0.8890
vn -0.1223 0.7964 -0.5923
vn 0.0109 -0.5969 -0.8022
vn 0.8902 -0.0469 0.4532
vn 0.6229 0.6849 -0.3779
vn -0.8918 0.0382 -0.4507
vn -0.6345 0.3895 -0.6676
vn -0.4904 0.1506 -0.8584
vn 0.7951 0.3926 -0.4622
vn -0.8409 -0.5152 0.1656
vn -0.4501 0.7055 -0.5474
vn 0.7171 -0.5644 0.4090
vn 0.7472 -0.6256 0.2243
vn -0.9959 0.0882 -0.0178
vn -0.7676 0.5044 0.3954
vn -0.8554 -0.4773 0.2010
vn -0.0442 0.9027 -0.4281
vn -0.0324 0.9979 -0.0560
vn 0.6179 0.1714 -0.7674
vn 0.7371 0.4702 -0.4854
vn 0.6721 -0.5607 -0.4836
vn 0.6852 -0.7255 -0.0652
vn 0.9495 0.1073 -0.2948
vn 0.1886 0.8536 -0.4856
vn 0.0960 0.4436 0.8911
vn 0.0421 -0.8818 -0.4697
vn -0.0154 -0.9982 0.0577
vn 0.0661 -0.9926 -0.1020
vn -0.3508 0.9175 0.1873
vn -0.3659 0.3774 0.8507
vn -0.6875 0.6671 0.2867
vn -0.7980 0.5619 0.2179
vn -0.5139 0.5740 -0.6375
vn -0.8648 0.1472 0.4800
vn -0.9050 -0.2303 -0.3577
vn -0.8819 0.3109 -0.3545
vn 0.1689 0.0298 -0.9852
vn 0.1674 0.4280 0.8881
vn 0.1192 0.5478 0.8281
vn 0.0794 0.3030 -0.9497
vn 0.3101 0.7620 -0.5685
vn 0.9081 0.3986 -0.1282
vn -0.8359 -0.5056 0.2135
vn -0.9232 0.2010 0.3275
vn -0.6971 0.6932 -0.1830
vn -0.6222 0.5062 0.5972
vn -0.9845 -0.1182 -0.1299
vn -0.6528 -0.7520 -0.0912
vn -0.1626 -0.0385 -0.9859
vn 0.0118 0.2285 0.9735
vn -0.9043 -0.2887 -0.3146
vn -0.1393 -0.6555 -0.7423
vn 0.2356 -0.5926 0.7703
vn 0.3192 -0.2978 0.8997
vn 0.1933 -0.6086 0.7696
vn -0.0003 -0.9991 0.0435
vn -0.1576 -0.1960 -0.9679
vn -0.0246 -0.1990 -0.9797
vn 0.0507 -0.8053 -0.5907
vn 0.3841 0.0168 -0.9231
vn 0.2456 0.4655 0.8503
vn 0.8362 0.4636 0.2929
vn 0.6786 -0.7266 -0.1074
vn 0.4399 0.8780 0.1887
vn 0.7560 -0.6170 -0.2186
vn -0.8263 0.1797 -0.5339
vn -0.6213 0.5221 -0.5843
vn -0.5293 0.7973 0.2902
vn 0.1350 0.4537 -0.8809
vn 0.6669 0.7315 0.1420
vn -0.2399 0.3106 -0.9198
vn 0.2492 0.0108 -0.9684
vn 0.4732 0.3970 0.7865
vn 0.0722 -0.9970 0.0297
vn 0.9552 0.1209 0.2703
vn 0.4388 -0.8978 0.0369
vn 0.2943 -0.6059 0.7391
vn 0.5054 -0.7262 0.4660
vn 0.9430 0.3250 0.0718
vn 0.3448 -0.8012 0.4891
vn 0.7456 0.6258 0.2292
vn 0.8609 -0.4829 0.1603
vn 0.0969 0.9921 0.0798
vn 0.4946 -0.6957 -0.5209
vn 0.5768 0.1959 -0.7931
vn 0.7656 0.3949 -0.5079
vn 0.7656 0.3945 -0.5082
vn 0.7036 -0.6251 -0.3379
vn 0.1767 0.6831 -0.7086
vn 0.8256 0.4244 -0.3720
vn 0.5411 -0.6864 -0.4858
vn 0.5674 -0.7332 -0.3748
vn 0.7751 0.4094 -0.4813
vn 0.8325 0.5427 -0.1116
vn 0.0001 -0.9453 -0.3262
vn 0.0163 -0.9390 0.3435
vn 0.8892 -0.3460 0.2995
vn -0.8274 -0.5611 -0.0238
vn -0.1881 -0.9796 0.0704
vn -0.1821 -0.9822 0.0463
vn -0.5269 -0.3461 0.7763
vn -0.2774 0.9608 0.0006
vn 0.9643 0.0025 0.2647
vn -0.6220 0.1784 -0.7624
vn -0.8206 0.2717 0.5028
vn -0.8087 0.2971 0.5077
vn -0.6840 0.6511 0.3290
vn -0.4278 0.8150 0.3909
vn -0.7466 0.4955 0.4439
vn -0.5328 0.5635 0.6313
vn -0.0601 -0.9921 -0.1098
vn -0.2989 -0.9509 -0.0797
vn -0.8576 -0.5093 -0.0715
vn -0.8015 -0.1574 0.5769
vn -0.4006 -0.8923 0.2081
vn 0.1692 0.8202 -0.5465
vn 0.1663 -0.9328 0.3196
vn -0.4580 -0.0317 0.8884
vn -0.8880 0.4254 -0.1747
vn -0.0394 0.9985 0.0382
vn -0.4417 -0.8938 -0.0782
vn -0.3428 0.8000 0.4924
vn -0.1653 -0.9790 -0.1194
vn -0.4542 0.8668 -0.2058
vn 0.2050 -0.7441 -0.6359
vn 0.4483 0.8827 0.1414
vn -0.0496 0.4900 0.8703
vn 0.1653 -0.7127 -0.6817
vn -0.5041 -0.6894 -0.5201
vn -0.2367 -0.8804 -0.4109
vn -0.8478 0.4712 -0.2432
vn -0.7437 -0.5110 -0.4311
vn -0.8126 -0.4724 -0.3413
vn -0.6047 0.6045 -0.5186
vn -0.3476 -0.7080 -0.6147
vn -0.5761 0.1030 -0.8108
vn 0.2203 -0.9754 -0.0000
vn -0.2205 -0.9731 -0.0665
vn 0.0202 0.9692 -0.2456
vn 0.0443 -0.9925 0.1143
vn 0.7248 0.5020 0.4718
vn -0.2203 0.9754 -0.0000
vn -0.0821 0.7936 -0.6029
vn 0.6966 0.7173 0.0136
vn -0.8094 -0.2295 0.5406
vn -0.8525 0.3143 -0.4177
vn 0.0519 0.5937 -0.8030
vn -0.0086 0.9997 0.0232
vn -0.2834 -0.8111 0.5117
vn -0.9154 0.1810 -0.3594
vn -0.5474 -0.0481 0.8355
vn -0.7561 0.5342 0.3782
vn -0.8127 0.0817 -0.5769
vn -0.0815 0.7534 0.6525
vn -0.5533 0.5967 -0.5812
vn -0.4593 -0.8221 0.3363
vn -0.8131 0.4545 0.3636
vn -0.6764 0.4906 -0.5494
vn -0.0213 0.7633 -0.6457
vn -0.7979 0.4100 0.4418
vn -0.0008 0.0503 0.9987
vn -0.0704 -0.0571 0.9959
vn 0.8317 0.1404 0.5372
vn 0.0324 0.3449 0.9381
vn 0.0185 -0.2177 0.9758
vn -0.3876 -0.9196 0.0641
vn 0.0102 -0.9993 0.0368
vn -0.0626 -0.3358 0.9399
vn -0.0910 -0.6612 0.7447
vn 0.5824 0.6039 0.5441
vn 0.6461 0.0584 0.7610
vn -0.0198 0.9140 -0.4052
vn 0.8622 0.5059 -0.0268
vn 0.7299 0.0314 0.6828
vn 0.8636 0.1181 0.4902
vn 0.9960 0.0116 -0.0891
vn 0.1137 0.9793 -0.1674
vn 0.4021 0.4805 0.7793
vn 0.1429 0.1756 0.9740
vn 0.9005 0.0853 0.4264
vn 0.8662 0.1067 0.4882
vn 0.0824 0.9931 -0.0835
vn 0.8165 -0.4129 0.4034
vn 0.2016 -0.8557 0.4767
vn 0.1259 0.3734 0.9191
vn 0.2747 0.6172 -0.7373
vn 0.7898 0.0638 -0.6100
vn 0.0406 0.9988 0.0272
vn 0.0105 -0.9999 -0.0077
vn 0.2177 0.5859 0.7806
vn -0.0095 0.9999 0.0102
vn 0.1771 0.1044 0.9786
vn -0.0000 -0.9532 0.3022
vn 0.5830 0.8094 -0.0699
vn 0.9999 -0.0106 0.0051
vn -0.5146 -0.8522 -0.0947
vn -0.9375 0.0504 -0.3443
vn -0.1153 0.9740 -0.1950
vn -0.0136 0.2292 0.9733
vn -0.8168 0.5709 -0.0830
vn -0.0545 -0.0376 0.9978
vn 0.9863 0.1648 0.0044
vn 0.4615 -0.7699 -0.4408
vn -0.6954 0.4108 -0.5896
vn 0.2252 0.4293 -0.8746
vn 0.2573 0.4965 -0.8290
vn 0.6539 0.3476 -0.6720
vn 0.2579 0.0615 -0.9642
vn 0.1761 0.0943 -0.9798
vn 0.0601 0.9688 -0.2406
vn 0.0641 0.9705 -0.2323
vn 0.1661 0.0846 -0.9825
vn 0.7484 -0.6259 0.2194
vn 0.7592 -0.0302 -0.6501
vn 0.3023 0.0990 -0.9481
vn 0.8558 0.0923 0.5091
vn 0.1073 -0.9942 -0.0000
vn -0.0007 -1.0000 0.0037
vn 0.5155 -0.0142 0.8568
vn 0.1806 0.6192 0.7642
vn -0.1122 0.7930 0.5988
vn 0.0321 -0.0058 -0.9995
vn 0.0141 -0.9997 -0.0197
vn -0.6152 0.7235 -0.3133
vn 0.9944 -0.0547 -0.0906
vn -0.1073 0.9942 -0.0000
vn -0.2788 -0.6040 0.7466
vn -0.3318 -0.1508 0.9312
vn -0.0005 -1.0000 0.0041
vn 0.2989 -0.9528 -0.0535
vn 0.9008 -0.1618 0.4030
vn 0.3955 -0.9167 -0.0574
vn 0.7568 -0.1962 -0.6235
vn -0.3646 0.4807 -0.7975
vn -0.2219 0.6721 -0.7064
vn 0.8756 0.4802 -0.0528
vn -0.7095 -0.6341 -0.3074
vn 0.3956 0.8858 0.2424
vn 0.7545 0.6290 0.1871
vn 0.5038 0.6161 -0.6055
vn 0.7049 0.7086 -0.0318
vn -0.2820 0.0976 0.9544
vn -0.2286 -0.5708 0.7886
vn -0.6278 0.5645 0.5359
vn -0.5561 0.3844 0.7369
vn -0.6673 0.6304 0.3966
vn -0.7134 -0.4313 -0.5523
vn -0.3531 -0.8265 0.4385
vn 0.9718 0.1497 -0.1822
vn 0.0445 0.6860 -0.7263
vn 0.5684 -0.6062 0.5563
vn 0.9439 0.1434 -0.2975
vn 0.6673 -0.5862 -0.4594
vn 0.1087 -0.1091 0.9881
vn 0.2972 -0.9513 0.0815
vn 0.6861 -0.6644 -0.2963
vn 0.2802 0.8364 0.4711
vn -0.3986 0.4238 -0.8133
vn -0.4542 -0.1736 -0.8738
vn 0.2161 0.1997 0.9557
vn 0.0717 0.8091 0.5834
vn 0.9821 0.1408 -0.1252
vn 0.5901 0.7744 -0.2282
vn -0.7395 -0.0815 -0.6682
vn -0.6522 0.0430 -0.7568
vn 0.8729 -0.2471 0.4206
vn 0.6666 -0.7453 0.0146
vn 0.9708 -0.2191 -0.0974
vn 0.7003 -0.7079 -0.0918
vn 0.1370 0.9904 0.0189
vn 0.8045 -0.3775 -0.4586
vn 0.7536 0.5561 -0.3505
vn 0.7790 0.4855 -0.3968
vn -0.7901 0.5773 -0.2061
vn -0.7436 0.6477 -0.1660
vn -0.9758 0.1258 0.1790
vn -0.9996 0.0266 -0.0101
vn -0.6520 -0.7142 0.2544
vn -0.5552 -0.7767 0.2975
vn -0.7598 0.5902 0.2727
vn -0.4640 -0.6289 0.6238
vn -0.4000 0.7272 0.5578
vn -0.4284 0.7521 0.5008
vn -0.5657 -0.7744 -0.2832
vn -0.6878 0.6329 -0.3556
vn -0.2889 0.8384 -0.4622
vn -0.7554 0.6510 -0.0750
vn -0.6778 0.6157 -0.4019
vn -0.8249 -0.3902 -0.4090
vn -0.5551 -0.3499 -0.7546
vn -0.5096 0.7975 0.3229
vn -0.6478 0.6535 -0.3916
vn -0.9987 0.0262 -0.0440
vn -0.1268 0.5680 -0.8132
vn -0.7540 -0.2965 -0.5861
vn -0.8255 0.1191 -0.5517
vn -0.4039 -0.1131 0.9078
vn -0.3936 0.0118 0.9192
vn 0.0748 -0.0929 0.9929
vn -0.2751 -0.8716 -0.4057
vn -0.5517 -0.5308 -0.6433
vn -0.0294 -0.9996 -0.0008
vn 0.1717 -0.9850 0.0195
vn 0.7731 -0.6342 -0.0032
vn 0.9279 -0.2771 -0.2494
vn -0.3658 0.7244 0.5842
vn -0.6123 0.7883 0.0600
vn -0.8332 0.1522 -0.5315
vn 0.5846 0.8074 -0.0801
vn 0.1289 0.1971 0.9719
vn 0.2040 0.4860 -0.8498
vn 0.4472 0.7967 0.4065
vn -0.8415 0.1456 -0.5203
vn 0.9204 0.3898 0.0308
vn 0.4300 0.8040 0.4106
vn 0.3403 -0.5660 0.7509
vn -0.8025 -0.5952 0.0426
vn -0.6290 0.1428 -0.7641
vn -0.0607 -0.0663 -0.9960
vn -0.3482 -0.5217 0.7788
vn -0.0691 -0.4789 -0.8752
vn -0.0395 0.0056 -0.9992
vn 0.6582 -0.0201 0.7526
vn 0.3369 -0.1244 -0.9333
vn 0.5884 0.6502 -0.4806
vn 0.4676 0.2793 -0.8387
vn 0.9344 0.3467 -0.0815
vn 0.4138 0.7779 0.4729
vn 0.9935 0.1102 -0.0275
vn -0.1135 -0.5376 0.8355
vn -0.2702 0.6821 0.6795
vn -0.2175 0.4485 0.8669
vn 0.3381 0.8153 0.4700
vn 0.6969 0.4134 -0.5860
vn 0.7098 0.0533 0.7023
vn 0.0477 0.5179 0.8541
vn 0.1753 0.1566 0.9720
vn 0.1499 0.3924 0.9075
vn 0.5379 0.6738 0.5066
vn -0.2756 -0.5841 0.7635
vn -0.0684 0.3925 0.9172
vn -0.3263 -0.5677 0.7559
vn -0.1237 0.6489 0.7507
vn -0.0041 -0.1908 0.9816
vn 0.2960 0.6661 0.6847
vn 0.6158 -0.5664 0.5478
vn 0.6306 -0.6071 0.4836
vn -0.4829 0.7824 0.3932
vn 0.3635 0.5467 0.7543
vn 0.2696 0.7749 0.5716
vn -0.4369 -0.8665 0.2415
vn 0.1941 -0.7759 0.6002
vn 0.2616 0.5741 0.7759
vn -0.2532 -0.1513 0.9555
vn -0.2146 0.9534 0.2120
vn 0.9530 0.2197 0.2087
vn 0.8208 0.1561 0.5495
vn -0.0075 -0.9967 -0.0806
vn 0.0160 -0.9999 0.0039
vn 0.0911 0.1842 -0.9787
vn 0.0568 -0.9979 0.0320
vn 0.7234 -0.6839 0.0950
vn -0.4685 0.7305 -0.4968
vn 0.0839 0.7333 -0.6747
vn -0.1433 -0.1589 -0.9768
vn 0.3805 0.0826 -0.9211
vn 0.1764 0.2230 -0.9587
vn 0.3747 0.7547 -0.5386
vn 0.3661 0.7438 -0.5593
vn 0.4308 0.1773 -0.8848
vn 0.6739 0.7384 0.0263
vn -0.5038 0.8211 0.2682
vn -0.8912 0.0052 0.4535
vn -0.9119 -0.0147 0.4102
vn 0.8031 0.2351 -0.5475
vn 0.8127 0.1864 -0.5520
vn 0.3595 0.0443 0.9321
vn 0.5035 0.2173 -0.8362
vn 0.4583 0.1068 -0.8824
vn -0.0258 0.1661 -0.9858
vn -0.0737 0.3891 -0.9182
vn 0.8471 0.5295 -0.0455
vn 0.0558 0.7234 -0.6882
vn -0.0158 0.7940 -0.6077
vn 0.8595 -0.1125 0.4986
vn 0.9746 0.2002 -0.0999
vn -0.0371 -0.9599 -0.2778
vn 0.4051 0.8224 -0.3995
vn -0.9267 0.3119 0.2097
vn -0.9999 -0.0158 0.0013
vn -0.9999 0.0048 -0.0163
vn -0.1111 0.0061 0.9938
vn 0.5553 -0.0458 -0.8304
vn 0.4894 -0.0005 -0.8720
vn -0.7465 0.5841 0.3185
vn 0.2309 0.3303 0.9152
vn -0.5893 0.7018 0.4002
vn -0.4296 0.4064 -0.8064
vn -0.4873 -0.3409 0.8039
vn 0.5603 -0.0404 -0.8273
vn -0.5016 -0.0311 0.8645
vn -0.2997 -0.4800 -0.8245
vn -0.0283 0.4010 -0.9156
vn 0.3504 0.9309 -0.1037
vn 0.1903 -0.8383 0.5109
vn -0.3137 -0.2374 -0.9194
vn 0.9536 -0.1396 -0.2668
vn 0.4473 0.8038 0.3921
vn 0.4173 -0.8665 -0.2741
vn 0.2863 0.8346 -0.4705
vn 0.5821 -0.7963 -0.1642
vn 0.6153 -0.7867 0.0493
vn -0.6724 0.7081 -0.2158
vn -0.6091 0.1203 -0.7839
vn -0.6263 0.5924 -0.5067
vn 0.8953 0.3023 0.3273
vn 0.1386 -0.1306 -0.9817
vn -0.7289 0.2693 0.6294
vn -0.5593 0.0606 -0.8267
vn -0.3838 -0.5053 0.7729
vn 0.4820 -0.6161 0.6230
vn 0.7637 0.6395 0.0882
vn 0.3439 0.7371 -0.5817
vn 0.9995 0.0330 0.0019
vn 0.7585 0.4864 -0.4337
vn 0.7151 -0.5851 0.3824
vn 0.7094 0.6456 0.2829
vn 0.5923 -0.7874 -0.1706
vn -0.9669 -0.1212 0.2245
vn -0.4105 -0.9112 0.0348
vn -0.0086 0.1380 0.9904
vn -0.2786 0.5581 0.7816
vn -0.7324 0.6784 -0.0581
vn -0.6096 -0.5247 -0.5942
vn -0.9057 0.2092 0.3687
vn -0.0934 -0.7619 0.6409
vn -0.4031 0.6962 0.5941
vn -0.4104 0.0903 0.9074
vn -0.1106 -0.2807 0.9534
vn -0.1159 -0.4537 0.8836
vn -0.4650 -0.8850 0.0253
vn -0.1036 -0.8522 -0.5128
vn -0.9980 -0.0009 0.0631
vn 0.6425 0.2089 -0.7372
vn 0.7106 0.1333 -0.6908
vn 0.0528 0.3466 -0.9365
vn -0.6515 -0.6620 -0.3707
vn -0.7332 0.6655 -0.1401
vn -0.7116 -0.6439 0.2812
vn 0.6885 -0.6236 0.3702
vn 0.7862 -0.1786 -0.5916
vn 0.0636 -0.6520 -0.7555
vn 0.0449 0.0722 -0.9964
vn -0.4615 -0.8511 0.2501
vn 0.0073 -0.9999 0.0098
vn -0.9165 -0.2341 0.3242
vn -0.8884 0.3390 0.3097
vn -0.7377 0.6113 0.2865
vn -0.7731 -0.1995 0.6020
vn -0.5304 -0.0529 0.8461
vn -0.6908 0.6137 0.3823
vn -0.1816 0.6899 0.7007
vn 0.0740 0.4988 0.8636
vn -0.0260 -0.4794 0.8772
vn -0.1415 -0.3619 0.9214
vn -0.1898 0.6968 0.6917
vn -0.7902 0.4962 0.3597
vn 0.1995 0.3817 0.9025
vn -0.0171 0.0906 0.9957
vn 0.2253 0.4307 0.8739
vn 0.9888 -0.0000 0.1491
vn -0.2215 0.7748 0.5922
vn -0.6370 -0.5297 0.5600
vn -0.1689 -0.6743 0.7189
vn -0.1605 0.6865 0.7092
vn -0.7721 -0.6063 -0.1903
vn -0.7676 0.5976 0.2315
vn -0.4748 -0.7885 0.3911
vn -0.2289 -0.2736 0.9342
vn -0.0185 -0.5908 0.8066
vn -0.4390 0.5875 0.6798
vn -0.8171 0.1731 -0.5499
vn 0.3301 -0.9046 0.2696
vn 0.4348 -0.3793 -0.8168
vn -0.5261 -0.7885 -0.3186
vn -0.5698 0.4957 -0.6555
vn -0.4914 0.5436 -0.6805
vn 0.0252 -0.9704 -0.2401
vn -0.9756 0.0293 0.2178
vn -0.7929 0.1769 -0.5831
vn -0.9820 -0.1890 0.0019
vn -0.7525 -0.3513 -0.5571
vn -0.5955 0.5625 -0.5736
vn -0.7266 0.0726 -0.6832
vn -0.2667 0.7531 -0.6014
vn -0.4039 -0.4235 -0.8109
vn -0.6075 -0.4315 -0.6669
vn 0.1305 -0.5225 -0.8426
vn 0.2025 0.5358 -0.8197
vn 0.0848 -0.6608 -0.7457
vn -0.9939 -0.0257 -0.1075
vn -0.9989 -0.0440 -0.0164
vn -0.5498 0.6090 -0.5717
vn 0.4385 0.6599 -0.6101
vn -0.7702 0.6370 0.0319
vn -0.4724 0.2473 -0.8460
vn 0.0473 -0.7973 -0.6018
vn -0.1672 0.6477 -0.7434
vn -0.2294 0.7267 -0.6475
vn -0.0061 0.5075 -0.8616
vn -0.0373 0.6246 -0.7801
vn -0.6394 0.7307 -0.2392
vn -0.5872 -0.4944 -0.6409
vn 0.5421 0.7538 0.3713
vn 0.0837 0.9529 -0.2914
vn 0.8876 0.4333 0.1564
vn -0.9997 0.0231 0.0001
vn -0.0760 -0.1174 -0.9902
vn 0.6732 0.5833 0.4545
vn -0.3357 0.2062 0.9191
vn 0.6342 0.6495 0.4195
vn 0.5524 0.7999 -0.2345
vn 0.1523 0.3585 0.9210
vn 0.1323 0.4175 0.8990
vn 0.5499 0.0442 -0.8340
vn 0.4842 -0.5464 0.6834
vn 0.8423 0.4004 -0.3609
vn 0.8997 -0.4161 0.1320
vn 0.2165 0.3961 0.8923
vn 0.1821 0.9810 0.0677
vn -0.0743 0.0129 -0.9972
vn 0.3081 0.7672 -0.5626
vn 0.5792 0.7014 -0.4155
vn 0.4416 -0.7578 -0.4803
vn 0.3303 0.3731 -0.8670
vn 0.3861 0.4967 -0.7773
vn 0.5693 0.0831 -0.8179
vn 0.1316 0.3022 0.9441
vn 0.1105 -0.8708 0.4791
vn 0.0532 -0.9975 0.0474
vn 0.9455 0.2429 0.2170
vn 0.6526 -0.7222 0.2292
vn 0.7720 -0.0443 0.6341
vn 0.6899 0.5992 0.4062
vn 0.7387 0.5604 0.3745
vn 0.8650 -0.2038 0.4586
vn 0.4104 0.3357 -0.8479
vn 0.9068 0.4189 0.0483
vn 0.6211 -0.7837 0.0059
vn 0.2828 -0.4090 -0.8676
vn 0.7502 -0.4609 -0.4740
vn 0.6543 -0.6652 -0.3597
vn 0.7321 0.6223 -0.2770
vn 0.6282 0.5246 -0.5746
vn 0.6329 0.4500 -0.6301
vn 0.6725 -0.5159 -0.5307
vn 0.9709 0.2391 -0.0157
vn 0.6720 -0.7365 0.0769
vn 0.2995 -0.8235 -0.4818
vn -0.0000 -0.9992 0.0403
vn 0.5802 -0.6889 -0.4345
vn 0.1297 0.8586 0.4960
vn 0.3502 0.9202 -0.1750
vn 0.6139 -0.6918 -0.3802
vn -0.7439 -0.5662 0.3551
vn -0.8462 0.2913 -0.4461
vn -0.5647 0.6972 0.4416
vn -0.5499 0.7404 0.3865
vn -0.3540 -0.8920 -0.2810
vn -0.9232 0.2986 -0.2422
vn -0.5694 -0.7411 -0.3558
vn -0.5378 -0.3905 0.7471
vn -0.0217 -0.9980 0.0594
vn -0.0416 -0.9979 0.0497
vn -0.0938 -0.9946 0.0440
vn 0.1005 -0.5213 0.8474
vn 0.5955 0.5546 0.5813
vn -0.8557 0.3137 0.4115
vn -0.6259 0.7695 -0.1271
vn -0.6199 0.7735 -0.1320
vn -0.1191 0.6591 0.7426
vn 0.7897 0.2079 -0.5772
vn -0.9810 -0.1723 -0.0896
vn -0.0936 0.1517 0.9840
vn 0.7592 0.2779 0.5885
vn 0.8686 -0.2319 -0.4379
vn 0.5118 0.4863 0.7082
vn 0.5748 0.6682 -0.4724
vn -0.5285 -0.7573 0.3838
vn -0.5469 -0.7627 0.3453
vn -0.6984 -0.4018 -0.5922
vn 0.0640 -0.7183 -0.6928
vn -0.4439 0.2481 -0.8610
vn 0.0801 -0.6602 0.7468
vn -0.4811 0.6706 0.5646
vn -0.3102 -0.5555 -0.7715
vn -0.2458 0.2328 -0.9410
vn 0.0384 -0.7288 -0.6837
vn 0.4079 -0.5100 0.7573
vn 0.3717 0.4425 0.8161
vn 0.5274 -0.5596 0.6393
vn -0.6213 -0.7811 -0.0622
vn 0.2902 0.4437 -0.8479
vn 0.8047 0.5500 0.2234
vn -0.5739 0.5720 -0.5861
vn -0.5542 -0.1883 0.8108
vn -0.6349 0.6085 -0.4760
vn -0.2707 0.2377 0.9329
vn -0.2568 -0.2738 -0.9269
vn 0.6068 0.1499 -0.7806
vn -0.2007 0.5965 -0.7771
vn -0.9213 0.2182 0.3218
vn -0.0705 0.3063 0.9493
vn 0.0239 0.5485 0.8358
vn 0.1695 -0.9496 0.2636
vn 0.3662 0.6946 0.6192
vn -0.6175 -0.5704 0.5416
vn -0.4891 -0.6596 0.5707
vn -0.5497 0.5407 0.6368
vn -0.2675 0.9543 0.1332
vn -0.7972 -0.4870 0.3567
vn -0.5339 -0.7769 0.3337
vn 0.0573 -0.5191 0.8528
vn -0.5583 0.8277 0.0572
vn -0.1205 0.7106 0.6932
vn 0.1574 0.5921 0.7903
vn 0.2841 -0.6516 0.7033
vn -0.6902 0.3437 0.6367
vn 0.1107 -0.2346 0.9658
vn 0.6605 0.7265 0.1897
vn 0.9970 -0.0322 -0.0709
vn -0.1900 -0.9728 -0.1326
vn -0.1199 0.1159 0.9860
vn 0.0161 -0.8437 0.5366
vn 0.8052 -0.5870 -0.0846
vn -0.8277 0.3913 0.4022
vn -0.9222 0.2971 0.2474
vn -0.9049 0.1535 0.3971
vn -0.3216 0.7432 0.5867
vn 0.5130 0.1783 0.8397
vn 0.4827 -0.0375 0.8750
vn 0.8038 -0.5355 0.2590
vn 0.0435 -0.9888 -0.1425
vn 0.1074 -0.8492 -0.5171
vn 0.1293 0.4493 -0.8840
vn 0.3984 0.2274 -0.8885
vn -0.0649 0.9975 0.0284
vn -0.8499 -0.2547 -0.4612
vn -0.3356 0.9417 0.0260
vn -0.6380 0.6382 -0.4310
vn -0.3437 -0.6318 -0.6948
vn -0.6628 0.4359 -0.6089
vn -0.0892 -0.0865 -0.9922
vn -0.0133 -0.7259 -0.6877
vn 0.5551 0.8248 -0.1078
vn 0.2786 0.6645 -0.6934
vn -0.6046 0.6709 -0.4294
vn -0.7872 -0.0917 -0.6099
vn 0.5698 -0.6760 -0.4672
vn 0.7866 0.5899 -0.1823
vn 0.6591 0.7132 -0.2385
vn -0.9667 0.0938 0.2383
vn -0.8814 -0.0230 -0.4719
vn -0.7886 0.2677 -0.5536
vn -0.6990 0.4319 0.5700
vn -0.7744 -0.3121 0.5503
vn -0.7230 0.3639 0.5873
vn -0.6401 -0.2564 0.7242
vn 0.7927 0.3371 0.5079
vn 0.6975 -0.4709 0.5402
vn 0.7161 0.3236 -0.6185
vn 0.7251 0.4406 0.5292
vn -0.7923 0.2569 -0.5534
vn -0.7794 0.2859 -0.5575
vn -0.0501 0.9776 -0.2042
vn -0.4722 0.7187 -0.5104
vn -0.5906 0.7270 -0.3502
vn 0.8998 0.3504 -0.2599
vn -0.0135 0.7995 -0.6006
vn 0.9027 -0.4253 -0.0644
vn 0.9884 0.0683 -0.1355
vn -0.0460 -0.7397 -0.6714
vn 0.8974 -0.0598 -0.4372
vn 0.3545 -0.0567 -0.9334
vn -0.4176 0.3190 -0.8508
vn 0.7930 0.4689 0.3889
vn 0.2402 -0.9654 -0.1020
vn 0.5953 0.5487 0.5870
vn 0.1431 -0.9720 0.1863
vn 0.3810 -0.8920 0.2432
vn 0.3848 0.7477 0.5412
vn 0.0471 0.5500 0.8339
vn 0.3958 0.3741 0.8387
vn 0.3944 -0.6983 0.5974
vn 0.5603 -0.8022 0.2063
vn 0.6560 0.6242 0.4243
vn 0.9293 -0.3682 -0.0294
vn 0.9950 0.0891 -0.0458
vn 0.7334 -0.5127 -0.4465
vn 0.2451 0.9468 -0.2087
vn 0.7222 -0.5413 0.4306
vn 0.2241 0.9730 0.0559
vn 0.8066 0.5878 0.0626
vn 0.6692 -0.7256 0.1606
vn 0.7242 0.6357 -0.2674
vn 0.8590 0.5056 0.0812
vn 0.6609 0.7362 0.1455
vn 0.8029 -0.5933 -0.0587
vn 0.3035 0.9517 -0.0458
vn 0.7611 -0.3103 -0.5696
vn 0.3905 -0.5343 -0.7496
vn -0.5404 0.6899 0.4817
vn -0.9461 -0.3154 -0.0732
vn -0.8847 0.1118 0.4526
vn -0.8169 0.5633 -0.1239
vn -0.5524 0.5208 0.6509
vn -0.9747 0.2098 0.0774
vn -0.4538 -0.3963 0.7981
vn -0.2749 0.5131 -0.8131
vn -0.7420 -0.6546 -0.1449
vn -0.7900 -0.4419 -0.4249
vn -0.6062 0.7920 0.0722
vn -0.6721 -0.4659 -0.5755
vn -0.6572 0.1935 0.7285
vn -0.9966 0.0005 0.0829
vn -0.6401 -0.3016 0.7066
vn -0.2910 0.5708 -0.7678
vn -0.8726 0.4561 0.1746
vn -0.1402 -0.9497 0.2801
vn -0.0924 -0.9729 -0.2118
vn -0.7231 0.5814 0.3730
vn 0.0414 -0.4858 0.8731
vn -0.2038 -0.9778 0.0489
vn -0.5121 0.4435 0.7355
vn -0.5006 0.5022 0.7051
vn 0.0640 -0.9934 0.0953
vn -0.5662 0.0302 0.8237
vn 0.6040 0.5522 0.5747
vn -0.7478 -0.6528 0.1210
vn 0.0273 -0.9427 -0.3326
vn -0.7430 0.3323 -0.5809
vn -0.5390 -0.8407 -0.0518
vn -0.3087 -0.4308 -0.8480
vn -0.5331 0.6967 -0.4800
vn -0.2018 -0.3085 -0.9296
vn -0.9997 -0.0029 -0.0251
vn -0.9450 -0.0328 -0.3255
vn -0.9652 0.0589 0.2547
vn -0.4435 0.8712 0.2107
vn 0.0544 -0.9822 0.1798
vn 0.8013 0.5926 -0.0817
vn -0.5463 -0.8364 0.0441
vn 0.7169 0.6189 -0.3209
vn 0.9897 0.1429 0.0067
vn -0.6856 -0.7278 -0.0185
vn -0.8423 -0.5258 -0.1186
vn 0.2692 0.1777 -0.9466
vn -0.1039 0.3608 0.9269
vn 0.1957 0.6196 0.7602
vn 0.0557 -0.9984 -0.0087
vn 0.6281 0.5569 0.5434
vn 0.5581 0.6456 0.5212
vn -0.5713 0.5909 -0.5696
vn -0.0939 0.7591 0.6442
vn -0.0803 0.1091 0.9908
vn 0.0878 -0.5201 0.8496
vn 0.4638 0.5687 -0.6793
vn 0.1150 0.7487 -0.6528
vn 0.6462 0.7489 0.1465
vn 0.7160 0.4783 -0.5085
vn -0.9016 0.0323 -0.4313
vn -0.2936 -0.1438 -0.9450
vn -0.3291 -0.7904 -0.5166
vn 0.4879 -0.0230 0.8726
vn 0.7120 -0.1983 0.6736
vn 0.2719 -0.4060 -0.8724
vn 0.5126 -0.5822 0.6311
vn 0.8636 -0.4370 0.2515
vn 0.8218 -0.5320 -0.2038
vn -0.3813 0.4313 0.8177
vn 0.2096 0.9758 0.0630
vn 0.1040 0.1017 -0.9894
vn 0.0438 -0.9049 -0.4234
vn -0.3590 -0.8500 -0.3854
vn -0.1154 -0.1902 0.9749
vn -0.3579 -0.8742 -0.3281
vn -0.6018 -0.7018 0.3812
vn -0.4954 0.5077 0.7048
vn -0.5806 0.0658 0.8115
vn 0.0440 -0.1636 0.9855
vn 0.5094 0.1915 0.8389
vn 0.5246 0.1938 0.8290
vn 0.5539 0.3365 0.7615
vn 0.5576 0.2453 0.7930
vn 0.6319 0.5185 0.5760
vn 0.5464 0.0435 0.8364
vn -0.2925 0.7436 0.6013
vn 0.0475 0.9900 0.1332
vn 0.4872 0.7590 0.4318
vn -0.3951 0.3276 -0.8582
vn -0.3781 -0.3014 -0.8753
vn 0.0449 0.9705 -0.2369
vn -0.0435 -0.8755 -0.4813
vn 0.7378 0.6633 -0.1251
vn 0.0247 -0.9996 0.0116
vn -0.0831 0.9931 -0.0826
vn 0.5090 -0.4703 0.7209
vn 0.5212 -0.8468 -0.1064
vn -0.8424 0.4716 -0.2605
vn 0.4578 0.6551 0.6011
vn -0.0392 -0.3275 -0.9441
vn 0.0526 -0.9982 0.0289
vn 0.0345 0.2728 -0.9615
vn 0.0609 -0.9981 -0.0127
vn 0.2867 -0.9357 -0.2057
vn -0.6216 0.5438 -0.5639
vn 0.0459 0.2471 -0.9679
vn 0.7977 -0.0338 -0.6021
vn 0.7902 0.5967 -0.1395
vn 0.9293 0.1950 -0.3135
vn 0.7740 0.2469 -0.5830
vn 0.8331 0.5347 -0.1413
vn 0.7869 0.1382 -0.6014
vn -0.8062 -0.0232 -0.5912
vn -0.4711 0.1129 -0.8748
vn -0.0115 -0.0421 -0.9990
vn -0.0500 0.9923 0.1131
vn -0.6051 -0.0315 -0.7955
vn -0.5552 -0.0269 -0.8313
vn -0.2264 0.0676 -0.9717
vn 0.5073 -0.6603 -0.5538
vn 0.5393 0.0215 -0.8418
vn 0.4238 -0.5945 -0.6833
vn -0.3007 0.9535 -0.0192
vn 0.4348 0.9005 0.0073
vn 0.9989 0.0259 -0.0393
vn 0.6025 -0.6832 0.4125
vn 0.0500 0.9976 0.0469
vn 0.2323 -0.4874 0.8417
vn -0.0158 0.9536 -0.3007
vn -0.0559 -0.9962 -0.0664
vn -0.0391 0.0246 -0.9989
vn 0.6201 0.7530 0.2201
vn -0.6424 0.7650 -0.0456
vn 0.1712 0.6307 -0.7569
vn -0.8125 0.4361 -0.3869
vn -0.7985 0.0437 -0.6004
vn 0.3139 -0.9317 -0.1826
vn 0.5121 0.4746 0.7159
vn 0.0801 0.8478 0.5242
vn 0.9476 -0.3178 0.0337
vn 0.9512 0.0004 -0.3087
vn -0.8497 0.1382 -0.5088
vn 0.1966 0.9805 -0.0007
vn -0.7126 -0.4100 -0.5693
vn 0.6411 -0.7375 0.2123
vn 0.4395 -0.8712 -0.2186
s 0
f 17//1 15//1 4//1
f 15//2 106//2 9//2
f 3//3 16//3 15//3
f 3//4 18//4 16//4
f 3//5 9//5 10//5
f 18//6 3//6 10//6
f 18//7 10//7 19//7
f 19//8 10//8 20//8
f 20//9 25//9 19//9
f 30//10 22//10 19//10
f 30//11 24//11 29//11
f 29//12 32//12 30//12
f 30//13 34//13 31//13
f 24//14 118//14 33//14
f 30//15 32//15 34//15
f 37//16 36//16 40//16
f 38//17 40//17 36//17
f 37//18 40//18 41//18
f 13//19 43//19 39//19
f 42//20 28//20 39//20
f 44//21 39//21 43//21
f 43//22 13//22 45//22
f 28//23 32//23 29//23
f 125//24 42//24 44//24
f 46//25 28//25 42//25
f 45//26 125//26 43//26
f 48//27 47//27 51//27
f 48//28 51//28 50//28
f 47//29 2//29 5//29
f 55//30 58//30 5//30
f 49//31 52//31 57//31
f 53//32 50//32 56//32
f 53//33 56//33 54//33
f 139//34 60//34 58//34
f 59//35 55//35 61//35
f 65//36 61//36 62//36
f 65//37 62//37 31//37
f 31//38 34//38 147//38
f 38//39 37//39 41//39
f 67//40 66//40 153//40
f 67//41 69//41 66//41
f 153//42 66//42 69//42
f 72//43 68//43 71//43
f 72//44 71//44 68//44
f 75//45 73//45 74//45
f 76//46 78//46 73//46
f 77//47 78//47 76//47
f 73//48 78//48 74//48
f 80//49 78//49 77//49
f 81//50 78//50 80//50
f 76//51 73//51 82//51
f 82//52 73//52 75//52
f 82//53 83//53 84//53
f 156//54 79//54 86//54
f 82//55 159//55 86//55
f 159//56 82//56 84//56
f 93//57 90//57 89//57
f 92//58 89//58 91//58
f 95//59 94//59 93//59
f 98//60 95//60 96//60
f 94//61 85//61 93//61
f 99//62 90//62 161//62
f 93//63 85//63 100//63
f 94//64 88//64 84//64
f 102//65 95//65 98//65
f 97//66 102//66 98//66
f 92//67 103//67 104//67
f 103//68 91//68 105//68
f 104//69 103//69 105//69
f 9//70 106//70 107//70
f 107//71 106//71 108//71
f 11//72 10//72 107//72
f 11//73 107//73 108//73
f 108//74 106//74 109//74
f 110//75 106//75 15//75
f 110//76 111//76 109//76
f 112//77 113//77 114//77
f 113//78 11//78 114//78
f 142//79 112//79 114//79
f 115//80 11//80 108//80
f 116//81 114//81 11//81
f 115//82 108//82 111//82
f 117//83 116//83 115//83
f 115//84 111//84 117//84
f 25//85 113//85 118//85
f 120//86 122//86 119//86
f 123//87 122//87 120//87
f 121//88 122//88 124//88
f 125//89 46//89 42//89
f 125//90 45//90 46//90
f 32//91 46//91 129//91
f 134//92 126//92 132//92
f 132//93 133//93 135//93
f 54//94 136//94 50//94
f 137//95 17//95 136//95
f 59//96 140//96 139//96
f 140//97 59//97 61//97
f 141//98 136//98 54//98
f 140//99 142//99 139//99
f 141//100 139//100 142//100
f 143//101 136//101 141//101
f 143//102 142//102 117//102
f 117//103 138//103 143//103
f 140//104 61//104 63//104
f 144//105 148//105 149//105
f 147//106 34//106 150//106
f 150//107 34//107 131//107
f 151//108 145//108 146//108
f 150//109 123//109 120//109
f 124//110 123//110 150//110
f 131//111 124//111 150//111
f 146//112 145//112 151//112
f 135//113 134//113 132//113
f 78//114 157//114 74//114
f 157//115 154//115 74//115
f 158//116 81//116 156//116
f 160//117 155//117 157//117
f 93//118 162//118 161//118
f 93//119 161//119 90//119
f 102//120 164//120 101//120
f 97//121 163//121 102//121
f 164//122 162//122 101//122
f 164//123 163//123 166//123
f 104//124 105//124 167//124
f 97//125 167//125 163//125
f 97//126 104//126 167//126
f 168//127 170//127 171//127
f 172//128 168//128 169//128
f 171//129 173//129 174//129
f 179//130 178//130 176//130
f 171//131 174//131 175//131
f 175//132 177//132 181//132
f 206//133 176//133 178//133
f 182//134 172//134 169//134
f 183//135 172//135 182//135
f 184//136 242//136 176//136
f 246//137 175//137 185//137
f 189//138 188//138 190//138
f 196//139 194//139 198//139
f 194//140 193//140 198//140
f 195//141 198//141 193//141
f 168//142 200//142 199//142
f 205//143 204//143 178//143
f 176//144 181//144 179//144
f 173//145 170//145 199//145
f 210//146 178//146 204//146
f 206//147 178//147 210//147
f 191//148 173//148 199//148
f 191//149 180//149 173//149
f 209//150 205//150 180//150
f 205//151 209//151 207//151
f 204//152 205//152 207//152
f 191//153 199//153 201//153
f 209//154 180//154 192//154
f 208//155 210//155 211//155
f 211//156 210//156 207//156
f 207//157 209//157 211//157
f 211//158 209//158 215//158
f 216//159 217//159 224//159
f 217//160 218//160 224//160
f 206//161 210//161 218//161
f 219//162 206//162 217//162
f 218//163 194//163 224//163
f 218//164 220//164 193//164
f 210//165 220//165 218//165
f 223//166 195//166 222//166
f 221//167 216//167 226//167
f 227//168 224//168 225//168
f 196//169 228//169 229//169
f 195//170 228//170 197//170
f 227//171 230//171 195//171
f 226//172 255//172 221//172
f 226//173 223//173 255//173
f 225//174 229//174 231//174
f 172//175 183//175 237//175
f 237//176 238//176 172//176
f 236//177 202//177 168//177
f 239//178 236//178 238//178
f 236//179 307//179 202//179
f 185//180 175//180 181//180
f 247//181 183//181 245//181
f 185//182 250//182 246//182
f 249//183 250//183 185//183
f 251//184 247//184 245//184
f 250//185 251//185 245//185
f 240//186 247//186 251//186
f 251//187 250//187 253//187
f 249//188 248//188 254//188
f 251//189 253//189 240//189
f 250//190 254//190 311//190
f 248//191 244//191 243//191
f 219//192 256//192 243//192
f 252//193 248//193 243//193
f 257//194 252//194 243//194
f 223//195 212//195 252//195
f 263//196 259//196 258//196
f 230//197 227//197 232//197
f 261//198 230//198 260//198
f 263//199 260//199 262//199
f 263//200 258//200 261//200
f 264//201 232//201 225//201
f 266//202 231//202 265//202
f 258//203 264//203 261//203
f 268//204 234//204 235//204
f 268//205 235//205 261//205
f 234//206 268//206 267//206
f 270//207 269//207 186//207
f 274//208 188//208 189//208
f 274//209 186//209 188//209
f 274//210 275//210 186//210
f 275//211 272//211 270//211
f 285//212 276//212 274//212
f 186//213 277//213 190//213
f 190//214 277//214 189//214
f 277//215 186//215 269//215
f 273//216 277//216 269//216
f 281//217 278//217 280//217
f 281//218 277//218 278//218
f 306//219 277//219 281//219
f 189//220 277//220 306//220
f 280//221 283//221 281//221
f 284//222 282//222 279//222
f 283//223 284//223 281//223
f 286//224 273//224 271//224
f 279//225 273//225 286//225
f 285//226 284//226 286//226
f 285//227 274//227 306//227
f 286//228 271//228 272//228
f 276//229 286//229 272//229
f 288//230 290//230 295//230
f 291//231 288//231 294//231
f 297//232 292//232 289//232
f 283//233 280//233 289//233
f 296//234 283//234 291//234
f 294//235 296//235 291//235
f 292//236 297//236 300//236
f 280//237 282//237 299//237
f 298//238 293//238 300//238
f 297//239 301//239 300//239
f 304//240 302//240 298//240
f 303//241 295//241 302//241
f 303//242 304//242 296//242
f 302//243 295//243 305//243
f 202//244 308//244 203//244
f 222//245 211//245 309//245
f 215//246 309//246 211//246
f 214//247 203//247 308//247
f 311//248 215//248 313//248
f 313//249 312//249 214//249
f 254//250 212//250 309//250
f 276//251 275//251 274//251
f 318//252 317//252 316//252
f 318//253 314//253 319//253
f 317//254 318//254 319//254
f 323//255 322//255 324//255
f 322//256 325//256 326//256
f 325//257 315//257 394//257
f 352//258 326//258 328//258
f 328//259 326//259 394//259
f 329//260 327//260 330//260
f 330//261 327//261 403//261
f 336//262 331//262 332//262
f 333//263 331//263 409//263
f 338//264 341//264 337//264
f 337//265 345//265 338//265
f 346//266 343//266 338//266
f 340//267 338//267 345//267
f 345//268 337//268 339//268
f 344//269 348//269 339//269
f 350//270 316//270 349//270
f 320//271 316//271 350//271
f 323//272 349//272 316//272
f 351//273 349//273 323//273
f 324//274 351//274 323//274
f 352//275 324//275 326//275
f 354//276 352//276 327//276
f 350//277 349//277 351//277
f 350//278 351//278 353//278
f 352//279 355//279 353//279
f 354//280 329//280 330//280
f 357//281 354//281 330//281
f 356//282 355//282 357//282
f 333//283 409//283 358//283
f 359//284 340//284 345//284
f 361//285 362//285 363//285
f 364//286 361//286 363//286
f 365//287 366//287 361//287
f 366//288 362//288 361//288
f 373//289 378//289 379//289
f 378//290 381//290 379//290
f 444//291 374//291 375//291
f 380//292 383//292 375//292
f 373//293 379//293 384//293
f 321//294 314//294 388//294
f 321//295 388//295 389//295
f 388//296 393//296 390//296
f 393//297 388//297 391//297
f 315//298 321//298 398//298
f 394//299 395//299 396//299
f 397//300 396//300 395//300
f 399//301 396//301 397//301
f 395//302 394//302 400//302
f 389//303 400//303 398//303
f 400//304 389//304 392//304
f 401//305 400//305 392//305
f 401//306 392//306 402//306
f 400//307 401//307 399//307
f 404//308 330//308 403//308
f 407//309 403//309 406//309
f 399//310 406//310 396//310
f 331//311 334//311 410//311
f 331//312 410//312 409//312
f 408//313 407//313 405//313
f 408//314 405//314 404//314
f 336//315 412//315 335//315
f 347//316 341//316 413//316
f 339//317 415//317 345//317
f 348//318 415//318 339//318
f 414//319 343//319 411//319
f 342//320 416//320 417//320
f 418//321 413//321 414//321
f 417//322 415//322 348//322
f 416//323 347//323 413//323
f 417//324 416//324 419//324
f 413//325 418//325 416//325
f 348//326 344//326 342//326
f 421//327 420//327 422//327
f 423//328 320//328 350//328
f 423//329 350//329 424//329
f 391//330 387//330 425//330
f 391//331 424//331 426//331
f 426//332 402//332 393//332
f 429//333 428//333 353//333
f 429//334 353//334 427//334
f 429//335 427//335 399//335
f 401//336 429//336 399//336
f 405//337 430//337 357//337
f 405//338 407//338 430//338
f 430//339 356//339 357//339
f 430//340 406//340 356//340
f 358//341 409//341 431//341
f 409//342 410//342 431//342
f 431//343 410//343 412//343
f 432//344 360//344 359//344
f 432//345 415//345 419//345
f 360//346 432//346 418//346
f 434//347 362//347 433//347
f 366//348 433//348 362//348
f 433//349 366//349 367//349
f 367//350 366//350 385//350
f 439//351 433//351 435//351
f 367//352 435//352 433//352
f 363//353 434//353 437//353
f 438//354 370//354 369//354
f 452//355 386//355 438//355
f 379//356 445//356 441//356
f 446//357 441//357 445//357
f 444//358 443//358 382//358
f 450//359 446//359 442//359
f 383//360 447//360 444//360
f 445//361 448//361 449//361
f 446//362 445//362 449//362
f 446//363 447//363 442//363
f 384//364 379//364 450//364
f 451//365 385//365 386//365
f 367//366 385//366 452//366
f 451//367 452//367 385//367
f 451//368 386//368 452//368
f 453//369 455//369 456//369
f 457//370 456//370 458//370
f 459//371 456//371 457//371
f 461//372 460//372 456//372
f 480//373 457//373 479//373
f 463//374 454//374 459//374
f 475//375 467//375 466//375
f 469//376 460//376 466//376
f 466//377 472//377 469//377
f 461//378 455//378 475//378
f 455//379 467//379 475//379
f 477//380 460//380 469//380
f 466//381 461//381 470//381
f 482//382 477//382 481//382
f 484//383 478//383 485//383
f 478//384 477//384 482//384
f 484//385 485//385 487//385
f 486//386 484//386 487//386
f 485//387 482//387 487//387
f 488//388 482//388 483//388
f 483//389 482//389 481//389
f 491//390 494//390 492//390
f 492//391 494//391 490//391
f 495//392 493//392 487//392
f 495//393 494//393 493//393
f 494//394 495//394 496//394
f 542//395 496//395 495//395
f 501//396 500//396 499//396
f 497//397 501//397 499//397
f 499//398 512//398 497//398
f 499//399 498//399 502//399
f 500//400 498//400 499//400
f 490//401 500//401 501//401
f 503//402 502//402 498//402
f 500//403 505//403 507//403
f 504//404 502//404 503//404
f 508//405 505//405 496//405
f 508//406 507//406 505//406
f 511//407 512//407 515//407
f 510//408 517//408 516//408
f 502//409 504//409 515//409
f 517//410 511//410 515//410
f 515//411 504//411 506//411
f 515//412 506//412 518//412
f 517//413 515//413 518//413
f 602//414 516//414 517//414
f 520//415 517//415 518//415
f 520//416 602//416 517//416
f 519//417 518//417 509//417
f 521//418 526//418 514//418
f 525//419 523//419 528//419
f 529//420 527//420 523//420
f 524//421 528//421 531//421
f 526//422 516//422 602//422
f 476//423 455//423 474//423
f 476//424 463//424 532//424
f 476//425 591//425 467//425
f 463//426 474//426 454//426
f 480//427 537//427 462//427
f 464//428 533//428 463//428
f 537//429 538//429 536//429
f 538//430 537//430 535//430
f 484//431 486//431 491//431
f 491//432 540//432 484//432
f 540//433 489//433 534//433
f 541//434 489//434 540//434
f 489//435 488//435 534//435
f 535//436 539//436 538//436
f 535//437 534//437 539//437
f 542//438 489//438 541//438
f 545//439 544//439 501//439
f 546//440 501//440 497//440
f 543//441 546//441 497//441
f 545//442 501//442 546//442
f 544//443 542//443 492//443
f 546//444 609//444 545//444
f 609//445 546//445 548//445
f 497//446 512//446 543//446
f 513//447 548//447 543//447
f 547//448 513//448 514//448
f 519//449 513//449 547//449
f 547//450 526//450 549//450
f 550//451 465//451 551//451
f 551//452 465//452 552//452
f 552//453 553//453 554//453
f 550//454 551//454 555//454
f 555//455 556//455 557//455
f 559//456 561//456 562//456
f 564//457 561//457 560//457
f 565//458 564//458 567//458
f 566//459 567//459 587//459
f 562//460 566//460 568//460
f 465//461 550//461 569//461
f 569//462 570//462 465//462
f 571//463 465//463 570//463
f 571//464 570//464 569//464
f 571//465 572//465 613//465
f 569//466 555//466 571//466
f 573//467 555//467 557//467
f 573//468 576//468 574//468
f 575//469 557//469 576//469
f 557//470 556//470 576//470
f 577//471 560//471 559//471
f 577//472 559//472 578//472
f 578//473 559//473 562//473
f 580//474 560//474 577//474
f 581//475 560//475 580//475
f 577//476 582//476 580//476
f 580//477 584//477 581//477
f 583//478 580//478 582//478
f 581//479 584//479 563//479
f 583//480 584//480 580//480
f 582//481 585//481 583//481
f 587//482 564//482 584//482
f 588//483 566//483 587//483
f 588//484 584//484 583//484
f 568//485 586//485 585//485
f 586//486 566//486 588//486
f 471//487 472//487 589//487
f 592//488 468//488 590//488
f 596//489 591//489 604//489
f 592//490 473//490 468//490
f 473//491 589//491 472//491
f 589//492 473//492 592//492
f 589//493 592//493 595//493
f 592//494 590//494 596//494
f 598//495 593//495 595//495
f 598//496 483//496 593//496
f 596//497 590//497 591//497
f 599//498 483//498 598//498
f 509//499 503//499 600//499
f 507//500 508//500 601//500
f 600//501 507//501 601//501
f 520//502 518//502 519//502
f 549//503 526//503 602//503
f 531//504 530//504 603//504
f 604//505 476//505 532//505
f 539//506 605//506 538//506
f 538//507 607//507 606//507
f 539//508 597//508 605//508
f 597//509 599//509 607//509
f 599//510 594//510 608//510
f 539//511 534//511 488//511
f 609//512 601//512 508//512
f 553//513 610//513 554//513
f 613//514 610//514 553//514
f 612//515 610//515 613//515
f 611//516 612//516 613//516
f 558//517 612//517 611//517
f 614//518 663//518 664//518
f 617//519 616//519 664//519
f 622//520 620//520 621//520
f 623//521 625//521 620//521
f 624//522 621//522 618//522
f 627//523 618//523 621//523
f 626//524 624//524 619//524
f 627//525 621//525 625//525
f 626//526 629//526 628//526
f 633//527 628//527 631//527
f 619//528 630//528 629//528
f 634//529 632//529 643//529
f 633//530 655//530 628//530
f 635//531 631//531 630//531
f 634//532 635//532 636//532
f 638//533 637//533 640//533
f 639//534 637//534 638//534
f 638//535 640//535 641//535
f 637//536 639//536 642//536
f 637//537 642//537 640//537
f 644//538 643//538 645//538
f 641//539 646//539 638//539
f 634//540 643//540 647//540
f 644//541 647//541 643//541
f 650//542 642//542 648//542
f 646//543 724//543 645//543
f 640//544 652//544 653//544
f 653//545 641//545 640//545
f 654//546 625//546 623//546
f 657//547 661//547 660//547
f 615//548 658//548 663//548
f 658//549 659//549 666//549
f 665//550 658//550 667//550
f 667//551 666//551 670//551
f 676//552 665//552 671//552
f 675//553 673//553 674//553
f 683//554 685//554 686//554
f 616//555 657//555 615//555
f 687//556 617//556 691//556
f 690//557 664//557 665//557
f 691//558 617//558 664//558
f 691//559 690//559 714//559
f 694//560 690//560 693//560
f 693//561 696//561 694//561
f 698//562 695//562 676//562
f 695//563 698//563 696//563
f 756//564 694//564 696//564
f 756//565 692//565 694//565
f 756//566 696//566 697//566
f 678//567 679//567 699//567
f 703//568 705//568 678//568
f 699//569 680//569 704//569
f 703//570 678//570 699//570
f 680//571 679//571 705//571
f 702//572 700//572 701//572
f 680//573 705//573 704//573
f 703//574 704//574 705//574
f 707//575 706//575 711//575
f 708//576 710//576 706//576
f 708//577 707//577 710//577
f 764//578 711//578 709//578
f 712//579 709//579 710//579
f 714//580 713//580 688//580
f 627//581 716//581 618//581
f 720//582 718//582 717//582
f 619//583 624//583 719//583
f 635//584 719//584 720//584
f 652//585 650//585 722//585
f 724//586 723//586 648//586
f 653//587 652//587 722//587
f 721//588 646//588 653//588
f 722//589 721//589 653//589
f 656//590 717//590 625//590
f 725//591 656//591 655//591
f 725//592 717//592 656//592
f 725//593 655//593 720//593
f 752//594 727//594 657//594
f 734//595 726//595 727//595
f 669//596 662//596 731//596
f 670//597 731//597 667//597
f 731//598 662//598 726//598
f 732//599 667//599 731//599
f 732//600 734//600 729//600
f 728//601 729//601 734//601
f 736//602 668//602 732//602
f 677//603 736//603 741//603
f 732//604 741//604 736//604
f 686//605 685//605 683//605
f 738//606 739//606 740//606
f 743//607 742//607 750//607
f 750//608 742//608 743//608
f 752//609 728//609 727//609
f 729//610 728//610 752//610
f 771//611 754//611 689//611
f 732//612 735//612 755//612
f 735//613 753//613 754//613
f 735//614 730//614 753//614
f 761//615 737//615 733//615
f 698//616 761//616 756//616
f 757//617 698//617 756//617
f 758//618 759//618 760//618
f 761//619 741//619 737//619
f 711//620 762//620 766//620
f 770//621 762//621 764//621
f 766//622 765//622 746//622
f 770//623 765//623 762//623
f 762//624 765//624 766//624
f 769//625 767//625 763//625
f 769//626 765//626 770//626
f 769//627 770//627 767//627
f 751//628 746//628 765//628
f 769//629 766//629 751//629
f 769//630 751//630 765//630
f 714//631 715//631 772//631
f 775//632 774//632 773//632
f 778//633 777//633 779//633
f 777//634 780//634 779//634
f 782//635 843//635 789//635
f 843//636 782//636 842//636
f 781//637 778//637 791//637
f 781//638 777//638 778//638
f 784//639 782//639 788//639
f 47//640 48//640 4//640 2//640
f 794//641 788//641 789//641
f 778//642 784//642 791//642
f 791//643 788//643 792//643
f 794//644 789//644 786//644
f 794//645 792//645 788//645
f 790//646 794//646 783//646
f 775//647 799//647 774//647
f 800//648 796//648 795//648
f 797//649 773//649 801//649
f 776//650 795//650 805//650
f 797//651 801//651 804//651
f 803//652 801//652 805//652
f 802//653 804//653 801//653
f 808//654 803//654 805//654
f 808//655 805//655 807//655
f 808//656 807//656 809//656
f 807//657 795//657 796//657
f 906//658 831//658 809//658
f 817//659 811//659 816//659
f 821//660 814//660 818//660
f 802//661 818//661 814//661
f 806//662 802//662 814//662
f 813//663 820//663 815//663
f 827//664 820//664 813//664
f 822//665 816//665 821//665
f 806//666 823//666 818//666
f 824//667 821//667 823//667
f 820//668 824//668 815//668
f 826//669 822//669 821//669
f 820//670 826//670 824//670
f 827//671 828//671 825//671
f 825//672 828//672 829//672
f 830//673 775//673 797//673
f 831//674 799//674 830//674
f 831//675 830//675 809//675
f 907//676 799//676 831//676
f 830//677 797//677 809//677
f 780//678 835//678 834//678
f 781//679 780//679 777//679
f 874//680 838//680 780//680
f 786//681 843//681 785//681
f 786//682 785//682 783//682
f 834//683 841//683 779//683
f 845//684 843//684 842//684
f 785//685 844//685 846//685
f 834//686 837//686 841//686
f 848//687 847//687 851//687
f 849//688 848//688 851//688
f 785//689 853//689 793//689
f 894//690 856//690 855//690
f 858//691 856//691 857//691
f 853//692 785//692 846//692
f 852//693 858//693 857//693
f 859//694 860//694 832//694
f 864//695 863//695 862//695
f 859//696 832//696 866//696
f 859//697 866//697 867//697
f 859//698 867//698 865//698
f 869//699 865//699 868//699
f 865//700 869//700 899//700
f 867//701 866//701 833//701
f 863//702 867//702 833//702
f 870//703 867//703 863//703
f 870//704 868//704 867//704
f 781//705 874//705 780//705
f 875//706 874//706 873//706
f 793//707 783//707 785//707
f 877//708 876//708 790//708
f 792//709 876//709 878//709
f 791//710 872//710 787//710
f 792//711 872//711 791//711
f 878//712 881//712 879//712
f 878//713 880//713 882//713
f 878//714 914//714 881//714
f 882//715 883//715 884//715
f 912//716 875//716 873//716
f 873//717 914//717 912//717
f 914//718 878//718 917//718
f 854//719 887//719 793//719
f 888//720 887//720 890//720
f 888//721 880//721 877//721
f 891//722 888//722 890//722
f 888//723 883//723 880//723
f 889//724 887//724 886//724
f 889//725 886//725 894//725
f 893//726 896//726 862//726
f 889//727 897//727 903//727
f 898//728 896//728 895//728
f 898//729 861//729 858//729
f 897//730 864//730 898//730
f 893//731 859//731 865//731
f 900//732 893//732 865//732
f 900//733 899//733 901//733
f 900//734 901//734 897//734
f 897//735 889//735 900//735
f 869//736 871//736 899//736
f 871//737 901//737 899//737
f 901//738 870//738 864//738
f 871//739 870//739 901//739
f 901//740 864//740 897//740
f 879//741 873//741 872//741
f 903//742 890//742 889//742
f 904//743 890//743 903//743
f 903//744 898//744 904//744
f 904//745 902//745 890//745
f 905//746 796//746 800//746
f 807//747 796//747 905//747
f 907//748 905//748 800//748
f 907//749 831//749 906//749
f 908//750 839//750 840//750
f 852//751 849//751 910//751
f 839//752 909//752 850//752
f 839//753 908//753 909//753
f 917//754 851//754 909//754
f 913//755 838//755 875//755
f 908//756 840//756 838//756
f 885//757 849//757 851//757
f 885//758 911//758 882//758
f 915//759 884//759 910//759
f 912//760 913//760 875//760
f 916//761 908//761 838//761
f 915//762 885//762 882//762
f 884//763 915//763 882//763
f 914//764 916//764 912//764
f 916//765 914//765 917//765
f 916//766 909//766 908//766
f 919//767 918//767 924//767
f 925//768 919//768 924//768
f 924//769 918//769 995//769
f 923//770 925//770 926//770
f 926//771 925//771 927//771
f 926//772 927//772 929//772
f 931//773 933//773 930//773
f 931//774 932//774 1006//774
f 933//775 1007//775 932//775
f 936//776 1009//776 933//776
f 941//777 940//777 939//777
f 941//778 944//778 940//778
f 1021//779 943//779 942//779
f 946//780 947//780 945//780
f 947//781 948//781 945//781
f 940//782 944//782 946//782
f 947//783 944//783 948//783
f 947//784 946//784 944//784
f 949//785 948//785 951//785
f 954//786 956//786 957//786
f 958//787 956//787 959//787
f 959//788 956//788 955//788
f 957//789 956//789 958//789
f 960//790 946//790 961//790
f 962//791 941//791 960//791
f 962//792 942//792 941//792
f 966//793 946//793 945//793
f 946//794 966//794 970//794
f 970//795 969//795 961//795
f 972//796 971//796 968//796
f 967//797 971//797 972//797
f 967//798 973//798 970//798
f 974//799 969//799 970//799
f 968//800 950//800 975//800
f 975//801 950//801 952//801
f 952//802 976//802 977//802
f 975//803 952//803 978//803
f 975//804 1052//804 972//804
f 986//805 954//805 957//805
f 984//806 954//806 986//806
f 984//807 983//807 954//807
f 987//808 986//808 957//808
f 985//809 955//809 983//809
f 984//810 986//810 988//810
f 984//811 989//811 983//811
f 988//812 986//812 990//812
f 984//813 988//813 1061//813
f 995//814 918//814 996//814
f 998//815 919//815 921//815
f 998//816 918//816 919//816
f 997//817 996//817 998//817
f 999//818 998//818 922//818
f 922//819 1000//819 999//819
f 997//820 998//820 1001//820
f 925//821 924//821 1002//821
f 927//822 925//822 1002//822
f 928//823 927//823 1002//823
f 1002//824 924//824 1005//824
f 1004//825 1002//825 1003//825
f 929//826 1000//826 926//826
f 1000//827 1005//827 1001//827
f 1011//828 932//828 1012//828
f 932//829 1011//829 1006//829
f 1008//830 1006//830 1011//830
f 1009//831 935//831 933//831
f 935//832 1004//832 928//832
f 1010//833 936//833 1014//833
f 1013//834 1006//834 1008//834
f 1015//835 1007//835 1004//835
f 1016//836 1011//836 1012//836
f 1009//837 1016//837 1015//837
f 1013//838 1008//838 1014//838
f 1016//839 1009//839 1010//839
f 1008//840 1011//840 1016//840
f 934//841 1017//841 936//841
f 1018//842 1013//842 1017//842
f 926//843 938//843 920//843
f 926//844 922//844 938//844
f 1021//845 1022//845 1019//845
f 1020//846 1019//846 1023//846
f 1022//847 1023//847 1019//847
f 951//848 1020//848 1028//848
f 1025//849 1020//849 1023//849
f 1027//850 1030//850 1031//850
f 1058//851 1035//851 958//851
f 1021//852 942//852 1037//852
f 1038//853 1039//853 1037//853
f 1040//854 1021//854 1037//854
f 1025//855 1024//855 1041//855
f 1022//856 1042//856 1041//856
f 1042//857 1022//857 1043//857
f 1043//858 1022//858 1021//858
f 1043//859 1021//859 1040//859
f 1040//860 1039//860 1043//860
f 1046//861 1044//861 1029//861
f 1045//862 1049//862 1048//862
f 952//863 1032//863 1050//863
f 1051//864 1050//864 1053//864
f 1052//865 978//865 1053//865
f 1052//866 1044//866 972//866
f 1053//867 1029//867 1052//867
f 981//868 979//868 1033//868
f 982//869 1055//869 980//869
f 1058//870 985//870 1057//870
f 988//871 990//871 1059//871
f 989//872 1060//872 1057//872
f 1061//873 988//873 1059//873
f 1061//874 1060//874 989//874
f 1062//875 1036//875 1058//875
f 1060//876 1035//876 1036//876
f 987//877 991//877 1034//877
f 993//878 992//878 994//878
f 957//879 1034//879 991//879
f 1064//880 1063//880 1065//880
f 1065//881 1063//881 1064//881
f 964//882 965//882 1038//882
f 1068//883 1117//883 1072//883
f 1070//884 1069//884 1072//884
f 1072//885 1071//885 1070//885
f 1074//886 1068//886 1073//886
f 1074//887 1073//887 1156//887
f 1069//888 1159//888 1075//888
f 1079//889 1077//889 1081//889
f 1082//890 1067//890 1080//890
f 1067//891 1203//891 1066//891
f 1083//892 1067//892 1082//892
f 1083//893 1086//893 1067//893
f 1086//894 1207//894 1067//894
f 1207//895 1203//895 1067//895
f 1080//896 1066//896 1081//896
f 1087//897 1085//897 1089//897
f 1087//898 1089//898 1090//898
f 1088//899 1090//899 1091//899
f 1091//900 1100//900 1095//900
f 1092//901 1088//901 1091//901
f 1092//902 1084//902 1080//902
f 1095//903 1090//903 1094//903
f 1091//904 1094//904 1092//904
f 1093//905 1085//905 1205//905
f 1210//906 1093//906 1205//906
f 1096//907 1097//907 1098//907
f 1097//908 1096//908 1099//908
f 1098//909 1100//909 1096//909
f 1097//910 1099//910 1103//910
f 1103//911 1099//911 1106//911
f 1101//912 1104//912 1097//912
f 1099//913 1105//913 1106//913
f 1100//914 1090//914 1107//914
f 1108//915 1100//915 1107//915
f 1109//916 1095//916 1100//916
f 1110//917 1104//917 1101//917
f 1108//918 1107//918 1112//918
f 1108//919 1112//919 1105//919
f 1106//920 1105//920 1113//920
f 1111//921 1212//921 1109//921
f 1115//922 1097//922 1103//922
f 1115//923 1103//923 1101//923
f 1114//924 1116//924 1113//924
f 1110//925 1101//925 1116//925
f 1084//926 1209//926 1083//926
f 1074//927 1117//927 1068//927
f 1118//928 1117//928 1074//928
f 1118//929 1119//929 1120//929
f 1121//930 1119//930 1118//930
f 1072//931 1124//931 1122//931
f 1124//932 1126//932 1122//932
f 1124//933 1118//933 1126//933
f 1122//934 1126//934 1125//934
f 1127//935 1128//935 1217//935
f 1123//936 1133//936 1131//936
f 1131//937 1133//937 1134//937
f 1133//938 1127//938 1218//938
f 1136//939 1133//939 1135//939
f 1132//940 1134//940 1137//940
f 1137//941 1134//941 1139//941
f 1139//942 1134//942 1140//942
f 1141//943 1143//943 1144//943
f 1145//944 1138//944 1139//944
f 1144//945 1146//945 1147//945
f 1142//946 1144//946 1151//946
f 1152//947 1151//947 1153//947
f 1151//948 1144//948 1147//948
f 1151//949 1147//949 1154//949
f 1153//950 1151//950 1154//950
f 1157//951 1121//951 1156//951
f 1157//952 1156//952 1160//952
f 1160//953 1158//953 1157//953
f 1159//954 1130//954 1162//954
f 1164//955 1131//955 1165//955
f 1166//956 1164//956 1165//956
f 1166//957 1202//957 1164//957
f 1138//958 1169//958 1139//958
f 1167//959 1139//959 1140//959
f 1173//960 1167//960 1172//960
f 1175//961 1141//961 1174//961
f 1175//962 1174//962 1177//962
f 1175//963 1138//963 1141//963
f 1176//964 1138//964 1175//964
f 1177//965 1232//965 1175//965
f 1139//966 1173//966 1179//966
f 1232//967 1221//967 1179//967
f 1180//968 1149//968 1148//968
f 1177//969 1174//969 1142//969
f 1184//970 1181//970 1180//970
f 1182//971 1142//971 1150//971
f 1178//972 1177//972 1182//972
f 1184//973 1182//973 1181//973
f 1185//974 1182//974 1183//974
f 1178//975 1182//975 1185//975
f 1154//976 1147//976 1222//976
f 1178//977 1186//977 1232//977
f 1178//978 1185//978 1186//978
f 1191//979 1188//979 1189//979
f 1192//980 1184//980 1180//980
f 1190//981 1191//981 1194//981
f 1196//982 1195//982 1199//982
f 1199//983 1195//983 1196//983
f 1155//984 1233//984 1187//984
f 1192//985 1155//985 1187//985
f 1076//986 1161//986 1160//986
f 1201//987 1160//987 1161//987
f 1161//988 1202//988 1201//988
f 1201//989 1163//989 1160//989
f 1078//990 1203//990 1205//990
f 1208//991 1207//991 1086//991
f 1209//992 1210//992 1206//992
f 1105//993 1112//993 1211//993
f 1113//994 1105//994 1211//994
f 1212//995 1112//995 1109//995
f 1114//996 1113//996 1110//996
f 1206//997 1086//997 1209//997
f 1119//998 1213//998 1120//998
f 1129//999 1215//999 1216//999
f 1126//1000 1217//1000 1128//1000
f 1129//1001 1126//1001 1213//1001
f 1218//1002 1127//1002 1219//1002
f 1129//1003 1217//1003 1126//1003
f 1219//1004 1127//1004 1217//1004
f 1220//1005 1218//1005 1219//1005
f 1135//1006 1133//1006 1218//1006
f 1225//1007 1163//1007 1224//1007
f 1224//1008 1216//1008 1214//1008
f 1224//1009 1226//1009 1216//1009
f 1229//1010 1202//1010 1166//1010
f 1202//1011 1229//1011 1227//1011
f 1229//1012 1218//1012 1231//1012
f 1227//1013 1228//1013 1163//1013
f 1219//1014 1129//1014 1226//1014
f 1229//1015 1231//1015 1230//1015
f 1226//1016 1220//1016 1219//1016
f 1226//1017 1231//1017 1220//1017
f 1135//1018 1218//1018 1229//1018
f 1154//1019 1223//1019 1153//1019
f 1233//1020 1223//1020 1154//1020
f 1186//1021 1222//1021 1232//1021
f 1187//1022 1233//1022 1154//1022
f 1154//1023 1222//1023 1186//1023
f 1235//1024 1239//1024 1237//1024
f 1235//1025 1237//1025 1243//1025
f 1237//1026 1238//1026 1243//1026
f 1240//1027 1244//1027 1264//1027
f 1264//1028 1244//1028 1246//1028
f 1244//1029 1248//1029 1249//1029
f 1250//1030 1249//1030 1251//1030
f 1251//1031 1249//1031 1304//1031
f 1257//1032 1254//1032 1258//1032
f 1259//1033 1255//1033 1256//1033
f 1256//1034 1254//1034 1257//1034
f 1332//1035 1259//1035 1256//1035
f 1236//1036 1262//1036 1235//1036
f 1261//1037 1262//1037 1236//1037
f 1262//1038 1239//1038 1235//1038
f 1264//1039 1242//1039 1240//1039
f 1265//1040 1245//1040 1266//1040
f 1264//1041 1266//1041 1242//1041
f 1267//1042 1269//1042 1266//1042
f 1270//1043 1271//1043 1272//1043
f 1358//1044 1333//1044 1256//1044
f 1275//1045 1274//1045 1277//1045
f 1275//1046 1277//1046 1278//1046
f 1274//1047 1363//1047 1276//1047
f 1278//1048 1277//1048 1280//1048
f 1281//1049 1282//1049 1389//1049
f 1284//1050 1281//1050 1285//1050
f 1285//1051 1281//1051 1389//1051
f 1239//1052 1286//1052 1247//1052
f 1238//1053 1239//1053 1247//1053
f 1290//1054 1287//1054 1286//1054
f 1291//1055 1290//1055 1293//1055
f 1241//1056 1288//1056 1294//1056
f 1247//1057 1289//1057 1234//1057
f 1294//1058 1295//1058 1248//1058
f 1294//1059 1288//1059 1297//1059
f 1297//1060 1296//1060 1295//1060
f 1247//1061 1287//1061 1298//1061
f 1290//1062 1298//1062 1287//1062
f 1301//1063 1289//1063 1291//1063
f 1291//1064 1298//1064 1290//1064
f 1301//1065 1302//1065 1289//1065
f 1302//1066 1299//1066 1297//1066
f 1301//1067 1291//1067 1303//1067
f 1300//1068 1310//1068 1302//1068
f 1249//1069 1305//1069 1304//1069
f 1251//1070 1304//1070 1311//1070
f 1304//1071 1306//1071 1312//1071
f 1353//1072 1251//1072 1311//1072
f 1306//1073 1305//1073 1307//1073
f 1296//1074 1297//1074 1299//1074
f 1309//1075 1296//1075 1299//1075
f 1310//1076 1309//1076 1299//1076
f 1310//1077 1299//1077 1302//1077
f 1311//1078 1312//1078 1313//1078
f 1311//1079 1313//1079 1321//1079
f 1315//1080 1353//1080 1311//1080
f 1312//1081 1306//1081 1316//1081
f 1313//1082 1316//1082 1326//1082
f 1316//1083 1306//1083 1317//1083
f 1317//1084 1315//1084 1314//1084
f 1253//1085 1320//1085 1322//1085
f 1252//1086 1325//1086 1253//1086
f 1323//1087 1318//1087 1319//1087
f 1322//1088 1320//1088 1324//1088
f 1328//1089 1324//1089 1320//1089
f 1322//1090 1324//1090 1330//1090
f 1317//1091 1314//1091 1316//1091
f 1324//1092 1328//1092 1330//1092
f 1332//1093 1331//1093 1259//1093
f 1334//1094 1257//1094 1331//1094
f 1334//1095 1337//1095 1340//1095
f 1334//1096 1340//1096 1339//1096
f 1337//1097 1338//1097 1340//1097
f 1340//1098 1338//1098 1339//1098
f 1336//1099 1342//1099 1335//1099
f 1341//1100 1342//1100 1336//1100
f 1263//1101 1343//1101 1262//1101
f 1343//1102 1239//1102 1262//1102
f 1343//1103 1292//1103 1290//1103
f 1268//1104 1344//1104 1246//1104
f 1344//1105 1348//1105 1267//1105
f 1347//1106 1269//1106 1267//1106
f 1348//1107 1347//1107 1267//1107
f 1348//1108 1344//1108 1346//1108
f 1354//1109 1300//1109 1346//1109
f 1346//1110 1300//1110 1348//1110
f 1349//1111 1300//1111 1354//1111
f 1350//1112 1269//1112 1347//1112
f 1300//1113 1397//1113 1347//1113
f 1351//1114 1292//1114 1350//1114
f 1396//1115 1351//1115 1350//1115
f 1352//1116 1396//1116 1350//1116
f 1345//1117 1268//1117 1353//1117
f 1345//1118 1354//1118 1346//1118
f 1354//1119 1309//1119 1310//1119
f 1349//1120 1310//1120 1300//1120
f 1315//1121 1308//1121 1353//1121
f 1315//1122 1317//1122 1308//1122
f 1260//1123 1355//1123 1252//1123
f 1260//1124 1356//1124 1355//1124
f 1356//1125 1260//1125 1327//1125
f 1327//1126 1330//1126 1357//1126
f 1327//1127 1357//1127 1356//1127
f 1357//1128 1329//1128 1356//1128
f 1358//1129 1256//1129 1334//1129
f 1273//1130 1359//1130 1362//1130
f 1366//1131 1279//1131 1392//1131
f 1372//1132 1280//1132 1362//1132
f 1280//1133 1372//1133 1367//1133
f 1367//1134 1369//1134 1370//1134
f 1367//1135 1370//1135 1371//1135
f 1373//1136 1367//1136 1371//1136
f 1364//1137 1368//1137 1373//1137
f 1362//1138 1360//1138 1374//1138
f 1372//1139 1362//1139 1374//1139
f 1378//1140 1284//1140 1285//1140
f 1375//1141 1282//1141 1383//1141
f 1383//1142 1282//1142 1283//1142
f 1284//1143 1371//1143 1283//1143
f 1377//1144 1381//1144 1378//1144
f 1379//1145 1375//1145 1384//1145
f 1383//1146 1385//1146 1375//1146
f 1380//1147 1370//1147 1369//1147
f 1386//1148 1380//1148 1371//1148
f 1381//1149 1387//1149 1386//1149
f 1390//1150 1389//1150 1388//1150
f 1388//1151 1379//1151 1390//1151
f 1390//1152 1382//1152 1389//1152
f 1390//1153 1379//1153 1382//1153
f 1391//1154 1275//1154 1278//1154
f 1368//1155 1391//1155 1278//1155
f 1392//1156 1279//1156 1391//1156
f 1392//1157 1368//1157 1364//1157
f 1303//1158 1293//1158 1393//1158
f 1303//1159 1291//1159 1293//1159
f 1401//1160 1409//1160 1398//1160
f 1399//1161 1401//1161 1398//1161
f 1393//1162 1293//1162 1292//1162
f 1396//1163 1303//1163 1351//1163
f 1395//1164 1400//1164 1394//1164
f 1394//1165 1400//1165 1403//1165
f 1410//1166 1394//1166 1403//1166
f 1400//1167 1405//1167 1404//1167
f 1403//1168 1404//1168 1406//1168
f 1407//1169 1406//1169 1404//1169
f 1405//1170 1407//1170 1404//1170
f 1398//1171 1414//1171 1411//1171
f 1409//1172 1410//1172 1403//1172
f 1411//1173 1414//1173 1412//1173
f 1403//1174 1406//1174 1413//1174
f 1414//1175 1415//1175 1412//1175
f 1413//1176 1416//1176 1418//1176
f 1411//1177 1412//1177 1455//1177
f 1412//1178 1415//1178 1417//1178
f 1419//1179 1417//1179 1420//1179
f 1420//1180 1417//1180 1421//1180
f 1420//1181 1421//1181 1422//1181
f 1462//1182 1423//1182 1424//1182
f 1426//1183 1423//1183 1462//1183
f 1428//1184 1427//1184 1426//1184
f 1424//1185 1425//1185 1512//1185
f 1429//1186 1430//1186 1431//1186
f 1430//1187 1429//1187 1434//1187
f 1431//1188 1430//1188 1432//1188
f 1434//1189 1435//1189 1438//1189
f 1436//1190 1443//1190 1439//1190
f 1437//1191 1438//1191 1435//1191
f 1442//1192 1438//1192 1437//1192
f 1445//1193 1444//1193 1446//1193
f 1446//1194 1444//1194 1445//1194
f 1447//1195 1449//1195 1402//1195
f 1452//1196 1405//1196 1449//1196
f 1451//1197 1450//1197 1453//1197
f 1448//1198 1447//1198 1402//1198
f 1454//1199 1399//1199 1411//1199
f 1454//1200 1448//1200 1399//1200
f 1455//1201 1456//1201 1411//1201
f 1450//1202 1448//1202 1454//1202
f 1460//1203 1458//1203 1459//1203
f 1461//1204 1426//1204 1462//1204
f 1463//1205 1464//1205 1465//1205
f 1466//1206 1462//1206 1512//1206
f 1466//1207 1428//1207 1426//1207
f 1433//1208 1431//1208 1467//1208
f 1467//1209 1468//1209 1433//1209
f 1442//1210 1437//1210 1433//1210
f 1471//1211 1469//1211 1478//1211
f 1475//1212 1472//1212 1473//1212
f 1473//1213 1472//1213 1474//1213
f 1476//1214 1472//1214 1475//1214
f 1473//1215 1471//1215 1482//1215
f 1473//1216 1476//1216 1475//1216
f 1477//1217 1476//1217 1473//1217
f 1474//1218 1469//1218 1471//1218
f 1522//1219 1470//1219 1472//1219
f 1471//1220 1478//1220 1482//1220
f 1482//1221 1483//1221 1479//1221
f 1481//1222 1483//1222 1480//1222
f 1479//1223 1483//1223 1481//1223
f 1481//1224 1480//1224 1528//1224
f 1484//1225 1485//1225 1482//1225
f 1484//1226 1482//1226 1479//1226
f 1491//1227 1486//1227 1489//1227
f 1492//1228 1489//1228 1486//1228
f 1487//1229 1530//1229 1488//1229
f 1494//1230 1493//1230 1491//1230
f 1495//1231 1494//1231 1491//1231
f 1495//1232 1491//1232 1489//1232
f 1490//1233 1491//1233 1493//1233
f 1497//1234 1493//1234 1494//1234
f 1495//1235 1497//1235 1494//1235
f 1489//1236 1498//1236 1495//1236
f 1492//1237 1498//1237 1489//1237
f 1488//1238 1496//1238 1499//1238
f 1477//1239 1522//1239 1476//1239
f 1482//1240 1485//1240 1522//1240
f 1503//1241 1501//1241 1502//1241
f 1452//1242 1502//1242 1407//1242
f 1503//1243 1502//1243 1504//1243
f 1408//1244 1501//1244 1503//1244
f 1508//1245 1506//1245 1505//1245
f 1509//1246 1416//1246 1507//1246
f 1509//1247 1503//1247 1510//1247
f 1511//1248 1505//1248 1509//1248
f 1513//1249 1427//1249 1512//1249
f 1514//1250 1438//1250 1442//1250
f 1514//1251 1515//1251 1438//1251
f 1440//1252 1515//1252 1516//1252
f 1517//1253 1452//1253 1451//1253
f 1517//1254 1453//1254 1518//1254
f 1457//1255 1511//1255 1520//1255
f 1520//1256 1510//1256 1519//1256
f 1522//1257 1523//1257 1470//1257
f 1526//1258 1524//1258 1485//1258
f 1527//1259 1525//1259 1523//1259
f 1526//1260 1525//1260 1527//1260
f 1484//1261 1483//1261 1529//1261
f 1528//1262 1483//1262 1484//1262
f 1528//1263 1484//1263 1481//1263
f 1485//1264 1484//1264 1529//1264
f 1478//1265 1521//1265 1529//1265
f 1529//1266 1521//1266 1525//1266
f 1490//1267 1493//1267 1531//1267
f 1497//1268 1533//1268 1493//1268
f 1533//1269 1497//1269 1495//1269
f 1498//1270 1531//1270 1495//1270
f 1492//1271 1500//1271 1498//1271
f 1539//1272 1535//1272 1536//1272
f 1543//1273 1542//1273 1562//1273
f 1535//1274 1538//1274 1544//1274
f 1544//1275 1540//1275 1545//1275
f 1552//1276 1554//1276 1555//1276
f 1539//1277 1537//1277 1535//1277
f 1563//1278 1556//1278 1557//1278
f 1571//1279 1557//1279 1549//1279
f 1557//1280 1559//1280 1549//1280
f 1571//1281 1559//1281 1560//1281
f 1558//1282 1557//1282 1537//1282
f 1563//1283 1561//1283 1541//1283
f 1565//1284 1562//1284 1542//1284
f 1564//1285 1567//1285 1565//1285
f 1578//1286 1543//1286 1568//1286
f 1550//1287 1561//1287 1563//1287
f 1568//1288 1562//1288 1569//1288
f 1564//1289 1566//1289 1567//1289
f 1570//1290 1569//1290 1565//1290
f 1550//1291 1563//1291 1571//1291
f 1566//1292 1550//1292 1551//1292
f 1573//1293 1566//1293 1551//1293
f 1572//1294 1569//1294 1574//1294
f 1576//1295 1573//1295 1575//1295
f 1570//1296 1574//1296 1569//1296
f 1551//1297 1571//1297 1560//1297
f 1577//1298 1551//1298 1560//1298
f 1576//1299 1574//1299 1570//1299
f 1578//1300 1580//1300 1552//1300
f 1578//1301 1552//1301 1579//1301
f 1578//1302 1568//1302 1580//1302
f 1552//1303 1580//1303 1572//1303
f 1582//1304 1553//1304 1583//1304
f 1582//1305 1593//1305 1554//1305
f 1613//1306 1582//1306 1583//1306
f 1585//1307 1584//1307 1586//1307
f 1618//1308 1579//1308 1584//1308
f 1619//1309 1618//1309 1584//1309
f 1589//1310 1584//1310 1587//1310
f 1591//1311 1589//1311 1587//1311
f 1619//1312 1589//1312 1590//1312
f 1590//1313 1589//1313 1592//1313
f 1555//1314 1593//1314 1588//1314
f 1587//1315 1594//1315 1591//1315
f 1590//1316 1582//1316 1613//1316
f 1592//1317 1582//1317 1590//1317
f 1595//1318 1593//1318 1594//1318
f 1586//1319 1598//1319 1596//1319
f 1593//1320 1598//1320 1588//1320
f 1596//1321 1597//1321 1599//1321
f 1595//1322 1597//1322 1598//1322
f 1536//1323 1544//1323 1600//1323
f 1600//1324 1602//1324 1539//1324
f 1600//1325 1601//1325 1602//1325
f 1558//1326 1537//1326 1539//1326
f 1603//1327 1602//1327 1604//1327
f 1542//1328 1605//1328 1545//1328
f 1543//1329 1578//1329 1606//1329
f 1605//1330 1607//1330 1545//1330
f 1544//1331 1601//1331 1600//1331
f 1601//1332 1544//1332 1610//1332
f 1545//1333 1607//1333 1611//1333
f 1609//1334 1615//1334 1607//1334
f 1615//1335 1612//1335 1607//1335
f 1617//1336 1601//1336 1610//1336
f 1611//1337 1617//1337 1610//1337
f 1604//1338 1602//1338 1601//1338
f 1614//1339 1613//1339 1615//1339
f 1617//1340 1604//1340 1601//1340
f 1618//1341 1578//1341 1579//1341
f 1578//1342 1608//1342 1606//1342
f 1619//1343 1620//1343 1618//1343
f 1621//1344 1613//1344 1608//1344
f 1590//1345 1613//1345 1621//1345
f 1590//1346 1621//1346 1620//1346
f 1622//1347 1624//1347 1623//1347
f 1619//1348 1590//1348 1620//1348
f 1631//1349 1623//1349 1624//1349
f 1633//1350 1626//1350 1627//1350
f 1585//1351 1586//1351 1628//1351
f 1629//1352 1623//1352 1587//1352
f 1629//1353 1587//1353 1585//1353
f 1630//1354 1629//1354 1628//1354
f 1630//1355 1622//1355 1629//1355
f 1631//1356 1587//1356 1623//1356
f 1630//1357 1631//1357 1633//1357
f 1630//1358 1633//1358 1622//1358
f 1632//1359 1599//1359 1595//1359
f 1546//1360 1635//1360 1634//1360
f 1625//1361 1633//1361 1627//1361
f 1637//1362 1547//1362 1548//1362
f 1638//1363 1637//1363 1548//1363
f 1639//1364 1546//1364 1637//1364
f 1638//1365 1639//1365 1637//1365
f 1635//1366 1546//1366 1639//1366
f 1686//1367 1636//1367 1635//1367
f 1641//1368 1640//1368 1644//1368
f 1548//1369 1642//1369 1638//1369
f 1634//1370 1645//1370 1646//1370
f 1650//1371 1648//1371 1643//1371
f 1647//1372 1650//1372 1643//1372
f 1648//1373 1650//1373 1645//1373
f 1642//1374 1651//1374 1644//1374
f 1649//1375 1634//1375 1636//1375
f 1651//1376 1645//1376 1649//1376
f 1648//1377 1645//1377 1651//1377
f 1655//1378 1652//1378 1653//1378
f 1654//1379 1655//1379 1661//1379
f 1658//1380 1661//1380 1662//1380
f 1663//1381 1659//1381 1646//1381
f 1665//1382 1663//1382 1664//1382
f 1660//1383 1664//1383 1647//1383
f 1664//1384 1666//1384 1665//1384
f 1670//1385 1657//1385 1667//1385
f 1665//1386 1668//1386 1663//1386
f 1658//1387 1662//1387 1669//1387
f 1669//1388 1665//1388 1666//1388
f 1667//1389 1672//1389 1669//1389
f 1670//1390 1667//1390 1669//1390
f 1676//1391 1675//1391 1674//1391
f 1573//1392 1577//1392 1677//1392
f 1581//1393 1574//1393 1678//1393
f 1679//1394 1560//1394 1674//1394
f 1560//1395 1679//1395 1680//1395
f 1575//1396 1681//1396 1616//1396
f 1680//1397 1679//1397 1675//1397
f 1575//1398 1682//1398 1574//1398
f 1681//1399 1680//1399 1683//1399
f 1583//1400 1581//1400 1678//1400
f 1684//1401 1616//1401 1615//1401
f 1613//1402 1684//1402 1615//1402
f 1678//1403 1575//1403 1616//1403
f 1612//1404 1681//1404 1685//1404
f 1617//1405 1612//1405 1685//1405
f 1685//1406 1683//1406 1675//1406
f 1681//1407 1683//1407 1685//1407
f 1649//1408 1636//1408 1686//1408
f 1640//1409 1649//1409 1686//1409
f 1698//1410 1693//1410 1697//1410
f 1694//1411 1693//1411 1698//1411
f 1697//1412 1699//1412 1698//1412
f 1699//1413 1702//1413 1701//1413
f 1830//1414 1697//1414 1695//1414
f 1696//1415 1703//1415 1704//1415
f 1694//1416 1698//1416 1705//1416
f 1698//1417 1706//1417 1705//1417
f 1705//1418 1706//1418 1708//1418
f 1698//1419 1699//1419 1706//1419
f 1709//1420 1708//1420 1707//1420
f 1709//1421 1710//1421 1708//1421
f 1707//1422 1711//1422 1709//1422
f 1707//1423 1786//1423 1790//1423
f 1721//1424 1713//1424 1712//1424
f 1713//1425 1691//1425 1673//1425
f 1714//1426 1713//1426 1723//1426
f 1748//1427 1711//1427 1714//1427
f 1718//1428 1711//1428 1793//1428
f 1716//1429 1723//1429 1715//1429
f 1712//1430 1719//1430 1721//1430
f 1673//1431 1690//1431 1722//1431
f 1721//1432 1719//1432 1723//1432
f 1721//1433 1723//1433 1713//1433
f 1719//1434 1722//1434 1725//1434
f 1725//1435 1722//1435 1724//1435
f 1725//1436 1724//1436 1720//1436
f 1720//1437 1726//1437 1727//1437
f 1724//1438 1722//1438 1692//1438
f 1719//1439 1715//1439 1723//1439
f 1724//1440 1692//1440 1731//1440
f 1715//1441 1719//1441 1730//1441
f 1730//1442 1719//1442 1725//1442
f 1729//1443 1806//1443 1725//1443
f 1726//1444 1731//1444 1806//1444
f 1695//1445 1705//1445 1733//1445
f 1736//1446 1735//1446 1695//1446
f 1737//1447 1733//1447 1708//1447
f 1733//1448 1737//1448 1734//1448
f 1710//1449 1739//1449 1708//1449
f 1734//1450 1737//1450 1736//1450
f 1738//1451 1709//1451 1711//1451
f 1738//1452 1711//1452 1742//1452
f 1742//1453 1711//1453 1748//1453
f 1748//1454 1750//1454 1742//1454
f 1742//1455 1750//1455 1738//1455
f 1752//1456 1753//1456 1729//1456
f 1747//1457 1746//1457 1751//1457
f 1729//1458 1753//1458 1756//1458
f 1842//1459 1756//1459 1754//1459
f 1760//1460 1759//1460 1762//1460
f 1847//1461 1761//1461 1759//1461
f 1763//1462 1759//1462 1760//1462
f 1765//1463 1764//1463 1757//1463
f 1768//1464 1767//1464 1766//1464
f 1773//1465 1767//1465 1768//1465
f 1862//1466 1767//1466 1773//1466
f 1768//1467 1770//1467 1769//1467
f 1775//1468 1687//1468 1688//1468
f 1777//1469 1776//1469 1775//1469
f 1689//1470 1779//1470 1786//1470
f 1779//1471 1689//1471 1776//1471
f 1777//1472 1775//1472 1778//1472
f 1692//1473 1691//1473 1781//1473
f 1782//1474 1783//1474 1784//1474
f 1783//1475 1785//1475 1777//1475
f 1778//1476 1688//1476 1702//1476
f 1688//1477 1778//1477 1775//1477
f 1787//1478 1786//1478 1779//1478
f 1784//1479 1777//1479 1778//1479
f 1874//1480 1788//1480 1873//1480
f 1786//1481 1787//1481 1790//1481
f 1787//1482 1788//1482 1791//1482
f 1715//1483 1718//1483 1793//1483
f 1715//1484 1717//1484 1718//1484
f 1707//1485 1790//1485 1793//1485
f 1780//1486 1691//1486 1717//1486
f 1791//1487 1794//1487 1790//1487
f 1796//1488 1793//1488 1794//1488
f 1795//1489 1796//1489 1794//1489
f 1799//1490 1802//1490 1797//1490
f 1804//1491 1717//1491 1715//1491
f 1729//1492 1805//1492 1806//1492
f 1731//1493 1732//1493 1806//1493
f 1780//1494 1717//1494 1781//1494
f 1732//1495 1781//1495 1810//1495
f 1804//1496 1809//1496 1781//1496
f 1806//1497 1809//1497 1804//1497
f 1805//1498 1812//1498 1806//1498
f 1808//1499 1807//1499 1805//1499
f 1813//1500 1814//1500 1816//1500
f 1815//1501 1809//1501 1806//1501
f 1811//1502 1817//1502 1818//1502
f 1807//1503 1812//1503 1805//1503
f 1820//1504 1823//1504 1821//1504
f 1826//1505 1821//1505 1824//1505
f 1825//1506 1820//1506 1822//1506
f 1828//1507 1820//1507 1821//1507
f 1803//1508 1799//1508 1801//1508
f 1825//1509 1827//1509 1823//1509
f 1826//1510 1827//1510 1828//1510
f 1828//1511 1827//1511 1825//1511
f 1830//1512 1695//1512 1735//1512
f 1833//1513 1829//1513 1735//1513
f 1829//1514 1830//1514 1735//1514
f 1833//1515 1735//1515 1736//1515
f 1833//1516 1736//1516 1737//1516
f 1834//1517 1739//1517 1741//1517
f 1832//1518 1833//1518 1737//1518
f 1833//1519 1831//1519 1829//1519
f 1833//1520 1832//1520 1831//1520
f 1834//1521 1875//1521 1832//1521
f 1750//1522 1741//1522 1740//1522
f 1835//1523 1789//1523 1834//1523
f 1748//1524 1837//1524 1750//1524
f 1749//1525 1836//1525 1751//1525
f 1716//1526 1798//1526 1838//1526
f 1838//1527 1792//1527 1835//1527
f 1726//1528 1807//1528 1808//1528
f 1753//1529 1726//1529 1808//1529
f 1842//1530 1729//1530 1756//1530
f 1753//1531 1808//1531 1843//1531
f 1844//1532 1755//1532 1842//1532
f 1754//1533 1844//1533 1842//1533
f 1843//1534 1808//1534 1819//1534
f 1845//1535 1822//1535 1828//1535
f 1845//1536 1825//1536 1822//1536
f 1850//1537 1847//1537 1851//1537
f 1765//1538 1855//1538 1852//1538
f 1762//1539 1853//1539 1854//1539
f 1856//1540 1852//1540 1855//1540
f 1850//1541 1857//1541 1846//1541
f 1849//1542 1856//1542 1857//1542
f 1851//1543 1857//1543 1850//1543
f 1860//1544 1766//1544 1859//1544
f 1862//1545 1773//1545 1869//1545
f 1772//1546 1858//1546 1861//1546
f 1864//1547 1860//1547 1867//1547
f 1870//1548 1772//1548 1865//1548
f 1863//1549 1864//1549 1867//1549
f 1862//1550 1868//1550 1865//1550
f 1862//1551 1869//1551 1868//1551
f 1772//1552 1870//1552 1859//1552
f 1863//1553 1867//1553 1872//1553
f 1863//1554 1872//1554 1869//1554
f 1872//1555 1867//1555 1871//1555
f 1848//1556 1763//1556 1854//1556
f 1849//1557 1848//1557 1854//1557
f 1830//1558 1874//1558 1783//1558
f 1875//1559 1788//1559 1874//1559
f 1802//1560 1799//1560 1800//1560
f 1875//1561 1874//1561 1876//1561
f 1879//1562 1878//1562 1925//1562
f 1935//1563 1878//1563 1880//1563
f 1881//1564 1880//1564 1877//1564
f 1884//1565 1947//1565 1883//1565
f 1900//1566 1886//1566 1885//1566
f 1888//1567 1886//1567 1900//1567
f 1906//1568 1890//1568 1891//1568
f 1891//1569 1895//1569 1893//1569
f 1900//1570 1885//1570 1902//1570
f 1901//1571 1900//1571 1902//1571
f 1904//1572 1900//1572 1903//1572
f 1903//1573 1916//1573 1905//1573
f 1887//1574 1906//1574 1907//1574
f 1914//1575 1887//1575 1907//1575
f 1906//1576 1891//1576 1909//1576
f 1914//1577 1902//1577 1887//1577
f 1908//1578 1914//1578 1907//1578
f 1907//1579 1909//1579 1911//1579
f 1914//1580 1913//1580 1902//1580
f 1902//1581 1913//1581 1901//1581
f 1909//1582 1891//1582 1893//1582
f 1909//1583 1893//1583 1910//1583
f 1912//1584 1909//1584 1910//1584
f 1911//1585 1915//1585 1908//1585
f 1915//1586 1914//1586 1908//1586
f 1916//1587 1913//1587 1914//1587
f 1915//1588 1918//1588 1914//1588
f 1912//1589 1919//1589 1921//1589
f 2013//1590 1897//1590 1923//1590
f 1877//1591 1879//1591 1925//1591
f 1926//1592 1925//1592 1927//1592
f 1928//1593 1926//1593 1927//1593
f 1930//1594 1929//1594 1926//1594
f 1931//1595 1926//1595 1928//1595
f 1933//1596 1882//1596 1932//1596
f 1937//1597 1935//1597 1936//1597
f 1938//1598 1937//1598 1936//1598
f 1931//1599 1928//1599 1927//1599
f 1939//1600 1877//1600 1930//1600
f 1943//1601 1881//1601 1939//1601
f 1942//1602 1930//1602 1941//1602
f 1940//1603 1942//1603 1944//1603
f 1939//1604 1942//1604 1941//1604
f 1945//1605 1942//1605 1939//1605
f 1945//1606 1944//1606 1942//1606
f 1882//1607 1933//1607 1883//1607
f 1947//1608 1884//1608 1948//1608
f 1946//1609 1949//1609 1882//1609
f 1945//1610 1940//1610 1949//1610
f 1945//1611 1949//1611 1946//1611
f 1953//1612 1951//1612 1933//1612
f 1945//1613 1946//1613 1944//1613
f 1954//1614 1946//1614 1950//1614
f 1954//1615 1949//1615 1944//1615
f 1884//1616 1883//1616 1957//1616
f 1884//1617 1957//1617 1952//1617
f 1957//1618 1958//1618 1952//1618
f 1958//1619 1957//1619 1955//1619
f 1955//1620 1953//1620 1956//1620
f 1959//1621 1888//1621 1960//1621
f 1891//1622 1894//1622 1895//1622
f 1892//1623 1965//1623 1964//1623
f 1962//1624 1963//1624 1965//1624
f 1959//1625 1961//1625 1963//1625
f 1968//1626 1969//1626 1964//1626
f 1966//1627 1963//1627 1961//1627
f 1968//1628 1964//1628 1967//1628
f 1963//1629 1966//1629 1970//1629
f 1897//1630 1977//1630 1976//1630
f 1974//1631 1973//1631 1979//1631
f 1975//1632 1978//1632 1977//1632
f 1985//1633 1986//1633 1904//1633
f 1905//1634 1916//1634 1918//1634
f 1917//1635 1988//1635 1911//1635
f 1988//1636 1990//1636 1915//1636
f 1990//1637 1918//1637 1915//1637
f 1992//1638 1918//1638 1990//1638
f 1991//1639 1993//1639 1989//1639
f 1994//1640 1985//1640 1992//1640
f 1996//1641 1994//1641 1992//1641
f 1995//1642 1994//1642 1996//1642
f 1922//1643 1920//1643 1999//1643
f 1971//1644 2000//1644 2004//1644
f 2000//1645 1896//1645 2003//1645
f 2007//1646 2005//1646 2004//1646
f 2001//1647 2005//1647 2008//1647
f 2000//1648 2005//1648 2007//1648
f 2008//1649 2000//1649 2003//1649
f 2009//1650 2008//1650 2003//1650
f 2008//1651 2009//1651 2006//1651
f 1896//1652 1969//1652 2003//1652
f 1993//1653 1969//1653 1968//1653
f 2002//1654 2010//1654 2011//1654
f 1972//1655 1971//1655 1973//1655
f 2002//1656 1920//1656 1998//1656
f 1973//1657 1971//1657 2004//1657
f 2012//1658 1973//1658 2004//1658
f 2007//1659 2004//1659 2000//1659
f 1924//1660 1923//1660 2015//1660
f 2015//1661 1923//1661 2014//1661
f 1972//1662 1974//1662 2010//1662
f 2010//1663 2016//1663 2011//1663
f 2016//1664 2013//1664 2017//1664
f 2018//1665 2017//1665 1924//1665
f 2018//1666 2016//1666 2017//1666
f 2023//1667 2018//1667 1924//1667
f 2012//1668 1979//1668 1973//1668
f 2012//1669 2019//1669 1979//1669
f 2019//1670 2020//1670 1979//1670
f 2023//1671 2021//1671 1978//1671
f 2023//1672 1978//1672 2022//1672
f 2014//1673 1976//1673 1898//1673
f 2015//1674 2014//1674 1898//1674
f 2021//1675 1983//1675 1976//1675
f 2028//1676 1981//1676 1983//1676
f 2028//1677 1983//1677 2027//1677
f 2027//1678 2021//1678 2015//1678
f 2030//1679 2029//1679 1984//1679
f 2030//1680 2026//1680 2024//1680
f 1996//1681 1992//1681 1990//1681
f 1994//1682 1997//1682 1986//1682
f 2033//1683 1966//1683 1997//1683
f 1968//1684 1970//1684 2033//1684
f 1994//1685 2033//1685 1997//1685
f 1995//1686 1993//1686 2033//1686
f 2037//1687 2034//1687 2036//1687
f 2034//1688 2037//1688 2035//1688
f 2038//1689 2146//1689 2036//1689
f 2037//1690 2039//1690 2040//1690
f 2041//1691 2042//1691 2043//1691
f 2044//1692 2040//1692 2039//1692
f 2052//1693 2048//1693 2047//1693
f 2049//1694 2052//1694 2047//1694
f 2052//1695 2054//1695 2053//1695
f 2061//1696 2050//1696 2055//1696
f 2154//1697 2146//1697 2038//1697
f 2056//1698 2154//1698 2038//1698
f 2155//1699 2056//1699 2035//1699
f 2035//1700 2037//1700 2057//1700
f 2057//1701 2040//1701 2059//1701
f 2041//1702 2058//1702 2059//1702
f 2057//1703 2155//1703 2035//1703
f 2043//1704 2058//1704 2041//1704
f 2058//1705 2149//1705 2059//1705
f 2062//1706 2046//1706 2061//1706
f 2043//1707 2049//1707 2060//1707
f 2061//1708 2064//1708 2062//1708
f 2064//1709 2063//1709 2062//1709
f 2061//1710 2046//1710 2050//1710
f 2067//1711 2066//1711 2069//1711
f 2071//1712 2074//1712 2070//1712
f 2065//1713 2074//1713 2071//1713
f 2074//1714 2073//1714 2070//1714
f 2076//1715 2075//1715 2078//1715
f 2068//1716 2079//1716 2074//1716
f 2078//1717 2077//1717 2164//1717
f 2076//1718 2078//1718 2080//1718
f 2120//1719 2080//1719 2081//1719
f 2080//1720 2084//1720 2082//1720
f 2083//1721 2082//1721 2084//1721
f 2084//1722 2085//1722 2086//1722
f 2087//1723 2084//1723 2086//1723
f 2088//1724 2089//1724 2090//1724
f 2091//1725 2083//1725 2087//1725
f 2093//1726 2094//1726 2095//1726
f 2166//1727 2096//1727 2087//1727
f 2101//1728 2098//1728 2103//1728
f 2095//1729 2102//1729 2093//1729
f 2095//1730 2100//1730 2102//1730
f 2101//1731 2106//1731 2109//1731
f 2107//1732 2104//1732 2109//1732
f 2100//1733 2105//1733 2103//1733
f 2106//1734 2103//1734 2108//1734
f 2106//1735 2108//1735 2107//1735
f 2110//1736 2109//1736 2106//1736
f 2111//1737 2065//1737 2032//1737
f 2112//1738 2111//1738 2032//1738
f 2112//1739 2032//1739 2113//1739
f 2158//1740 2111//1740 2114//1740
f 2116//1741 2114//1741 2115//1741
f 2113//1742 2071//1742 2072//1742
f 2118//1743 2113//1743 2072//1743
f 2119//1744 2072//1744 2075//1744
f 2123//1745 2118//1745 2072//1745
f 2121//1746 2113//1746 2118//1746
f 2119//1747 2076//1747 2120//1747
f 2124//1748 2119//1748 2122//1748
f 2123//1749 2115//1749 2121//1749
f 2125//1750 2126//1750 2127//1750
f 2117//1751 2115//1751 2123//1751
f 2123//1752 2124//1752 2172//1752
f 2125//1753 2122//1753 2120//1753
f 2081//1754 2080//1754 2082//1754
f 2081//1755 2129//1755 2086//1755
f 2128//1756 2129//1756 2081//1756
f 2087//1757 2086//1757 2129//1757
f 2086//1758 2126//1758 2125//1758
f 2083//1759 2091//1759 2131//1759
f 2102//1760 2092//1760 2093//1760
f 2130//1761 2083//1761 2131//1761
f 2130//1762 2132//1762 2083//1762
f 2129//1763 2128//1763 2132//1763
f 2133//1764 2095//1764 2094//1764
f 2102//1765 2133//1765 2092//1765
f 2132//1766 2087//1766 2129//1766
f 2133//1767 2094//1767 2175//1767
f 2087//1768 2132//1768 2135//1768
f 2102//1769 2099//1769 2136//1769
f 2104//1770 2099//1770 2101//1770
f 2136//1771 2099//1771 2104//1771
f 2136//1772 2139//1772 2137//1772
f 2137//1773 2140//1773 2102//1773
f 2104//1774 2108//1774 2138//1774
f 2134//1775 2133//1775 2102//1775
f 2134//1776 2140//1776 2097//1776
f 2140//1777 2134//1777 2102//1777
f 2180//1778 2140//1778 2137//1778
f 2139//1779 2138//1779 2181//1779
f 2107//1780 2110//1780 2106//1780
f 2145//1781 2144//1781 2143//1781
f 2044//1782 2045//1782 2148//1782
f 2045//1783 2044//1783 2149//1783
f 2053//1784 2054//1784 2148//1784
f 2042//1785 2148//1785 2054//1785
f 2151//1786 2051//1786 2150//1786
f 2055//1787 2151//1787 2152//1787
f 2154//1788 2155//1788 2147//1788
f 2147//1789 2146//1789 2154//1789
f 2155//1790 2057//1790 2156//1790
f 2149//1791 2147//1791 2156//1791
f 2157//1792 2153//1792 2148//1792
f 2157//1793 2063//1793 2153//1793
f 2068//1794 2069//1794 2159//1794
f 2158//1795 2160//1795 2159//1795
f 2162//1796 2068//1796 2161//1796
f 2163//1797 2077//1797 2162//1797
f 2163//1798 2162//1798 2165//1798
f 2085//1799 2080//1799 2164//1799
f 2094//1800 2096//1800 2166//1800
f 2108//1801 2103//1801 2168//1801
f 2168//1802 2103//1802 2105//1802
f 2108//1803 2168//1803 2167//1803
f 2169//1804 2158//1804 2116//1804
f 2170//1805 2158//1805 2169//1805
f 2170//1806 2173//1806 2160//1806
f 2172//1807 2124//1807 2127//1807
f 2171//1808 2164//1808 2163//1808
f 2174//1809 2172//1809 2127//1809
f 2174//1810 2163//1810 2165//1810
f 2165//1811 2161//1811 2173//1811
f 2174//1812 2165//1812 2173//1812
f 2171//1813 2126//1813 2086//1813
f 2171//1814 2086//1814 2085//1814
f 2094//1815 2166//1815 2175//1815
f 2135//1816 2175//1816 2177//1816
f 2135//1817 2133//1817 2175//1817
f 2176//1818 2178//1818 2179//1818
f 2177//1819 2175//1819 2166//1819
f 2180//1820 2142//1820 2140//1820
f 2168//1821 2105//1821 2097//1821
f 2142//1822 2167//1822 2168//1822
f 2142//1823 2141//1823 2167//1823
f 2182//1824 2184//1824 2206//1824
f 2182//1825 2206//1825 2183//1825
f 2191//1826 2186//1826 2195//1826
f 2195//1827 2187//1827 2193//1827
f 2196//1828 2193//1828 2187//1828
f 2195//1829 2186//1829 2189//1829
f 2244//1830 2196//1830 2187//1830
f 2244//1831 2246//1831 2197//1831
f 2283//1832 2196//1832 2244//1832
f 2274//1833 2195//1833 2198//1833
f 2196//1834 2198//1834 2193//1834
f 2199//1835 2200//1835 2201//1835
f 2184//1836 2182//1836 2183//1836
f 2185//1837 2203//1837 2183//1837
f 2203//1838 2204//1838 2183//1838
f 2310//1839 2309//1839 2235//1839
f 2183//1840 2206//1840 2185//1840
f 2206//1841 2199//1841 2207//1841
f 2199//1842 2201//1842 2208//1842
f 2213//1843 2209//1843 2208//1843
f 2208//1844 2201//1844 2205//1844
f 2210//1845 2205//1845 2308//1845
f 2308//1846 2235//1846 2210//1846
f 2217//1847 2215//1847 2214//1847
f 2217//1848 2214//1848 2216//1848
f 2217//1849 2220//1849 2215//1849
f 2216//1850 2214//1850 2221//1850
f 2215//1851 2211//1851 2218//1851
f 2215//1852 2219//1852 2211//1852
f 2212//1853 2211//1853 2219//1853
f 2225//1854 2211//1854 2213//1854
f 2212//1855 2225//1855 2213//1855
f 2225//1856 2212//1856 2219//1856
f 2226//1857 2219//1857 2223//1857
f 2233//1858 2222//1858 2227//1858
f 2218//1859 2225//1859 2228//1859
f 2230//1860 2233//1860 2227//1860
f 2230//1861 2228//1861 2223//1861
f 2229//1862 2230//1862 2223//1862
f 2230//1863 2229//1863 2232//1863
f 2217//1864 2216//1864 2231//1864
f 2232//1865 2231//1865 2233//1865
f 2232//1866 2233//1866 2230//1866
f 2185//1867 2234//1867 2203//1867
f 2204//1868 2234//1868 2309//1868
f 2210//1869 2235//1869 2234//1869
f 2236//1870 2237//1870 2238//1870
f 2237//1871 2236//1871 2186//1871
f 2311//1872 2237//1872 2186//1872
f 2247//1873 2188//1873 2242//1873
f 2246//1874 2244//1874 2247//1874
f 2238//1875 2240//1875 2249//1875
f 2243//1876 2247//1876 2250//1876
f 2247//1877 2249//1877 2250//1877
f 2250//1878 2251//1878 2243//1878
f 2248//1879 2243//1879 2252//1879
f 2249//1880 2240//1880 2253//1880
f 2240//1881 2317//1881 2253//1881
f 2254//1882 2256//1882 2290//1882
f 2254//1883 2248//1883 2255//1883
f 2297//1884 2259//1884 2260//1884
f 2266//1885 2263//1885 2297//1885
f 2265//1886 2263//1886 2266//1886
f 2270//1887 2268//1887 2273//1887
f 2262//1888 2265//1888 2269//1888
f 2271//1889 2269//1889 2265//1889
f 2266//1890 2271//1890 2265//1890
f 2270//1891 2272//1891 2271//1891
f 2270//1892 2273//1892 2272//1892
f 2192//1893 2274//1893 2275//1893
f 2311//1894 2186//1894 2275//1894
f 2275//1895 2276//1895 2278//1895
f 2246//1896 2190//1896 2194//1896
f 2196//1897 2283//1897 2198//1897
f 2280//1898 2197//1898 2245//1898
f 2282//1899 2274//1899 2198//1899
f 2198//1900 2283//1900 2282//1900
f 2286//1901 2283//1901 2197//1901
f 2281//1902 2286//1902 2197//1902
f 2274//1903 2276//1903 2275//1903
f 2282//1904 2283//1904 2285//1904
f 2285//1905 2276//1905 2282//1905
f 2287//1906 2286//1906 2281//1906
f 2324//1907 2285//1907 2286//1907
f 2287//1908 2284//1908 2293//1908
f 2304//1909 2279//1909 2276//1909
f 2324//1910 2286//1910 2288//1910
f 2322//1911 2288//1911 2287//1911
f 2280//1912 2245//1912 2248//1912
f 2290//1913 2280//1913 2248//1913
f 2248//1914 2254//1914 2290//1914
f 2300//1915 2293//1915 2292//1915
f 2258//1916 2255//1916 2252//1916
f 2258//1917 2257//1917 2293//1917
f 2300//1918 2258//1918 2293//1918
f 2291//1919 2290//1919 2294//1919
f 2294//1920 2290//1920 2298//1920
f 2296//1921 2294//1921 2295//1921
f 2296//1922 2299//1922 2294//1922
f 2299//1923 2300//1923 2306//1923
f 2296//1924 2267//1924 2299//1924
f 2300//1925 2256//1925 2255//1925
f 2258//1926 2300//1926 2255//1926
f 2300//1927 2267//1927 2297//1927
f 2295//1928 2259//1928 2268//1928
f 2295//1929 2260//1929 2259//1929
f 2302//1930 2267//1930 2296//1930
f 2270//1931 2267//1931 2303//1931
f 2324//1932 2304//1932 2285//1932
f 2292//1933 2280//1933 2291//1933
f 2291//1934 2305//1934 2292//1934
f 2305//1935 2300//1935 2292//1935
f 2205//1936 2202//1936 2308//1936
f 2307//1937 2202//1937 2204//1937
f 2310//1938 2308//1938 2307//1938
f 2309//1939 2310//1939 2307//1939
f 2250//1940 2253//1940 2314//1940
f 2314//1941 2316//1941 2250//1941
f 2313//1942 2315//1942 2312//1942
f 2318//1943 2317//1943 2315//1943
f 2320//1944 2311//1944 2277//1944
f 2288//1945 2323//1945 2324//1945
f 2323//1946 2279//1946 2304//1946
f 2324//1947 2323//1947 2304//1947
f 2326//1948 2321//1948 2322//1948
f 2320//1949 2277//1949 2279//1949
f 2321//1950 2318//1950 2327//1950
f 2319//1951 2320//1951 2279//1951
f 2323//1952 2321//1952 2327//1952
f 2401//1953 2328//1953 2332//1953
f 2401//1954 2332//1954 2348//1954
f 2332//1955 2333//1955 2336//1955
f 2338//1956 2346//1956 2341//1956
f 2338//1957 2341//1957 2339//1957
f 2406//1958 2346//1958 2338//1958
f 2413//1959 2342//1959 2347//1959
f 2349//1960 2351//1960 2350//1960
f 2352//1961 2351//1961 2349//1961
f 2350//1962 2351//1962 2353//1962
f 2354//1963 2351//1963 2352//1963
f 2361//1964 2353//1964 2356//1964
f 2356//1965 2357//1965 2364//1965
f 2349//1966 2355//1966 2352//1966
f 2349//1967 2360//1967 2355//1967
f 2350//1968 2353//1968 2361//1968
f 2360//1969 2350//1969 2361//1969
f 2362//1970 2360//1970 2363//1970
f 2360//1971 2361//1971 2358//1971
f 2430//1972 2358//1972 2359//1972
f 2358//1973 2430//1973 2431//1973
f 2366//1974 2435//1974 2368//1974
f 2435//1975 2366//1975 2363//1975
f 2369//1976 2368//1976 2435//1976
f 2374//1977 2371//1977 2370//1977
f 2373//1978 2372//1978 2374//1978
f 2372//1979 2367//1979 2375//1979
f 2372//1980 2375//1980 2376//1980
f 2374//1981 2372//1981 2376//1981
f 2352//1982 2355//1982 2354//1982
f 2355//1983 2379//1983 2354//1983
f 2379//1984 2381//1984 2354//1984
f 2380//1985 2381//1985 2379//1985
f 2382//1986 2381//1986 2380//1986
f 2355//1987 2360//1987 2362//1987
f 2384//1988 2362//1988 2363//1988
f 2362//1989 2379//1989 2355//1989
f 2382//1990 2379//1990 2362//1990
f 2380//1991 2379//1991 2382//1991
f 2384//1992 2460//1992 2362//1992
f 2460//1993 2452//1993 2382//1993
f 2384//1994 2386//1994 2459//1994
f 2385//1995 2369//1995 2387//1995
f 2386//1996 2385//1996 2387//1996
f 2390//1997 2370//1997 2388//1997
f 2388//1998 2391//1998 2374//1998
f 2391//1999 2388//1999 2389//1999
f 2390//2000 2388//2000 2392//2000
f 2374//2001 2378//2001 2392//2001
f 2396//2002 2394//2002 2478//2002
f 2401//2003 2399//2003 2328//2003
f 2404//2004 2402//2004 2401//2004
f 2410//2005 2402//2005 2404//2005
f 2405//2006 2399//2006 2402//2006
f 2406//2007 2407//2007 2333//2007
f 2336//2008 2420//2008 2348//2008
f 2408//2009 2335//2009 2400//2009
f 2408//2010 2400//2010 2409//2010
f 2410//2011 2409//2011 2400//2011
f 2410//2012 2420//2012 2336//2012
f 2403//2013 2400//2013 2399//2013
f 2403//2014 2405//2014 2402//2014
f 2411//2015 2344//2015 2345//2015
f 2345//2016 2346//2016 2408//2016
f 2412//2017 2338//2017 2339//2017
f 2413//2018 2419//2018 2343//2018
f 2343//2019 2415//2019 2339//2019
f 2344//2020 2411//2020 2347//2020
f 2413//2021 2417//2021 2419//2021
f 2345//2022 2414//2022 2416//2022
f 2414//2023 2408//2023 2412//2023
f 2419//2024 2415//2024 2343//2024
f 2417//2025 2418//2025 2416//2025
f 2415//2026 2414//2026 2412//2026
f 2417//2027 2415//2027 2419//2027
f 2418//2028 2347//2028 2411//2028
f 2416//2029 2418//2029 2411//2029
f 2413//2030 2418//2030 2417//2030
f 2404//2031 2401//2031 2348//2031
f 2420//2032 2410//2032 2404//2032
f 2357//2033 2424//2033 2423//2033
f 2357//2034 2423//2034 2364//2034
f 2422//2035 2425//2035 2421//2035
f 2426//2036 2428//2036 2425//2036
f 2358//2037 2422//2037 2359//2037
f 2422//2038 2364//2038 2423//2038
f 2423//2039 2426//2039 2422//2039
f 2434//2040 2431//2040 2428//2040
f 2429//2041 2434//2041 2428//2041
f 2436//2042 2435//2042 2432//2042
f 2439//2043 2365//2043 2433//2043
f 2436//2044 2432//2044 2439//2044
f 2438//2045 2436//2045 2439//2045
f 2441//2046 2375//2046 2440//2046
f 2392//2047 2377//2047 2373//2047
f 2442//2048 2441//2048 2444//2048
f 2441//2049 2445//2049 2444//2049
f 2443//2050 2442//2050 2444//2050
f 2378//2051 2374//2051 2443//2051
f 2445//2052 2441//2052 2440//2052
f 2440//2053 2437//2053 2446//2053
f 2440//2054 2446//2054 2445//2054
f 2446//2055 2437//2055 2377//2055
f 2377//2056 2448//2056 2446//2056
f 2378//2057 2448//2057 2449//2057
f 2377//2058 2447//2058 2449//2058
f 2449//2059 2451//2059 2450//2059
f 2383//2060 2453//2060 2381//2060
f 2453//2061 2427//2061 2424//2061
f 2458//2062 2453//2062 2455//2062
f 2461//2063 2460//2063 2459//2063
f 2457//2064 2461//2064 2462//2064
f 2457//2065 2434//2065 2491//2065
f 2457//2066 2492//2066 2458//2066
f 2464//2067 2466//2067 2465//2067
f 2462//2068 2439//2068 2433//2068
f 2467//2069 2468//2069 2387//2069
f 2369//2070 2471//2070 2469//2070
f 2369//2071 2438//2071 2471//2071
f 2464//2072 2472//2072 2466//2072
f 2469//2073 2471//2073 2470//2073
f 2475//2074 2473//2074 2474//2074
f 2395//2075 2476//2075 2393//2075
f 2480//2076 2397//2076 2396//2076
f 2480//2077 2478//2077 2394//2077
f 2478//2078 2480//2078 2396//2078
f 2477//2079 2447//2079 2392//2079
f 2482//2080 2479//2080 2481//2080
f 2447//2081 2377//2081 2392//2081
f 2485//2082 2447//2082 2477//2082
f 2477//2083 2378//2083 2485//2083
f 2378//2084 2449//2084 2486//2084
f 2487//2085 2486//2085 2484//2085
f 2489//2086 2449//2086 2447//2086
f 2474//2087 2473//2087 2475//2087
f 2454//2088 2463//2088 2455//2088
f 2456//2089 2491//2089 2427//2089
f 2457//2090 2491//2090 2492//2090
f 2//2091 4//2091 1//2091
f 2//2092 1//2092 5//2092
f 8//2093 6//2093 7//2093
f 16//2094 1//2094 15//2094
f 4//2095 15//2095 1//2095
f 9//2096 3//2096 15//2096
f 17//2097 110//2097 15//2097
f 5//2098 1//2098 16//2098
f 5//2099 16//2099 19//2099
f 19//2100 16//2100 18//2100
f 21//2101 19//2101 22//2101
f 21//2102 23//2102 19//2102
f 25//2103 20//2103 113//2103
f 23//2104 21//2104 22//2104
f 19//2105 25//2105 30//2105
f 24//2106 30//2106 25//2106
f 31//2107 22//2107 30//2107
f 12//2108 29//2108 24//2108
f 24//2109 25//2109 118//2109
f 24//2110 33//2110 12//2110
f 27//2111 26//2111 35//2111
f 37//2112 38//2112 36//2112
f 27//2113 35//2113 26//2113
f 38//2114 41//2114 40//2114
f 39//2115 28//2115 13//2115
f 44//2116 42//2116 39//2116
f 125//2117 44//2117 43//2117
f 45//2118 13//2118 14//2118
f 28//2119 46//2119 32//2119
f 4//2120 48//2120 17//2120
f 92//2121 97//2121 96//2121 89//2121
f 50//2122 17//2122 48//2122
f 53//2123 54//2123 50//2123
f 19//2124 55//2124 5//2124
f 5//2125 51//2125 47//2125
f 56//2126 51//2126 5//2126
f 5//2127 58//2127 56//2127
f 57//2128 52//2128 49//2128
f 55//2129 59//2129 58//2129
f 56//2130 50//2130 51//2130
f 60//2131 56//2131 58//2131
f 60//2132 54//2132 56//2132
f 139//2133 58//2133 59//2133
f 55//2134 19//2134 23//2134
f 55//2135 23//2135 62//2135
f 61//2136 55//2136 62//2136
f 65//2137 63//2137 61//2137
f 62//2138 23//2138 22//2138
f 64//2139 62//2139 22//2139
f 31//2140 64//2140 22//2140
f 64//2141 31//2141 62//2141
f 147//2142 65//2142 31//2142
f 8//2143 7//2143 6//2143
f 67//2144 70//2144 69//2144
f 70//2145 153//2145 69//2145
f 79//2146 77//2146 76//2146
f 82//2147 79//2147 76//2147
f 83//2148 82//2148 75//2148
f 94//2149 84//2149 85//2149
f 82//2150 86//2150 79//2150
f 87//2151 83//2151 75//2151
f 87//2152 84//2152 83//2152
f 85//2153 84//2153 87//2153
f 87//2154 88//2154 85//2154
f 88//2155 159//2155 84//2155
f 89//2156 90//2156 91//2156
f 88//2157 94//2157 95//2157 100//2157
f 89//2158 95//2158 93//2158
f 96//2159 95//2159 89//2159
f 97//2160 98//2160 96//2160
f 99//2161 91//2161 90//2161
f 88//2162 100//2162 85//2162
f 112//2163 119//2163 122//2163 118//2163
f 101//2164 100//2164 95//2164
f 95//2165 102//2165 101//2165
f 103//2166 92//2166 91//2166
f 92//2167 104//2167 97//2167
f 105//2168 91//2168 99//2168
f 79//2169 80//2169 77//2169
f 79//2170 156//2170 80//2170
f 107//2171 10//2171 9//2171
f 110//2172 109//2172 106//2172
f 111//2173 108//2173 109//2173
f 20//2174 10//2174 11//2174
f 113//2175 20//2175 11//2175
f 115//2176 116//2176 11//2176
f 116//2177 142//2177 114//2177
f 110//2178 117//2178 111//2178
f 118//2179 113//2179 112//2179
f 112//2180 142//2180 120//2180 119//2180
f 32//2181 129//2181 130//2181 34//2181
f 12//2182 33//2182 121//2182
f 142//2183 140//2183 147//2183 120//2183
f 33//2184 118//2184 122//2184
f 33//2185 122//2185 121//2185
f 123//2186 124//2186 122//2186
f 45//2187 14//2187 46//2187
f 127//2188 129//2188 126//2188
f 129//2189 46//2189 128//2189
f 126//2190 129//2190 128//2190
f 127//2191 130//2191 129//2191
f 131//2192 34//2192 130//2192
f 134//2193 127//2193 126//2193
f 132//2194 126//2194 128//2194
f 130//2195 127//2195 133//2195
f 127//2196 135//2196 133//2196
f 50//2197 136//2197 17//2197
f 137//2198 138//2198 17//2198
f 138//2199 110//2199 17//2199
f 138//2200 117//2200 110//2200
f 139//2201 141//2201 60//2201
f 60//2202 141//2202 54//2202
f 141//2203 142//2203 143//2203
f 142//2204 116//2204 117//2204
f 143//2205 137//2205 136//2205
f 143//2206 138//2206 137//2206
f 63//2207 147//2207 140//2207
f 147//2208 63//2208 65//2208
f 149//2209 148//2209 144//2209
f 150//2210 120//2210 147//2210
f 191//2211 201//2211 214//2211 213//2211
f 67//2212 153//2212 70//2212
f 135//2213 127//2213 134//2213
f 131//2214 130//2214 152//2214
f 154//2215 75//2215 74//2215
f 155//2216 75//2216 154//2216
f 81//2217 157//2217 78//2217
f 157//2218 155//2218 154//2218
f 158//2219 160//2219 157//2219
f 158//2220 157//2220 81//2220
f 159//2221 88//2221 87//2221
f 155//2222 160//2222 75//2222
f 160//2223 87//2223 75//2223
f 160//2224 159//2224 87//2224
f 160//2225 86//2225 159//2225
f 156//2226 86//2226 160//2226
f 156//2227 160//2227 158//2227
f 93//2228 100//2228 162//2228
f 100//2229 101//2229 162//2229
f 164//2230 102//2230 163//2230
f 162//2231 166//2231 161//2231
f 165//2232 99//2232 161//2232
f 165//2233 166//2233 163//2233
f 164//2234 166//2234 162//2234
f 166//2235 165//2235 161//2235
f 165//2236 105//2236 99//2236
f 167//2237 105//2237 165//2237
f 163//2238 167//2238 165//2238
f 156//2239 81//2239 80//2239
f 169//2240 168//2240 171//2240
f 177//2241 174//2241 173//2241
f 179//2242 177//2242 178//2242
f 175//2243 174//2243 177//2243
f 173//2244 171//2244 170//2244
f 181//2245 177//2245 179//2245
f 182//2246 169//2246 171//2246
f 175//2247 182//2247 171//2247
f 246//2248 182//2248 175//2248
f 184//2249 176//2249 206//2249
f 246//2250 183//2250 182//2250
f 188//2251 187//2251 190//2251
f 192//2252 180//2252 191//2252
f 197//2253 196//2253 198//2253
f 168//2254 199//2254 170//2254
f 168//2255 202//2255 200//2255
f 203//2256 201//2256 200//2256
f 202//2257 203//2257 200//2257
f 205//2258 173//2258 180//2258
f 205//2259 177//2259 173//2259
f 178//2260 177//2260 205//2260
f 199//2261 200//2261 201//2261
f 204//2262 207//2262 210//2262
f 213//2263 192//2263 191//2263
f 209//2264 192//2264 213//2264
f 237//2265 240//2265 239//2265 238//2265
f 203//2266 214//2266 201//2266
f 222//2267 208//2267 211//2267
f 206//2268 218//2268 217//2268
f 216//2269 219//2269 217//2269
f 194//2270 218//2270 193//2270
f 220//2271 210//2271 208//2271
f 208//2272 222//2272 220//2272
f 222//2273 193//2273 220//2273
f 222//2274 195//2274 193//2274
f 224//2275 194//2275 196//2275
f 224//2276 226//2276 216//2276
f 225//2277 224//2277 196//2277
f 225//2278 196//2278 229//2278
f 227//2279 226//2279 224//2279
f 228//2280 196//2280 197//2280
f 198//2281 195//2281 197//2281
f 226//2282 227//2282 195//2282
f 223//2283 226//2283 195//2283
f 235//2284 195//2284 230//2284
f 232//2285 227//2285 225//2285
f 231//2286 229//2286 233//2286
f 233//2287 229//2287 228//2287
f 195//2288 233//2288 228//2288
f 231//2289 233//2289 234//2289
f 235//2290 233//2290 195//2290
f 234//2291 233//2291 235//2291
f 172//2292 236//2292 168//2292
f 238//2293 236//2293 172//2293
f 257//2294 256//2294 255//2294 223//2294
f 239//2295 240//2295 236//2295
f 242//2296 181//2296 176//2296
f 185//2297 181//2297 242//2297
f 243//2298 184//2298 206//2298
f 184//2299 244//2299 242//2299
f 245//2300 183//2300 246//2300
f 244//2301 184//2301 243//2301
f 183//2302 247//2302 237//2302
f 244//2303 249//2303 242//2303
f 242//2304 249//2304 185//2304
f 245//2305 246//2305 250//2305
f 249//2306 244//2306 248//2306
f 247//2307 240//2307 237//2307
f 254//2308 248//2308 252//2308
f 249//2309 254//2309 250//2309
f 254//2310 252//2310 212//2310
f 253//2311 313//2311 240//2311
f 219//2312 243//2312 206//2312
f 221//2313 219//2313 216//2313
f 221//2314 256//2314 219//2314
f 243//2315 256//2315 257//2315
f 221//2316 255//2316 256//2316
f 267//2317 266//2317 265//2317 234//2317
f 252//2318 257//2318 223//2318
f 212//2319 223//2319 222//2319
f 259//2320 260//2320 232//2320
f 262//2321 260//2321 259//2321
f 260//2322 230//2322 232//2322
f 263//2323 261//2323 260//2323
f 264//2324 225//2324 231//2324
f 266//2325 264//2325 231//2325
f 264//2326 259//2326 232//2326
f 258//2327 259//2327 264//2327
f 266//2328 267//2328 264//2328
f 265//2329 231//2329 234//2329
f 261//2330 235//2330 230//2330
f 293//2331 290//2331 288//2331 287//2331
f 264//2332 267//2332 261//2332
f 267//2333 268//2333 261//2333
f 271//2334 269//2334 270//2334
f 271//2335 273//2335 269//2335
f 271//2336 270//2336 272//2336
f 262//2337 259//2337 263//2337
f 187//2338 188//2338 186//2338
f 186//2339 275//2339 270//2339
f 275//2340 276//2340 272//2340
f 190//2341 187//2341 186//2341
f 279//2342 277//2342 273//2342
f 278//2343 277//2343 279//2343
f 278//2344 279//2344 282//2344
f 280//2345 278//2345 282//2345
f 284//2346 283//2346 282//2346
f 306//2347 281//2347 284//2347
f 284//2348 279//2348 286//2348
f 306//2349 284//2349 285//2349
f 285//2350 286//2350 276//2350
f 291//2351 287//2351 288//2351
f 301//2352 297//2352 299//2352 304//2352
f 291//2353 289//2353 287//2353
f 295//2354 294//2354 288//2354
f 289//2355 292//2355 287//2355
f 283//2356 289//2356 291//2356
f 305//2357 295//2357 290//2357
f 293//2358 287//2358 292//2358
f 297//2359 289//2359 280//2359
f 293//2360 292//2360 300//2360
f 297//2361 280//2361 299//2361
f 283//2362 299//2362 282//2362
f 283//2363 296//2363 299//2363
f 301//2364 304//2364 298//2364 300//2364
f 296//2365 304//2365 299//2365
f 303//2366 302//2366 304//2366
f 215//2367 311//2367 310//2367 309//2367
f 290//2368 293//2368 298//2368
f 305//2369 290//2369 298//2369
f 302//2370 305//2370 298//2370
f 189//2371 306//2371 274//2371
f 307//2372 308//2372 202//2372
f 307//2373 214//2373 308//2373
f 215//2374 209//2374 213//2374
f 317//2375 319//2375 323//2375 316//2375
f 309//2376 212//2376 222//2376
f 214//2377 312//2377 213//2377
f 215//2378 213//2378 312//2378
f 313//2379 215//2379 312//2379
f 236//2380 241//2380 307//2380
f 236//2381 240//2381 241//2381
f 307//2382 241//2382 214//2382
f 311//2383 254//2383 310//2383
f 253//2384 250//2384 311//2384
f 240//2385 313//2385 241//2385
f 241//2386 313//2386 214//2386
f 310//2387 254//2387 309//2387
f 313//2388 253//2388 311//2388
f 334//2389 331//2389 336//2389 335//2389
f 318//2390 320//2390 314//2390
f 321//2391 319//2391 314//2391
f 319//2392 325//2392 322//2392
f 323//2393 319//2393 322//2393
f 326//2394 324//2394 322//2394
f 319//2395 321//2395 325//2395
f 321//2396 315//2396 325//2396
f 394//2397 326//2397 325//2397
f 352//2398 328//2398 327//2398
f 328//2399 394//2399 327//2399
f 333//2400 332//2400 331//2400
f 353//2401 351//2401 324//2401 352//2401
f 340//2402 346//2402 338//2402
f 339//2403 337//2403 342//2403
f 347//2404 337//2404 341//2404
f 342//2405 337//2405 347//2405
f 341//2406 338//2406 343//2406
f 344//2407 339//2407 342//2407
f 320//2408 318//2408 316//2408
f 336//2409 332//2409 333//2409 358//2409
f 354//2410 355//2410 352//2410
f 354//2411 327//2411 329//2411
f 354//2412 357//2412 355//2412
f 405//2413 357//2413 330//2413
f 320//2414 423//2414 425//2414 387//2414
f 359//2415 346//2415 340//2415
f 359//2416 360//2416 346//2416
f 359//2417 345//2417 415//2417
f 365//2418 361//2418 364//2418
f 363//2419 365//2419 364//2419
f 370//2420 386//2420 365//2420
f 370//2421 365//2421 363//2421
f 375//2422 374//2422 373//2422
f 372//2423 376//2423 371//2423
f 372//2424 371//2424 376//2424
f 378//2425 374//2425 377//2425
f 373//2426 374//2426 378//2426
f 373//2427 380//2427 375//2427
f 374//2428 382//2428 377//2428
f 384//2429 380//2429 373//2429
f 366//2430 365//2430 386//2430
f 386//2431 385//2431 366//2431
f 320//2432 387//2432 314//2432
f 387//2433 388//2433 314//2433
f 390//2434 389//2434 388//2434
f 387//2435 391//2435 388//2435
f 393//2436 392//2436 390//2436
f 394//2437 315//2437 398//2437
f 321//2438 389//2438 398//2438
f 400//2439 394//2439 398//2439
f 399//2440 397//2440 395//2440
f 390//2441 392//2441 389//2441
f 399//2442 395//2442 400//2442
f 393//2443 402//2443 392//2443
f 327//2444 394//2444 396//2444
f 330//2445 404//2445 405//2445
f 403//2446 327//2446 396//2446
f 407//2447 404//2447 403//2447
f 406//2448 403//2448 396//2448
f 399//2449 356//2449 406//2449
f 334//2450 335//2450 410//2450
f 408//2451 404//2451 407//2451
f 335//2452 412//2452 410//2452
f 414//2453 341//2453 343//2453
f 346//2454 411//2454 343//2454
f 414//2455 413//2455 341//2455
f 416//2456 342//2456 347//2456
f 417//2457 419//2457 415//2457
f 418//2458 419//2458 416//2458
f 421//2459 422//2459 420//2459
f 417//2460 348//2460 342//2460
f 423//2461 424//2461 425//2461
f 350//2462 428//2462 429//2462 424//2462
f 424//2463 391//2463 425//2463
f 426//2464 424//2464 402//2464
f 426//2465 393//2465 391//2465
f 353//2466 428//2466 350//2466
f 356//2467 427//2467 355//2467
f 427//2468 353//2468 355//2468
f 440//2469 436//2469 367//2469 452//2469
f 427//2470 356//2470 399//2470
f 424//2471 429//2471 402//2471
f 402//2472 429//2472 401//2472
f 430//2473 407//2473 406//2473
f 358//2474 431//2474 336//2474
f 431//2475 412//2475 336//2475
f 360//2476 411//2476 346//2476
f 432//2477 359//2477 415//2477
f 411//2478 418//2478 414//2478
f 360//2479 418//2479 411//2479
f 432//2480 419//2480 418//2480
f 363//2481 362//2481 434//2481
f 439//2482 434//2482 433//2482
f 443//2483 444//2483 447//2483 448//2483
f 436//2484 439//2484 435//2484
f 436//2485 435//2485 367//2485
f 437//2486 370//2486 363//2486
f 368//2487 370//2487 437//2487
f 368//2488 369//2488 370//2488
f 386//2489 370//2489 438//2489
f 438//2490 368//2490 437//2490
f 438//2491 369//2491 368//2491
f 439//2492 437//2492 434//2492
f 440//2493 438//2493 437//2493
f 440//2494 437//2494 439//2494
f 440//2495 452//2495 438//2495
f 440//2496 439//2496 436//2496
f 445//2497 379//2497 381//2497
f 381//2498 378//2498 377//2498
f 444//2499 382//2499 374//2499
f 380//2500 384//2500 442//2500
f 383//2501 444//2501 375//2501
f 380//2502 442//2502 383//2502
f 443//2503 381//2503 377//2503
f 382//2504 443//2504 377//2504
f 448//2505 381//2505 443//2505
f 493//2506 494//2506 491//2506 486//2506
f 447//2507 449//2507 448//2507
f 442//2508 447//2508 383//2508
f 448//2509 445//2509 381//2509
f 447//2510 446//2510 449//2510
f 384//2511 450//2511 442//2511
f 446//2512 450//2512 441//2512
f 450//2513 379//2513 441//2513
f 454//2514 455//2514 453//2514
f 458//2515 456//2515 460//2515
f 457//2516 458//2516 477//2516
f 459//2517 453//2517 456//2517
f 456//2518 455//2518 461//2518
f 454//2519 453//2519 459//2519
f 462//2520 459//2520 457//2520
f 462//2521 463//2521 459//2521
f 462//2522 457//2522 480//2522
f 464//2523 463//2523 462//2523
f 471//2524 469//2524 472//2524
f 473//2525 466//2525 467//2525
f 454//2526 474//2526 455//2526
f 476//2527 467//2527 455//2527
f 477//2528 458//2528 460//2528
f 479//2529 457//2529 477//2529
f 478//2530 479//2530 477//2530
f 461//2531 475//2531 470//2531
f 461//2532 466//2532 460//2532
f 477//2533 469//2533 471//2533
f 481//2534 477//2534 471//2534
f 470//2535 475//2535 466//2535
f 466//2536 473//2536 472//2536
f 480//2537 479//2537 478//2537
f 484//2538 480//2538 478//2538
f 485//2539 478//2539 482//2539
f 488//2540 487//2540 482//2540
f 489//2541 495//2541 487//2541
f 498//2542 500//2542 507//2542 503//2542
f 486//2543 487//2543 493//2543
f 496//2544 490//2544 494//2544
f 489//2545 542//2545 495//2545
f 492//2546 490//2546 501//2546 544//2546
f 496//2547 500//2547 490//2547
f 505//2548 500//2548 496//2548
f 506//2549 504//2549 503//2549
f 509//2550 506//2550 503//2550
f 542//2551 508//2551 496//2551
f 513//2552 512//2552 511//2552
f 517//2553 510//2553 511//2553
f 512//2554 499//2554 502//2554
f 512//2555 502//2555 515//2555
f 506//2556 509//2556 518//2556
f 521//2557 511//2557 510//2557
f 524//2558 523//2558 522//2558
f 516//2559 521//2559 510//2559
f 526//2560 521//2560 516//2560
f 523//2561 525//2561 522//2561
f 524//2562 522//2562 525//2562
f 524//2563 529//2563 523//2563
f 524//2564 525//2564 528//2564
f 523//2565 527//2565 528//2565
f 524//2566 531//2566 529//2566
f 528//2567 527//2567 530//2567
f 527//2568 603//2568 530//2568
f 529//2569 603//2569 527//2569
f 463//2570 476//2570 474//2570
f 537//2571 464//2571 462//2571
f 480//2572 534//2572 537//2572
f 534//2573 535//2573 537//2573
f 537//2574 536//2574 464//2574
f 533//2575 532//2575 463//2575
f 536//2576 533//2576 464//2576
f 538//2577 606//2577 536//2577
f 533//2578 536//2578 606//2578
f 534//2579 480//2579 484//2579
f 541//2580 540//2580 491//2580
f 534//2581 484//2581 540//2581
f 542//2582 541//2582 491//2582
f 492//2583 542//2583 491//2583
f 552//2584 554//2584 556//2584 551//2584
f 544//2585 545//2585 508//2585
f 544//2586 508//2586 542//2586
f 609//2587 548//2587 509//2587
f 609//2588 508//2588 545//2588
f 514//2589 511//2589 521//2589
f 543//2590 512//2590 513//2590
f 514//2591 513//2591 511//2591
f 543//2592 548//2592 546//2592
f 513//2593 519//2593 548//2593
f 548//2594 519//2594 509//2594
f 547//2595 549//2595 519//2595
f 514//2596 526//2596 547//2596
f 613//2597 553//2597 552//2597
f 556//2598 555//2598 551//2598
f 577//2599 579//2599 585//2599 582//2599
f 560//2600 561//2600 559//2600
f 564//2601 560//2601 563//2601
f 561//2602 564//2602 565//2602
f 566//2603 562//2603 561//2603
f 567//2604 561//2604 565//2604
f 566//2605 561//2605 567//2605
f 465//2606 571//2606 552//2606
f 571//2607 613//2607 552//2607
f 574//2608 572//2608 571//2608
f 574//2609 611//2609 572//2609
f 569//2610 550//2610 555//2610
f 573//2611 574//2611 555//2611
f 571//2612 555//2612 574//2612
f 575//2613 573//2613 557//2613
f 575//2614 576//2614 573//2614
f 558//2615 576//2615 556//2615
f 579//2616 577//2616 578//2616
f 560//2617 581//2617 563//2617
f 596//2618 594//2618 599//2618 598//2618
f 584//2619 564//2619 563//2619
f 584//2620 588//2620 587//2620
f 586//2621 588//2621 585//2621
f 583//2622 585//2622 588//2622
f 578//2623 562//2623 579//2623
f 568//2624 585//2624 579//2624
f 568//2625 579//2625 562//2625
f 586//2626 568//2626 566//2626
f 473//2627 467//2627 468//2627
f 467//2628 590//2628 468//2628
f 591//2629 590//2629 467//2629
f 481//2630 471//2630 589//2630
f 483//2631 481//2631 593//2631
f 595//2632 481//2632 589//2632
f 596//2633 595//2633 592//2633
f 593//2634 481//2634 595//2634
f 596//2635 598//2635 595//2635
f 599//2636 597//2636 483//2636
f 635//2637 651//2637 643//2637 632//2637
f 487//2638 488//2638 489//2638
f 597//2639 488//2639 483//2639
f 507//2640 600//2640 503//2640
f 601//2641 509//2641 600//2641
f 531//2642 528//2642 530//2642
f 531//2643 603//2643 529//2643
f 520//2644 549//2644 602//2644
f 532//2645 608//2645 604//2645
f 476//2646 604//2646 591//2646
f 533//2647 608//2647 532//2647
f 538//2648 605//2648 607//2648
f 533//2649 607//2649 608//2649
f 606//2650 607//2650 533//2650
f 604//2651 594//2651 596//2651
f 604//2652 608//2652 594//2652
f 597//2653 607//2653 605//2653
f 607//2654 599//2654 608//2654
f 539//2655 488//2655 597//2655
f 609//2656 509//2656 601//2656
f 549//2657 520//2657 519//2657
f 610//2658 556//2658 554//2658
f 558//2659 556//2659 610//2659
f 567//2660 564//2660 587//2660
f 572//2661 611//2661 613//2661
f 611//2662 574//2662 558//2662
f 576//2663 558//2663 574//2663
f 558//2664 610//2664 612//2664
f 614//2665 615//2665 663//2665
f 664//2666 616//2666 614//2666
f 716//2667 624//2667 618//2667
f 622//2668 623//2668 620//2668
f 620//2669 625//2669 621//2669
f 622//2670 621//2670 624//2670
f 622//2671 628//2671 655//2671
f 623//2672 622//2672 655//2672
f 626//2673 622//2673 624//2673
f 628//2674 622//2674 626//2674
f 631//2675 628//2675 629//2675
f 633//2676 631//2676 632//2676
f 619//2677 629//2677 626//2677
f 631//2678 629//2678 630//2678
f 634//2679 633//2679 632//2679
f 635//2680 632//2680 631//2680
f 662//2681 669//2681 659//2681 660//2681
f 634//2682 651//2682 635//2682
f 633//2683 634//2683 636//2683
f 655//2684 633//2684 636//2684
f 645//2685 643//2685 639//2685
f 638//2686 645//2686 639//2686
f 646//2687 645//2687 638//2687
f 650//2688 640//2688 642//2688
f 642//2689 639//2689 649//2689
f 649//2690 648//2690 642//2690
f 651//2691 639//2691 643//2691
f 649//2692 639//2692 651//2692
f 634//2693 647//2693 651//2693
f 724//2694 644//2694 645//2694
f 652//2695 640//2695 650//2695
f 641//2696 653//2696 646//2696
f 623//2697 655//2697 654//2697
f 654//2698 655//2698 625//2698
f 655//2699 656//2699 625//2699
f 615//2700 657//2700 658//2700
f 659//2701 658//2701 657//2701
f 657//2702 660//2702 659//2702
f 753//2703 752//2703 689//2703 754//2703
f 661//2704 662//2704 660//2704
f 665//2705 663//2705 658//2705
f 664//2706 663//2706 665//2706
f 667//2707 658//2707 666//2707
f 669//2708 666//2708 659//2708
f 670//2709 666//2709 669//2709
f 668//2710 665//2710 667//2710
f 672//2711 665//2711 668//2711
f 676//2712 671//2712 672//2712
f 671//2713 665//2713 672//2713
f 677//2714 676//2714 672//2714
f 741//2715 676//2715 677//2715
f 674//2716 673//2716 675//2716
f 682//2717 684//2717 681//2717
f 614//2718 616//2718 615//2718
f 617//2719 687//2719 616//2719
f 616//2720 687//2720 657//2720
f 687//2721 752//2721 657//2721
f 691//2722 688//2722 687//2722
f 689//2723 752//2723 687//2723
f 691//2724 664//2724 690//2724
f 690//2725 692//2725 714//2725
f 692//2726 715//2726 714//2726
f 690//2727 665//2727 676//2727
f 690//2728 694//2728 692//2728
f 693//2729 676//2729 695//2729
f 693//2730 690//2730 676//2730
f 696//2731 693//2731 695//2731
f 757//2732 697//2732 696//2732
f 697//2733 757//2733 756//2733
f 699//2734 679//2734 680//2734
f 702//2735 701//2735 700//2735
f 699//2736 704//2736 703//2736
f 705//2737 679//2737 678//2737
f 708//2738 706//2738 707//2738
f 706//2739 709//2739 711//2739
f 709//2740 706//2740 710//2740
f 711//2741 710//2741 707//2741
f 712//2742 710//2742 711//2742
f 688//2743 689//2743 687//2743
f 688//2744 713//2744 689//2744
f 691//2745 714//2745 688//2745
f 714//2746 772//2746 713//2746
f 625//2747 717//2747 627//2747
f 716//2748 627//2748 624//2748
f 725//2749 720//2749 717//2749
f 718//2750 719//2750 627//2750
f 717//2751 718//2751 627//2751
f 635//2752 630//2752 719//2752
f 627//2753 719//2753 624//2753
f 719//2754 630//2754 619//2754
f 720//2755 636//2755 635//2755
f 636//2756 720//2756 655//2756
f 718//2757 720//2757 719//2757
f 721//2758 722//2758 650//2758
f 647//2759 649//2759 651//2759
f 647//2760 724//2760 649//2760
f 644//2761 724//2761 647//2761
f 721//2762 723//2762 646//2762
f 646//2763 723//2763 724//2763
f 721//2764 650//2764 648//2764
f 649//2765 724//2765 648//2765
f 723//2766 721//2766 648//2766
f 661//2767 726//2767 662//2767
f 657//2768 727//2768 661//2768
f 727//2769 726//2769 661//2769
f 727//2770 728//2770 734//2770
f 670//2771 669//2771 731//2771
f 732//2772 668//2772 667//2772
f 734//2773 732//2773 731//2773
f 734//2774 731//2774 726//2774
f 729//2775 735//2775 732//2775
f 730//2776 735//2776 729//2776
f 737//2777 732//2777 733//2777
f 672//2778 668//2778 736//2778
f 677//2779 672//2779 736//2779
f 740//2780 739//2780 738//2780
f 737//2781 741//2781 732//2781
f 682//2782 681//2782 684//2782
f 745//2783 749//2783 744//2783
f 745//2784 744//2784 749//2784
f 766//2785 746//2785 751//2785
f 754//2786 715//2786 755//2786 735//2786
f 729//2787 752//2787 730//2787
f 753//2788 730//2788 752//2788
f 755//2789 715//2789 692//2789
f 818//2790 803//2790 808//2790 806//2790
f 754//2791 771//2791 715//2791
f 756//2792 755//2792 692//2792
f 761//2793 733//2793 732//2793
f 755//2794 761//2794 732//2794
f 698//2795 676//2795 741//2795
f 698//2796 757//2796 696//2796
f 756//2797 761//2797 755//2797
f 760//2798 759//2798 758//2798
f 761//2799 698//2799 741//2799
f 764//2800 762//2800 711//2800
f 763//2801 712//2801 711//2801
f 763//2802 764//2802 709//2802
f 712//2803 763//2803 709//2803
f 763//2804 711//2804 766//2804
f 763//2805 767//2805 764//2805
f 768//2806 747//2806 748//2806
f 769//2807 763//2807 766//2807
f 767//2808 770//2808 764//2808
f 747//2809 768//2809 748//2809
f 772//2810 689//2810 713//2810
f 772//2811 771//2811 689//2811
f 771//2812 772//2812 715//2812
f 776//2813 773//2813 774//2813
f 784//2814 778//2814 779//2814
f 789//2815 843//2815 786//2815
f 789//2816 788//2816 782//2816
f 782//2817 784//2817 779//2817
f 788//2818 791//2818 784//2818
f 783//2819 794//2819 786//2819
f 793//2820 790//2820 783//2820
f 791//2821 787//2821 781//2821
f 795//2822 776//2822 798//2822
f 773//2823 797//2823 775//2823
f 774//2824 798//2824 776//2824
f 800//2825 798//2825 774//2825
f 800//2826 795//2826 798//2826
f 799//2827 800//2827 774//2827
f 773//2828 776//2828 801//2828
f 801//2829 776//2829 805//2829
f 802//2830 801//2830 803//2830
f 804//2831 809//2831 797//2831
f 818//2832 802//2832 803//2832
f 804//2833 802//2833 806//2833 808//2833
f 807//2834 905//2834 906//2834 809//2834
f 808//2835 809//2835 804//2835
f 807//2836 805//2836 795//2836
f 814//2837 821//2837 816//2837 811//2837
f 810//2838 814//2838 811//2838
f 813//2839 810//2839 811//2839
f 813//2840 811//2840 812//2840
f 810//2841 819//2841 814//2841
f 815//2842 819//2842 810//2842
f 810//2843 813//2843 815//2843
f 823//2844 806//2844 819//2844 824//2844
f 806//2845 814//2845 819//2845
f 815//2846 824//2846 819//2846
f 827//2847 825//2847 820//2847
f 822//2848 817//2848 816//2848
f 821//2849 818//2849 823//2849
f 826//2850 820//2850 825//2850 829//2850
f 826//2851 829//2851 822//2851
f 824//2852 826//2852 821//2852
f 822//2853 829//2853 828//2853 817//2853
f 827//2854 813//2854 812//2854
f 812//2855 811//2855 817//2855
f 828//2856 812//2856 817//2856
f 827//2857 812//2857 828//2857
f 836//2858 837//2858 834//2858 835//2858
f 799//2859 775//2859 830//2859
f 834//2860 779//2860 780//2860
f 780//2861 836//2861 835//2861
f 842//2862 847//2862 848//2862 845//2862
f 838//2863 836//2863 780//2863
f 840//2864 839//2864 836//2864
f 838//2865 840//2865 836//2865
f 841//2866 782//2866 779//2866
f 842//2867 782//2867 841//2867
f 844//2868 785//2868 843//2868
f 845//2869 844//2869 843//2869
f 847//2870 842//2870 841//2870
f 849//2871 857//2871 846//2871 848//2871
f 844//2872 845//2872 846//2872
f 845//2873 848//2873 846//2873
f 847//2874 841//2874 837//2874
f 887//2875 877//2875 790//2875 793//2875
f 847//2876 837//2876 850//2876
f 839//2877 837//2877 836//2877
f 837//2878 839//2878 850//2878
f 793//2879 853//2879 854//2879
f 854//2880 853//2880 856//2880
f 853//2881 857//2881 856//2881
f 858//2882 855//2882 856//2882
f 857//2883 853//2883 846//2883
f 861//2884 855//2884 858//2884
f 859//2885 862//2885 860//2885
f 860//2886 833//2886 832//2886
f 866//2887 832//2887 833//2887
f 862//2888 863//2888 860//2888
f 860//2889 863//2889 833//2889
f 868//2890 865//2890 867//2890
f 871//2891 869//2891 868//2891
f 871//2892 868//2892 870//2892
f 864//2893 870//2893 863//2893
f 787//2894 874//2894 781//2894
f 787//2895 872//2895 874//2895
f 872//2896 873//2896 874//2896
f 874//2897 875//2897 838//2897
f 792//2898 794//2898 876//2898
f 790//2899 876//2899 794//2899
f 894//2900 886//2900 854//2900 856//2900
f 880//2901 876//2901 877//2901
f 879//2902 872//2902 792//2902
f 792//2903 878//2903 879//2903
f 878//2904 876//2904 880//2904
f 880//2905 883//2905 882//2905
f 917//2906 878//2906 882//2906
f 887//2907 854//2907 886//2907
f 894//2908 893//2908 900//2908 889//2908
f 888//2909 877//2909 887//2909
f 890//2910 887//2910 889//2910
f 891//2911 883//2911 888//2911
f 883//2912 902//2912 898//2912
f 892//2913 858//2913 852//2913
f 883//2914 892//2914 852//2914
f 883//2915 898//2915 892//2915
f 884//2916 883//2916 852//2916
f 894//2917 855//2917 895//2917
f 850//2918 909//2918 851//2918 847//2918
f 859//2919 893//2919 862//2919
f 895//2920 855//2920 861//2920
f 893//2921 895//2921 896//2921
f 895//2922 893//2922 894//2922
f 861//2923 898//2923 895//2923
f 864//2924 862//2924 896//2924
f 898//2925 864//2925 896//2925
f 898//2926 903//2926 897//2926
f 892//2927 898//2927 858//2927
f 900//2928 865//2928 899//2928
f 881//2929 873//2929 879//2929
f 873//2930 881//2930 914//2930
f 890//2931 902//2931 891//2931
f 891//2932 902//2932 883//2932
f 904//2933 898//2933 902//2933
f 907//2934 800//2934 799//2934
f 906//2935 905//2935 907//2935
f 922//2936 921//2936 920//2936 938//2936
f 852//2937 857//2937 849//2937
f 913//2938 912//2938 838//2938
f 849//2939 885//2939 910//2939
f 885//2940 851//2940 911//2940
f 910//2941 884//2941 852//2941
f 917//2942 882//2942 911//2942
f 885//2943 915//2943 910//2943
f 912//2944 916//2944 838//2944
f 911//2945 851//2945 917//2945
f 917//2946 909//2946 916//2946
f 923//2947 920//2947 919//2947
f 920//2948 921//2948 919//2948
f 920//2949 923//2949 926//2949
f 923//2950 919//2950 925//2950
f 930//2951 933//2951 932//2951
f 931//2952 936//2952 933//2952
f 931//2953 934//2953 936//2953
f 931//2954 930//2954 932//2954
f 933//2955 935//2955 1007//2955
f 937//2956 934//2956 931//2956
f 937//2957 931//2957 1006//2957
f 945//2958 950//2958 971//2958 966//2958
f 944//2959 941//2959 943//2959
f 942//2960 943//2960 941//2960
f 949//2961 945//2961 948//2961
f 950//2962 945//2962 949//2962
f 951//2963 948//2963 944//2963
f 956//2964 954//2964 955//2964
f 960//2965 941//2965 939//2965
f 960//2966 939//2966 946//2966
f 961//2967 962//2967 960//2967
f 962//2968 961//2968 963//2968
f 963//2969 964//2969 962//2969
f 963//2970 965//2970 964//2970
f 939//2971 940//2971 946//2971
f 961//2972 946//2972 970//2972
f 967//2973 966//2973 971//2973
f 970//2974 966//2974 967//2974
f 929//2975 927//2975 928//2975 1003//2975
f 961//2976 969//2976 963//2976
f 971//2977 950//2977 968//2977
f 969//2978 965//2978 963//2978
f 972//2979 973//2979 967//2979
f 969//2980 974//2980 965//2980
f 974//2981 970//2981 973//2981
f 975//2982 972//2982 968//2982
f 977//2983 978//2983 952//2983
f 978//2984 1052//2984 975//2984
f 979//2985 980//2985 953//2985
f 981//2986 980//2986 979//2986
f 981//2987 982//2987 980//2987
f 954//2988 983//2988 955//2988
f 989//2989 1057//2989 983//2989
f 955//2990 985//2990 959//2990
f 987//2991 990//2991 986//2991
f 1057//2992 985//2992 983//2992
f 984//2993 1061//2993 989//2993
f 987//2994 957//2994 991//2994
f 994//2995 992//2995 993//2995
f 995//2996 996//2996 997//2996
f 997//2997 924//2997 995//2997
f 998//2998 996//2998 918//2998
f 922//2999 998//2999 921//2999
f 999//3000 1000//3000 998//3000
f 1002//3001 1004//3001 1007//3001 928//3001
f 1017//3002 934//3002 937//3002 1018//3002
f 929//3003 1002//3003 1005//3003
f 929//3004 1003//3004 1002//3004
f 928//3005 1004//3005 1003//3005
f 1001//3006 924//3006 997//3006
f 1005//3007 924//3007 1001//3007
f 1000//3008 929//3008 1005//3008
f 1000//3009 1001//3009 998//3009
f 1012//3010 932//3010 1007//3010
f 935//3011 928//3011 1007//3011
f 936//3012 1010//3012 1009//3012
f 935//3013 1009//3013 1004//3013
f 1017//3014 1014//3014 936//3014
f 1012//3015 1007//3015 1015//3015
f 1016//3016 1012//3016 1015//3016
f 1009//3017 1015//3017 1004//3017
f 1016//3018 1010//3018 1014//3018
f 1014//3019 1017//3019 1013//3019
f 1016//3020 1014//3020 1008//3020
f 1025//3021 1031//3021 1030//3021 1020//3021
f 1018//3022 937//3022 1006//3022
f 1018//3023 1006//3023 1013//3023
f 922//3024 926//3024 1000//3024
f 1020//3025 944//3025 943//3025
f 1021//3026 1019//3026 943//3026
f 1020//3027 943//3027 1019//3027
f 1022//3028 1024//3028 1023//3028
f 1025//3029 1023//3029 1024//3029
f 951//3030 944//3030 1020//3030
f 1027//3031 949//3031 951//3031
f 1026//3032 949//3032 1027//3032
f 1028//3033 1027//3033 951//3033
f 1030//3034 1028//3034 1020//3034
f 1032//3035 1026//3035 1027//3035
f 1027//3036 1029//3036 1032//3036
f 1027//3037 1028//3037 1030//3037
f 1031//3038 1025//3038 1042//3038 1049//3038
f 950//3039 949//3039 1032//3039
f 952//3040 950//3040 1032//3040
f 1032//3041 949//3041 1026//3041
f 1058//3042 958//3042 959//3042
f 1034//3043 957//3043 958//3043
f 1035//3044 1034//3044 958//3044
f 1058//3045 1036//3045 1035//3045
f 962//3046 1037//3046 942//3046
f 964//3047 1037//3047 962//3047
f 1040//3048 1037//3048 1039//3048
f 1022//3049 1041//3049 1024//3049
f 1042//3050 1043//3050 1039//3050
f 1042//3051 1025//3051 1041//3051
f 974//3052 1038//3052 965//3052
f 972//3053 1046//3053 973//3053
f 1044//3054 1046//3054 972//3054
f 974//3055 973//3055 1045//3055
f 974//3056 1045//3056 1038//3056
f 1047//3057 1029//3057 1027//3057
f 1046//3058 1047//3058 973//3058
f 1047//3059 1046//3059 1029//3059
f 1045//3060 973//3060 1047//3060
f 1038//3061 1045//3061 1039//3061
f 1047//3062 1049//3062 1045//3062
f 1045//3063 1048//3063 1039//3063
f 1047//3064 1027//3064 1031//3064
f 1049//3065 1047//3065 1031//3065
f 1039//3066 1049//3066 1042//3066
f 1048//3067 1049//3067 1039//3067
f 1054//3068 953//3068 980//3068 1055//3068
f 977//3069 1051//3069 978//3069
f 1053//3070 1050//3070 1032//3070
f 952//3071 1050//3071 976//3071
f 1050//3072 1051//3072 976//3072
f 978//3073 1051//3073 1053//3073
f 1052//3074 1029//3074 1044//3074
f 1053//3075 1032//3075 1029//3075
f 1054//3076 1033//3076 953//3076
f 979//3077 953//3077 1033//3077
f 1035//3078 1060//3078 1059//3078 1034//3078
f 977//3079 976//3079 1051//3079
f 1056//3080 981//3080 1033//3080
f 982//3081 1056//3081 1055//3081
f 1056//3082 982//3082 981//3082
f 1054//3083 1055//3083 1033//3083
f 1056//3084 1033//3084 1055//3084
f 987//3085 1034//3085 990//3085
f 985//3086 1058//3086 959//3086
f 1059//3087 990//3087 1034//3087
f 1057//3088 1060//3088 1058//3088
f 1060//3089 1062//3089 1058//3089
f 1061//3090 1059//3090 1060//3090
f 1062//3091 1060//3091 1036//3091
f 1098//3092 1097//3092 1104//3092 1102//3092
f 964//3093 1038//3093 1037//3093
f 1069//3094 1070//3094 1071//3094
f 1123//3095 1069//3095 1071//3095
f 1073//3096 1068//3096 1072//3096
f 1073//3097 1072//3097 1069//3097
f 1075//3098 1073//3098 1069//3098
f 1075//3099 1156//3099 1073//3099
f 1159//3100 1076//3100 1075//3100
f 1081//3101 1077//3101 1078//3101
f 1080//3102 1067//3102 1066//3102
f 1066//3103 1079//3103 1081//3103
f 1066//3104 1077//3104 1079//3104
f 1066//3105 1203//3105 1077//3105
f 1080//3106 1084//3106 1082//3106
f 1203//3107 1078//3107 1077//3107
f 1085//3108 1081//3108 1078//3108
f 1205//3109 1085//3109 1078//3109
f 1080//3110 1081//3110 1088//3110
f 1085//3111 1087//3111 1081//3111
f 1087//3112 1088//3112 1081//3112
f 1092//3113 1080//3113 1088//3113
f 1088//3114 1087//3114 1090//3114
f 1091//3115 1090//3115 1100//3115
f 1089//3116 1085//3116 1093//3116
f 1094//3117 1090//3117 1089//3117
f 1091//3118 1095//3118 1094//3118
f 1210//3119 1089//3119 1093//3119
f 1210//3120 1094//3120 1089//3120
f 1092//3121 1094//3121 1210//3121
f 1209//3122 1084//3122 1092//3122
f 1092//3123 1210//3123 1209//3123
f 1100//3124 1108//3124 1099//3124 1096//3124
f 1100//3125 1098//3125 1102//3125 1109//3125
f 1108//3126 1105//3126 1099//3126
f 1095//3127 1107//3127 1090//3127
f 1095//3128 1109//3128 1107//3128
f 1133//3129 1136//3129 1140//3129 1134//3129
f 1111//3130 1109//3130 1102//3130
f 1104//3131 1110//3131 1102//3131
f 1109//3132 1112//3132 1107//3132
f 1110//3133 1111//3133 1102//3133
f 1101//3134 1097//3134 1115//3134
f 1103//3135 1106//3135 1116//3135
f 1116//3136 1106//3136 1113//3136
f 1116//3137 1101//3137 1103//3137
f 1084//3138 1083//3138 1082//3138
f 1083//3139 1209//3139 1086//3139
f 1124//3140 1117//3140 1118//3140
f 1213//3141 1126//3141 1120//3141
f 1072//3142 1122//3142 1071//3142
f 1071//3143 1122//3143 1125//3143
f 1124//3144 1072//3144 1117//3144
f 1127//3145 1123//3145 1071//3145
f 1118//3146 1120//3146 1126//3146
f 1071//3147 1125//3147 1127//3147
f 1128//3148 1125//3148 1126//3148
f 1127//3149 1125//3149 1128//3149
f 1131//3150 1130//3150 1123//3150
f 1123//3151 1127//3151 1133//3151
f 1132//3152 1131//3152 1134//3152
f 1149//3153 1151//3153 1152//3153 1148//3153
f 1142//3154 1141//3154 1144//3154
f 1138//3155 1143//3155 1141//3155
f 1138//3156 1145//3156 1143//3156
f 1146//3157 1144//3157 1143//3157
f 1131//3158 1168//3158 1172//3158 1165//3158
f 1150//3159 1142//3159 1151//3159
f 1151//3160 1149//3160 1150//3160
f 1223//3161 1152//3161 1153//3161
f 1155//3162 1148//3162 1152//3162
f 1074//3163 1156//3163 1118//3163
f 1156//3164 1121//3164 1118//3164
f 1159//3165 1069//3165 1123//3165
f 1130//3166 1159//3166 1123//3166
f 1076//3167 1156//3167 1075//3167
f 1160//3168 1156//3168 1076//3168
f 1202//3169 1076//3169 1159//3169
f 1159//3170 1162//3170 1202//3170
f 1160//3171 1163//3171 1158//3171
f 1163//3172 1121//3172 1158//3172
f 1162//3173 1130//3173 1131//3173
f 1168//3174 1131//3174 1132//3174
f 1136//3175 1135//3175 1165//3175 1167//3175
f 1162//3176 1131//3176 1164//3176
f 1162//3177 1164//3177 1202//3177
f 1167//3178 1140//3178 1136//3178
f 1172//3179 1168//3179 1137//3179 1170//3179
f 1166//3180 1165//3180 1135//3180
f 1189//3181 1188//3181 1190//3181 1193//3181
f 1171//3182 1170//3182 1169//3182
f 1137//3183 1168//3183 1132//3183
f 1169//3184 1170//3184 1137//3184
f 1171//3185 1172//3185 1170//3185
f 1139//3186 1169//3186 1137//3186
f 1167//3187 1173//3187 1139//3187
f 1171//3188 1173//3188 1172//3188
f 1165//3189 1172//3189 1167//3189
f 1142//3190 1174//3190 1141//3190
f 1176//3191 1169//3191 1138//3191
f 1176//3192 1171//3192 1169//3192
f 1176//3193 1175//3193 1171//3193
f 1175//3194 1179//3194 1171//3194
f 1175//3195 1232//3195 1179//3195
f 1145//3196 1179//3196 1143//3196
f 1179//3197 1173//3197 1171//3197
f 1178//3198 1232//3198 1177//3198
f 1145//3199 1139//3199 1179//3199
f 1180//3200 1181//3200 1149//3200
f 1182//3201 1150//3201 1149//3201
f 1181//3202 1182//3202 1149//3202
f 1182//3203 1177//3203 1142//3203
f 1183//3204 1182//3204 1184//3204
f 1183//3205 1192//3205 1185//3205
f 1184//3206 1192//3206 1183//3206
f 1185//3207 1192//3207 1187//3207
f 1155//3208 1180//3208 1148//3208
f 1190//3209 1188//3209 1191//3209
f 1189//3210 1193//3210 1194//3210 1191//3210
f 1204//3211 1207//3211 1208//3211 1205//3211
f 1194//3212 1193//3212 1190//3212
f 1192//3213 1180//3213 1155//3213
f 1223//3214 1155//3214 1152//3214
f 1233//3215 1155//3215 1223//3215
f 1198//3216 1197//3216 1200//3216
f 1198//3217 1200//3217 1197//3217
f 1121//3218 1157//3218 1158//3218
f 1161//3219 1076//3219 1202//3219
f 1227//3220 1163//3220 1201//3220
f 1227//3221 1201//3221 1202//3221
f 1205//3222 1203//3222 1204//3222
f 1203//3223 1207//3223 1204//3223
f 1113//3224 1211//3224 1212//3224 1110//3224
f 1206//3225 1208//3225 1086//3225
f 1206//3226 1210//3226 1208//3226
f 1208//3227 1210//3227 1205//3227
f 1230//3228 1226//3228 1163//3228 1228//3228
f 1110//3229 1212//3229 1111//3229
f 1212//3230 1211//3230 1112//3230
f 1114//3231 1110//3231 1116//3231
f 1214//3232 1213//3232 1119//3232
f 1214//3233 1119//3233 1121//3233
f 1129//3234 1213//3234 1214//3234
f 1215//3235 1129//3235 1214//3235
f 1214//3236 1216//3236 1215//3236
f 1217//3237 1129//3237 1219//3237
f 1231//3238 1218//3238 1220//3238
f 1143//3239 1221//3239 1146//3239
f 1222//3240 1147//3240 1146//3240
f 1121//3241 1225//3241 1224//3241
f 1224//3242 1214//3242 1121//3242
f 1226//3243 1129//3243 1216//3243
f 1163//3244 1225//3244 1121//3244
f 1163//3245 1226//3245 1224//3245
f 1243//3246 1240//3246 1242//3246 1245//3246
f 1229//3247 1230//3247 1228//3247
f 1228//3248 1227//3248 1229//3248
f 1230//3249 1231//3249 1226//3249
f 1135//3250 1229//3250 1166//3250
f 1221//3251 1222//3251 1146//3251
f 1143//3252 1179//3252 1221//3252
f 1232//3253 1222//3253 1221//3253
f 1154//3254 1186//3254 1185//3254
f 1185//3255 1187//3255 1154//3255
f 1236//3256 1235//3256 1245//3256
f 1238//3257 1237//3257 1239//3257
f 1243//3258 1245//3258 1235//3258
f 1240//3259 1247//3259 1234//3259 1241//3259
f 1332//3260 1333//3260 1260//3260 1322//3260
f 1243//3261 1238//3261 1247//3261
f 1243//3262 1247//3262 1240//3262
f 1244//3263 1240//3263 1241//3263
f 1246//3264 1244//3264 1249//3264
f 1288//3265 1241//3265 1234//3265
f 1294//3266 1244//3266 1241//3266
f 1244//3267 1294//3267 1248//3267
f 1250//3268 1246//3268 1249//3268
f 1249//3269 1248//3269 1295//3269
f 1254//3270 1256//3270 1255//3270
f 1258//3271 1254//3271 1255//3271
f 1259//3272 1258//3272 1255//3272
f 1262//3273 1261//3273 1265//3273
f 1262//3274 1265//3274 1269//3274
f 1242//3275 1266//3275 1245//3275
f 1265//3276 1261//3276 1236//3276
f 1265//3277 1236//3277 1245//3277
f 1264//3278 1267//3278 1266//3278
f 1246//3279 1344//3279 1264//3279
f 1266//3280 1269//3280 1265//3280
f 1268//3281 1246//3281 1250//3281
f 1272//3282 1271//3282 1270//3282
f 1333//3283 1332//3283 1256//3283
f 1277//3284 1274//3284 1276//3284
f 1277//3285 1276//3285 1273//3285
f 1362//3286 1277//3286 1273//3286
f 1280//3287 1277//3287 1362//3287
f 1281//3288 1283//3288 1282//3288
f 1284//3289 1283//3289 1281//3289
f 1288//3290 1234//3290 1289//3290
f 1287//3291 1247//3291 1286//3291
f 1290//3292 1286//3292 1239//3292
f 1343//3293 1290//3293 1239//3293
f 1290//3294 1292//3294 1293//3294
f 1247//3295 1298//3295 1289//3295
f 1295//3296 1294//3296 1297//3296
f 1289//3297 1297//3297 1288//3297
f 1298//3298 1291//3298 1289//3298
f 1302//3299 1297//3299 1289//3299
f 1301//3300 1397//3300 1302//3300
f 1300//3301 1302//3301 1397//3301
f 1305//3302 1249//3302 1295//3302
f 1296//3303 1305//3303 1295//3303
f 1306//3304 1304//3304 1305//3304
f 1309//3305 1307//3305 1305//3305
f 1308//3306 1307//3306 1309//3306
f 1308//3307 1317//3307 1307//3307
f 1305//3308 1296//3308 1309//3308
f 1312//3309 1311//3309 1304//3309
f 1311//3310 1314//3310 1315//3310
f 1311//3311 1321//3311 1314//3311
f 1316//3312 1313//3312 1312//3312
f 1307//3313 1317//3313 1306//3313
f 1253//3314 1325//3314 1320//3314
f 1322//3315 1252//3315 1253//3315
f 1319//3316 1318//3316 1323//3316
f 1326//3317 1321//3317 1313//3317
f 1326//3318 1314//3318 1321//3318
f 1328//3319 1320//3319 1325//3319
f 1316//3320 1314//3320 1326//3320
f 1325//3321 1329//3321 1328//3321
f 1327//3322 1322//3322 1330//3322
f 1329//3323 1330//3323 1328//3323
f 1357//3324 1330//3324 1329//3324
f 1259//3325 1331//3325 1258//3325
f 1331//3326 1257//3326 1258//3326
f 1334//3327 1256//3327 1257//3327
f 1260//3328 1252//3328 1322//3328
f 1251//3329 1353//3329 1268//3329 1250//3329
f 1331//3330 1332//3330 1322//3330
f 1334//3331 1331//3331 1337//3331
f 1333//3332 1327//3332 1260//3332
f 1331//3333 1322//3333 1338//3333
f 1337//3334 1331//3334 1338//3334
f 1322//3335 1327//3335 1338//3335
f 1338//3336 1327//3336 1333//3336
f 1341//3337 1336//3337 1335//3337
f 1341//3338 1335//3338 1342//3338
f 1262//3339 1269//3339 1263//3339
f 1264//3340 1344//3340 1267//3340
f 1345//3341 1346//3341 1344//3341
f 1350//3342 1343//3342 1269//3342
f 1343//3343 1263//3343 1269//3343
f 1343//3344 1350//3344 1292//3344
f 1347//3345 1348//3345 1300//3345
f 1347//3346 1352//3346 1350//3346
f 1397//3347 1352//3347 1347//3347
f 1353//3348 1308//3348 1354//3348 1345//3348
f 1345//3349 1344//3349 1268//3349
f 1325//3350 1355//3350 1356//3350 1329//3350
f 1354//3351 1308//3351 1309//3351
f 1349//3352 1354//3352 1310//3352
f 1355//3353 1325//3353 1252//3353
f 1363//3354 1279//3354 1366//3354 1365//3354
f 1358//3355 1339//3355 1333//3355
f 1339//3356 1338//3356 1333//3356
f 1339//3357 1358//3357 1334//3357
f 1276//3358 1360//3358 1359//3358
f 1362//3359 1359//3359 1360//3359
f 1276//3360 1359//3360 1273//3360
f 1279//3361 1363//3361 1274//3361
f 1276//3362 1363//3362 1360//3362
f 1363//3363 1361//3363 1360//3363
f 1364//3364 1366//3364 1392//3364
f 1365//3365 1374//3365 1363//3365
f 1365//3366 1366//3366 1374//3366
f 1374//3367 1364//3367 1373//3367 1372//3367
f 1280//3368 1367//3368 1368//3368
f 1278//3369 1280//3369 1368//3369
f 1367//3370 1372//3370 1369//3370
f 1368//3371 1367//3371 1373//3371
f 1373//3372 1369//3372 1372//3372
f 1383//3373 1376//3373 1370//3373 1380//3373
f 1361//3374 1374//3374 1360//3374
f 1363//3375 1374//3375 1361//3375
f 1364//3376 1374//3376 1366//3376
f 1283//3377 1370//3377 1376//3377
f 1371//3378 1370//3378 1283//3378
f 1378//3379 1371//3379 1284//3379
f 1285//3380 1377//3380 1378//3380
f 1383//3381 1283//3381 1376//3381
f 1389//3382 1377//3382 1285//3382
f 1378//3383 1381//3383 1371//3383
f 1382//3384 1377//3384 1389//3384
f 1369//3385 1373//3385 1371//3385 1380//3385
f 1386//3386 1383//3386 1380//3386
f 1279//3387 1274//3387 1275//3387 1391//3387
f 1381//3388 1386//3388 1371//3388
f 1382//3389 1381//3389 1377//3389
f 1385//3390 1384//3390 1375//3390
f 1385//3391 1383//3391 1386//3391
f 1385//3392 1386//3392 1387//3392
f 1384//3393 1385//3393 1387//3393
f 1382//3394 1384//3394 1387//3394
f 1381//3395 1382//3395 1387//3395
f 1389//3396 1282//3396 1388//3396
f 1388//3397 1282//3397 1375//3397
f 1379//3398 1388//3398 1375//3398
f 1382//3399 1379//3399 1384//3399
f 1429//3400 1431//3400 1433//3400 1435//3400
f 1391//3401 1368//3401 1392//3401
f 1396//3402 1301//3402 1303//3402
f 1396//3403 1397//3403 1301//3403
f 1393//3404 1292//3404 1303//3404
f 1292//3405 1351//3405 1303//3405
f 1396//3406 1352//3406 1397//3406
f 1395//3407 1402//3407 1400//3407
f 1401//3408 1395//3408 1394//3408
f 1402//3409 1405//3409 1400//3409
f 1403//3410 1400//3410 1404//3410
f 1408//3411 1406//3411 1407//3411
f 1401//3412 1394//3412 1410//3412
f 1401//3413 1410//3413 1409//3413
f 1414//3414 1398//3414 1409//3414
f 1403//3415 1413//3415 1409//3415
f 1414//3416 1409//3416 1413//3416
f 1415//3417 1414//3417 1413//3417
f 1416//3418 1413//3418 1406//3418
f 1416//3419 1406//3419 1408//3419
f 1415//3420 1413//3420 1418//3420
f 1417//3421 1415//3421 1418//3421
f 1419//3422 1455//3422 1412//3422
f 1419//3423 1412//3423 1417//3423
f 1420//3424 1422//3424 1455//3424
f 1506//3425 1421//3425 1417//3425
f 1422//3426 1421//3426 1506//3426
f 1424//3427 1423//3427 1425//3427
f 1423//3428 1427//3428 1425//3428
f 1426//3429 1427//3429 1423//3429
f 1512//3430 1462//3430 1424//3430
f 1429//3431 1435//3431 1434//3431
f 1443//3432 1436//3432 1432//3432 1430//3432
f 1433//3433 1437//3433 1435//3433
f 1432//3434 1436//3434 1439//3434 1441//3434
f 1440//3435 1443//3435 1430//3435 1434//3435
f 1490//3436 1487//3436 1486//3436 1491//3436
f 1439//3437 1443//3437 1441//3437
f 1402//3438 1395//3438 1401//3438
f 1402//3439 1449//3439 1405//3439
f 1447//3440 1448//3440 1449//3440
f 1449//3441 1448//3441 1450//3441
f 1451//3442 1449//3442 1450//3442
f 1399//3443 1398//3443 1411//3443
f 1399//3444 1448//3444 1401//3444
f 1448//3445 1402//3445 1401//3445
f 1454//3446 1411//3446 1456//3446
f 1455//3447 1457//3447 1456//3447
f 1456//3448 1519//3448 1454//3448
f 1454//3449 1519//3449 1450//3449
f 1455//3450 1508//3450 1457//3450
f 1457//3451 1519//3451 1456//3451
f 1450//3452 1519//3452 1453//3452
f 1420//3453 1455//3453 1419//3453
f 1455//3454 1506//3454 1508//3454
f 1459//3455 1458//3455 1460//3455
f 1465//3456 1464//3456 1463//3456
f 1461//3457 1466//3457 1426//3457
f 1461//3458 1462//3458 1466//3458
f 1466//3459 1512//3459 1428//3459
f 1467//3460 1431//3460 1432//3460
f 1467//3461 1432//3461 1441//3461
f 1433//3462 1514//3462 1442//3462
f 1468//3463 1514//3463 1433//3463
f 1474//3464 1472//3464 1469//3464
f 1476//3465 1522//3465 1472//3465
f 1472//3466 1470//3466 1469//3466
f 1473//3467 1474//3467 1471//3467
f 1482//3468 1477//3468 1473//3468
f 1483//3469 1482//3469 1478//3469
f 1479//3470 1481//3470 1484//3470
f 1502//3471 1452//3471 1518//3471 1504//3471
f 1488//3472 1486//3472 1487//3472
f 1530//3473 1487//3473 1490//3473
f 1496//3474 1488//3474 1530//3474
f 1486//3475 1488//3475 1499//3475
f 1499//3476 1500//3476 1492//3476
f 1486//3477 1499//3477 1492//3477
f 1482//3478 1522//3478 1477//3478
f 1407//3479 1502//3479 1501//3479
f 1501//3480 1408//3480 1407//3480
f 1418//3481 1505//3481 1506//3481 1417//3481
f 1510//3482 1504//3482 1518//3482
f 1503//3483 1507//3483 1416//3483 1408//3483
f 1441//3484 1516//3484 1468//3484 1467//3484
f 1509//3485 1505//3485 1418//3485
f 1511//3486 1508//3486 1505//3486
f 1418//3487 1416//3487 1509//3487
f 1503//3488 1509//3488 1507//3488
f 1510//3489 1503//3489 1504//3489
f 1428//3490 1512//3490 1427//3490
f 1425//3491 1427//3491 1513//3491
f 1513//3492 1512//3492 1425//3492
f 1441//3493 1443//3493 1440//3493
f 1440//3494 1434//3494 1515//3494
f 1434//3495 1438//3495 1515//3495
f 1514//3496 1516//3496 1515//3496
f 1516//3497 1441//3497 1440//3497
f 1452//3498 1407//3498 1405//3498
f 1451//3499 1452//3499 1449//3499
f 1517//3500 1451//3500 1453//3500
f 1517//3501 1518//3501 1452//3501
f 1508//3502 1511//3502 1457//3502
f 1453//3503 1519//3503 1510//3503
f 1520//3504 1519//3504 1457//3504
f 1510//3505 1518//3505 1453//3505
f 1511//3506 1509//3506 1520//3506
f 1510//3507 1520//3507 1509//3507
f 1422//3508 1506//3508 1455//3508
f 1532//3509 1534//3509 1500//3509 1530//3509
f 1514//3510 1468//3510 1516//3510
f 1521//3511 1469//3511 1470//3511
f 1521//3512 1478//3512 1469//3512
f 1470//3513 1523//3513 1521//3513
f 1524//3514 1523//3514 1522//3514
f 1523//3515 1525//3515 1521//3515
f 1524//3516 1526//3516 1523//3516
f 1526//3517 1527//3517 1523//3517
f 1483//3518 1478//3518 1529//3518
f 1528//3519 1480//3519 1483//3519
f 1485//3520 1529//3520 1525//3520
f 1525//3521 1526//3521 1485//3521
f 1490//3522 1531//3522 1530//3522
f 1530//3523 1531//3523 1532//3523
f 1531//3524 1493//3524 1533//3524
f 1533//3525 1495//3525 1531//3525
f 1500//3526 1496//3526 1530//3526
f 1500//3527 1534//3527 1498//3527
f 1598//3528 1586//3528 1584//3528 1588//3528
f 1498//3529 1534//3529 1531//3529
f 1531//3530 1534//3530 1532//3530
f 1500//3531 1499//3531 1496//3531
f 1485//3532 1524//3532 1522//3532
f 1538//3533 1535//3533 1537//3533
f 1544//3534 1541//3534 1540//3534
f 1541//3535 1561//3535 1540//3535
f 1544//3536 1538//3536 1541//3536
f 1536//3537 1535//3537 1544//3537
f 1545//3538 1540//3538 1542//3538
f 1547//3539 1637//3539 1546//3539
f 1554//3540 1552//3540 1553//3540
f 1537//3541 1557//3541 1556//3541
f 1571//3542 1549//3542 1559//3542
f 1674//3543 1559//3543 1557//3543
f 1538//3544 1537//3544 1563//3544
f 1563//3545 1541//3545 1538//3545
f 1564//3546 1542//3546 1540//3546
f 1542//3547 1564//3547 1565//3547
f 1540//3548 1561//3548 1566//3548
f 1563//3549 1537//3549 1556//3549
f 1565//3550 1569//3550 1562//3550
f 1564//3551 1540//3551 1566//3551
f 1568//3552 1543//3552 1562//3552
f 1566//3553 1561//3553 1550//3553
f 1570//3554 1565//3554 1567//3554
f 1563//3555 1557//3555 1571//3555
f 1573//3556 1567//3556 1566//3556
f 1570//3557 1567//3557 1573//3557
f 1572//3558 1568//3558 1569//3558
f 1550//3559 1571//3559 1551//3559
f 1573//3560 1551//3560 1577//3560
f 1570//3561 1573//3561 1576//3561
f 1677//3562 1575//3562 1573//3562
f 1581//3563 1572//3563 1574//3563
f 1579//3564 1552//3564 1584//3564
f 1572//3565 1553//3565 1552//3565
f 1580//3566 1568//3566 1572//3566
f 1581//3567 1553//3567 1572//3567
f 1583//3568 1553//3568 1581//3568
f 1582//3569 1554//3569 1553//3569
f 1584//3570 1552//3570 1555//3570
f 1584//3571 1555//3571 1588//3571
f 1607//3572 1605//3572 1606//3572 1609//3572
f 1589//3573 1619//3573 1584//3573
f 1587//3574 1584//3574 1585//3574
f 1591//3575 1592//3575 1589//3575
f 1593//3576 1555//3576 1554//3576
f 1591//3577 1593//3577 1592//3577
f 1591//3578 1594//3578 1593//3578
f 1593//3579 1582//3579 1592//3579
f 1597//3580 1596//3580 1598//3580
f 1595//3581 1599//3581 1597//3581
f 1595//3582 1598//3582 1593//3582
f 1536//3583 1600//3583 1539//3583
f 1602//3584 1558//3584 1539//3584
f 1602//3585 1603//3585 1558//3585
f 1605//3586 1542//3586 1543//3586
f 1606//3587 1605//3587 1543//3587
f 1613//3588 1614//3588 1609//3588 1608//3588
f 1606//3589 1608//3589 1609//3589
f 1545//3590 1610//3590 1544//3590
f 1545//3591 1611//3591 1610//3591
f 1611//3592 1607//3592 1612//3592
f 1609//3593 1614//3593 1615//3593
f 1663//3594 1646//3594 1650//3594 1664//3594
f 1612//3595 1615//3595 1616//3595
f 1608//3596 1578//3596 1618//3596
f 1620//3597 1621//3597 1618//3597
f 1608//3598 1618//3598 1621//3598
f 1613//3599 1583//3599 1684//3599
f 1625//3600 1624//3600 1622//3600
f 1625//3601 1622//3601 1633//3601
f 1626//3602 1631//3602 1624//3602
f 1627//3603 1626//3603 1624//3603
f 1628//3604 1629//3604 1585//3604
f 1596//3605 1628//3605 1586//3605
f 1622//3606 1623//3606 1629//3606
f 1599//3607 1630//3607 1628//3607
f 1628//3608 1596//3608 1599//3608
f 1630//3609 1632//3609 1631//3609
f 1626//3610 1633//3610 1631//3610
f 1587//3611 1595//3611 1594//3611
f 1631//3612 1595//3612 1587//3612
f 1631//3613 1632//3613 1595//3613
f 1599//3614 1632//3614 1630//3614
f 1636//3615 1634//3615 1635//3615
f 1625//3616 1627//3616 1624//3616
f 1639//3617 1686//3617 1635//3617
f 1640//3618 1686//3618 1639//3618
f 1548//3619 1547//3619 1634//3619
f 1547//3620 1546//3620 1634//3620
f 1642//3621 1548//3621 1634//3621
f 1642//3622 1634//3622 1646//3622
f 1642//3623 1644//3623 1638//3623
f 1647//3624 1642//3624 1646//3624
f 1647//3625 1646//3625 1659//3625
f 1647//3626 1643//3626 1642//3626
f 1643//3627 1648//3627 1642//3627
f 1649//3628 1645//3628 1634//3628
f 1645//3629 1650//3629 1646//3629
f 1648//3630 1651//3630 1642//3630
f 1641//3631 1644//3631 1651//3631
f 1641//3632 1651//3632 1649//3632
f 1652//3633 1655//3633 1654//3633
f 1652//3634 1654//3634 1656//3634
f 1657//3635 1653//3635 1652//3635
f 1656//3636 1654//3636 1658//3636
f 1660//3637 1659//3637 1655//3637
f 1653//3638 1660//3638 1655//3638
f 1653//3639 1657//3639 1670//3639
f 1658//3640 1654//3640 1661//3640
f 1660//3641 1647//3641 1659//3641
f 1653//3642 1670//3642 1660//3642
f 1661//3643 1655//3643 1663//3643
f 1655//3644 1659//3644 1663//3644
f 1668//3645 1661//3645 1663//3645
f 1699//3646 1697//3646 1830//3646 1782//3646
f 1647//3647 1664//3647 1650//3647
f 1666//3648 1664//3648 1660//3648
f 1670//3649 1666//3649 1660//3649
f 1657//3650 1672//3650 1667//3650
f 1662//3651 1661//3651 1668//3651
f 1669//3652 1672//3652 1658//3652
f 1670//3653 1669//3653 1666//3653
f 1669//3654 1662//3654 1668//3654
f 1669//3655 1668//3655 1665//3655
f 1656//3656 1657//3656 1652//3656
f 1671//3657 1657//3657 1656//3657
f 1671//3658 1656//3658 1658//3658
f 1671//3659 1672//3659 1657//3659
f 1672//3660 1671//3660 1658//3660
f 1638//3661 1644//3661 1639//3661
f 1639//3662 1644//3662 1640//3662
f 1674//3663 1560//3663 1559//3663
f 1558//3664 1674//3664 1557//3664
f 1674//3665 1675//3665 1679//3665
f 1558//3666 1676//3666 1674//3666
f 1577//3667 1560//3667 1677//3667
f 1560//3668 1680//3668 1677//3668
f 1681//3669 1575//3669 1677//3669
f 1576//3670 1575//3670 1574//3670
f 1680//3671 1681//3671 1677//3671
f 1675//3672 1683//3672 1680//3672
f 1682//3673 1678//3673 1574//3673
f 1678//3674 1682//3674 1575//3674
f 1604//3675 1558//3675 1603//3675
f 1558//3676 1604//3676 1676//3676
f 1604//3677 1675//3677 1676//3677
f 1684//3678 1678//3678 1616//3678
f 1617//3679 1611//3679 1612//3679
f 1681//3680 1612//3680 1616//3680
f 1685//3681 1675//3681 1604//3681
f 1617//3682 1685//3682 1604//3682
f 1583//3683 1678//3683 1684//3683
f 1640//3684 1641//3684 1649//3684
f 1701//3685 1688//3685 1687//3685
f 1673//3686 1691//3686 1690//3686
f 1691//3687 1692//3687 1690//3687
f 1695//3688 1694//3688 1705//3688
f 1694//3689 1697//3689 1693//3689
f 1695//3690 1697//3690 1694//3690
f 1701//3691 1700//3691 1699//3691
f 1722//3692 1719//3692 1712//3692 1673//3692
f 1704//3693 1703//3693 1696//3693
f 1700//3694 1706//3694 1699//3694
f 1708//3695 1706//3695 1689//3695
f 1708//3696 1689//3696 1707//3696
f 1701//3697 1687//3697 1689//3697
f 1706//3698 1700//3698 1701//3698
f 1706//3699 1701//3699 1689//3699
f 1707//3700 1689//3700 1786//3700
f 1701//3701 1702//3701 1688//3701
f 1713//3702 1673//3702 1712//3702
f 1714//3703 1711//3703 1713//3703
f 1713//3704 1711//3704 1718//3704
f 1713//3705 1718//3705 1691//3705
f 1716//3706 1714//3706 1723//3706
f 1718//3707 1717//3707 1691//3707
f 1793//3708 1711//3708 1707//3708
f 1720//3709 1727//3709 1728//3709 1752//3709
f 1726//3710 1720//3710 1724//3710
f 1720//3711 1752//3711 1725//3711
f 1692//3712 1722//3712 1690//3712
f 1752//3713 1729//3713 1725//3713
f 1726//3714 1724//3714 1731//3714
f 1806//3715 1730//3715 1725//3715
f 1726//3716 1728//3716 1727//3716
f 1731//3717 1692//3717 1732//3717
f 1806//3718 1804//3718 1730//3718
f 1733//3719 1734//3719 1695//3719
f 1734//3720 1736//3720 1695//3720
f 1708//3721 1733//3721 1705//3721
f 1738//3722 1710//3722 1709//3722
f 1740//3723 1710//3723 1738//3723
f 1737//3724 1708//3724 1739//3724
f 1741//3725 1710//3725 1740//3725
f 1750//3726 1740//3726 1738//3726
f 1744//3727 1745//3727 1743//3727
f 1747//3728 1749//3728 1746//3728
f 1748//3729 1714//3729 1716//3729
f 1749//3730 1751//3730 1746//3730
f 1779//3731 1785//3731 1873//3731 1788//3731
f 1744//3732 1743//3732 1745//3732
f 1728//3733 1753//3733 1752//3733
f 1753//3734 1728//3734 1726//3734
f 1755//3735 1754//3735 1756//3735
f 1756//3736 1753//3736 1755//3736
f 1747//3737 1836//3737 1749//3737
f 1836//3738 1747//3738 1751//3738
f 1759//3739 1761//3739 1758//3739
f 1759//3740 1758//3740 1764//3740
f 1758//3741 1761//3741 1757//3741
f 1758//3742 1757//3742 1764//3742
f 1764//3743 1762//3743 1759//3743
f 1765//3744 1757//3744 1855//3744
f 1764//3745 1765//3745 1762//3745
f 1767//3746 1772//3746 1766//3746
f 1768//3747 1766//3747 1770//3747
f 1773//3748 1768//3748 1769//3748
f 1863//3749 1773//3749 1769//3749
f 1769//3750 1770//3750 1774//3750
f 1689//3751 1687//3751 1775//3751
f 1776//3752 1689//3752 1775//3752
f 1777//3753 1779//3753 1776//3753
f 1780//3754 1781//3754 1691//3754
f 1782//3755 1702//3755 1699//3755
f 1783//3756 1777//3756 1784//3756
f 1830//3757 1783//3757 1782//3757
f 1702//3758 1782//3758 1784//3758
f 1702//3759 1784//3759 1778//3759
f 1788//3760 1787//3760 1779//3760
f 1785//3761 1779//3761 1777//3761
f 1732//3762 1810//3762 1815//3762 1806//3762
f 1789//3763 1788//3763 1875//3763
f 1790//3764 1787//3764 1791//3764
f 1788//3765 1792//3765 1791//3765
f 1789//3766 1792//3766 1788//3766
f 1796//3767 1716//3767 1715//3767
f 1796//3768 1715//3768 1793//3768
f 1794//3769 1793//3769 1790//3769
f 1791//3770 1795//3770 1794//3770
f 1791//3771 1792//3771 1795//3771
f 1798//3772 1716//3772 1796//3772
f 1795//3773 1798//3773 1796//3773
f 1797//3774 1802//3774 1801//3774
f 1732//3775 1692//3775 1781//3775
f 1804//3776 1715//3776 1730//3776
f 1717//3777 1804//3777 1781//3777
f 1726//3778 1806//3778 1807//3778
f 1729//3779 1808//3779 1805//3779
f 1757//3780 1846//3780 1857//3780 1855//3780
f 1807//3781 1806//3781 1812//3781
f 1810//3782 1781//3782 1809//3782
f 1818//3783 1817//3783 1811//3783
f 1815//3784 1810//3784 1809//3784
f 1813//3785 1816//3785 1814//3785
f 1820//3786 1825//3786 1823//3786
f 1826//3787 1828//3787 1821//3787
f 1799//3788 1797//3788 1801//3788
f 1827//3789 1821//3789 1823//3789
f 1803//3790 1800//3790 1799//3790
f 1824//3791 1821//3791 1827//3791
f 1826//3792 1824//3792 1827//3792
f 1829//3793 1831//3793 1830//3793
f 1741//3794 1739//3794 1710//3794
f 1739//3795 1832//3795 1737//3795
f 1834//3796 1832//3796 1739//3796
f 1834//3797 1789//3797 1875//3797
f 1835//3798 1834//3798 1741//3798
f 1750//3799 1835//3799 1741//3799
f 1837//3800 1748//3800 1716//3800
f 1838//3801 1837//3801 1716//3801
f 1750//3802 1837//3802 1835//3802
f 1838//3803 1798//3803 1795//3803
f 1835//3804 1792//3804 1789//3804
f 1837//3805 1838//3805 1835//3805
f 1838//3806 1795//3806 1792//3806
f 1840//3807 1841//3807 1839//3807
f 1729//3808 1819//3808 1808//3808
f 1842//3809 1755//3809 1753//3809
f 1842//3810 1753//3810 1843//3810
f 1844//3811 1754//3811 1755//3811
f 1842//3812 1843//3812 1729//3812
f 1729//3813 1843//3813 1819//3813
f 1822//3814 1820//3814 1828//3814
f 1845//3815 1828//3815 1825//3815
f 1840//3816 1839//3816 1841//3816
f 1846//3817 1761//3817 1847//3817
f 1757//3818 1761//3818 1846//3818
f 1763//3819 1847//3819 1759//3819
f 1763//3820 1848//3820 1847//3820
f 1850//3821 1846//3821 1847//3821
f 1848//3822 1851//3822 1847//3822
f 1849//3823 1851//3823 1848//3823
f 1765//3824 1852//3824 1853//3824
f 1762//3825 1765//3825 1853//3825
f 1856//3826 1853//3826 1852//3826
f 1861//3827 1771//3827 1767//3827 1865//3827
f 1856//3828 1855//3828 1857//3828
f 1849//3829 1853//3829 1856//3829
f 1849//3830 1854//3830 1853//3830
f 1851//3831 1849//3831 1857//3831
f 1770//3832 1766//3832 1860//3832
f 1766//3833 1772//3833 1859//3833
f 1772//3834 1771//3834 1858//3834
f 1772//3835 1767//3835 1771//3835
f 1886//3836 1889//3836 1887//3836 1885//3836
f 1862//3837 1865//3837 1767//3837
f 1771//3838 1861//3838 1858//3838
f 1865//3839 1772//3839 1861//3839
f 1869//3840 1773//3840 1863//3840
f 1868//3841 1870//3841 1865//3841
f 1868//3842 1869//3842 1870//3842
f 1869//3843 1872//3843 1870//3843
f 1860//3844 1859//3844 1871//3844
f 1870//3845 1871//3845 1859//3845
f 1870//3846 1872//3846 1871//3846
f 1867//3847 1860//3847 1871//3847
f 1774//3848 1866//3848 1769//3848
f 1769//3849 1866//3849 1863//3849
f 1770//3850 1860//3850 1864//3850
f 1774//3851 1770//3851 1864//3851
f 1863//3852 1866//3852 1864//3852
f 1864//3853 1866//3853 1774//3853
f 1763//3854 1760//3854 1762//3854
f 1854//3855 1763//3855 1762//3855
f 1783//3856 1873//3856 1785//3856
f 1874//3857 1873//3857 1783//3857
f 1830//3858 1876//3858 1874//3858
f 1800//3859 1803//3859 1802//3859
f 1803//3860 1801//3860 1802//3860
f 1831//3861 1876//3861 1830//3861
f 1876//3862 1832//3862 1875//3862
f 1831//3863 1832//3863 1876//3863
f 1877//3864 1880//3864 1879//3864
f 1880//3865 1878//3865 1879//3865
f 1947//3866 1882//3866 1883//3866
f 1920//3867 1922//3867 1921//3867 1919//3867
f 1887//3868 1890//3868 1906//3868
f 1890//3869 1887//3869 1889//3869
f 1902//3870 1885//3870 1887//3870
f 1889//3871 1892//3871 1890//3871
f 1891//3872 1890//3872 1894//3872
f 1890//3873 1892//3873 1894//3873
f 1903//3874 1900//3874 1901//3874
f 1903//3875 1901//3875 1913//3875
f 1903//3876 1913//3876 1916//3876
f 1907//3877 1906//3877 1909//3877
f 1911//3878 1908//3878 1907//3878
f 1912//3879 1911//3879 1909//3879
f 1918//3880 1916//3880 1914//3880
f 1910//3881 1893//3881 1896//3881
f 1919//3882 1912//3882 1910//3882
f 1998//3883 1920//3883 1919//3883
f 1936//3884 1880//3884 1881//3884 1943//3884
f 1917//3885 1911//3885 1912//3885
f 1921//3886 1917//3886 1912//3886
f 1926//3887 1877//3887 1925//3887
f 1926//3888 1929//3888 1877//3888
f 1934//3889 1933//3889 1932//3889
f 1878//3890 1935//3890 1937//3890
f 1880//3891 1936//3891 1935//3891
f 1937//3892 1925//3892 1878//3892
f 1937//3893 1927//3893 1925//3893
f 1937//3894 1931//3894 1927//3894
f 1937//3895 1938//3895 1931//3895
f 1877//3896 1929//3896 1930//3896
f 1881//3897 1877//3897 1939//3897
f 1939//3898 1930//3898 1940//3898
f 1931//3899 1938//3899 1943//3899 1941//3899
f 1940//3900 1930//3900 1942//3900
f 1943//3901 1938//3901 1936//3901
f 1941//3902 1930//3902 1926//3902
f 1940//3903 1945//3903 1939//3903
f 1943//3904 1939//3904 1941//3904
f 1941//3905 1926//3905 1931//3905
f 1954//3906 1934//3906 1932//3906 1949//3906
f 1947//3907 1946//3907 1882//3907
f 1952//3908 1948//3908 1884//3908
f 1947//3909 1948//3909 1950//3909
f 1932//3910 1882//3910 1949//3910
f 1950//3911 1946//3911 1947//3911
f 1952//3912 1950//3912 1948//3912
f 1944//3913 1949//3913 1940//3913
f 1946//3914 1954//3914 1944//3914
f 1952//3915 1956//3915 1950//3915
f 1958//3916 1956//3916 1952//3916
f 1934//3917 1950//3917 1956//3917 1953//3917
f 1953//3918 1933//3918 1934//3918
f 1950//3919 1934//3919 1954//3919
f 1889//3920 1959//3920 1963//3920 1962//3920
f 1957//3921 1883//3921 1951//3921
f 1883//3922 1933//3922 1951//3922
f 1957//3923 1951//3923 1955//3923
f 1958//3924 1955//3924 1956//3924
f 1955//3925 1951//3925 1953//3925
f 1959//3926 1889//3926 1886//3926
f 1959//3927 1886//3927 1888//3927
f 1961//3928 1959//3928 1960//3928
f 1966//3929 1961//3929 1960//3929
f 1889//3930 1962//3930 1892//3930
f 1965//3931 1892//3931 1962//3931
f 1899//3932 1898//3932 1983//3932 1980//3932
f 1964//3933 1894//3933 1892//3933
f 1895//3934 1894//3934 1964//3934
f 1967//3935 1964//3935 1965//3935
f 1963//3936 1967//3936 1965//3936
f 1963//3937 1970//3937 1967//3937
f 1896//3938 1893//3938 1895//3938
f 1969//3939 1895//3939 1964//3939
f 1896//3940 1895//3940 1969//3940
f 2013//3941 1975//3941 1897//3941
f 1975//3942 1977//3942 1897//3942
f 1978//3943 1976//3943 1977//3943
f 1983//3944 1898//3944 1976//3944
f 1981//3945 1982//3945 1899//3945 1980//3945
f 1960//3946 1987//3946 1997//3946 1966//3946
f 1981//3947 1980//3947 1983//3947
f 1904//3948 1986//3948 1900//3948
f 1986//3949 1888//3949 1900//3949
f 1904//3950 1903//3950 1905//3950
f 1986//3951 1960//3951 1888//3951
f 1986//3952 1987//3952 1960//3952
f 1915//3953 1911//3953 1988//3953
f 1988//3954 1989//3954 1990//3954
f 1918//3955 1904//3955 1905//3955
f 1918//3956 1992//3956 1904//3956
f 1992//3957 1985//3957 1904//3957
f 1995//3958 1989//3958 1993//3958
f 1996//3959 1989//3959 1995//3959
f 2001//3960 2002//3960 2004//3960 2005//3960
f 1993//3961 1968//3961 2033//3961
f 1896//3962 1919//3962 1910//3962
f 1998//3963 1919//3963 1896//3963
f 1998//3964 1896//3964 1971//3964
f 1921//3965 1922//3965 1999//3965
f 1921//3966 1999//3966 1917//3966
f 2000//3967 1971//3967 1896//3967
f 1920//3968 2001//3968 1999//3968
f 1920//3969 2002//3969 2001//3969
f 1989//3970 1988//3970 1917//3970 1991//3970
f 1999//3971 2001//3971 2008//3971 2006//3971
f 2003//3972 1969//3972 1991//3972 2009//3972
f 1917//3973 2006//3973 1991//3973
f 2006//3974 1917//3974 1999//3974
f 2008//3975 2005//3975 2000//3975
f 1991//3976 1969//3976 1993//3976
f 2013//3977 1923//3977 1924//3977 2017//3977
f 1991//3978 2006//3978 2009//3978
f 2002//3979 1998//3979 1971//3979
f 2002//3980 1971//3980 1972//3980
f 2002//3981 1972//3981 2010//3981
f 1972//3982 1973//3982 1974//3982
f 2011//3983 2012//3983 2002//3983
f 2002//3984 2012//3984 2004//3984
f 2014//3985 1923//3985 1897//3985
f 1974//3986 1979//3986 2020//3986 1975//3986
f 1976//3987 2014//3987 1897//3987
f 2016//3988 2010//3988 1975//3988
f 2013//3989 2016//3989 1975//3989
f 2011//3990 2016//3990 2012//3990
f 1975//3991 2010//3991 1974//3991
f 2018//3992 2019//3992 2016//3992
f 2023//3993 1924//3993 2015//3993
f 1981//3994 2028//3994 2025//3994 1982//3994
f 2020//3995 1978//3995 1975//3995
f 2019//3996 2012//3996 2016//3996
f 2019//3997 2018//3997 2020//3997
f 2021//3998 1976//3998 1978//3998
f 2023//3999 2020//3999 2018//3999
f 2015//4000 2021//4000 2023//4000
f 2023//4001 2022//4001 2020//4001
f 2022//4002 1978//4002 2020//4002
f 1982//4003 1898//4003 1899//4003
f 1898//4004 2025//4004 2015//4004
f 2025//4005 1898//4005 1982//4005
f 2027//4006 1983//4006 2021//4006
f 2015//4007 2025//4007 2028//4007 2027//4007
f 2042//4008 2041//4008 2040//4008 2044//4008
f 2030//4009 2024//4009 2029//4009
f 1984//4010 2029//4010 2024//4010
f 1984//4011 2024//4011 2026//4011
f 2026//4012 2030//4012 1984//4012
f 1996//4013 1990//4013 1989//4013
f 1986//4014 1997//4014 1987//4014
f 1986//4015 1985//4015 1994//4015
f 2033//4016 1970//4016 1966//4016
f 1968//4017 1967//4017 1970//4017
f 1995//4018 2033//4018 1994//4018
f 2072//4019 2071//4019 2031//4019
f 2034//4020 2038//4020 2036//4020
f 2039//4021 2036//4021 2146//4021
f 2037//4022 2036//4022 2039//4022
f 2040//4023 2057//4023 2037//4023
f 2047//4024 2062//4024 2063//4024 2060//4024
f 2047//4025 2048//4025 2046//4025
f 2052//4026 2053//4026 2048//4026
f 2051//4027 2046//4027 2048//4027
f 2050//4028 2046//4028 2051//4028
f 2052//4029 2049//4029 2054//4029
f 2042//4030 2054//4030 2049//4030
f 2038//4031 2034//4031 2035//4031
f 2035//4032 2056//4032 2038//4032
f 2041//4033 2059//4033 2040//4033
f 2058//4034 2045//4034 2149//4034
f 2058//4035 2043//4035 2045//4035
f 2156//4036 2057//4036 2059//4036
f 2060//4037 2049//4037 2047//4037
f 2062//4038 2047//4038 2046//4038
f 2043//4039 2042//4039 2049//4039
f 2097//4040 2095//4040 2133//4040 2134//4040
f 2043//4041 2060//4041 2148//4041
f 2063//4042 2157//4042 2060//4042
f 2061//4043 2055//4043 2064//4043
f 2111//4044 2066//4044 2065//4044
f 2111//4045 2158//4045 2066//4045
f 2031//4046 2071//4046 2070//4046
f 2072//4047 2031//4047 2070//4047
f 2072//4048 2070//4048 2075//4048
f 2074//4049 2065//4049 2066//4049
f 2074//4050 2066//4050 2067//4050
f 2075//4051 2070//4051 2073//4051
f 2075//4052 2073//4052 2077//4052
f 2068//4053 2074//4053 2067//4053
f 2074//4054 2079//4054 2073//4054
f 2078//4055 2075//4055 2077//4055
f 2079//4056 2077//4056 2073//4056
f 2080//4057 2120//4057 2076//4057
f 2080//4058 2078//4058 2164//4058
f 2087//4059 2083//4059 2084//4059
f 2085//4060 2084//4060 2080//4060
f 2090//4061 2089//4061 2088//4061
f 2094//4062 2092//4062 2091//4062
f 2093//4063 2092//4063 2094//4063
f 2096//4064 2091//4064 2087//4064
f 2094//4065 2091//4065 2096//4065
f 2099//4066 2102//4066 2098//4066
f 2101//4067 2099//4067 2098//4067
f 2102//4068 2100//4068 2098//4068
f 2103//4069 2098//4069 2100//4069
f 2095//4070 2105//4070 2100//4070
f 2106//4071 2101//4071 2103//4071
f 2101//4072 2109//4072 2104//4072
f 2095//4073 2097//4073 2105//4073
f 2107//4074 2108//4074 2104//4074
f 2112//4075 2114//4075 2111//4075
f 2114//4076 2112//4076 2113//4076
f 2114//4077 2113//4077 2115//4077
f 2114//4078 2116//4078 2158//4078
f 2071//4079 2032//4079 2065//4079
f 2071//4080 2113//4080 2032//4080
f 2119//4081 2075//4081 2076//4081
f 2120//4082 2122//4082 2119//4082
f 2119//4083 2123//4083 2072//4083
f 2121//4084 2118//4084 2123//4084
f 2119//4085 2124//4085 2123//4085
f 2125//4086 2124//4086 2122//4086
f 2121//4087 2115//4087 2113//4087
f 2125//4088 2127//4088 2124//4088
f 2115//4089 2117//4089 2116//4089
f 2123//4090 2172//4090 2117//4090
f 2081//4091 2082//4091 2083//4091
f 2128//4092 2081//4092 2083//4092
f 2120//4093 2081//4093 2125//4093
f 2125//4094 2081//4094 2086//4094
f 2092//4095 2131//4095 2091//4095
f 2132//4096 2128//4096 2083//4096
f 2130//4097 2135//4097 2132//4097
f 2131//4098 2133//4098 2130//4098
f 2133//4099 2131//4099 2092//4099
f 2180//4100 2137//4100 2139//4100 2181//4100
f 2133//4101 2135//4101 2130//4101
f 2136//4102 2104//4102 2139//4102
f 2137//4103 2102//4103 2136//4103
f 2139//4104 2104//4104 2138//4104
f 2141//4105 2138//4105 2108//4105
f 2150//4106 2153//4106 2152//4106 2151//4106
f 2145//4107 2143//4107 2144//4107
f 2110//4108 2107//4108 2109//4108
f 2147//4109 2039//4109 2146//4109
f 2042//4110 2044//4110 2148//4110
f 2147//4111 2044//4111 2039//4111
f 2149//4112 2044//4112 2147//4112
f 2048//4113 2053//4113 2150//4113
f 2051//4114 2048//4114 2150//4114
f 2043//4115 2148//4115 2045//4115
f 2053//4116 2148//4116 2150//4116
f 2142//4117 2180//4117 2181//4117 2141//4117
f 2150//4118 2148//4118 2153//4118
f 2151//4119 2050//4119 2051//4119
f 2055//4120 2050//4120 2151//4120
f 2056//4121 2155//4121 2154//4121
f 2156//4122 2059//4122 2149//4122
f 2156//4123 2147//4123 2155//4123
f 2157//4124 2148//4124 2060//4124
f 2152//4125 2153//4125 2064//4125
f 2153//4126 2063//4126 2064//4126
f 2064//4127 2055//4127 2152//4127
f 2068//4128 2067//4128 2069//4128
f 2066//4129 2159//4129 2069//4129
f 2158//4130 2159//4130 2066//4130
f 2160//4131 2161//4131 2159//4131
f 2163//4132 2164//4132 2077//4132
f 2162//4133 2079//4133 2068//4133
f 2162//4134 2077//4134 2079//4134
f 2161//4135 2068//4135 2159//4135
f 2165//4136 2162//4136 2161//4136
f 2169//4137 2116//4137 2117//4137
f 2160//4138 2173//4138 2161//4138
f 2170//4139 2160//4139 2158//4139
f 2126//4140 2171//4140 2127//4140
f 2171//4141 2163//4141 2127//4141
f 2172//4142 2174//4142 2117//4142
f 2174//4143 2127//4143 2163//4143
f 2117//4144 2173//4144 2170//4144
f 2117//4145 2170//4145 2169//4145
f 2117//4146 2174//4146 2173//4146
f 2171//4147 2085//4147 2164//4147
f 2177//4148 2166//4148 2087//4148
f 2135//4149 2177//4149 2087//4149
f 2179//4150 2178//4150 2176//4150
f 2140//4151 2142//4151 2097//4151
f 2181//4152 2138//4152 2141//4152
f 2141//4153 2108//4153 2167//4153
f 2142//4154 2168//4154 2097//4154
f 2188//4155 2187//4155 2195//4155 2189//4155
f 2195//4156 2274//4156 2192//4156 2191//4156
f 2247//4157 2187//4157 2188//4157
f 2244//4158 2187//4158 2247//4158
f 2194//4159 2197//4159 2246//4159
f 2209//4160 2212//4160 2210//4160 2207//4160
f 2193//4161 2198//4161 2195//4161
f 2199//4162 2184//4162 2200//4162
f 2204//4163 2184//4163 2183//4163
f 2204//4164 2200//4164 2184//4164
f 2200//4165 2204//4165 2202//4165
f 2202//4166 2201//4166 2200//4166
f 2205//4167 2201//4167 2202//4167
f 2206//4168 2184//4168 2199//4168
f 2185//4169 2206//4169 2207//4169
f 2207//4170 2210//4170 2185//4170
f 2208//4171 2207//4171 2199//4171
f 2205//4172 2210//4172 2212//4172 2213//4172
f 2212//4173 2209//4173 2211//4173
f 2209//4174 2207//4174 2208//4174
f 2213//4175 2211//4175 2209//4175
f 2225//4176 2226//4176 2223//4176 2228//4176
f 2213//4177 2208//4177 2205//4177
f 2310//4178 2235//4178 2308//4178
f 2218//4179 2221//4179 2214//4179
f 2215//4180 2218//4180 2214//4180
f 2220//4181 2219//4181 2215//4181
f 2220//4182 2223//4182 2219//4182
f 2217//4183 2224//4183 2220//4183
f 2218//4184 2211//4184 2225//4184
f 2222//4185 2216//4185 2221//4185
f 2219//4186 2226//4186 2225//4186
f 2220//4187 2224//4187 2229//4187
f 2220//4188 2229//4188 2223//4188
f 2221//4189 2218//4189 2227//4189
f 2227//4190 2222//4190 2221//4190
f 2228//4191 2227//4191 2218//4191
f 2261//4192 2259//4192 2297//4192 2263//4192
f 2224//4193 2232//4193 2229//4193
f 2230//4194 2227//4194 2228//4194
f 2232//4195 2217//4195 2231//4195
f 2231//4196 2216//4196 2222//4196
f 2232//4197 2224//4197 2217//4197
f 2231//4198 2222//4198 2233//4198
f 2234//4199 2204//4199 2203//4199
f 2235//4200 2309//4200 2234//4200
f 2210//4201 2234//4201 2185//4201
f 2189//4202 2186//4202 2236//4202
f 2238//4203 2237//4203 2239//4203
f 2240//4204 2238//4204 2239//4204
f 2312//4205 2239//4205 2237//4205
f 2241//4206 2240//4206 2239//4206
f 2189//4207 2242//4207 2188//4207
f 2238//4208 2242//4208 2189//4208
f 2238//4209 2189//4209 2236//4209
f 2245//4210 2190//4210 2243//4210
f 2246//4211 2247//4211 2243//4211
f 2246//4212 2243//4212 2190//4212
f 2249//4213 2242//4213 2238//4213
f 2248//4214 2245//4214 2243//4214
f 2247//4215 2242//4215 2249//4215
f 2253//4216 2250//4216 2249//4216
f 2240//4217 2241//4217 2317//4217
f 2256//4218 2254//4218 2255//4218
f 2252//4219 2255//4219 2248//4219
f 2257//4220 2252//4220 2316//4220
f 2257//4221 2258//4221 2252//4221
f 2191//4222 2192//4222 2275//4222 2186//4222
f 2262//4223 2261//4223 2265//4223
f 2263//4224 2265//4224 2261//4224
f 2297//4225 2267//4225 2266//4225
f 2261//4226 2262//4226 2269//4226
f 2269//4227 2259//4227 2261//4227
f 2268//4228 2259//4228 2269//4228
f 2268//4229 2269//4229 2273//4229
f 2271//4230 2272//4230 2269//4230
f 2273//4231 2269//4231 2272//4231
f 2318//4232 2315//4232 2319//4232 2327//4232
f 2275//4233 2277//4233 2311//4233
f 2275//4234 2278//4234 2277//4234
f 2278//4235 2276//4235 2279//4235
f 2279//4236 2277//4236 2278//4236
f 2197//4237 2194//4237 2190//4237
f 2283//4238 2244//4238 2197//4238
f 2197//4239 2190//4239 2245//4239
f 2281//4240 2197//4240 2280//4240
f 2282//4241 2276//4241 2274//4241
f 2286//4242 2285//4242 2283//4242
f 2287//4243 2281//4243 2284//4243
f 2286//4244 2287//4244 2288//4244
f 2322//4245 2293//4245 2289//4245
f 2322//4246 2287//4246 2293//4246
f 2284//4247 2281//4247 2280//4247
f 2280//4248 2292//4248 2284//4248
f 2284//4249 2292//4249 2293//4249
f 2289//4250 2257//4250 2316//4250
f 2293//4251 2257//4251 2289//4251
f 2295//4252 2294//4252 2260//4252
f 2291//4253 2280//4253 2290//4253
f 2299//4254 2291//4254 2294//4254
f 2264//4255 2290//4255 2256//4255
f 2260//4256 2298//4256 2297//4256
f 2298//4257 2290//4257 2264//4257
f 2298//4258 2260//4258 2294//4258
f 2256//4259 2300//4259 2264//4259
f 2300//4260 2297//4260 2298//4260
f 2299//4261 2267//4261 2300//4261
f 2300//4262 2298//4262 2264//4262
f 2301//4263 2302//4263 2295//4263
f 2302//4264 2296//4264 2295//4264
f 2303//4265 2268//4265 2270//4265
f 2295//4266 2268//4266 2303//4266
f 2301//4267 2295//4267 2303//4267
f 2302//4268 2303//4268 2267//4268
f 2302//4269 2301//4269 2303//4269
f 2267//4270 2271//4270 2266//4270
f 2271//4271 2267//4271 2270//4271
f 2285//4272 2304//4272 2276//4272
f 2305//4273 2306//4273 2300//4273
f 2306//4274 2305//4274 2291//4274
f 2299//4275 2306//4275 2291//4275
f 2307//4276 2308//4276 2202//4276
f 2309//4277 2307//4277 2204//4277
f 2312//4278 2241//4278 2239//4278
f 2311//4279 2312//4279 2237//4279
f 2311//4280 2313//4280 2312//4280
f 2317//4281 2314//4281 2253//4281
f 2252//4282 2243//4282 2251//4282
f 2312//4283 2315//4283 2241//4283
f 2241//4284 2315//4284 2317//4284
f 2250//4285 2316//4285 2251//4285
f 2316//4286 2252//4286 2251//4286
f 2320//4287 2313//4287 2311//4287
f 2320//4288 2319//4288 2313//4288
f 2288//4289 2322//4289 2321//4289
f 2322//4290 2289//4290 2326//4290
f 2314//4291 2325//4291 2316//4291
f 2289//4292 2316//4292 2325//4292
f 2317//4293 2321//4293 2314//4293
f 2321//4294 2325//4294 2314//4294
f 2323//4295 2288//4295 2321//4295
f 2319//4296 2315//4296 2313//4296
f 2321//4297 2317//4297 2318//4297
f 2326//4298 2325//4298 2321//4298
f 2326//4299 2289//4299 2325//4299
f 2319//4300 2323//4300 2327//4300
f 2279//4301 2323//4301 2319//4301
f 2331//4302 2330//4302 2334//4302 2333//4302
f 2332//4303 2328//4303 2331//4303
f 2331//4304 2328//4304 2329//4304
f 2332//4305 2331//4305 2333//4305
f 2331//4306 2329//4306 2330//4306
f 2334//4307 2335//4307 2406//4307 2333//4307
f 2345//4308 2344//4308 2341//4308 2346//4308
f 2332//4309 2336//4309 2348//4309
f 2339//4310 2341//4310 2337//4310
f 2342//4311 2339//4311 2337//4311
f 2342//4312 2337//4312 2340//4312
f 2343//4313 2339//4313 2342//4313
f 2340//4314 2337//4314 2344//4314
f 2366//4315 2385//4315 2384//4315 2363//4315
f 2341//4316 2344//4316 2337//4316
f 2342//4317 2413//4317 2343//4317
f 2342//4318 2340//4318 2347//4318
f 2351//4319 2356//4319 2353//4319
f 2354//4320 2356//4320 2351//4320
f 2360//4321 2349//4321 2350//4321
f 2364//4322 2361//4322 2356//4322
f 2364//4323 2358//4323 2361//4323
f 2360//4324 2358//4324 2431//4324
f 2360//4325 2431//4325 2363//4325
f 2364//4326 2422//4326 2358//4326
f 2435//4327 2363//4327 2432//4327
f 2373//4328 2374//4328 2370//4328
f 2373//4329 2367//4329 2372//4329
f 2373//4330 2377//4330 2367//4330
f 2442//4331 2376//4331 2441//4331
f 2354//4332 2381//4332 2356//4332
f 2382//4333 2383//4333 2381//4333
f 2460//4334 2382//4334 2362//4334
f 2452//4335 2383//4335 2382//4335
f 2371//4336 2389//4336 2388//4336 2370//4336
f 2386//4337 2384//4337 2385//4337
f 2385//4338 2366//4338 2368//4338
f 2385//4339 2368//4339 2369//4339
f 2329//4340 2328//4340 2399//4340 2398//4340
f 2391//4341 2371//4341 2374//4341
f 2370//4342 2392//4342 2373//4342
f 2388//4343 2374//4343 2392//4343
f 2391//4344 2389//4344 2371//4344
f 2390//4345 2392//4345 2370//4345
f 2396//4346 2397//4346 2394//4346
f 2407//4347 2406//4347 2408//4347 2409//4347
f 2330//4348 2329//4348 2398//4348
f 2400//4349 2330//4349 2398//4349
f 2401//4350 2402//4350 2399//4350
f 2400//4351 2398//4351 2399//4351
f 2403//4352 2399//4352 2405//4352
f 2336//4353 2333//4353 2407//4353
f 2400//4354 2334//4354 2330//4354
f 2400//4355 2335//4355 2334//4355
f 2424//4356 2427//4356 2426//4356 2423//4356
f 2336//4357 2409//4357 2410//4357
f 2336//4358 2407//4358 2409//4358
f 2403//4359 2410//4359 2400//4359
f 2410//4360 2403//4360 2402//4360
f 2406//4361 2335//4361 2346//4361
f 2412//4362 2406//4362 2338//4362
f 2339//4363 2415//4363 2412//4363
f 2346//4364 2335//4364 2408//4364
f 2414//4365 2345//4365 2408//4365
f 2412//4366 2408//4366 2406//4366
f 2345//4367 2416//4367 2411//4367
f 2414//4368 2417//4368 2416//4368
f 2415//4369 2417//4369 2414//4369
f 2347//4370 2340//4370 2344//4370
f 2413//4371 2347//4371 2418//4371
f 2420//4372 2404//4372 2348//4372
f 2422//4373 2421//4373 2359//4373
f 2422//4374 2426//4374 2425//4374
f 2437//4375 2440//4375 2375//4375 2367//4375
f 2426//4376 2429//4376 2428//4376
f 2426//4377 2427//4377 2429//4377
f 2363//4378 2431//4378 2365//4378
f 2432//4379 2363//4379 2365//4379
f 2430//4380 2359//4380 2421//4380
f 2431//4381 2430//4381 2421//4381
f 2431//4382 2421//4382 2425//4382
f 2365//4383 2431//4383 2434//4383
f 2428//4384 2431//4384 2425//4384
f 2434//4385 2433//4385 2365//4385
f 2439//4386 2432//4386 2365//4386
f 2436//4387 2369//4387 2435//4387
f 2438//4388 2369//4388 2436//4388
f 2446//4389 2448//4389 2443//4389 2445//4389
f 2441//4390 2376//4390 2375//4390
f 2376//4391 2442//4391 2443//4391
f 2374//4392 2376//4392 2443//4392
f 2377//4393 2437//4393 2367//4393
f 2443//4394 2444//4394 2445//4394
f 2356//4395 2381//4395 2453//4395 2357//4395
f 2378//4396 2443//4396 2448//4396
f 2377//4397 2450//4397 2448//4397
f 2377//4398 2449//4398 2450//4398
f 2449//4399 2448//4399 2451//4399
f 2451//4400 2448//4400 2450//4400
f 2453//4401 2383//4401 2452//4401 2454//4401
f 2357//4402 2453//4402 2424//4402
f 2452//4403 2461//4403 2463//4403 2454//4403
f 2453//4404 2456//4404 2427//4404
f 2453//4405 2458//4405 2456//4405
f 2460//4406 2384//4406 2459//4406
f 2460//4407 2461//4407 2452//4407
f 2462//4408 2461//4408 2466//4408 2472//4408
f 2463//4409 2461//4409 2457//4409
f 2457//4410 2433//4410 2434//4410
f 2462//4411 2433//4411 2457//4411
f 2463//4412 2457//4412 2458//4412
f 2463//4413 2458//4413 2455//4413
f 2464//4414 2465//4414 2459//4414
f 2459//4415 2466//4415 2461//4415
f 2459//4416 2465//4416 2466//4416
f 2469//4417 2470//4417 2387//4417 2369//4417
f 2387//4418 2459//4418 2386//4418
f 2387//4419 2464//4419 2459//4419
f 2468//4420 2464//4420 2387//4420
f 2468//4421 2470//4421 2471//4421
f 2464//4422 2468//4422 2471//4422 2472//4422
f 2467//4423 2470//4423 2468//4423
f 2470//4424 2467//4424 2387//4424
f 2439//4425 2472//4425 2471//4425 2438//4425
f 2462//4426 2472//4426 2439//4426
f 2434//4427 2429//4427 2427//4427 2491//4427
f 2395//4428 2393//4428 2476//4428
f 2480//4429 2394//4429 2397//4429
f 2477//4430 2392//4430 2378//4430
f 2483//4431 2481//4431 2479//4431
f 2482//4432 2483//4432 2479//4432
f 2483//4433 2482//4433 2481//4433
f 2487//4434 2378//4434 2486//4434
f 2485//4435 2487//4435 2490//4435
f 2485//4436 2378//4436 2487//4436
f 2484//4437 2488//4437 2487//4437
f 2485//4438 2490//4438 2447//4438
f 2489//4439 2486//4439 2449//4439
f 2489//4440 2484//4440 2486//4440
f 2490//4441 2489//4441 2447//4441
f 2490//4442 2488//4442 2489//4442
f 2488//4443 2490//4443 2487//4443
f 2488//4444 2484//4444 2489//4444
f 2455//4445 2453//4445 2454//4445
f 2456//4446 2492//4446 2491//4446
f 2458//4447 2492//4447 2456//4447
